<?xml version="1.0" encoding="UTF-8"?>
<gpx version="1.1"
     creator="Komoot GPX Exporter"
     xmlns="http://www.topografix.com/GPX/1/1">
  <metadata>
    <name>Z1 Aiud to Albac</name>
  </metadata>
    <trk>
      <name>Z1 Aiud to Albac</name>
      <trkseg>
      <trkpt lat="46.309104" lon="23.715093">
        <ele>259.8</ele>
      </trkpt>
      <trkpt lat="46.30934" lon="23.714818">
        <ele>260.3</ele>
      </trkpt>
      <trkpt lat="46.310236" lon="23.714788">
        <ele>261.9</ele>
      </trkpt>
      <trkpt lat="46.31026" lon="23.714397">
        <ele>262.5</ele>
      </trkpt>
      <trkpt lat="46.310372" lon="23.713489">
        <ele>263.7</ele>
      </trkpt>
      <trkpt lat="46.310592" lon="23.712344">
        <ele>264.6</ele>
      </trkpt>
      <trkpt lat="46.31067" lon="23.71179">
        <ele>265</ele>
      </trkpt>
      <trkpt lat="46.310695" lon="23.711039">
        <ele>265.4</ele>
      </trkpt>
      <trkpt lat="46.310708" lon="23.710418">
        <ele>265.6</ele>
      </trkpt>
      <trkpt lat="46.310882" lon="23.708706">
        <ele>266.2</ele>
      </trkpt>
      <trkpt lat="46.311162" lon="23.70696">
        <ele>266.3</ele>
      </trkpt>
      <trkpt lat="46.311198" lon="23.706584">
        <ele>266.3</ele>
      </trkpt>
      <trkpt lat="46.311211" lon="23.706276">
        <ele>266.4</ele>
      </trkpt>
      <trkpt lat="46.311152" lon="23.705614">
        <ele>266.5</ele>
      </trkpt>
      <trkpt lat="46.311123" lon="23.705075">
        <ele>266.7</ele>
      </trkpt>
      <trkpt lat="46.311174" lon="23.703882">
        <ele>267.1</ele>
      </trkpt>
      <trkpt lat="46.311348" lon="23.702695">
        <ele>267.6</ele>
      </trkpt>
      <trkpt lat="46.311571" lon="23.701358">
        <ele>268.1</ele>
      </trkpt>
      <trkpt lat="46.311668" lon="23.700881">
        <ele>268.4</ele>
      </trkpt>
      <trkpt lat="46.311775" lon="23.700496">
        <ele>268.8</ele>
      </trkpt>
      <trkpt lat="46.311892" lon="23.70011">
        <ele>269.3</ele>
      </trkpt>
      <trkpt lat="46.31218" lon="23.69947">
        <ele>270.6</ele>
      </trkpt>
      <trkpt lat="46.312364" lon="23.699185">
        <ele>271.5</ele>
      </trkpt>
      <trkpt lat="46.313133" lon="23.698369">
        <ele>273.9</ele>
      </trkpt>
      <trkpt lat="46.313227" lon="23.698094">
        <ele>274.3</ele>
      </trkpt>
      <trkpt lat="46.313242" lon="23.69783">
        <ele>274.7</ele>
      </trkpt>
      <trkpt lat="46.313235" lon="23.697722">
        <ele>274.8</ele>
      </trkpt>
      <trkpt lat="46.313236" lon="23.697456">
        <ele>275.1</ele>
      </trkpt>
      <trkpt lat="46.313311" lon="23.696934">
        <ele>275.5</ele>
      </trkpt>
      <trkpt lat="46.313579" lon="23.695643">
        <ele>276.1</ele>
      </trkpt>
      <trkpt lat="46.313702" lon="23.695182">
        <ele>276.4</ele>
      </trkpt>
      <trkpt lat="46.314183" lon="23.693736">
        <ele>277.2</ele>
      </trkpt>
      <trkpt lat="46.314292" lon="23.693507">
        <ele>277.4</ele>
      </trkpt>
      <trkpt lat="46.314712" lon="23.692855">
        <ele>277.8</ele>
      </trkpt>
      <trkpt lat="46.315187" lon="23.691674">
        <ele>278.9</ele>
      </trkpt>
      <trkpt lat="46.315747" lon="23.690575">
        <ele>280.9</ele>
      </trkpt>
      <trkpt lat="46.316161" lon="23.689874">
        <ele>282.5</ele>
      </trkpt>
      <trkpt lat="46.316524" lon="23.689408">
        <ele>283.7</ele>
      </trkpt>
      <trkpt lat="46.31756" lon="23.687942">
        <ele>285.9</ele>
      </trkpt>
      <trkpt lat="46.317667" lon="23.68791">
        <ele>286</ele>
      </trkpt>
      <trkpt lat="46.318366" lon="23.68797">
        <ele>287</ele>
      </trkpt>
      <trkpt lat="46.318484" lon="23.687897">
        <ele>287.2</ele>
      </trkpt>
      <trkpt lat="46.318598" lon="23.687731">
        <ele>287.4</ele>
      </trkpt>
      <trkpt lat="46.319045" lon="23.686944">
        <ele>287.5</ele>
      </trkpt>
      <trkpt lat="46.319155" lon="23.68675">
        <ele>287.4</ele>
      </trkpt>
      <trkpt lat="46.319353" lon="23.686204">
        <ele>287</ele>
      </trkpt>
      <trkpt lat="46.319459" lon="23.685831">
        <ele>286.7</ele>
      </trkpt>
      <trkpt lat="46.319543" lon="23.685679">
        <ele>286.4</ele>
      </trkpt>
      <trkpt lat="46.319681" lon="23.685574">
        <ele>286.2</ele>
      </trkpt>
      <trkpt lat="46.32025" lon="23.685291">
        <ele>285.3</ele>
      </trkpt>
      <trkpt lat="46.320345" lon="23.685217">
        <ele>285.2</ele>
      </trkpt>
      <trkpt lat="46.32042" lon="23.685114">
        <ele>285.1</ele>
      </trkpt>
      <trkpt lat="46.32086" lon="23.684453">
        <ele>284.9</ele>
      </trkpt>
      <trkpt lat="46.321331" lon="23.683891">
        <ele>285.2</ele>
      </trkpt>
      <trkpt lat="46.321435" lon="23.683798">
        <ele>285.2</ele>
      </trkpt>
      <trkpt lat="46.32195" lon="23.683661">
        <ele>285.4</ele>
      </trkpt>
      <trkpt lat="46.322378" lon="23.68337">
        <ele>285.6</ele>
      </trkpt>
      <trkpt lat="46.322683" lon="23.683253">
        <ele>285.7</ele>
      </trkpt>
      <trkpt lat="46.322869" lon="23.683161">
        <ele>285.8</ele>
      </trkpt>
      <trkpt lat="46.322974" lon="23.683074">
        <ele>285.8</ele>
      </trkpt>
      <trkpt lat="46.323611" lon="23.682416">
        <ele>286</ele>
      </trkpt>
      <trkpt lat="46.324137" lon="23.681933">
        <ele>285</ele>
      </trkpt>
      <trkpt lat="46.32365" lon="23.681134">
        <ele>283.4</ele>
      </trkpt>
      <trkpt lat="46.323312" lon="23.680557">
        <ele>282.3</ele>
      </trkpt>
      <trkpt lat="46.323088" lon="23.680207">
        <ele>282</ele>
      </trkpt>
      <trkpt lat="46.322975" lon="23.68002">
        <ele>282</ele>
      </trkpt>
      <trkpt lat="46.322406" lon="23.679091">
        <ele>283.3</ele>
      </trkpt>
      <trkpt lat="46.322048" lon="23.67844">
        <ele>284.7</ele>
      </trkpt>
      <trkpt lat="46.322003" lon="23.678131">
        <ele>285.2</ele>
      </trkpt>
      <trkpt lat="46.322013" lon="23.677532">
        <ele>286.4</ele>
      </trkpt>
      <trkpt lat="46.32218" lon="23.676317">
        <ele>289.2</ele>
      </trkpt>
      <trkpt lat="46.322177" lon="23.675854">
        <ele>290.3</ele>
      </trkpt>
      <trkpt lat="46.322114" lon="23.675478">
        <ele>291.3</ele>
      </trkpt>
      <trkpt lat="46.322054" lon="23.675284">
        <ele>291.9</ele>
      </trkpt>
      <trkpt lat="46.321606" lon="23.674338">
        <ele>294.9</ele>
      </trkpt>
      <trkpt lat="46.321452" lon="23.673933">
        <ele>296.2</ele>
      </trkpt>
      <trkpt lat="46.321091" lon="23.672305">
        <ele>301</ele>
      </trkpt>
      <trkpt lat="46.321021" lon="23.671771">
        <ele>302.5</ele>
      </trkpt>
      <trkpt lat="46.32105" lon="23.670333">
        <ele>306.7</ele>
      </trkpt>
      <trkpt lat="46.321119" lon="23.669607">
        <ele>308.7</ele>
      </trkpt>
      <trkpt lat="46.321447" lon="23.668295">
        <ele>312.6</ele>
      </trkpt>
      <trkpt lat="46.321552" lon="23.667969">
        <ele>313.6</ele>
      </trkpt>
      <trkpt lat="46.322012" lon="23.666821">
        <ele>317.4</ele>
      </trkpt>
      <trkpt lat="46.322369" lon="23.665731">
        <ele>321</ele>
      </trkpt>
      <trkpt lat="46.322531" lon="23.665189">
        <ele>322.8</ele>
      </trkpt>
      <trkpt lat="46.322656" lon="23.664613">
        <ele>324.7</ele>
      </trkpt>
      <trkpt lat="46.322873" lon="23.663976">
        <ele>327</ele>
      </trkpt>
      <trkpt lat="46.323103" lon="23.663186">
        <ele>330</ele>
      </trkpt>
      <trkpt lat="46.323449" lon="23.662524">
        <ele>333</ele>
      </trkpt>
      <trkpt lat="46.32369" lon="23.661839">
        <ele>335.8</ele>
      </trkpt>
      <trkpt lat="46.323964" lon="23.661301">
        <ele>338.2</ele>
      </trkpt>
      <trkpt lat="46.324205" lon="23.660641">
        <ele>340.8</ele>
      </trkpt>
      <trkpt lat="46.324266" lon="23.660529">
        <ele>341.4</ele>
      </trkpt>
      <trkpt lat="46.324548" lon="23.660131">
        <ele>343.5</ele>
      </trkpt>
      <trkpt lat="46.324753" lon="23.659691">
        <ele>345.3</ele>
      </trkpt>
      <trkpt lat="46.324833" lon="23.659614">
        <ele>345.8</ele>
      </trkpt>
      <trkpt lat="46.324879" lon="23.659625">
        <ele>346</ele>
      </trkpt>
      <trkpt lat="46.32491" lon="23.659656">
        <ele>346.2</ele>
      </trkpt>
      <trkpt lat="46.324938" lon="23.659769">
        <ele>346.6</ele>
      </trkpt>
      <trkpt lat="46.324885" lon="23.660856">
        <ele>351</ele>
      </trkpt>
      <trkpt lat="46.324911" lon="23.661346">
        <ele>353.4</ele>
      </trkpt>
      <trkpt lat="46.324955" lon="23.661499">
        <ele>354.2</ele>
      </trkpt>
      <trkpt lat="46.325031" lon="23.661644">
        <ele>355.1</ele>
      </trkpt>
      <trkpt lat="46.325122" lon="23.661721">
        <ele>355.9</ele>
      </trkpt>
      <trkpt lat="46.325212" lon="23.661745">
        <ele>356.6</ele>
      </trkpt>
      <trkpt lat="46.325289" lon="23.661714">
        <ele>357.2</ele>
      </trkpt>
      <trkpt lat="46.325387" lon="23.661623">
        <ele>358.2</ele>
      </trkpt>
      <trkpt lat="46.325698" lon="23.661175">
        <ele>361.8</ele>
      </trkpt>
      <trkpt lat="46.326198" lon="23.660632">
        <ele>366.5</ele>
      </trkpt>
      <trkpt lat="46.326415" lon="23.660275">
        <ele>368.4</ele>
      </trkpt>
      <trkpt lat="46.328096" lon="23.656295">
        <ele>377.3</ele>
      </trkpt>
      <trkpt lat="46.328337" lon="23.655665">
        <ele>378.3</ele>
      </trkpt>
      <trkpt lat="46.328635" lon="23.654591">
        <ele>379.9</ele>
      </trkpt>
      <trkpt lat="46.329461" lon="23.652021">
        <ele>383.9</ele>
      </trkpt>
      <trkpt lat="46.329755" lon="23.650705">
        <ele>385.9</ele>
      </trkpt>
      <trkpt lat="46.329837" lon="23.650091">
        <ele>386.7</ele>
      </trkpt>
      <trkpt lat="46.329885" lon="23.649489">
        <ele>387.5</ele>
      </trkpt>
      <trkpt lat="46.330021" lon="23.64647">
        <ele>390.5</ele>
      </trkpt>
      <trkpt lat="46.330084" lon="23.645881">
        <ele>391.1</ele>
      </trkpt>
      <trkpt lat="46.3306" lon="23.642921">
        <ele>394.8</ele>
      </trkpt>
      <trkpt lat="46.331858" lon="23.636543">
        <ele>405.9</ele>
      </trkpt>
      <trkpt lat="46.331957" lon="23.635955">
        <ele>407</ele>
      </trkpt>
      <trkpt lat="46.332019" lon="23.635615">
        <ele>407.6</ele>
      </trkpt>
      <trkpt lat="46.332091" lon="23.635406">
        <ele>408</ele>
      </trkpt>
      <trkpt lat="46.332163" lon="23.635293">
        <ele>408.2</ele>
      </trkpt>
      <trkpt lat="46.332584" lon="23.634828">
        <ele>409.7</ele>
      </trkpt>
      <trkpt lat="46.332729" lon="23.634519">
        <ele>410.5</ele>
      </trkpt>
      <trkpt lat="46.332817" lon="23.634192">
        <ele>411.4</ele>
      </trkpt>
      <trkpt lat="46.332865" lon="23.633904">
        <ele>412.2</ele>
      </trkpt>
      <trkpt lat="46.33288" lon="23.633565">
        <ele>413.2</ele>
      </trkpt>
      <trkpt lat="46.332863" lon="23.633292">
        <ele>414</ele>
      </trkpt>
      <trkpt lat="46.332684" lon="23.632529">
        <ele>416.5</ele>
      </trkpt>
      <trkpt lat="46.332476" lon="23.631498">
        <ele>421</ele>
      </trkpt>
      <trkpt lat="46.332243" lon="23.630288">
        <ele>425.8</ele>
      </trkpt>
      <trkpt lat="46.332165" lon="23.629666">
        <ele>427.9</ele>
      </trkpt>
      <trkpt lat="46.332073" lon="23.627821">
        <ele>430.2</ele>
      </trkpt>
      <trkpt lat="46.332006" lon="23.627113">
        <ele>430.8</ele>
      </trkpt>
      <trkpt lat="46.331936" lon="23.626823">
        <ele>431.1</ele>
      </trkpt>
      <trkpt lat="46.331628" lon="23.625874">
        <ele>431.5</ele>
      </trkpt>
      <trkpt lat="46.331591" lon="23.625616">
        <ele>431.4</ele>
      </trkpt>
      <trkpt lat="46.331579" lon="23.624982">
        <ele>430.9</ele>
      </trkpt>
      <trkpt lat="46.331336" lon="23.623674">
        <ele>429</ele>
      </trkpt>
      <trkpt lat="46.331132" lon="23.623036">
        <ele>428.8</ele>
      </trkpt>
      <trkpt lat="46.330801" lon="23.622359">
        <ele>430.3</ele>
      </trkpt>
      <trkpt lat="46.329324" lon="23.620058">
        <ele>443.4</ele>
      </trkpt>
      <trkpt lat="46.329154" lon="23.619849">
        <ele>445.1</ele>
      </trkpt>
      <trkpt lat="46.328824" lon="23.619608">
        <ele>447.8</ele>
      </trkpt>
      <trkpt lat="46.328149" lon="23.619189">
        <ele>453.1</ele>
      </trkpt>
      <trkpt lat="46.327446" lon="23.618976">
        <ele>458.7</ele>
      </trkpt>
      <trkpt lat="46.326806" lon="23.618719">
        <ele>463.8</ele>
      </trkpt>
      <trkpt lat="46.326109" lon="23.618514">
        <ele>468.6</ele>
      </trkpt>
      <trkpt lat="46.325882" lon="23.618335">
        <ele>470</ele>
      </trkpt>
      <trkpt lat="46.325372" lon="23.61773">
        <ele>472.6</ele>
      </trkpt>
      <trkpt lat="46.324847" lon="23.61698">
        <ele>474.3</ele>
      </trkpt>
      <trkpt lat="46.324494" lon="23.61637">
        <ele>475.2</ele>
      </trkpt>
      <trkpt lat="46.323842" lon="23.614856">
        <ele>477</ele>
      </trkpt>
      <trkpt lat="46.323756" lon="23.614625">
        <ele>477.4</ele>
      </trkpt>
      <trkpt lat="46.323636" lon="23.614061">
        <ele>478.8</ele>
      </trkpt>
      <trkpt lat="46.323563" lon="23.61389">
        <ele>479.4</ele>
      </trkpt>
      <trkpt lat="46.323405" lon="23.613657">
        <ele>480.4</ele>
      </trkpt>
      <trkpt lat="46.322837" lon="23.613126">
        <ele>483.1</ele>
      </trkpt>
      <trkpt lat="46.322714" lon="23.612918">
        <ele>483.8</ele>
      </trkpt>
      <trkpt lat="46.322592" lon="23.612376">
        <ele>485.1</ele>
      </trkpt>
      <trkpt lat="46.322495" lon="23.612072">
        <ele>485.8</ele>
      </trkpt>
      <trkpt lat="46.322215" lon="23.611442">
        <ele>486.9</ele>
      </trkpt>
      <trkpt lat="46.321856" lon="23.610916">
        <ele>487.7</ele>
      </trkpt>
      <trkpt lat="46.320793" lon="23.609615">
        <ele>491.6</ele>
      </trkpt>
      <trkpt lat="46.320677" lon="23.609503">
        <ele>491.7</ele>
      </trkpt>
      <trkpt lat="46.320437" lon="23.609342">
        <ele>491.9</ele>
      </trkpt>
      <trkpt lat="46.320318" lon="23.609218">
        <ele>492</ele>
      </trkpt>
      <trkpt lat="46.320303" lon="23.609122">
        <ele>492</ele>
      </trkpt>
      <trkpt lat="46.32034" lon="23.608945">
        <ele>492.1</ele>
      </trkpt>
      <trkpt lat="46.320446" lon="23.608879">
        <ele>492.2</ele>
      </trkpt>
      <trkpt lat="46.320538" lon="23.608869">
        <ele>492.3</ele>
      </trkpt>
      <trkpt lat="46.321" lon="23.608906">
        <ele>493</ele>
      </trkpt>
      <trkpt lat="46.321099" lon="23.608818">
        <ele>493.1</ele>
      </trkpt>
      <trkpt lat="46.321117" lon="23.608726">
        <ele>493.2</ele>
      </trkpt>
      <trkpt lat="46.321036" lon="23.608383">
        <ele>493.4</ele>
      </trkpt>
      <trkpt lat="46.321037" lon="23.608281">
        <ele>493.5</ele>
      </trkpt>
      <trkpt lat="46.321086" lon="23.608097">
        <ele>493.8</ele>
      </trkpt>
      <trkpt lat="46.321198" lon="23.607913">
        <ele>494.3</ele>
      </trkpt>
      <trkpt lat="46.321237" lon="23.607791">
        <ele>494.6</ele>
      </trkpt>
      <trkpt lat="46.321234" lon="23.607659">
        <ele>494.9</ele>
      </trkpt>
      <trkpt lat="46.321178" lon="23.607559">
        <ele>495.2</ele>
      </trkpt>
      <trkpt lat="46.321102" lon="23.607509">
        <ele>495.5</ele>
      </trkpt>
      <trkpt lat="46.320333" lon="23.607471">
        <ele>498.9</ele>
      </trkpt>
      <trkpt lat="46.320111" lon="23.607388">
        <ele>499.9</ele>
      </trkpt>
      <trkpt lat="46.31997" lon="23.607259">
        <ele>500.7</ele>
      </trkpt>
      <trkpt lat="46.319561" lon="23.606777">
        <ele>503.9</ele>
      </trkpt>
      <trkpt lat="46.319476" lon="23.606623">
        <ele>504.8</ele>
      </trkpt>
      <trkpt lat="46.319423" lon="23.606434">
        <ele>505.7</ele>
      </trkpt>
      <trkpt lat="46.319336" lon="23.605781">
        <ele>508.8</ele>
      </trkpt>
      <trkpt lat="46.319298" lon="23.60562">
        <ele>509.6</ele>
      </trkpt>
      <trkpt lat="46.319227" lon="23.605462">
        <ele>510.5</ele>
      </trkpt>
      <trkpt lat="46.318852" lon="23.605033">
        <ele>513.5</ele>
      </trkpt>
      <trkpt lat="46.318636" lon="23.604856">
        <ele>514.9</ele>
      </trkpt>
      <trkpt lat="46.318059" lon="23.604271">
        <ele>517.8</ele>
      </trkpt>
      <trkpt lat="46.317828" lon="23.604142">
        <ele>518.8</ele>
      </trkpt>
      <trkpt lat="46.317411" lon="23.604107">
        <ele>520.5</ele>
      </trkpt>
      <trkpt lat="46.31725" lon="23.604011">
        <ele>521.2</ele>
      </trkpt>
      <trkpt lat="46.315613" lon="23.602265">
        <ele>530.4</ele>
      </trkpt>
      <trkpt lat="46.315408" lon="23.602145">
        <ele>531.3</ele>
      </trkpt>
      <trkpt lat="46.314543" lon="23.601795">
        <ele>535.8</ele>
      </trkpt>
      <trkpt lat="46.314276" lon="23.601608">
        <ele>537.6</ele>
      </trkpt>
      <trkpt lat="46.314193" lon="23.601401">
        <ele>538.7</ele>
      </trkpt>
      <trkpt lat="46.314185" lon="23.601264">
        <ele>539.3</ele>
      </trkpt>
      <trkpt lat="46.314228" lon="23.600077">
        <ele>544.1</ele>
      </trkpt>
      <trkpt lat="46.314265" lon="23.599937">
        <ele>544.6</ele>
      </trkpt>
      <trkpt lat="46.314346" lon="23.599894">
        <ele>545</ele>
      </trkpt>
      <trkpt lat="46.314407" lon="23.599918">
        <ele>545.3</ele>
      </trkpt>
      <trkpt lat="46.314443" lon="23.599969">
        <ele>545.6</ele>
      </trkpt>
      <trkpt lat="46.314462" lon="23.600061">
        <ele>545.9</ele>
      </trkpt>
      <trkpt lat="46.314465" lon="23.600474">
        <ele>547.2</ele>
      </trkpt>
      <trkpt lat="46.314519" lon="23.600727">
        <ele>547.9</ele>
      </trkpt>
      <trkpt lat="46.314645" lon="23.600888">
        <ele>548.5</ele>
      </trkpt>
      <trkpt lat="46.314831" lon="23.600979">
        <ele>549.2</ele>
      </trkpt>
      <trkpt lat="46.315419" lon="23.601084">
        <ele>551</ele>
      </trkpt>
      <trkpt lat="46.315823" lon="23.60139">
        <ele>552.9</ele>
      </trkpt>
      <trkpt lat="46.316058" lon="23.601536">
        <ele>554.1</ele>
      </trkpt>
      <trkpt lat="46.316381" lon="23.601681">
        <ele>555.7</ele>
      </trkpt>
      <trkpt lat="46.316877" lon="23.602012">
        <ele>558.5</ele>
      </trkpt>
      <trkpt lat="46.317466" lon="23.602201">
        <ele>562.5</ele>
      </trkpt>
      <trkpt lat="46.317799" lon="23.602255">
        <ele>565.3</ele>
      </trkpt>
      <trkpt lat="46.318205" lon="23.602252">
        <ele>568.8</ele>
      </trkpt>
      <trkpt lat="46.31847" lon="23.602166">
        <ele>571.2</ele>
      </trkpt>
      <trkpt lat="46.318756" lon="23.602147">
        <ele>573.4</ele>
      </trkpt>
      <trkpt lat="46.319308" lon="23.602162">
        <ele>577</ele>
      </trkpt>
      <trkpt lat="46.319404" lon="23.602188">
        <ele>577.6</ele>
      </trkpt>
      <trkpt lat="46.320421" lon="23.602983">
        <ele>582.6</ele>
      </trkpt>
      <trkpt lat="46.320503" lon="23.603009">
        <ele>583</ele>
      </trkpt>
      <trkpt lat="46.320619" lon="23.602944">
        <ele>583.6</ele>
      </trkpt>
      <trkpt lat="46.320672" lon="23.6028">
        <ele>584.1</ele>
      </trkpt>
      <trkpt lat="46.320661" lon="23.60272">
        <ele>584.4</ele>
      </trkpt>
      <trkpt lat="46.320585" lon="23.602577">
        <ele>585</ele>
      </trkpt>
      <trkpt lat="46.320451" lon="23.602486">
        <ele>585.8</ele>
      </trkpt>
      <trkpt lat="46.320156" lon="23.602382">
        <ele>587.8</ele>
      </trkpt>
      <trkpt lat="46.319656" lon="23.601787">
        <ele>592.8</ele>
      </trkpt>
      <trkpt lat="46.319449" lon="23.601615">
        <ele>594.5</ele>
      </trkpt>
      <trkpt lat="46.318986" lon="23.601395">
        <ele>597.3</ele>
      </trkpt>
      <trkpt lat="46.318673" lon="23.601207">
        <ele>598.7</ele>
      </trkpt>
      <trkpt lat="46.318452" lon="23.601195">
        <ele>599.6</ele>
      </trkpt>
      <trkpt lat="46.318024" lon="23.601289">
        <ele>600.8</ele>
      </trkpt>
      <trkpt lat="46.317838" lon="23.60127">
        <ele>601.3</ele>
      </trkpt>
      <trkpt lat="46.317752" lon="23.601225">
        <ele>601.5</ele>
      </trkpt>
      <trkpt lat="46.317531" lon="23.60095">
        <ele>602.1</ele>
      </trkpt>
      <trkpt lat="46.317403" lon="23.600667">
        <ele>602.6</ele>
      </trkpt>
      <trkpt lat="46.317327" lon="23.60041">
        <ele>603.2</ele>
      </trkpt>
      <trkpt lat="46.317286" lon="23.600132">
        <ele>603.9</ele>
      </trkpt>
      <trkpt lat="46.317303" lon="23.59997">
        <ele>604.4</ele>
      </trkpt>
      <trkpt lat="46.31733" lon="23.599915">
        <ele>604.6</ele>
      </trkpt>
      <trkpt lat="46.317382" lon="23.599879">
        <ele>604.9</ele>
      </trkpt>
      <trkpt lat="46.317436" lon="23.599891">
        <ele>605.1</ele>
      </trkpt>
      <trkpt lat="46.317471" lon="23.59994">
        <ele>605.4</ele>
      </trkpt>
      <trkpt lat="46.317551" lon="23.600387">
        <ele>607.2</ele>
      </trkpt>
      <trkpt lat="46.317654" lon="23.600625">
        <ele>608.4</ele>
      </trkpt>
      <trkpt lat="46.3178" lon="23.600783">
        <ele>609.5</ele>
      </trkpt>
      <trkpt lat="46.317957" lon="23.600861">
        <ele>610.5</ele>
      </trkpt>
      <trkpt lat="46.318122" lon="23.600853">
        <ele>611.6</ele>
      </trkpt>
      <trkpt lat="46.318384" lon="23.600697">
        <ele>613.5</ele>
      </trkpt>
      <trkpt lat="46.318723" lon="23.600604">
        <ele>615.9</ele>
      </trkpt>
      <trkpt lat="46.319371" lon="23.600513">
        <ele>620.5</ele>
      </trkpt>
      <trkpt lat="46.319588" lon="23.600531">
        <ele>622</ele>
      </trkpt>
      <trkpt lat="46.319947" lon="23.600749">
        <ele>624.3</ele>
      </trkpt>
      <trkpt lat="46.320436" lon="23.600813">
        <ele>627</ele>
      </trkpt>
      <trkpt lat="46.320911" lon="23.601223">
        <ele>629.2</ele>
      </trkpt>
      <trkpt lat="46.321452" lon="23.601368">
        <ele>631</ele>
      </trkpt>
      <trkpt lat="46.321752" lon="23.601562">
        <ele>632.4</ele>
      </trkpt>
      <trkpt lat="46.321935" lon="23.601704">
        <ele>633.4</ele>
      </trkpt>
      <trkpt lat="46.322128" lon="23.601739">
        <ele>634.4</ele>
      </trkpt>
      <trkpt lat="46.322205" lon="23.601695">
        <ele>634.9</ele>
      </trkpt>
      <trkpt lat="46.322222" lon="23.601605">
        <ele>635.3</ele>
      </trkpt>
      <trkpt lat="46.322167" lon="23.601533">
        <ele>635.7</ele>
      </trkpt>
      <trkpt lat="46.321873" lon="23.601407">
        <ele>637.7</ele>
      </trkpt>
      <trkpt lat="46.321349" lon="23.600972">
        <ele>642.4</ele>
      </trkpt>
      <trkpt lat="46.321117" lon="23.600646">
        <ele>645</ele>
      </trkpt>
      <trkpt lat="46.320853" lon="23.600175">
        <ele>647.9</ele>
      </trkpt>
      <trkpt lat="46.320772" lon="23.600085">
        <ele>648.6</ele>
      </trkpt>
      <trkpt lat="46.320409" lon="23.599889">
        <ele>651.1</ele>
      </trkpt>
      <trkpt lat="46.320337" lon="23.599802">
        <ele>651.7</ele>
      </trkpt>
      <trkpt lat="46.320259" lon="23.599594">
        <ele>652.7</ele>
      </trkpt>
      <trkpt lat="46.320247" lon="23.599425">
        <ele>653.4</ele>
      </trkpt>
      <trkpt lat="46.320299" lon="23.598808">
        <ele>655.7</ele>
      </trkpt>
      <trkpt lat="46.320312" lon="23.598278">
        <ele>657.5</ele>
      </trkpt>
      <trkpt lat="46.320287" lon="23.597991">
        <ele>658.5</ele>
      </trkpt>
      <trkpt lat="46.320159" lon="23.597427">
        <ele>660.8</ele>
      </trkpt>
      <trkpt lat="46.320146" lon="23.597178">
        <ele>661.8</ele>
      </trkpt>
      <trkpt lat="46.320183" lon="23.596948">
        <ele>662.8</ele>
      </trkpt>
      <trkpt lat="46.320277" lon="23.596746">
        <ele>663.8</ele>
      </trkpt>
      <trkpt lat="46.320338" lon="23.596672">
        <ele>664.3</ele>
      </trkpt>
      <trkpt lat="46.320481" lon="23.596595">
        <ele>665.3</ele>
      </trkpt>
      <trkpt lat="46.320643" lon="23.596616">
        <ele>666.2</ele>
      </trkpt>
      <trkpt lat="46.320709" lon="23.596668">
        <ele>666.7</ele>
      </trkpt>
      <trkpt lat="46.320832" lon="23.596838">
        <ele>667.6</ele>
      </trkpt>
      <trkpt lat="46.321134" lon="23.597397">
        <ele>669.8</ele>
      </trkpt>
      <trkpt lat="46.321205" lon="23.597479">
        <ele>670.1</ele>
      </trkpt>
      <trkpt lat="46.321287" lon="23.59752">
        <ele>670.4</ele>
      </trkpt>
      <trkpt lat="46.32136" lon="23.597521">
        <ele>670.6</ele>
      </trkpt>
      <trkpt lat="46.321489" lon="23.597459">
        <ele>671</ele>
      </trkpt>
      <trkpt lat="46.321602" lon="23.597298">
        <ele>671.5</ele>
      </trkpt>
      <trkpt lat="46.321823" lon="23.596434">
        <ele>672.9</ele>
      </trkpt>
      <trkpt lat="46.322142" lon="23.595466">
        <ele>676.3</ele>
      </trkpt>
      <trkpt lat="46.322267" lon="23.595172">
        <ele>678.3</ele>
      </trkpt>
      <trkpt lat="46.322463" lon="23.594953">
        <ele>680.7</ele>
      </trkpt>
      <trkpt lat="46.323113" lon="23.594556">
        <ele>688.2</ele>
      </trkpt>
      <trkpt lat="46.323384" lon="23.59451">
        <ele>690.7</ele>
      </trkpt>
      <trkpt lat="46.323668" lon="23.594595">
        <ele>692.8</ele>
      </trkpt>
      <trkpt lat="46.323723" lon="23.594542">
        <ele>693.2</ele>
      </trkpt>
      <trkpt lat="46.323732" lon="23.594491">
        <ele>693.5</ele>
      </trkpt>
      <trkpt lat="46.32368" lon="23.59437">
        <ele>694</ele>
      </trkpt>
      <trkpt lat="46.323492" lon="23.594213">
        <ele>695</ele>
      </trkpt>
      <trkpt lat="46.323315" lon="23.594144">
        <ele>695.7</ele>
      </trkpt>
      <trkpt lat="46.322938" lon="23.59415">
        <ele>697.1</ele>
      </trkpt>
      <trkpt lat="46.322854" lon="23.59414">
        <ele>697.4</ele>
      </trkpt>
      <trkpt lat="46.322783" lon="23.594093">
        <ele>697.7</ele>
      </trkpt>
      <trkpt lat="46.322648" lon="23.593921">
        <ele>698.5</ele>
      </trkpt>
      <trkpt lat="46.322542" lon="23.593706">
        <ele>699.5</ele>
      </trkpt>
      <trkpt lat="46.322531" lon="23.593569">
        <ele>700.1</ele>
      </trkpt>
      <trkpt lat="46.322592" lon="23.593464">
        <ele>700.7</ele>
      </trkpt>
      <trkpt lat="46.322634" lon="23.59345">
        <ele>701</ele>
      </trkpt>
      <trkpt lat="46.322687" lon="23.593477">
        <ele>701.4</ele>
      </trkpt>
      <trkpt lat="46.322806" lon="23.59367">
        <ele>702.7</ele>
      </trkpt>
      <trkpt lat="46.322914" lon="23.593745">
        <ele>703.6</ele>
      </trkpt>
      <trkpt lat="46.323053" lon="23.593715">
        <ele>704.8</ele>
      </trkpt>
      <trkpt lat="46.323344" lon="23.593533">
        <ele>707.4</ele>
      </trkpt>
      <trkpt lat="46.323593" lon="23.593488">
        <ele>709.4</ele>
      </trkpt>
      <trkpt lat="46.323881" lon="23.593478">
        <ele>711.5</ele>
      </trkpt>
      <trkpt lat="46.323984" lon="23.593503">
        <ele>712.2</ele>
      </trkpt>
      <trkpt lat="46.324067" lon="23.593557">
        <ele>712.9</ele>
      </trkpt>
      <trkpt lat="46.324169" lon="23.593679">
        <ele>713.8</ele>
      </trkpt>
      <trkpt lat="46.324222" lon="23.593778">
        <ele>714.3</ele>
      </trkpt>
      <trkpt lat="46.324348" lon="23.594152">
        <ele>716.2</ele>
      </trkpt>
      <trkpt lat="46.324408" lon="23.594253">
        <ele>716.7</ele>
      </trkpt>
      <trkpt lat="46.324478" lon="23.594297">
        <ele>717.1</ele>
      </trkpt>
      <trkpt lat="46.324613" lon="23.594269">
        <ele>717.9</ele>
      </trkpt>
      <trkpt lat="46.325045" lon="23.593766">
        <ele>720.9</ele>
      </trkpt>
      <trkpt lat="46.325099" lon="23.593659">
        <ele>721.5</ele>
      </trkpt>
      <trkpt lat="46.325147" lon="23.59344">
        <ele>722.5</ele>
      </trkpt>
      <trkpt lat="46.325181" lon="23.593065">
        <ele>724.2</ele>
      </trkpt>
      <trkpt lat="46.325181" lon="23.592968">
        <ele>724.7</ele>
      </trkpt>
      <trkpt lat="46.325157" lon="23.592894">
        <ele>725</ele>
      </trkpt>
      <trkpt lat="46.325055" lon="23.592839">
        <ele>725.8</ele>
      </trkpt>
      <trkpt lat="46.324755" lon="23.592933">
        <ele>727.5</ele>
      </trkpt>
      <trkpt lat="46.324556" lon="23.592871">
        <ele>728.5</ele>
      </trkpt>
      <trkpt lat="46.324494" lon="23.592797">
        <ele>728.8</ele>
      </trkpt>
      <trkpt lat="46.324254" lon="23.592239">
        <ele>730.1</ele>
      </trkpt>
      <trkpt lat="46.323823" lon="23.591697">
        <ele>731.6</ele>
      </trkpt>
      <trkpt lat="46.323637" lon="23.591382">
        <ele>732.4</ele>
      </trkpt>
      <trkpt lat="46.323394" lon="23.590442">
        <ele>735.5</ele>
      </trkpt>
      <trkpt lat="46.323165" lon="23.589823">
        <ele>738.7</ele>
      </trkpt>
      <trkpt lat="46.323062" lon="23.589442">
        <ele>740.7</ele>
      </trkpt>
      <trkpt lat="46.323027" lon="23.589238">
        <ele>741.7</ele>
      </trkpt>
      <trkpt lat="46.322997" lon="23.588751">
        <ele>743.9</ele>
      </trkpt>
      <trkpt lat="46.322908" lon="23.588397">
        <ele>745.2</ele>
      </trkpt>
      <trkpt lat="46.322745" lon="23.588112">
        <ele>746.3</ele>
      </trkpt>
      <trkpt lat="46.322648" lon="23.588013">
        <ele>746.6</ele>
      </trkpt>
      <trkpt lat="46.322078" lon="23.587565">
        <ele>747.3</ele>
      </trkpt>
      <trkpt lat="46.321992" lon="23.587445">
        <ele>747.2</ele>
      </trkpt>
      <trkpt lat="46.321671" lon="23.586769">
        <ele>746.5</ele>
      </trkpt>
      <trkpt lat="46.321235" lon="23.58631">
        <ele>746.2</ele>
      </trkpt>
      <trkpt lat="46.321154" lon="23.58619">
        <ele>746.2</ele>
      </trkpt>
      <trkpt lat="46.321029" lon="23.585882">
        <ele>746.3</ele>
      </trkpt>
      <trkpt lat="46.320643" lon="23.584578">
        <ele>750</ele>
      </trkpt>
      <trkpt lat="46.320458" lon="23.584145">
        <ele>752.6</ele>
      </trkpt>
      <trkpt lat="46.320266" lon="23.583768">
        <ele>755.2</ele>
      </trkpt>
      <trkpt lat="46.319956" lon="23.582973">
        <ele>760.8</ele>
      </trkpt>
      <trkpt lat="46.319376" lon="23.581941">
        <ele>767.3</ele>
      </trkpt>
      <trkpt lat="46.319085" lon="23.581326">
        <ele>769.2</ele>
      </trkpt>
      <trkpt lat="46.318693" lon="23.580583">
        <ele>770.1</ele>
      </trkpt>
      <trkpt lat="46.318385" lon="23.579327">
        <ele>770.3</ele>
      </trkpt>
      <trkpt lat="46.317953" lon="23.578379">
        <ele>771.7</ele>
      </trkpt>
      <trkpt lat="46.317658" lon="23.577821">
        <ele>773.5</ele>
      </trkpt>
      <trkpt lat="46.316718" lon="23.576258">
        <ele>782.6</ele>
      </trkpt>
      <trkpt lat="46.316316" lon="23.575093">
        <ele>789.7</ele>
      </trkpt>
      <trkpt lat="46.316004" lon="23.574233">
        <ele>794.4</ele>
      </trkpt>
      <trkpt lat="46.315579" lon="23.573503">
        <ele>798.7</ele>
      </trkpt>
      <trkpt lat="46.315491" lon="23.573289">
        <ele>799.8</ele>
      </trkpt>
      <trkpt lat="46.315468" lon="23.573121">
        <ele>800.6</ele>
      </trkpt>
      <trkpt lat="46.315479" lon="23.572839">
        <ele>802</ele>
      </trkpt>
      <trkpt lat="46.315672" lon="23.571822">
        <ele>808.8</ele>
      </trkpt>
      <trkpt lat="46.315725" lon="23.571485">
        <ele>811.6</ele>
      </trkpt>
      <trkpt lat="46.315762" lon="23.570926">
        <ele>816.5</ele>
      </trkpt>
      <trkpt lat="46.315849" lon="23.570216">
        <ele>822.3</ele>
      </trkpt>
      <trkpt lat="46.31582" lon="23.57001">
        <ele>823.9</ele>
      </trkpt>
      <trkpt lat="46.315742" lon="23.569721">
        <ele>825.9</ele>
      </trkpt>
      <trkpt lat="46.315709" lon="23.569378">
        <ele>827.8</ele>
      </trkpt>
      <trkpt lat="46.315703" lon="23.567551">
        <ele>830.6</ele>
      </trkpt>
      <trkpt lat="46.315741" lon="23.567054">
        <ele>830</ele>
      </trkpt>
      <trkpt lat="46.315756" lon="23.566423">
        <ele>829.5</ele>
      </trkpt>
      <trkpt lat="46.315799" lon="23.566206">
        <ele>829.3</ele>
      </trkpt>
      <trkpt lat="46.315842" lon="23.5661">
        <ele>829.1</ele>
      </trkpt>
      <trkpt lat="46.315988" lon="23.565938">
        <ele>828.8</ele>
      </trkpt>
      <trkpt lat="46.31614" lon="23.565882">
        <ele>828.6</ele>
      </trkpt>
      <trkpt lat="46.316396" lon="23.565877">
        <ele>828.5</ele>
      </trkpt>
      <trkpt lat="46.316595" lon="23.5658">
        <ele>828.7</ele>
      </trkpt>
      <trkpt lat="46.316944" lon="23.56554">
        <ele>829.6</ele>
      </trkpt>
      <trkpt lat="46.317239" lon="23.565401">
        <ele>830.9</ele>
      </trkpt>
      <trkpt lat="46.317915" lon="23.565258">
        <ele>834.1</ele>
      </trkpt>
      <trkpt lat="46.318046" lon="23.565105">
        <ele>835</ele>
      </trkpt>
      <trkpt lat="46.318152" lon="23.564846">
        <ele>836.1</ele>
      </trkpt>
      <trkpt lat="46.31819" lon="23.564535">
        <ele>837.1</ele>
      </trkpt>
      <trkpt lat="46.318175" lon="23.56424">
        <ele>838</ele>
      </trkpt>
      <trkpt lat="46.31812" lon="23.564024">
        <ele>838.5</ele>
      </trkpt>
      <trkpt lat="46.317823" lon="23.56328">
        <ele>840</ele>
      </trkpt>
      <trkpt lat="46.31771" lon="23.562824">
        <ele>840.4</ele>
      </trkpt>
      <trkpt lat="46.317679" lon="23.562595">
        <ele>840.5</ele>
      </trkpt>
      <trkpt lat="46.317644" lon="23.562291">
        <ele>840.6</ele>
      </trkpt>
      <trkpt lat="46.317539" lon="23.560609">
        <ele>842.7</ele>
      </trkpt>
      <trkpt lat="46.317542" lon="23.560065">
        <ele>844.1</ele>
      </trkpt>
      <trkpt lat="46.317573" lon="23.559931">
        <ele>844.4</ele>
      </trkpt>
      <trkpt lat="46.317662" lon="23.55972">
        <ele>845</ele>
      </trkpt>
      <trkpt lat="46.317869" lon="23.559403">
        <ele>846.2</ele>
      </trkpt>
      <trkpt lat="46.317935" lon="23.559128">
        <ele>847</ele>
      </trkpt>
      <trkpt lat="46.317991" lon="23.55869">
        <ele>848.2</ele>
      </trkpt>
      <trkpt lat="46.318111" lon="23.558342">
        <ele>849.4</ele>
      </trkpt>
      <trkpt lat="46.318444" lon="23.557827">
        <ele>851.6</ele>
      </trkpt>
      <trkpt lat="46.318801" lon="23.557392">
        <ele>854.1</ele>
      </trkpt>
      <trkpt lat="46.3189" lon="23.557287">
        <ele>854.8</ele>
      </trkpt>
      <trkpt lat="46.319124" lon="23.557168">
        <ele>856.5</ele>
      </trkpt>
      <trkpt lat="46.319273" lon="23.55703">
        <ele>857.9</ele>
      </trkpt>
      <trkpt lat="46.319371" lon="23.556818">
        <ele>859.2</ele>
      </trkpt>
      <trkpt lat="46.319451" lon="23.556539">
        <ele>860.7</ele>
      </trkpt>
      <trkpt lat="46.319589" lon="23.555618">
        <ele>864.8</ele>
      </trkpt>
      <trkpt lat="46.319667" lon="23.552965">
        <ele>869.4</ele>
      </trkpt>
      <trkpt lat="46.319831" lon="23.551885">
        <ele>870.7</ele>
      </trkpt>
      <trkpt lat="46.320008" lon="23.550925">
        <ele>873.4</ele>
      </trkpt>
      <trkpt lat="46.320075" lon="23.55077">
        <ele>874.2</ele>
      </trkpt>
      <trkpt lat="46.320148" lon="23.550681">
        <ele>874.8</ele>
      </trkpt>
      <trkpt lat="46.320291" lon="23.55058">
        <ele>875.8</ele>
      </trkpt>
      <trkpt lat="46.321085" lon="23.550172">
        <ele>882.2</ele>
      </trkpt>
      <trkpt lat="46.321397" lon="23.549868">
        <ele>885</ele>
      </trkpt>
      <trkpt lat="46.322067" lon="23.549564">
        <ele>889.2</ele>
      </trkpt>
      <trkpt lat="46.322383" lon="23.549336">
        <ele>890.9</ele>
      </trkpt>
      <trkpt lat="46.32253" lon="23.549126">
        <ele>891.8</ele>
      </trkpt>
      <trkpt lat="46.322716" lon="23.548777">
        <ele>893.1</ele>
      </trkpt>
      <trkpt lat="46.323049" lon="23.547959">
        <ele>896.1</ele>
      </trkpt>
      <trkpt lat="46.323995" lon="23.546525">
        <ele>903.7</ele>
      </trkpt>
      <trkpt lat="46.324279" lon="23.545986">
        <ele>906.4</ele>
      </trkpt>
      <trkpt lat="46.324508" lon="23.545644">
        <ele>908.3</ele>
      </trkpt>
      <trkpt lat="46.324701" lon="23.545159">
        <ele>910.4</ele>
      </trkpt>
      <trkpt lat="46.324745" lon="23.544981">
        <ele>911.2</ele>
      </trkpt>
      <trkpt lat="46.324807" lon="23.544028">
        <ele>915.6</ele>
      </trkpt>
      <trkpt lat="46.324868" lon="23.543619">
        <ele>917.7</ele>
      </trkpt>
      <trkpt lat="46.324978" lon="23.543203">
        <ele>920</ele>
      </trkpt>
      <trkpt lat="46.32522" lon="23.542525">
        <ele>924.3</ele>
      </trkpt>
      <trkpt lat="46.325631" lon="23.541">
        <ele>933.5</ele>
      </trkpt>
      <trkpt lat="46.325928" lon="23.540209">
        <ele>938.3</ele>
      </trkpt>
      <trkpt lat="46.326072" lon="23.539605">
        <ele>941.5</ele>
      </trkpt>
      <trkpt lat="46.326172" lon="23.538986">
        <ele>944.6</ele>
      </trkpt>
      <trkpt lat="46.326196" lon="23.538166">
        <ele>948.7</ele>
      </trkpt>
      <trkpt lat="46.326337" lon="23.537438">
        <ele>953.6</ele>
      </trkpt>
      <trkpt lat="46.326352" lon="23.536867">
        <ele>957.4</ele>
      </trkpt>
      <trkpt lat="46.326459" lon="23.53663">
        <ele>959.1</ele>
      </trkpt>
      <trkpt lat="46.326761" lon="23.536195">
        <ele>962.2</ele>
      </trkpt>
      <trkpt lat="46.326789" lon="23.535971">
        <ele>963.1</ele>
      </trkpt>
      <trkpt lat="46.32676" lon="23.535857">
        <ele>963.5</ele>
      </trkpt>
      <trkpt lat="46.326046" lon="23.534274">
        <ele>966.7</ele>
      </trkpt>
      <trkpt lat="46.32566" lon="23.533108">
        <ele>970.7</ele>
      </trkpt>
      <trkpt lat="46.325519" lon="23.532602">
        <ele>972.6</ele>
      </trkpt>
      <trkpt lat="46.325399" lon="23.532437">
        <ele>973.1</ele>
      </trkpt>
      <trkpt lat="46.325254" lon="23.532389">
        <ele>973.5</ele>
      </trkpt>
      <trkpt lat="46.325109" lon="23.532415">
        <ele>973.7</ele>
      </trkpt>
      <trkpt lat="46.324538" lon="23.532575">
        <ele>973.1</ele>
      </trkpt>
      <trkpt lat="46.324348" lon="23.532657">
        <ele>972.2</ele>
      </trkpt>
      <trkpt lat="46.324069" lon="23.532921">
        <ele>970</ele>
      </trkpt>
      <trkpt lat="46.323831" lon="23.533325">
        <ele>966.6</ele>
      </trkpt>
      <trkpt lat="46.323728" lon="23.533436">
        <ele>965.3</ele>
      </trkpt>
      <trkpt lat="46.323384" lon="23.533587">
        <ele>961.5</ele>
      </trkpt>
      <trkpt lat="46.322789" lon="23.533703">
        <ele>956.4</ele>
      </trkpt>
      <trkpt lat="46.322693" lon="23.533643">
        <ele>955.6</ele>
      </trkpt>
      <trkpt lat="46.322637" lon="23.533554">
        <ele>955</ele>
      </trkpt>
      <trkpt lat="46.322622" lon="23.533348">
        <ele>954</ele>
      </trkpt>
      <trkpt lat="46.322647" lon="23.533241">
        <ele>953.5</ele>
      </trkpt>
      <trkpt lat="46.322838" lon="23.532925">
        <ele>951.7</ele>
      </trkpt>
      <trkpt lat="46.322908" lon="23.532746">
        <ele>950.9</ele>
      </trkpt>
      <trkpt lat="46.322928" lon="23.532526">
        <ele>950.1</ele>
      </trkpt>
      <trkpt lat="46.322917" lon="23.531795">
        <ele>948.3</ele>
      </trkpt>
      <trkpt lat="46.322872" lon="23.531602">
        <ele>947.8</ele>
      </trkpt>
      <trkpt lat="46.322708" lon="23.531375">
        <ele>946.9</ele>
      </trkpt>
      <trkpt lat="46.322304" lon="23.530975">
        <ele>944.4</ele>
      </trkpt>
      <trkpt lat="46.322027" lon="23.530531">
        <ele>942</ele>
      </trkpt>
      <trkpt lat="46.321799" lon="23.530226">
        <ele>940.2</ele>
      </trkpt>
      <trkpt lat="46.321274" lon="23.529736">
        <ele>936.6</ele>
      </trkpt>
      <trkpt lat="46.320865" lon="23.529303">
        <ele>933.6</ele>
      </trkpt>
      <trkpt lat="46.320608" lon="23.5289">
        <ele>931.5</ele>
      </trkpt>
      <trkpt lat="46.320381" lon="23.528564">
        <ele>930.1</ele>
      </trkpt>
      <trkpt lat="46.319813" lon="23.527927">
        <ele>927.8</ele>
      </trkpt>
      <trkpt lat="46.319612" lon="23.527561">
        <ele>926.8</ele>
      </trkpt>
      <trkpt lat="46.319445" lon="23.527117">
        <ele>925.6</ele>
      </trkpt>
      <trkpt lat="46.319324" lon="23.526941">
        <ele>924.8</ele>
      </trkpt>
      <trkpt lat="46.319152" lon="23.526836">
        <ele>923.9</ele>
      </trkpt>
      <trkpt lat="46.318689" lon="23.526763">
        <ele>921.2</ele>
      </trkpt>
      <trkpt lat="46.318404" lon="23.526669">
        <ele>919.1</ele>
      </trkpt>
      <trkpt lat="46.318062" lon="23.526455">
        <ele>916.3</ele>
      </trkpt>
      <trkpt lat="46.317835" lon="23.526239">
        <ele>914.5</ele>
      </trkpt>
      <trkpt lat="46.317298" lon="23.525631">
        <ele>911</ele>
      </trkpt>
      <trkpt lat="46.317034" lon="23.525177">
        <ele>909.5</ele>
      </trkpt>
      <trkpt lat="46.316659" lon="23.524641">
        <ele>907.4</ele>
      </trkpt>
      <trkpt lat="46.315928" lon="23.523273">
        <ele>899.9</ele>
      </trkpt>
      <trkpt lat="46.315765" lon="23.523055">
        <ele>898.8</ele>
      </trkpt>
      <trkpt lat="46.315598" lon="23.522807">
        <ele>897.9</ele>
      </trkpt>
      <trkpt lat="46.315499" lon="23.52261">
        <ele>897.5</ele>
      </trkpt>
      <trkpt lat="46.315043" lon="23.521261">
        <ele>899.1</ele>
      </trkpt>
      <trkpt lat="46.31486" lon="23.520823">
        <ele>901.2</ele>
      </trkpt>
      <trkpt lat="46.314458" lon="23.520131">
        <ele>904.4</ele>
      </trkpt>
      <trkpt lat="46.313973" lon="23.519451">
        <ele>907</ele>
      </trkpt>
      <trkpt lat="46.313794" lon="23.519109">
        <ele>907.7</ele>
      </trkpt>
      <trkpt lat="46.313435" lon="23.518073">
        <ele>908</ele>
      </trkpt>
      <trkpt lat="46.313405" lon="23.517969">
        <ele>907.9</ele>
      </trkpt>
      <trkpt lat="46.313396" lon="23.517811">
        <ele>907.7</ele>
      </trkpt>
      <trkpt lat="46.313488" lon="23.517692">
        <ele>907.4</ele>
      </trkpt>
      <trkpt lat="46.314064" lon="23.517341">
        <ele>906.4</ele>
      </trkpt>
      <trkpt lat="46.314281" lon="23.517255">
        <ele>906.3</ele>
      </trkpt>
      <trkpt lat="46.314496" lon="23.517213">
        <ele>906.1</ele>
      </trkpt>
      <trkpt lat="46.314688" lon="23.517127">
        <ele>906.2</ele>
      </trkpt>
      <trkpt lat="46.314723" lon="23.51711">
        <ele>906.3</ele>
      </trkpt>
      <trkpt lat="46.315121" lon="23.51693">
        <ele>906.8</ele>
      </trkpt>
      <trkpt lat="46.31642" lon="23.51678">
        <ele>913</ele>
      </trkpt>
      <trkpt lat="46.317103" lon="23.517022">
        <ele>918.6</ele>
      </trkpt>
      <trkpt lat="46.317296" lon="23.517128">
        <ele>920.5</ele>
      </trkpt>
      <trkpt lat="46.317659" lon="23.517418">
        <ele>924.6</ele>
      </trkpt>
      <trkpt lat="46.31798" lon="23.517752">
        <ele>928.1</ele>
      </trkpt>
      <trkpt lat="46.31815" lon="23.517805">
        <ele>929.5</ele>
      </trkpt>
      <trkpt lat="46.318422" lon="23.517697">
        <ele>931.6</ele>
      </trkpt>
      <trkpt lat="46.318722" lon="23.517657">
        <ele>933.6</ele>
      </trkpt>
      <trkpt lat="46.318905" lon="23.51758">
        <ele>934.7</ele>
      </trkpt>
      <trkpt lat="46.319041" lon="23.517476">
        <ele>935.5</ele>
      </trkpt>
      <trkpt lat="46.319261" lon="23.51724">
        <ele>936.8</ele>
      </trkpt>
      <trkpt lat="46.320131" lon="23.517003">
        <ele>942.5</ele>
      </trkpt>
      <trkpt lat="46.320523" lon="23.51683">
        <ele>945.8</ele>
      </trkpt>
      <trkpt lat="46.321079" lon="23.516758">
        <ele>950.6</ele>
      </trkpt>
      <trkpt lat="46.321312" lon="23.516635">
        <ele>952.7</ele>
      </trkpt>
      <trkpt lat="46.321483" lon="23.516529">
        <ele>954.3</ele>
      </trkpt>
      <trkpt lat="46.32166" lon="23.516302">
        <ele>956.1</ele>
      </trkpt>
      <trkpt lat="46.321765" lon="23.516223">
        <ele>957</ele>
      </trkpt>
      <trkpt lat="46.32204" lon="23.51627">
        <ele>958.8</ele>
      </trkpt>
      <trkpt lat="46.322199" lon="23.516221">
        <ele>959.8</ele>
      </trkpt>
      <trkpt lat="46.322282" lon="23.516132">
        <ele>960.5</ele>
      </trkpt>
      <trkpt lat="46.322585" lon="23.515645">
        <ele>963.5</ele>
      </trkpt>
      <trkpt lat="46.322842" lon="23.515492">
        <ele>964.9</ele>
      </trkpt>
      <trkpt lat="46.323339" lon="23.515042">
        <ele>966.6</ele>
      </trkpt>
      <trkpt lat="46.323389" lon="23.514971">
        <ele>966.8</ele>
      </trkpt>
      <trkpt lat="46.323422" lon="23.514835">
        <ele>966.9</ele>
      </trkpt>
      <trkpt lat="46.323426" lon="23.514728">
        <ele>967.1</ele>
      </trkpt>
      <trkpt lat="46.323386" lon="23.514555">
        <ele>967.2</ele>
      </trkpt>
      <trkpt lat="46.32315" lon="23.514011">
        <ele>967.4</ele>
      </trkpt>
      <trkpt lat="46.323079" lon="23.513851">
        <ele>967.3</ele>
      </trkpt>
      <trkpt lat="46.323031" lon="23.513541">
        <ele>966.8</ele>
      </trkpt>
      <trkpt lat="46.323031" lon="23.51329">
        <ele>966.3</ele>
      </trkpt>
      <trkpt lat="46.323142" lon="23.51239">
        <ele>964.2</ele>
      </trkpt>
      <trkpt lat="46.323148" lon="23.512089">
        <ele>963.6</ele>
      </trkpt>
      <trkpt lat="46.32311" lon="23.511753">
        <ele>962.7</ele>
      </trkpt>
      <trkpt lat="46.322956" lon="23.510891">
        <ele>959</ele>
      </trkpt>
      <trkpt lat="46.322819" lon="23.510384">
        <ele>956.1</ele>
      </trkpt>
      <trkpt lat="46.322384" lon="23.509145">
        <ele>948.1</ele>
      </trkpt>
      <trkpt lat="46.322206" lon="23.508415">
        <ele>943.9</ele>
      </trkpt>
      <trkpt lat="46.322105" lon="23.50832">
        <ele>942.9</ele>
      </trkpt>
      <trkpt lat="46.321771" lon="23.508269">
        <ele>940.1</ele>
      </trkpt>
      <trkpt lat="46.321707" lon="23.508232">
        <ele>939.5</ele>
      </trkpt>
      <trkpt lat="46.321656" lon="23.508177">
        <ele>938.9</ele>
      </trkpt>
      <trkpt lat="46.321586" lon="23.508024">
        <ele>937.8</ele>
      </trkpt>
      <trkpt lat="46.321524" lon="23.507676">
        <ele>935.3</ele>
      </trkpt>
      <trkpt lat="46.321409" lon="23.506533">
        <ele>925.1</ele>
      </trkpt>
      <trkpt lat="46.321381" lon="23.506385">
        <ele>923.6</ele>
      </trkpt>
      <trkpt lat="46.321249" lon="23.505988">
        <ele>919.5</ele>
      </trkpt>
      <trkpt lat="46.321223" lon="23.505669">
        <ele>916.7</ele>
      </trkpt>
      <trkpt lat="46.321273" lon="23.505402">
        <ele>914.7</ele>
      </trkpt>
      <trkpt lat="46.321326" lon="23.50528">
        <ele>913.8</ele>
      </trkpt>
      <trkpt lat="46.32156" lon="23.505008">
        <ele>911.7</ele>
      </trkpt>
      <trkpt lat="46.321648" lon="23.504877">
        <ele>911.2</ele>
      </trkpt>
      <trkpt lat="46.321728" lon="23.504681">
        <ele>911</ele>
      </trkpt>
      <trkpt lat="46.321899" lon="23.50431">
        <ele>911.5</ele>
      </trkpt>
      <trkpt lat="46.322043" lon="23.504131">
        <ele>912.4</ele>
      </trkpt>
      <trkpt lat="46.322205" lon="23.504051">
        <ele>913.6</ele>
      </trkpt>
      <trkpt lat="46.322464" lon="23.504006">
        <ele>916.1</ele>
      </trkpt>
      <trkpt lat="46.322769" lon="23.504001">
        <ele>919.5</ele>
      </trkpt>
      <trkpt lat="46.32302" lon="23.503975">
        <ele>922.7</ele>
      </trkpt>
      <trkpt lat="46.323229" lon="23.503876">
        <ele>925.8</ele>
      </trkpt>
      <trkpt lat="46.323751" lon="23.503397">
        <ele>933.5</ele>
      </trkpt>
      <trkpt lat="46.32418" lon="23.503146">
        <ele>938.9</ele>
      </trkpt>
      <trkpt lat="46.324442" lon="23.503104">
        <ele>941.4</ele>
      </trkpt>
      <trkpt lat="46.324634" lon="23.503117">
        <ele>942.8</ele>
      </trkpt>
      <trkpt lat="46.324682" lon="23.503063">
        <ele>943.2</ele>
      </trkpt>
      <trkpt lat="46.324692" lon="23.503011">
        <ele>943.4</ele>
      </trkpt>
      <trkpt lat="46.324678" lon="23.502927">
        <ele>943.7</ele>
      </trkpt>
      <trkpt lat="46.324602" lon="23.502866">
        <ele>944.1</ele>
      </trkpt>
      <trkpt lat="46.324317" lon="23.502937">
        <ele>944.9</ele>
      </trkpt>
      <trkpt lat="46.323943" lon="23.502955">
        <ele>944.9</ele>
      </trkpt>
      <trkpt lat="46.323242" lon="23.503064">
        <ele>943.8</ele>
      </trkpt>
      <trkpt lat="46.32301" lon="23.50297">
        <ele>943.4</ele>
      </trkpt>
      <trkpt lat="46.3229" lon="23.502883">
        <ele>943.4</ele>
      </trkpt>
      <trkpt lat="46.322803" lon="23.502776">
        <ele>943.5</ele>
      </trkpt>
      <trkpt lat="46.322734" lon="23.50265">
        <ele>943.8</ele>
      </trkpt>
      <trkpt lat="46.322617" lon="23.502265">
        <ele>945.3</ele>
      </trkpt>
      <trkpt lat="46.322476" lon="23.501906">
        <ele>947.7</ele>
      </trkpt>
      <trkpt lat="46.32243" lon="23.501368">
        <ele>951.9</ele>
      </trkpt>
      <trkpt lat="46.32249" lon="23.50101">
        <ele>955.3</ele>
      </trkpt>
      <trkpt lat="46.322551" lon="23.50084">
        <ele>957.2</ele>
      </trkpt>
      <trkpt lat="46.322603" lon="23.500732">
        <ele>958.5</ele>
      </trkpt>
      <trkpt lat="46.322635" lon="23.500582">
        <ele>960.1</ele>
      </trkpt>
      <trkpt lat="46.322621" lon="23.500337">
        <ele>962.7</ele>
      </trkpt>
      <trkpt lat="46.322312" lon="23.499162">
        <ele>972.8</ele>
      </trkpt>
      <trkpt lat="46.322174" lon="23.498859">
        <ele>974.4</ele>
      </trkpt>
      <trkpt lat="46.322045" lon="23.498702">
        <ele>975.3</ele>
      </trkpt>
      <trkpt lat="46.321893" lon="23.498643">
        <ele>976.2</ele>
      </trkpt>
      <trkpt lat="46.321745" lon="23.498639">
        <ele>976.9</ele>
      </trkpt>
      <trkpt lat="46.321471" lon="23.498674">
        <ele>978.2</ele>
      </trkpt>
      <trkpt lat="46.321288" lon="23.498627">
        <ele>979</ele>
      </trkpt>
      <trkpt lat="46.321176" lon="23.498539">
        <ele>979.5</ele>
      </trkpt>
      <trkpt lat="46.320852" lon="23.498008">
        <ele>981.6</ele>
      </trkpt>
      <trkpt lat="46.320393" lon="23.497115">
        <ele>988.1</ele>
      </trkpt>
      <trkpt lat="46.320292" lon="23.496863">
        <ele>990.2</ele>
      </trkpt>
      <trkpt lat="46.320278" lon="23.496718">
        <ele>991.2</ele>
      </trkpt>
      <trkpt lat="46.320317" lon="23.496017">
        <ele>996</ele>
      </trkpt>
      <trkpt lat="46.320312" lon="23.495711">
        <ele>998.1</ele>
      </trkpt>
      <trkpt lat="46.320273" lon="23.495529">
        <ele>999.5</ele>
      </trkpt>
      <trkpt lat="46.320194" lon="23.495405">
        <ele>1000.6</ele>
      </trkpt>
      <trkpt lat="46.319968" lon="23.495281">
        <ele>1002.9</ele>
      </trkpt>
      <trkpt lat="46.319866" lon="23.495167">
        <ele>1004.1</ele>
      </trkpt>
      <trkpt lat="46.319725" lon="23.494653">
        <ele>1007.3</ele>
      </trkpt>
      <trkpt lat="46.319745" lon="23.494479">
        <ele>1008.3</ele>
      </trkpt>
      <trkpt lat="46.319814" lon="23.494406">
        <ele>1009</ele>
      </trkpt>
      <trkpt lat="46.319866" lon="23.494422">
        <ele>1009.4</ele>
      </trkpt>
      <trkpt lat="46.319922" lon="23.494559">
        <ele>1010.2</ele>
      </trkpt>
      <trkpt lat="46.319942" lon="23.494751">
        <ele>1011.3</ele>
      </trkpt>
      <trkpt lat="46.320021" lon="23.494864">
        <ele>1012.3</ele>
      </trkpt>
      <trkpt lat="46.320666" lon="23.495024">
        <ele>1019.2</ele>
      </trkpt>
      <trkpt lat="46.320723" lon="23.495008">
        <ele>1019.8</ele>
      </trkpt>
      <trkpt lat="46.320836" lon="23.494904">
        <ele>1021.3</ele>
      </trkpt>
      <trkpt lat="46.320873" lon="23.494807">
        <ele>1022.1</ele>
      </trkpt>
      <trkpt lat="46.320912" lon="23.494587">
        <ele>1023.8</ele>
      </trkpt>
      <trkpt lat="46.320968" lon="23.494081">
        <ele>1027.5</ele>
      </trkpt>
      <trkpt lat="46.320957" lon="23.493538">
        <ele>1031</ele>
      </trkpt>
      <trkpt lat="46.320983" lon="23.493388">
        <ele>1031.9</ele>
      </trkpt>
      <trkpt lat="46.321123" lon="23.493096">
        <ele>1033.7</ele>
      </trkpt>
      <trkpt lat="46.321368" lon="23.492751">
        <ele>1036.2</ele>
      </trkpt>
      <trkpt lat="46.321497" lon="23.492621">
        <ele>1037.2</ele>
      </trkpt>
      <trkpt lat="46.321549" lon="23.492613">
        <ele>1037.5</ele>
      </trkpt>
      <trkpt lat="46.321618" lon="23.49262">
        <ele>1037.8</ele>
      </trkpt>
      <trkpt lat="46.322026" lon="23.4928">
        <ele>1039.6</ele>
      </trkpt>
      <trkpt lat="46.322484" lon="23.492779">
        <ele>1041.3</ele>
      </trkpt>
      <trkpt lat="46.322544" lon="23.492817">
        <ele>1041.6</ele>
      </trkpt>
      <trkpt lat="46.322646" lon="23.492968">
        <ele>1042.3</ele>
      </trkpt>
      <trkpt lat="46.322813" lon="23.493777">
        <ele>1046.4</ele>
      </trkpt>
      <trkpt lat="46.322881" lon="23.493825">
        <ele>1047</ele>
      </trkpt>
      <trkpt lat="46.322919" lon="23.493812">
        <ele>1047.3</ele>
      </trkpt>
      <trkpt lat="46.322952" lon="23.493773">
        <ele>1047.6</ele>
      </trkpt>
      <trkpt lat="46.322958" lon="23.493711">
        <ele>1048</ele>
      </trkpt>
      <trkpt lat="46.322944" lon="23.493636">
        <ele>1048.4</ele>
      </trkpt>
      <trkpt lat="46.32286" lon="23.493475">
        <ele>1049.5</ele>
      </trkpt>
      <trkpt lat="46.32283" lon="23.493192">
        <ele>1051.2</ele>
      </trkpt>
      <trkpt lat="46.322923" lon="23.492719">
        <ele>1054.4</ele>
      </trkpt>
      <trkpt lat="46.323014" lon="23.492449">
        <ele>1056.5</ele>
      </trkpt>
      <trkpt lat="46.323433" lon="23.491619">
        <ele>1063.8</ele>
      </trkpt>
      <trkpt lat="46.32344" lon="23.491468">
        <ele>1064.7</ele>
      </trkpt>
      <trkpt lat="46.323422" lon="23.491399">
        <ele>1065.1</ele>
      </trkpt>
      <trkpt lat="46.323233" lon="23.490949">
        <ele>1067.6</ele>
      </trkpt>
      <trkpt lat="46.3231" lon="23.490508">
        <ele>1069.4</ele>
      </trkpt>
      <trkpt lat="46.322616" lon="23.489113">
        <ele>1072</ele>
      </trkpt>
      <trkpt lat="46.321644" lon="23.487095">
        <ele>1070.4</ele>
      </trkpt>
      <trkpt lat="46.321541" lon="23.486557">
        <ele>1069.6</ele>
      </trkpt>
      <trkpt lat="46.321496" lon="23.485651">
        <ele>1067.8</ele>
      </trkpt>
      <trkpt lat="46.321414" lon="23.485215">
        <ele>1066.6</ele>
      </trkpt>
      <trkpt lat="46.321262" lon="23.484526">
        <ele>1064.5</ele>
      </trkpt>
      <trkpt lat="46.320958" lon="23.482851">
        <ele>1059.7</ele>
      </trkpt>
      <trkpt lat="46.320952" lon="23.482708">
        <ele>1059.5</ele>
      </trkpt>
      <trkpt lat="46.321018" lon="23.482162">
        <ele>1058.8</ele>
      </trkpt>
      <trkpt lat="46.321145" lon="23.481432">
        <ele>1058.6</ele>
      </trkpt>
      <trkpt lat="46.321299" lon="23.480775">
        <ele>1059.2</ele>
      </trkpt>
      <trkpt lat="46.321336" lon="23.480409">
        <ele>1059.9</ele>
      </trkpt>
      <trkpt lat="46.321448" lon="23.479727">
        <ele>1061.1</ele>
      </trkpt>
      <trkpt lat="46.321509" lon="23.479471">
        <ele>1061.6</ele>
      </trkpt>
      <trkpt lat="46.321596" lon="23.47929">
        <ele>1061.9</ele>
      </trkpt>
      <trkpt lat="46.321841" lon="23.478945">
        <ele>1062.6</ele>
      </trkpt>
      <trkpt lat="46.322136" lon="23.478415">
        <ele>1063.3</ele>
      </trkpt>
      <trkpt lat="46.322336" lon="23.478137">
        <ele>1063.4</ele>
      </trkpt>
      <trkpt lat="46.322637" lon="23.47779">
        <ele>1063.2</ele>
      </trkpt>
      <trkpt lat="46.323351" lon="23.47705">
        <ele>1061.7</ele>
      </trkpt>
      <trkpt lat="46.323891" lon="23.476376">
        <ele>1060.3</ele>
      </trkpt>
      <trkpt lat="46.324562" lon="23.475235">
        <ele>1059</ele>
      </trkpt>
      <trkpt lat="46.324901" lon="23.474779">
        <ele>1059.6</ele>
      </trkpt>
      <trkpt lat="46.325015" lon="23.474687">
        <ele>1059.9</ele>
      </trkpt>
      <trkpt lat="46.325165" lon="23.474658">
        <ele>1060.5</ele>
      </trkpt>
      <trkpt lat="46.325598" lon="23.474757">
        <ele>1062.8</ele>
      </trkpt>
      <trkpt lat="46.325802" lon="23.474755">
        <ele>1064.2</ele>
      </trkpt>
      <trkpt lat="46.325963" lon="23.474886">
        <ele>1065.3</ele>
      </trkpt>
      <trkpt lat="46.326183" lon="23.475436">
        <ele>1067.2</ele>
      </trkpt>
      <trkpt lat="46.326316" lon="23.475643">
        <ele>1067.5</ele>
      </trkpt>
      <trkpt lat="46.326381" lon="23.475702">
        <ele>1067.5</ele>
      </trkpt>
      <trkpt lat="46.326533" lon="23.475742">
        <ele>1067.3</ele>
      </trkpt>
      <trkpt lat="46.326602" lon="23.475729">
        <ele>1067.1</ele>
      </trkpt>
      <trkpt lat="46.326748" lon="23.475633">
        <ele>1066.5</ele>
      </trkpt>
      <trkpt lat="46.327358" lon="23.474963">
        <ele>1059.2</ele>
      </trkpt>
      <trkpt lat="46.327849" lon="23.474333">
        <ele>1048.8</ele>
      </trkpt>
      <trkpt lat="46.328468" lon="23.473753">
        <ele>1039.8</ele>
      </trkpt>
      <trkpt lat="46.328717" lon="23.473406">
        <ele>1037</ele>
      </trkpt>
      <trkpt lat="46.328833" lon="23.473293">
        <ele>1036.1</ele>
      </trkpt>
      <trkpt lat="46.328958" lon="23.473231">
        <ele>1035.3</ele>
      </trkpt>
      <trkpt lat="46.329611" lon="23.473293">
        <ele>1032.9</ele>
      </trkpt>
      <trkpt lat="46.329799" lon="23.473282">
        <ele>1032.1</ele>
      </trkpt>
      <trkpt lat="46.329961" lon="23.473248">
        <ele>1031.4</ele>
      </trkpt>
      <trkpt lat="46.330447" lon="23.473052">
        <ele>1028.4</ele>
      </trkpt>
      <trkpt lat="46.330843" lon="23.472716">
        <ele>1024.8</ele>
      </trkpt>
      <trkpt lat="46.331144" lon="23.472542">
        <ele>1022</ele>
      </trkpt>
      <trkpt lat="46.331816" lon="23.47246">
        <ele>1015</ele>
      </trkpt>
      <trkpt lat="46.331908" lon="23.472462">
        <ele>1013.9</ele>
      </trkpt>
      <trkpt lat="46.332046" lon="23.472528">
        <ele>1012.3</ele>
      </trkpt>
      <trkpt lat="46.332112" lon="23.472531">
        <ele>1011.6</ele>
      </trkpt>
      <trkpt lat="46.332158" lon="23.472481">
        <ele>1010.9</ele>
      </trkpt>
      <trkpt lat="46.332149" lon="23.472377">
        <ele>1010.1</ele>
      </trkpt>
      <trkpt lat="46.332113" lon="23.47233">
        <ele>1009.5</ele>
      </trkpt>
      <trkpt lat="46.331865" lon="23.472287">
        <ele>1006.5</ele>
      </trkpt>
      <trkpt lat="46.33162" lon="23.47211">
        <ele>1003.3</ele>
      </trkpt>
      <trkpt lat="46.331547" lon="23.471975">
        <ele>1001.9</ele>
      </trkpt>
      <trkpt lat="46.331478" lon="23.471587">
        <ele>998.7</ele>
      </trkpt>
      <trkpt lat="46.331433" lon="23.47147">
        <ele>997.7</ele>
      </trkpt>
      <trkpt lat="46.331359" lon="23.471375">
        <ele>996.6</ele>
      </trkpt>
      <trkpt lat="46.331171" lon="23.47137">
        <ele>994.5</ele>
      </trkpt>
      <trkpt lat="46.330974" lon="23.471472">
        <ele>992.3</ele>
      </trkpt>
      <trkpt lat="46.330849" lon="23.471591">
        <ele>990.7</ele>
      </trkpt>
      <trkpt lat="46.330664" lon="23.471868">
        <ele>987.9</ele>
      </trkpt>
      <trkpt lat="46.330558" lon="23.471901">
        <ele>986.6</ele>
      </trkpt>
      <trkpt lat="46.330525" lon="23.471854">
        <ele>986.1</ele>
      </trkpt>
      <trkpt lat="46.330512" lon="23.47177">
        <ele>985.4</ele>
      </trkpt>
      <trkpt lat="46.330543" lon="23.471698">
        <ele>984.7</ele>
      </trkpt>
      <trkpt lat="46.330808" lon="23.471404">
        <ele>981.3</ele>
      </trkpt>
      <trkpt lat="46.331236" lon="23.470994">
        <ele>976.7</ele>
      </trkpt>
      <trkpt lat="46.33136" lon="23.470919">
        <ele>975.5</ele>
      </trkpt>
      <trkpt lat="46.331573" lon="23.470817">
        <ele>973.6</ele>
      </trkpt>
      <trkpt lat="46.331741" lon="23.470567">
        <ele>971.8</ele>
      </trkpt>
      <trkpt lat="46.33216" lon="23.469421">
        <ele>969.8</ele>
      </trkpt>
      <trkpt lat="46.332283" lon="23.469107">
        <ele>970.3</ele>
      </trkpt>
      <trkpt lat="46.332352" lon="23.468932">
        <ele>970.6</ele>
      </trkpt>
      <trkpt lat="46.33273" lon="23.467532">
        <ele>976.3</ele>
      </trkpt>
      <trkpt lat="46.332937" lon="23.467104">
        <ele>978.9</ele>
      </trkpt>
      <trkpt lat="46.333058" lon="23.466905">
        <ele>980.3</ele>
      </trkpt>
      <trkpt lat="46.333408" lon="23.466586">
        <ele>983.5</ele>
      </trkpt>
      <trkpt lat="46.333694" lon="23.466399">
        <ele>986.3</ele>
      </trkpt>
      <trkpt lat="46.334084" lon="23.466331">
        <ele>989.6</ele>
      </trkpt>
      <trkpt lat="46.334386" lon="23.466215">
        <ele>992</ele>
      </trkpt>
      <trkpt lat="46.334443" lon="23.466174">
        <ele>992.4</ele>
      </trkpt>
      <trkpt lat="46.334471" lon="23.466073">
        <ele>993</ele>
      </trkpt>
      <trkpt lat="46.334456" lon="23.466008">
        <ele>993.3</ele>
      </trkpt>
      <trkpt lat="46.334406" lon="23.465948">
        <ele>993.7</ele>
      </trkpt>
      <trkpt lat="46.334172" lon="23.465961">
        <ele>995.1</ele>
      </trkpt>
      <trkpt lat="46.33374" lon="23.465842">
        <ele>997.3</ele>
      </trkpt>
      <trkpt lat="46.333175" lon="23.465796">
        <ele>999.8</ele>
      </trkpt>
      <trkpt lat="46.333037" lon="23.465756">
        <ele>1000.5</ele>
      </trkpt>
      <trkpt lat="46.332827" lon="23.465586">
        <ele>1001.8</ele>
      </trkpt>
      <trkpt lat="46.332766" lon="23.465445">
        <ele>1002.5</ele>
      </trkpt>
      <trkpt lat="46.332725" lon="23.465155">
        <ele>1003.9</ele>
      </trkpt>
      <trkpt lat="46.33269" lon="23.464599">
        <ele>1007.3</ele>
      </trkpt>
      <trkpt lat="46.332574" lon="23.464103">
        <ele>1011.4</ele>
      </trkpt>
      <trkpt lat="46.332583" lon="23.46371">
        <ele>1015</ele>
      </trkpt>
      <trkpt lat="46.332624" lon="23.463529">
        <ele>1016.8</ele>
      </trkpt>
      <trkpt lat="46.332748" lon="23.463179">
        <ele>1020.1</ele>
      </trkpt>
      <trkpt lat="46.332779" lon="23.463014">
        <ele>1021.5</ele>
      </trkpt>
      <trkpt lat="46.332772" lon="23.462819">
        <ele>1022.9</ele>
      </trkpt>
      <trkpt lat="46.332668" lon="23.462475">
        <ele>1025.2</ele>
      </trkpt>
      <trkpt lat="46.33252" lon="23.462296">
        <ele>1026.6</ele>
      </trkpt>
      <trkpt lat="46.332336" lon="23.462187">
        <ele>1027.8</ele>
      </trkpt>
      <trkpt lat="46.33204" lon="23.462166">
        <ele>1029</ele>
      </trkpt>
      <trkpt lat="46.331714" lon="23.462227">
        <ele>1029.6</ele>
      </trkpt>
      <trkpt lat="46.331626" lon="23.462146">
        <ele>1029.6</ele>
      </trkpt>
      <trkpt lat="46.33162" lon="23.461985">
        <ele>1029.6</ele>
      </trkpt>
      <trkpt lat="46.332127" lon="23.460726">
        <ele>1027.8</ele>
      </trkpt>
      <trkpt lat="46.332155" lon="23.460489">
        <ele>1027.5</ele>
      </trkpt>
      <trkpt lat="46.332129" lon="23.460121">
        <ele>1027.1</ele>
      </trkpt>
      <trkpt lat="46.332194" lon="23.459875">
        <ele>1026.7</ele>
      </trkpt>
      <trkpt lat="46.332301" lon="23.459672">
        <ele>1026.4</ele>
      </trkpt>
      <trkpt lat="46.332703" lon="23.459225">
        <ele>1025.8</ele>
      </trkpt>
      <trkpt lat="46.332786" lon="23.45908">
        <ele>1025.8</ele>
      </trkpt>
      <trkpt lat="46.332808" lon="23.458826">
        <ele>1025.8</ele>
      </trkpt>
      <trkpt lat="46.332691" lon="23.458388">
        <ele>1026.3</ele>
      </trkpt>
      <trkpt lat="46.332725" lon="23.458162">
        <ele>1026.6</ele>
      </trkpt>
      <trkpt lat="46.33288" lon="23.457568">
        <ele>1028.1</ele>
      </trkpt>
      <trkpt lat="46.332933" lon="23.457252">
        <ele>1029.2</ele>
      </trkpt>
      <trkpt lat="46.332901" lon="23.457044">
        <ele>1030.1</ele>
      </trkpt>
      <trkpt lat="46.332775" lon="23.456932">
        <ele>1031</ele>
      </trkpt>
      <trkpt lat="46.332445" lon="23.456787">
        <ele>1033.1</ele>
      </trkpt>
      <trkpt lat="46.332313" lon="23.45664">
        <ele>1033.9</ele>
      </trkpt>
      <trkpt lat="46.331965" lon="23.456143">
        <ele>1035.4</ele>
      </trkpt>
      <trkpt lat="46.331829" lon="23.456014">
        <ele>1035.6</ele>
      </trkpt>
      <trkpt lat="46.331679" lon="23.456048">
        <ele>1035.5</ele>
      </trkpt>
      <trkpt lat="46.331329" lon="23.456356">
        <ele>1034.6</ele>
      </trkpt>
      <trkpt lat="46.330576" lon="23.456688">
        <ele>1031</ele>
      </trkpt>
      <trkpt lat="46.330345" lon="23.456719">
        <ele>1030</ele>
      </trkpt>
      <trkpt lat="46.330164" lon="23.456675">
        <ele>1029.5</ele>
      </trkpt>
      <trkpt lat="46.330096" lon="23.456542">
        <ele>1029.2</ele>
      </trkpt>
      <trkpt lat="46.330077" lon="23.45616">
        <ele>1028.9</ele>
      </trkpt>
      <trkpt lat="46.330128" lon="23.45566">
        <ele>1029</ele>
      </trkpt>
      <trkpt lat="46.330229" lon="23.455294">
        <ele>1029.2</ele>
      </trkpt>
      <trkpt lat="46.330462" lon="23.454817">
        <ele>1029.7</ele>
      </trkpt>
      <trkpt lat="46.330574" lon="23.454482">
        <ele>1029.9</ele>
      </trkpt>
      <trkpt lat="46.330604" lon="23.454245">
        <ele>1030</ele>
      </trkpt>
      <trkpt lat="46.330551" lon="23.454033">
        <ele>1030</ele>
      </trkpt>
      <trkpt lat="46.330424" lon="23.453705">
        <ele>1029.9</ele>
      </trkpt>
      <trkpt lat="46.330389" lon="23.453345">
        <ele>1029.7</ele>
      </trkpt>
      <trkpt lat="46.330435" lon="23.452809">
        <ele>1029.2</ele>
      </trkpt>
      <trkpt lat="46.330392" lon="23.452676">
        <ele>1029.1</ele>
      </trkpt>
      <trkpt lat="46.330255" lon="23.452436">
        <ele>1028.8</ele>
      </trkpt>
      <trkpt lat="46.330142" lon="23.452165">
        <ele>1028.5</ele>
      </trkpt>
      <trkpt lat="46.329951" lon="23.451393">
        <ele>1025.7</ele>
      </trkpt>
      <trkpt lat="46.3299" lon="23.450846">
        <ele>1023.6</ele>
      </trkpt>
      <trkpt lat="46.329853" lon="23.450625">
        <ele>1022.7</ele>
      </trkpt>
      <trkpt lat="46.329807" lon="23.450521">
        <ele>1022.2</ele>
      </trkpt>
      <trkpt lat="46.329725" lon="23.450315">
        <ele>1021.2</ele>
      </trkpt>
      <trkpt lat="46.329727" lon="23.450247">
        <ele>1021</ele>
      </trkpt>
      <trkpt lat="46.329791" lon="23.450104">
        <ele>1020.3</ele>
      </trkpt>
      <trkpt lat="46.330361" lon="23.449587">
        <ele>1015.8</ele>
      </trkpt>
      <trkpt lat="46.330813" lon="23.449358">
        <ele>1012.9</ele>
      </trkpt>
      <trkpt lat="46.331036" lon="23.449165">
        <ele>1011.3</ele>
      </trkpt>
      <trkpt lat="46.33115" lon="23.448924">
        <ele>1010</ele>
      </trkpt>
      <trkpt lat="46.331532" lon="23.448373">
        <ele>1005.7</ele>
      </trkpt>
      <trkpt lat="46.331835" lon="23.448016">
        <ele>1001.8</ele>
      </trkpt>
      <trkpt lat="46.331936" lon="23.447788">
        <ele>999.7</ele>
      </trkpt>
      <trkpt lat="46.332011" lon="23.447214">
        <ele>995</ele>
      </trkpt>
      <trkpt lat="46.332123" lon="23.44685">
        <ele>991.4</ele>
      </trkpt>
      <trkpt lat="46.332119" lon="23.446682">
        <ele>989.9</ele>
      </trkpt>
      <trkpt lat="46.332012" lon="23.446037">
        <ele>983.7</ele>
      </trkpt>
      <trkpt lat="46.331981" lon="23.445597">
        <ele>979.7</ele>
      </trkpt>
      <trkpt lat="46.331935" lon="23.445443">
        <ele>978.3</ele>
      </trkpt>
      <trkpt lat="46.331859" lon="23.4453">
        <ele>977</ele>
      </trkpt>
      <trkpt lat="46.331652" lon="23.445119">
        <ele>974.7</ele>
      </trkpt>
      <trkpt lat="46.331631" lon="23.445027">
        <ele>974.2</ele>
      </trkpt>
      <trkpt lat="46.33164" lon="23.444858">
        <ele>973.3</ele>
      </trkpt>
      <trkpt lat="46.331664" lon="23.444705">
        <ele>972.5</ele>
      </trkpt>
      <trkpt lat="46.331745" lon="23.444452">
        <ele>971.2</ele>
      </trkpt>
      <trkpt lat="46.331848" lon="23.444225">
        <ele>970</ele>
      </trkpt>
      <trkpt lat="46.331994" lon="23.444031">
        <ele>969</ele>
      </trkpt>
      <trkpt lat="46.33221" lon="23.443921">
        <ele>967.9</ele>
      </trkpt>
      <trkpt lat="46.332469" lon="23.443858">
        <ele>966.6</ele>
      </trkpt>
      <trkpt lat="46.332651" lon="23.443907">
        <ele>965.6</ele>
      </trkpt>
      <trkpt lat="46.332761" lon="23.443976">
        <ele>964.9</ele>
      </trkpt>
      <trkpt lat="46.332796" lon="23.443916">
        <ele>964.5</ele>
      </trkpt>
      <trkpt lat="46.332783" lon="23.443846">
        <ele>964.2</ele>
      </trkpt>
      <trkpt lat="46.332661" lon="23.443728">
        <ele>963.1</ele>
      </trkpt>
      <trkpt lat="46.332525" lon="23.443657">
        <ele>961.8</ele>
      </trkpt>
      <trkpt lat="46.332178" lon="23.443541">
        <ele>958.2</ele>
      </trkpt>
      <trkpt lat="46.331628" lon="23.44316">
        <ele>952.7</ele>
      </trkpt>
      <trkpt lat="46.33153" lon="23.443094">
        <ele>952</ele>
      </trkpt>
      <trkpt lat="46.331363" lon="23.442888">
        <ele>950.5</ele>
      </trkpt>
      <trkpt lat="46.33131" lon="23.442823">
        <ele>950.1</ele>
      </trkpt>
      <trkpt lat="46.330988" lon="23.442091">
        <ele>947.3</ele>
      </trkpt>
      <trkpt lat="46.330664" lon="23.441629">
        <ele>946</ele>
      </trkpt>
      <trkpt lat="46.329647" lon="23.439998">
        <ele>939.3</ele>
      </trkpt>
      <trkpt lat="46.329222" lon="23.43939">
        <ele>936.7</ele>
      </trkpt>
      <trkpt lat="46.32888" lon="23.438844">
        <ele>935.2</ele>
      </trkpt>
      <trkpt lat="46.328353" lon="23.438292">
        <ele>934.4</ele>
      </trkpt>
      <trkpt lat="46.328282" lon="23.438172">
        <ele>934.4</ele>
      </trkpt>
      <trkpt lat="46.327791" lon="23.437024">
        <ele>934.1</ele>
      </trkpt>
      <trkpt lat="46.327626" lon="23.436708">
        <ele>933.8</ele>
      </trkpt>
      <trkpt lat="46.327146" lon="23.436155">
        <ele>932.6</ele>
      </trkpt>
      <trkpt lat="46.326854" lon="23.435772">
        <ele>931.5</ele>
      </trkpt>
      <trkpt lat="46.326359" lon="23.43482">
        <ele>930</ele>
      </trkpt>
      <trkpt lat="46.326227" lon="23.434492">
        <ele>929.6</ele>
      </trkpt>
      <trkpt lat="46.326143" lon="23.434173">
        <ele>929.3</ele>
      </trkpt>
      <trkpt lat="46.326088" lon="23.433753">
        <ele>929</ele>
      </trkpt>
      <trkpt lat="46.326131" lon="23.432376">
        <ele>926.6</ele>
      </trkpt>
      <trkpt lat="46.326115" lon="23.43101">
        <ele>920.9</ele>
      </trkpt>
      <trkpt lat="46.326029" lon="23.43053">
        <ele>918</ele>
      </trkpt>
      <trkpt lat="46.325982" lon="23.429646">
        <ele>912.4</ele>
      </trkpt>
      <trkpt lat="46.326052" lon="23.428332">
        <ele>904.9</ele>
      </trkpt>
      <trkpt lat="46.326135" lon="23.427725">
        <ele>902.3</ele>
      </trkpt>
      <trkpt lat="46.326177" lon="23.427491">
        <ele>901.6</ele>
      </trkpt>
      <trkpt lat="46.326166" lon="23.427272">
        <ele>901.1</ele>
      </trkpt>
      <trkpt lat="46.326133" lon="23.427109">
        <ele>900.8</ele>
      </trkpt>
      <trkpt lat="46.325928" lon="23.426457">
        <ele>900.3</ele>
      </trkpt>
      <trkpt lat="46.325882" lon="23.426223">
        <ele>900.3</ele>
      </trkpt>
      <trkpt lat="46.325883" lon="23.426081">
        <ele>900.3</ele>
      </trkpt>
      <trkpt lat="46.326023" lon="23.42576">
        <ele>900.4</ele>
      </trkpt>
      <trkpt lat="46.326033" lon="23.425608">
        <ele>900.5</ele>
      </trkpt>
      <trkpt lat="46.325984" lon="23.425464">
        <ele>900.6</ele>
      </trkpt>
      <trkpt lat="46.325724" lon="23.425004">
        <ele>900.8</ele>
      </trkpt>
      <trkpt lat="46.325657" lon="23.424677">
        <ele>900.7</ele>
      </trkpt>
      <trkpt lat="46.325537" lon="23.424339">
        <ele>900.5</ele>
      </trkpt>
      <trkpt lat="46.325408" lon="23.424091">
        <ele>900.1</ele>
      </trkpt>
      <trkpt lat="46.325313" lon="23.42397">
        <ele>899.9</ele>
      </trkpt>
      <trkpt lat="46.324928" lon="23.42371">
        <ele>898.7</ele>
      </trkpt>
      <trkpt lat="46.324716" lon="23.42353">
        <ele>897.9</ele>
      </trkpt>
      <trkpt lat="46.324542" lon="23.423335">
        <ele>897.1</ele>
      </trkpt>
      <trkpt lat="46.324264" lon="23.422801">
        <ele>895.3</ele>
      </trkpt>
      <trkpt lat="46.323571" lon="23.421171">
        <ele>891.2</ele>
      </trkpt>
      <trkpt lat="46.323473" lon="23.420742">
        <ele>890.3</ele>
      </trkpt>
      <trkpt lat="46.323294" lon="23.420419">
        <ele>889.4</ele>
      </trkpt>
      <trkpt lat="46.323123" lon="23.419966">
        <ele>888.3</ele>
      </trkpt>
      <trkpt lat="46.32299" lon="23.419614">
        <ele>887.4</ele>
      </trkpt>
      <trkpt lat="46.322908" lon="23.419465">
        <ele>887</ele>
      </trkpt>
      <trkpt lat="46.322185" lon="23.418462">
        <ele>885.3</ele>
      </trkpt>
      <trkpt lat="46.322072" lon="23.41825">
        <ele>885.7</ele>
      </trkpt>
      <trkpt lat="46.321984" lon="23.418004">
        <ele>886.4</ele>
      </trkpt>
      <trkpt lat="46.321891" lon="23.417444">
        <ele>888.7</ele>
      </trkpt>
      <trkpt lat="46.321841" lon="23.416908">
        <ele>892</ele>
      </trkpt>
      <trkpt lat="46.321853" lon="23.416294">
        <ele>896.7</ele>
      </trkpt>
      <trkpt lat="46.321722" lon="23.415499">
        <ele>903.6</ele>
      </trkpt>
      <trkpt lat="46.321703" lon="23.415426">
        <ele>904.2</ele>
      </trkpt>
      <trkpt lat="46.321653" lon="23.415379">
        <ele>905</ele>
      </trkpt>
      <trkpt lat="46.321337" lon="23.415398">
        <ele>908.7</ele>
      </trkpt>
      <trkpt lat="46.320974" lon="23.41532">
        <ele>912.5</ele>
      </trkpt>
      <trkpt lat="46.32073" lon="23.415206">
        <ele>914.7</ele>
      </trkpt>
      <trkpt lat="46.320602" lon="23.415218">
        <ele>915.7</ele>
      </trkpt>
      <trkpt lat="46.320282" lon="23.415332">
        <ele>917.7</ele>
      </trkpt>
      <trkpt lat="46.31989" lon="23.415324">
        <ele>919.5</ele>
      </trkpt>
      <trkpt lat="46.319679" lon="23.415498">
        <ele>920.2</ele>
      </trkpt>
      <trkpt lat="46.319373" lon="23.415925">
        <ele>921.1</ele>
      </trkpt>
      <trkpt lat="46.319221" lon="23.416018">
        <ele>921.3</ele>
      </trkpt>
      <trkpt lat="46.318726" lon="23.416089">
        <ele>921.3</ele>
      </trkpt>
      <trkpt lat="46.318427" lon="23.416072">
        <ele>921</ele>
      </trkpt>
      <trkpt lat="46.318329" lon="23.416126">
        <ele>920.8</ele>
      </trkpt>
      <trkpt lat="46.318196" lon="23.416339">
        <ele>920.4</ele>
      </trkpt>
      <trkpt lat="46.318023" lon="23.416881">
        <ele>919.2</ele>
      </trkpt>
      <trkpt lat="46.31782" lon="23.417215">
        <ele>918</ele>
      </trkpt>
      <trkpt lat="46.317705" lon="23.41734">
        <ele>917.3</ele>
      </trkpt>
      <trkpt lat="46.317596" lon="23.417412">
        <ele>916.7</ele>
      </trkpt>
      <trkpt lat="46.317459" lon="23.417411">
        <ele>916</ele>
      </trkpt>
      <trkpt lat="46.317419" lon="23.417375">
        <ele>915.7</ele>
      </trkpt>
      <trkpt lat="46.317381" lon="23.417239">
        <ele>915.2</ele>
      </trkpt>
      <trkpt lat="46.317383" lon="23.417147">
        <ele>914.8</ele>
      </trkpt>
      <trkpt lat="46.317459" lon="23.416841">
        <ele>913.7</ele>
      </trkpt>
      <trkpt lat="46.31745" lon="23.416523">
        <ele>912.7</ele>
      </trkpt>
      <trkpt lat="46.317394" lon="23.416336">
        <ele>912.2</ele>
      </trkpt>
      <trkpt lat="46.317193" lon="23.415891">
        <ele>911.3</ele>
      </trkpt>
      <trkpt lat="46.317149" lon="23.415728">
        <ele>911.1</ele>
      </trkpt>
      <trkpt lat="46.31715" lon="23.415507">
        <ele>910.9</ele>
      </trkpt>
      <trkpt lat="46.317233" lon="23.415359">
        <ele>910.7</ele>
      </trkpt>
      <trkpt lat="46.317541" lon="23.415083">
        <ele>910.3</ele>
      </trkpt>
      <trkpt lat="46.318006" lon="23.414319">
        <ele>909.7</ele>
      </trkpt>
      <trkpt lat="46.318311" lon="23.413537">
        <ele>908.8</ele>
      </trkpt>
      <trkpt lat="46.318423" lon="23.413266">
        <ele>908.3</ele>
      </trkpt>
      <trkpt lat="46.318484" lon="23.413047">
        <ele>907.7</ele>
      </trkpt>
      <trkpt lat="46.318509" lon="23.412793">
        <ele>907.1</ele>
      </trkpt>
      <trkpt lat="46.318499" lon="23.412671">
        <ele>906.7</ele>
      </trkpt>
      <trkpt lat="46.318423" lon="23.412399">
        <ele>906</ele>
      </trkpt>
      <trkpt lat="46.318365" lon="23.412292">
        <ele>905.5</ele>
      </trkpt>
      <trkpt lat="46.31807" lon="23.412045">
        <ele>904.1</ele>
      </trkpt>
      <trkpt lat="46.318037" lon="23.411919">
        <ele>903.8</ele>
      </trkpt>
      <trkpt lat="46.318052" lon="23.411486">
        <ele>902.8</ele>
      </trkpt>
      <trkpt lat="46.318032" lon="23.41135">
        <ele>902.6</ele>
      </trkpt>
      <trkpt lat="46.317795" lon="23.410913">
        <ele>902</ele>
      </trkpt>
      <trkpt lat="46.317798" lon="23.410733">
        <ele>901.9</ele>
      </trkpt>
      <trkpt lat="46.318097" lon="23.410192">
        <ele>901.7</ele>
      </trkpt>
      <trkpt lat="46.318333" lon="23.409497">
        <ele>901.6</ele>
      </trkpt>
      <trkpt lat="46.318329" lon="23.409318">
        <ele>901.6</ele>
      </trkpt>
      <trkpt lat="46.31829" lon="23.409212">
        <ele>901.5</ele>
      </trkpt>
      <trkpt lat="46.318127" lon="23.409009">
        <ele>901.4</ele>
      </trkpt>
      <trkpt lat="46.317872" lon="23.408846">
        <ele>900.9</ele>
      </trkpt>
      <trkpt lat="46.317327" lon="23.408719">
        <ele>899.6</ele>
      </trkpt>
      <trkpt lat="46.317102" lon="23.40874">
        <ele>899</ele>
      </trkpt>
      <trkpt lat="46.316977" lon="23.40872">
        <ele>898.6</ele>
      </trkpt>
      <trkpt lat="46.31659" lon="23.408516">
        <ele>897.3</ele>
      </trkpt>
      <trkpt lat="46.316258" lon="23.40844">
        <ele>896</ele>
      </trkpt>
      <trkpt lat="46.31618" lon="23.408389">
        <ele>895.6</ele>
      </trkpt>
      <trkpt lat="46.31611" lon="23.408264">
        <ele>895.1</ele>
      </trkpt>
      <trkpt lat="46.3161" lon="23.408202">
        <ele>894.9</ele>
      </trkpt>
      <trkpt lat="46.316099" lon="23.408105">
        <ele>894.5</ele>
      </trkpt>
      <trkpt lat="46.316201" lon="23.407807">
        <ele>893.3</ele>
      </trkpt>
      <trkpt lat="46.316398" lon="23.407411">
        <ele>891.3</ele>
      </trkpt>
      <trkpt lat="46.31651" lon="23.407298">
        <ele>890.5</ele>
      </trkpt>
      <trkpt lat="46.316653" lon="23.407013">
        <ele>888.8</ele>
      </trkpt>
      <trkpt lat="46.316675" lon="23.406807">
        <ele>887.8</ele>
      </trkpt>
      <trkpt lat="46.31666" lon="23.406654">
        <ele>887.1</ele>
      </trkpt>
      <trkpt lat="46.316713" lon="23.406389">
        <ele>885.8</ele>
      </trkpt>
      <trkpt lat="46.317093" lon="23.405754">
        <ele>882.6</ele>
      </trkpt>
      <trkpt lat="46.317633" lon="23.404666">
        <ele>881</ele>
      </trkpt>
      <trkpt lat="46.317647" lon="23.404546">
        <ele>880.9</ele>
      </trkpt>
      <trkpt lat="46.317609" lon="23.404444">
        <ele>880.9</ele>
      </trkpt>
      <trkpt lat="46.317344" lon="23.403978">
        <ele>879.7</ele>
      </trkpt>
      <trkpt lat="46.317123" lon="23.403417">
        <ele>877.5</ele>
      </trkpt>
      <trkpt lat="46.317075" lon="23.403408">
        <ele>877.3</ele>
      </trkpt>
      <trkpt lat="46.316899" lon="23.40351">
        <ele>876.2</ele>
      </trkpt>
      <trkpt lat="46.316574" lon="23.40382">
        <ele>873.5</ele>
      </trkpt>
      <trkpt lat="46.316325" lon="23.40395">
        <ele>871.3</ele>
      </trkpt>
      <trkpt lat="46.3161" lon="23.403952">
        <ele>869</ele>
      </trkpt>
      <trkpt lat="46.315705" lon="23.403732">
        <ele>863.9</ele>
      </trkpt>
      <trkpt lat="46.315525" lon="23.403821">
        <ele>861.8</ele>
      </trkpt>
      <trkpt lat="46.315104" lon="23.40373">
        <ele>857.1</ele>
      </trkpt>
      <trkpt lat="46.315021" lon="23.403746">
        <ele>856.2</ele>
      </trkpt>
      <trkpt lat="46.314687" lon="23.403994">
        <ele>851.7</ele>
      </trkpt>
      <trkpt lat="46.313936" lon="23.403977">
        <ele>842</ele>
      </trkpt>
      <trkpt lat="46.31384" lon="23.403907">
        <ele>840.5</ele>
      </trkpt>
      <trkpt lat="46.313587" lon="23.403535">
        <ele>836.1</ele>
      </trkpt>
      <trkpt lat="46.313403" lon="23.40333">
        <ele>833.7</ele>
      </trkpt>
      <trkpt lat="46.312936" lon="23.403207">
        <ele>830.2</ele>
      </trkpt>
      <trkpt lat="46.312871" lon="23.403145">
        <ele>829.8</ele>
      </trkpt>
      <trkpt lat="46.312804" lon="23.402927">
        <ele>829.1</ele>
      </trkpt>
      <trkpt lat="46.312801" lon="23.402771">
        <ele>828.6</ele>
      </trkpt>
      <trkpt lat="46.313022" lon="23.402075">
        <ele>826.7</ele>
      </trkpt>
      <trkpt lat="46.313099" lon="23.401694">
        <ele>825.6</ele>
      </trkpt>
      <trkpt lat="46.31312" lon="23.40145">
        <ele>824.9</ele>
      </trkpt>
      <trkpt lat="46.313111" lon="23.400783">
        <ele>822.4</ele>
      </trkpt>
      <trkpt lat="46.313043" lon="23.400337">
        <ele>819.9</ele>
      </trkpt>
      <trkpt lat="46.312903" lon="23.399747">
        <ele>816</ele>
      </trkpt>
      <trkpt lat="46.312929" lon="23.399428">
        <ele>814.1</ele>
      </trkpt>
      <trkpt lat="46.313024" lon="23.399102">
        <ele>812.4</ele>
      </trkpt>
      <trkpt lat="46.313274" lon="23.398674">
        <ele>810.7</ele>
      </trkpt>
      <trkpt lat="46.313562" lon="23.398374">
        <ele>809.9</ele>
      </trkpt>
      <trkpt lat="46.314122" lon="23.398034">
        <ele>809</ele>
      </trkpt>
      <trkpt lat="46.314355" lon="23.398059">
        <ele>808.7</ele>
      </trkpt>
      <trkpt lat="46.31447" lon="23.39801">
        <ele>808.5</ele>
      </trkpt>
      <trkpt lat="46.314507" lon="23.397544">
        <ele>807.8</ele>
      </trkpt>
      <trkpt lat="46.314569" lon="23.397176">
        <ele>807</ele>
      </trkpt>
      <trkpt lat="46.31547" lon="23.394863">
        <ele>801.4</ele>
      </trkpt>
      <trkpt lat="46.315719" lon="23.394497">
        <ele>801.2</ele>
      </trkpt>
      <trkpt lat="46.316192" lon="23.394127">
        <ele>800.9</ele>
      </trkpt>
      <trkpt lat="46.316211" lon="23.394021">
        <ele>800.8</ele>
      </trkpt>
      <trkpt lat="46.316155" lon="23.393974">
        <ele>800.8</ele>
      </trkpt>
      <trkpt lat="46.315368" lon="23.39435">
        <ele>798.6</ele>
      </trkpt>
      <trkpt lat="46.315124" lon="23.39452">
        <ele>797</ele>
      </trkpt>
      <trkpt lat="46.314859" lon="23.39478">
        <ele>794.8</ele>
      </trkpt>
      <trkpt lat="46.314173" lon="23.395912">
        <ele>786.9</ele>
      </trkpt>
      <trkpt lat="46.313373" lon="23.396852">
        <ele>781.2</ele>
      </trkpt>
      <trkpt lat="46.312966" lon="23.397431">
        <ele>778.6</ele>
      </trkpt>
      <trkpt lat="46.312691" lon="23.39767">
        <ele>777.5</ele>
      </trkpt>
      <trkpt lat="46.312601" lon="23.397502">
        <ele>777.2</ele>
      </trkpt>
      <trkpt lat="46.312271" lon="23.397084">
        <ele>777</ele>
      </trkpt>
      <trkpt lat="46.31193" lon="23.396746">
        <ele>777.2</ele>
      </trkpt>
      <trkpt lat="46.311791" lon="23.396667">
        <ele>777.5</ele>
      </trkpt>
      <trkpt lat="46.311786" lon="23.396664">
        <ele>777.6</ele>
      </trkpt>
      <trkpt lat="46.311706" lon="23.396608">
        <ele>777.8</ele>
      </trkpt>
      <trkpt lat="46.311561" lon="23.396361">
        <ele>778.6</ele>
      </trkpt>
      <trkpt lat="46.311508" lon="23.396104">
        <ele>779.4</ele>
      </trkpt>
      <trkpt lat="46.3112" lon="23.395074">
        <ele>782.9</ele>
      </trkpt>
      <trkpt lat="46.311107" lon="23.394694">
        <ele>783.8</ele>
      </trkpt>
      <trkpt lat="46.311111" lon="23.394303">
        <ele>784.7</ele>
      </trkpt>
      <trkpt lat="46.31107" lon="23.393959">
        <ele>785.5</ele>
      </trkpt>
      <trkpt lat="46.311019" lon="23.393835">
        <ele>785.9</ele>
      </trkpt>
      <trkpt lat="46.310987" lon="23.393829">
        <ele>786</ele>
      </trkpt>
      <trkpt lat="46.310962" lon="23.393862">
        <ele>786.1</ele>
      </trkpt>
      <trkpt lat="46.310952" lon="23.393974">
        <ele>786.4</ele>
      </trkpt>
      <trkpt lat="46.310978" lon="23.394141">
        <ele>786.8</ele>
      </trkpt>
      <trkpt lat="46.310933" lon="23.394908">
        <ele>788.7</ele>
      </trkpt>
      <trkpt lat="46.311041" lon="23.395975">
        <ele>792.8</ele>
      </trkpt>
      <trkpt lat="46.311012" lon="23.396816">
        <ele>797.6</ele>
      </trkpt>
      <trkpt lat="46.310959" lon="23.39703">
        <ele>799.1</ele>
      </trkpt>
      <trkpt lat="46.31068" lon="23.39764">
        <ele>804</ele>
      </trkpt>
      <trkpt lat="46.310582" lon="23.398127">
        <ele>807</ele>
      </trkpt>
      <trkpt lat="46.310541" lon="23.398781">
        <ele>810.1</ele>
      </trkpt>
      <trkpt lat="46.310537" lon="23.399521">
        <ele>812.3</ele>
      </trkpt>
      <trkpt lat="46.31047" lon="23.400235">
        <ele>814</ele>
      </trkpt>
      <trkpt lat="46.310423" lon="23.40053">
        <ele>814.8</ele>
      </trkpt>
      <trkpt lat="46.310329" lon="23.400712">
        <ele>815.6</ele>
      </trkpt>
      <trkpt lat="46.310215" lon="23.400763">
        <ele>816.3</ele>
      </trkpt>
      <trkpt lat="46.310025" lon="23.40078">
        <ele>817.5</ele>
      </trkpt>
      <trkpt lat="46.309952" lon="23.400855">
        <ele>818.1</ele>
      </trkpt>
      <trkpt lat="46.309912" lon="23.400966">
        <ele>818.7</ele>
      </trkpt>
      <trkpt lat="46.309841" lon="23.401055">
        <ele>819.4</ele>
      </trkpt>
      <trkpt lat="46.309634" lon="23.401183">
        <ele>821.2</ele>
      </trkpt>
      <trkpt lat="46.309426" lon="23.401377">
        <ele>823.1</ele>
      </trkpt>
      <trkpt lat="46.30936" lon="23.401401">
        <ele>823.7</ele>
      </trkpt>
      <trkpt lat="46.309266" lon="23.401351">
        <ele>824.5</ele>
      </trkpt>
      <trkpt lat="46.30924" lon="23.401297">
        <ele>824.8</ele>
      </trkpt>
      <trkpt lat="46.30924" lon="23.40119">
        <ele>825.4</ele>
      </trkpt>
      <trkpt lat="46.309537" lon="23.400735">
        <ele>828.5</ele>
      </trkpt>
      <trkpt lat="46.309677" lon="23.400299">
        <ele>830.5</ele>
      </trkpt>
      <trkpt lat="46.309908" lon="23.400053">
        <ele>832.1</ele>
      </trkpt>
      <trkpt lat="46.30993" lon="23.399971">
        <ele>832.4</ele>
      </trkpt>
      <trkpt lat="46.309919" lon="23.399901">
        <ele>832.6</ele>
      </trkpt>
      <trkpt lat="46.309876" lon="23.399873">
        <ele>832.8</ele>
      </trkpt>
      <trkpt lat="46.30957" lon="23.400029">
        <ele>834.2</ele>
      </trkpt>
      <trkpt lat="46.309262" lon="23.400337">
        <ele>835.6</ele>
      </trkpt>
      <trkpt lat="46.308896" lon="23.400648">
        <ele>836.7</ele>
      </trkpt>
      <trkpt lat="46.308584" lon="23.401034">
        <ele>837.1</ele>
      </trkpt>
      <trkpt lat="46.308509" lon="23.40117">
        <ele>837</ele>
      </trkpt>
      <trkpt lat="46.308376" lon="23.401254">
        <ele>836.9</ele>
      </trkpt>
      <trkpt lat="46.308329" lon="23.401226">
        <ele>836.8</ele>
      </trkpt>
      <trkpt lat="46.30828" lon="23.401118">
        <ele>836.6</ele>
      </trkpt>
      <trkpt lat="46.308162" lon="23.399629">
        <ele>832.1</ele>
      </trkpt>
      <trkpt lat="46.308058" lon="23.399317">
        <ele>830.5</ele>
      </trkpt>
      <trkpt lat="46.307576" lon="23.398668">
        <ele>825.3</ele>
      </trkpt>
      <trkpt lat="46.307218" lon="23.398433">
        <ele>821.9</ele>
      </trkpt>
      <trkpt lat="46.307035" lon="23.398234">
        <ele>819.9</ele>
      </trkpt>
      <trkpt lat="46.306812" lon="23.397932">
        <ele>817.5</ele>
      </trkpt>
      <trkpt lat="46.306583" lon="23.39781">
        <ele>815.7</ele>
      </trkpt>
      <trkpt lat="46.306543" lon="23.397732">
        <ele>815.2</ele>
      </trkpt>
      <trkpt lat="46.306505" lon="23.397607">
        <ele>814.6</ele>
      </trkpt>
      <trkpt lat="46.306533" lon="23.397283">
        <ele>813.3</ele>
      </trkpt>
      <trkpt lat="46.306697" lon="23.396898">
        <ele>811.7</ele>
      </trkpt>
      <trkpt lat="46.306724" lon="23.396764">
        <ele>811.3</ele>
      </trkpt>
      <trkpt lat="46.306715" lon="23.396659">
        <ele>811</ele>
      </trkpt>
      <trkpt lat="46.306594" lon="23.396389">
        <ele>810.2</ele>
      </trkpt>
      <trkpt lat="46.30634" lon="23.395595">
        <ele>807.9</ele>
      </trkpt>
      <trkpt lat="46.306222" lon="23.395393">
        <ele>807.3</ele>
      </trkpt>
      <trkpt lat="46.305978" lon="23.395261">
        <ele>806.2</ele>
      </trkpt>
      <trkpt lat="46.305408" lon="23.39508">
        <ele>803.9</ele>
      </trkpt>
      <trkpt lat="46.304681" lon="23.395045">
        <ele>800.5</ele>
      </trkpt>
      <trkpt lat="46.304483" lon="23.395082">
        <ele>799.4</ele>
      </trkpt>
      <trkpt lat="46.304266" lon="23.395233">
        <ele>797.9</ele>
      </trkpt>
      <trkpt lat="46.304137" lon="23.395428">
        <ele>796.6</ele>
      </trkpt>
      <trkpt lat="46.303747" lon="23.395782">
        <ele>792.6</ele>
      </trkpt>
      <trkpt lat="46.303418" lon="23.396127">
        <ele>788.5</ele>
      </trkpt>
      <trkpt lat="46.303222" lon="23.396491">
        <ele>785.2</ele>
      </trkpt>
      <trkpt lat="46.303022" lon="23.39676">
        <ele>782.6</ele>
      </trkpt>
      <trkpt lat="46.302915" lon="23.396812">
        <ele>781.6</ele>
      </trkpt>
      <trkpt lat="46.302818" lon="23.396811">
        <ele>780.8</ele>
      </trkpt>
      <trkpt lat="46.302633" lon="23.396711">
        <ele>779.2</ele>
      </trkpt>
      <trkpt lat="46.301997" lon="23.396304">
        <ele>774.4</ele>
      </trkpt>
      <trkpt lat="46.301755" lon="23.396249">
        <ele>772.6</ele>
      </trkpt>
      <trkpt lat="46.301595" lon="23.396163">
        <ele>771.3</ele>
      </trkpt>
      <trkpt lat="46.301415" lon="23.396012">
        <ele>769.6</ele>
      </trkpt>
      <trkpt lat="46.301332" lon="23.396019">
        <ele>768.8</ele>
      </trkpt>
      <trkpt lat="46.301196" lon="23.396174">
        <ele>767.1</ele>
      </trkpt>
      <trkpt lat="46.301152" lon="23.396283">
        <ele>766.1</ele>
      </trkpt>
      <trkpt lat="46.300998" lon="23.397075">
        <ele>759.3</ele>
      </trkpt>
      <trkpt lat="46.300929" lon="23.397219">
        <ele>757.6</ele>
      </trkpt>
      <trkpt lat="46.300866" lon="23.397272">
        <ele>756.6</ele>
      </trkpt>
      <trkpt lat="46.300794" lon="23.397296">
        <ele>755.6</ele>
      </trkpt>
      <trkpt lat="46.300268" lon="23.397274">
        <ele>747.9</ele>
      </trkpt>
      <trkpt lat="46.300025" lon="23.397183">
        <ele>744.3</ele>
      </trkpt>
      <trkpt lat="46.299926" lon="23.397196">
        <ele>743</ele>
      </trkpt>
      <trkpt lat="46.299434" lon="23.397334">
        <ele>737.3</ele>
      </trkpt>
      <trkpt lat="46.299149" lon="23.397542">
        <ele>734.7</ele>
      </trkpt>
      <trkpt lat="46.299104" lon="23.39752">
        <ele>734.4</ele>
      </trkpt>
      <trkpt lat="46.299084" lon="23.397385">
        <ele>733.8</ele>
      </trkpt>
      <trkpt lat="46.299256" lon="23.396917">
        <ele>732.2</ele>
      </trkpt>
      <trkpt lat="46.300231" lon="23.394892">
        <ele>735.6</ele>
      </trkpt>
      <trkpt lat="46.30047" lon="23.394265">
        <ele>736.2</ele>
      </trkpt>
      <trkpt lat="46.300666" lon="23.393955">
        <ele>736</ele>
      </trkpt>
      <trkpt lat="46.300694" lon="23.39383">
        <ele>735.8</ele>
      </trkpt>
      <trkpt lat="46.300671" lon="23.393776">
        <ele>735.7</ele>
      </trkpt>
      <trkpt lat="46.300628" lon="23.393755">
        <ele>735.6</ele>
      </trkpt>
      <trkpt lat="46.300535" lon="23.393788">
        <ele>735.3</ele>
      </trkpt>
      <trkpt lat="46.300346" lon="23.393948">
        <ele>734.5</ele>
      </trkpt>
      <trkpt lat="46.300075" lon="23.394384">
        <ele>732.3</ele>
      </trkpt>
      <trkpt lat="46.298866" lon="23.395906">
        <ele>719.5</ele>
      </trkpt>
      <trkpt lat="46.298726" lon="23.396051">
        <ele>718</ele>
      </trkpt>
      <trkpt lat="46.297841" lon="23.396798">
        <ele>709.4</ele>
      </trkpt>
      <trkpt lat="46.297173" lon="23.397517">
        <ele>703.7</ele>
      </trkpt>
      <trkpt lat="46.297145" lon="23.397594">
        <ele>703.4</ele>
      </trkpt>
      <trkpt lat="46.297126" lon="23.397854">
        <ele>702.4</ele>
      </trkpt>
      <trkpt lat="46.297098" lon="23.39793">
        <ele>702</ele>
      </trkpt>
      <trkpt lat="46.296866" lon="23.39825">
        <ele>700.2</ele>
      </trkpt>
      <trkpt lat="46.296819" lon="23.398927">
        <ele>697.1</ele>
      </trkpt>
      <trkpt lat="46.296729" lon="23.399473">
        <ele>694</ele>
      </trkpt>
      <trkpt lat="46.296486" lon="23.40066">
        <ele>684.8</ele>
      </trkpt>
      <trkpt lat="46.296373" lon="23.400864">
        <ele>682.5</ele>
      </trkpt>
      <trkpt lat="46.295924" lon="23.401298">
        <ele>675.1</ele>
      </trkpt>
      <trkpt lat="46.295777" lon="23.401339">
        <ele>673</ele>
      </trkpt>
      <trkpt lat="46.2952" lon="23.401394">
        <ele>665.4</ele>
      </trkpt>
      <trkpt lat="46.295128" lon="23.401369">
        <ele>664.5</ele>
      </trkpt>
      <trkpt lat="46.294197" lon="23.400479">
        <ele>654.1</ele>
      </trkpt>
      <trkpt lat="46.294096" lon="23.400372">
        <ele>653.4</ele>
      </trkpt>
      <trkpt lat="46.294046" lon="23.400259">
        <ele>652.8</ele>
      </trkpt>
      <trkpt lat="46.294019" lon="23.399987">
        <ele>651.7</ele>
      </trkpt>
      <trkpt lat="46.294072" lon="23.399492">
        <ele>649.9</ele>
      </trkpt>
      <trkpt lat="46.29399" lon="23.399039">
        <ele>648.5</ele>
      </trkpt>
      <trkpt lat="46.293726" lon="23.397857">
        <ele>645.1</ele>
      </trkpt>
      <trkpt lat="46.293534" lon="23.397327">
        <ele>643.2</ele>
      </trkpt>
      <trkpt lat="46.293208" lon="23.396737">
        <ele>641.2</ele>
      </trkpt>
      <trkpt lat="46.292987" lon="23.396409">
        <ele>640.5</ele>
      </trkpt>
      <trkpt lat="46.292753" lon="23.395897">
        <ele>640.3</ele>
      </trkpt>
      <trkpt lat="46.292719" lon="23.395748">
        <ele>640.4</ele>
      </trkpt>
      <trkpt lat="46.292774" lon="23.395155">
        <ele>641</ele>
      </trkpt>
      <trkpt lat="46.292982" lon="23.394447">
        <ele>641.5</ele>
      </trkpt>
      <trkpt lat="46.293023" lon="23.394205">
        <ele>641.5</ele>
      </trkpt>
      <trkpt lat="46.293007" lon="23.394109">
        <ele>641.4</ele>
      </trkpt>
      <trkpt lat="46.292883" lon="23.393962">
        <ele>641.2</ele>
      </trkpt>
      <trkpt lat="46.292818" lon="23.39398">
        <ele>641.1</ele>
      </trkpt>
      <trkpt lat="46.292529" lon="23.394521">
        <ele>639.7</ele>
      </trkpt>
      <trkpt lat="46.292154" lon="23.395335">
        <ele>636.9</ele>
      </trkpt>
      <trkpt lat="46.292044" lon="23.395398">
        <ele>636.4</ele>
      </trkpt>
      <trkpt lat="46.291939" lon="23.395358">
        <ele>636</ele>
      </trkpt>
      <trkpt lat="46.291651" lon="23.395021">
        <ele>635.1</ele>
      </trkpt>
      <trkpt lat="46.291121" lon="23.394211">
        <ele>635.9</ele>
      </trkpt>
      <trkpt lat="46.29032" lon="23.393567">
        <ele>638.2</ele>
      </trkpt>
      <trkpt lat="46.289879" lon="23.393068">
        <ele>639.6</ele>
      </trkpt>
      <trkpt lat="46.289449" lon="23.392317">
        <ele>640.9</ele>
      </trkpt>
      <trkpt lat="46.2889" lon="23.391652">
        <ele>641.9</ele>
      </trkpt>
      <trkpt lat="46.288337" lon="23.390515">
        <ele>642.7</ele>
      </trkpt>
      <trkpt lat="46.288233" lon="23.39016">
        <ele>643</ele>
      </trkpt>
      <trkpt lat="46.288048" lon="23.388943">
        <ele>644</ele>
      </trkpt>
      <trkpt lat="46.288053" lon="23.387939">
        <ele>644.9</ele>
      </trkpt>
      <trkpt lat="46.288196" lon="23.386985">
        <ele>645.7</ele>
      </trkpt>
      <trkpt lat="46.288207" lon="23.386229">
        <ele>646.4</ele>
      </trkpt>
      <trkpt lat="46.288133" lon="23.385381">
        <ele>647.5</ele>
      </trkpt>
      <trkpt lat="46.28807" lon="23.384984">
        <ele>648.1</ele>
      </trkpt>
      <trkpt lat="46.287618" lon="23.383729">
        <ele>649.5</ele>
      </trkpt>
      <trkpt lat="46.287592" lon="23.383428">
        <ele>649.5</ele>
      </trkpt>
      <trkpt lat="46.287592" lon="23.383026">
        <ele>649.5</ele>
      </trkpt>
      <trkpt lat="46.287696" lon="23.382087">
        <ele>649.3</ele>
      </trkpt>
      <trkpt lat="46.287707" lon="23.381859">
        <ele>649.3</ele>
      </trkpt>
      <trkpt lat="46.287689" lon="23.381617">
        <ele>649.3</ele>
      </trkpt>
      <trkpt lat="46.287649" lon="23.381397">
        <ele>649.4</ele>
      </trkpt>
      <trkpt lat="46.287168" lon="23.380084">
        <ele>652.7</ele>
      </trkpt>
      <trkpt lat="46.287068" lon="23.37987">
        <ele>653.5</ele>
      </trkpt>
      <trkpt lat="46.286497" lon="23.378656">
        <ele>657.2</ele>
      </trkpt>
      <trkpt lat="46.286469" lon="23.378485">
        <ele>657.5</ele>
      </trkpt>
      <trkpt lat="46.28647" lon="23.378">
        <ele>657.9</ele>
      </trkpt>
      <trkpt lat="46.286583" lon="23.37677">
        <ele>657.5</ele>
      </trkpt>
      <trkpt lat="46.28658" lon="23.376432">
        <ele>657.3</ele>
      </trkpt>
      <trkpt lat="46.286472" lon="23.376031">
        <ele>657.1</ele>
      </trkpt>
      <trkpt lat="46.286282" lon="23.375556">
        <ele>657</ele>
      </trkpt>
      <trkpt lat="46.285927" lon="23.374964">
        <ele>657.4</ele>
      </trkpt>
      <trkpt lat="46.285645" lon="23.374194">
        <ele>658.7</ele>
      </trkpt>
      <trkpt lat="46.285429" lon="23.373725">
        <ele>660</ele>
      </trkpt>
      <trkpt lat="46.284996" lon="23.373254">
        <ele>662</ele>
      </trkpt>
      <trkpt lat="46.284558" lon="23.372966">
        <ele>663.8</ele>
      </trkpt>
      <trkpt lat="46.28411" lon="23.372595">
        <ele>665.2</ele>
      </trkpt>
      <trkpt lat="46.28398" lon="23.37238">
        <ele>665.5</ele>
      </trkpt>
      <trkpt lat="46.283595" lon="23.371121">
        <ele>666.1</ele>
      </trkpt>
      <trkpt lat="46.283166" lon="23.36996">
        <ele>667.3</ele>
      </trkpt>
      <trkpt lat="46.282735" lon="23.369105">
        <ele>669.2</ele>
      </trkpt>
      <trkpt lat="46.282398" lon="23.368253">
        <ele>670.5</ele>
      </trkpt>
      <trkpt lat="46.28235" lon="23.368011">
        <ele>670.7</ele>
      </trkpt>
      <trkpt lat="46.282364" lon="23.367762">
        <ele>671</ele>
      </trkpt>
      <trkpt lat="46.282606" lon="23.36704">
        <ele>671.7</ele>
      </trkpt>
      <trkpt lat="46.282771" lon="23.366412">
        <ele>672.2</ele>
      </trkpt>
      <trkpt lat="46.28281" lon="23.36614">
        <ele>672.4</ele>
      </trkpt>
      <trkpt lat="46.282772" lon="23.365913">
        <ele>672.6</ele>
      </trkpt>
      <trkpt lat="46.282695" lon="23.365651">
        <ele>672.9</ele>
      </trkpt>
      <trkpt lat="46.282561" lon="23.365379">
        <ele>673.3</ele>
      </trkpt>
      <trkpt lat="46.282073" lon="23.364638">
        <ele>674.4</ele>
      </trkpt>
      <trkpt lat="46.281645" lon="23.36371">
        <ele>675.4</ele>
      </trkpt>
      <trkpt lat="46.28126" lon="23.363263">
        <ele>676.8</ele>
      </trkpt>
      <trkpt lat="46.281133" lon="23.362904">
        <ele>677.9</ele>
      </trkpt>
      <trkpt lat="46.281081" lon="23.362576">
        <ele>678.9</ele>
      </trkpt>
      <trkpt lat="46.280644" lon="23.361694">
        <ele>682</ele>
      </trkpt>
      <trkpt lat="46.280606" lon="23.361307">
        <ele>682.8</ele>
      </trkpt>
      <trkpt lat="46.280499" lon="23.36088">
        <ele>683.4</ele>
      </trkpt>
      <trkpt lat="46.280498" lon="23.360753">
        <ele>683.4</ele>
      </trkpt>
      <trkpt lat="46.280647" lon="23.360053">
        <ele>683.4</ele>
      </trkpt>
      <trkpt lat="46.280689" lon="23.359426">
        <ele>682.8</ele>
      </trkpt>
      <trkpt lat="46.28062" lon="23.35885">
        <ele>682.2</ele>
      </trkpt>
      <trkpt lat="46.280465" lon="23.358169">
        <ele>681.8</ele>
      </trkpt>
      <trkpt lat="46.279687" lon="23.356293">
        <ele>682.2</ele>
      </trkpt>
      <trkpt lat="46.279023" lon="23.355273">
        <ele>682.5</ele>
      </trkpt>
      <trkpt lat="46.278959" lon="23.355131">
        <ele>682.5</ele>
      </trkpt>
      <trkpt lat="46.278917" lon="23.354991">
        <ele>682.5</ele>
      </trkpt>
      <trkpt lat="46.278827" lon="23.353903">
        <ele>682.7</ele>
      </trkpt>
      <trkpt lat="46.278718" lon="23.353301">
        <ele>683</ele>
      </trkpt>
      <trkpt lat="46.278588" lon="23.352946">
        <ele>683.4</ele>
      </trkpt>
      <trkpt lat="46.27826" lon="23.352419">
        <ele>684</ele>
      </trkpt>
      <trkpt lat="46.27813" lon="23.352078">
        <ele>684.4</ele>
      </trkpt>
      <trkpt lat="46.277786" lon="23.351425">
        <ele>685.2</ele>
      </trkpt>
      <trkpt lat="46.276662" lon="23.349536">
        <ele>687.2</ele>
      </trkpt>
      <trkpt lat="46.276586" lon="23.349339">
        <ele>687.4</ele>
      </trkpt>
      <trkpt lat="46.276533" lon="23.349002">
        <ele>688</ele>
      </trkpt>
      <trkpt lat="46.276146" lon="23.348283">
        <ele>689.6</ele>
      </trkpt>
      <trkpt lat="46.275979" lon="23.347839">
        <ele>690.5</ele>
      </trkpt>
      <trkpt lat="46.275842" lon="23.347303">
        <ele>691.1</ele>
      </trkpt>
      <trkpt lat="46.275795" lon="23.346843">
        <ele>691.3</ele>
      </trkpt>
      <trkpt lat="46.275579" lon="23.345856">
        <ele>690.8</ele>
      </trkpt>
      <trkpt lat="46.275468" lon="23.345565">
        <ele>690.4</ele>
      </trkpt>
      <trkpt lat="46.275365" lon="23.345368">
        <ele>690.2</ele>
      </trkpt>
      <trkpt lat="46.27524" lon="23.34515">
        <ele>689.9</ele>
      </trkpt>
      <trkpt lat="46.274736" lon="23.344515">
        <ele>689.9</ele>
      </trkpt>
      <trkpt lat="46.274173" lon="23.343868">
        <ele>691.3</ele>
      </trkpt>
      <trkpt lat="46.273926" lon="23.343682">
        <ele>692.1</ele>
      </trkpt>
      <trkpt lat="46.273606" lon="23.343515">
        <ele>693.1</ele>
      </trkpt>
      <trkpt lat="46.273422" lon="23.34334">
        <ele>693.7</ele>
      </trkpt>
      <trkpt lat="46.272565" lon="23.341564">
        <ele>696.4</ele>
      </trkpt>
      <trkpt lat="46.27207" lon="23.340571">
        <ele>697.2</ele>
      </trkpt>
      <trkpt lat="46.271966" lon="23.340422">
        <ele>697.4</ele>
      </trkpt>
      <trkpt lat="46.271694" lon="23.340159">
        <ele>697.7</ele>
      </trkpt>
      <trkpt lat="46.270229" lon="23.339575">
        <ele>700.5</ele>
      </trkpt>
      <trkpt lat="46.270031" lon="23.33956">
        <ele>700.8</ele>
      </trkpt>
      <trkpt lat="46.269591" lon="23.339649">
        <ele>701.5</ele>
      </trkpt>
      <trkpt lat="46.269478" lon="23.339623">
        <ele>701.6</ele>
      </trkpt>
      <trkpt lat="46.269328" lon="23.339498">
        <ele>701.8</ele>
      </trkpt>
      <trkpt lat="46.268945" lon="23.338858">
        <ele>702.5</ele>
      </trkpt>
      <trkpt lat="46.268646" lon="23.338484">
        <ele>702.9</ele>
      </trkpt>
      <trkpt lat="46.268518" lon="23.338397">
        <ele>703.1</ele>
      </trkpt>
      <trkpt lat="46.268416" lon="23.338345">
        <ele>703.2</ele>
      </trkpt>
      <trkpt lat="46.267336" lon="23.338077">
        <ele>704.5</ele>
      </trkpt>
      <trkpt lat="46.267066" lon="23.337895">
        <ele>704.6</ele>
      </trkpt>
      <trkpt lat="46.266439" lon="23.336687">
        <ele>704</ele>
      </trkpt>
      <trkpt lat="46.26629" lon="23.336545">
        <ele>703.9</ele>
      </trkpt>
      <trkpt lat="46.266178" lon="23.3365">
        <ele>703.9</ele>
      </trkpt>
      <trkpt lat="46.26609" lon="23.336504">
        <ele>703.9</ele>
      </trkpt>
      <trkpt lat="46.265992" lon="23.336562">
        <ele>704</ele>
      </trkpt>
      <trkpt lat="46.265754" lon="23.336805">
        <ele>704.3</ele>
      </trkpt>
      <trkpt lat="46.265545" lon="23.337245">
        <ele>705.3</ele>
      </trkpt>
      <trkpt lat="46.265447" lon="23.337402">
        <ele>705.9</ele>
      </trkpt>
      <trkpt lat="46.26502" lon="23.337901">
        <ele>708.6</ele>
      </trkpt>
      <trkpt lat="46.264718" lon="23.338193">
        <ele>710.7</ele>
      </trkpt>
      <trkpt lat="46.264566" lon="23.338257">
        <ele>711.7</ele>
      </trkpt>
      <trkpt lat="46.264458" lon="23.338269">
        <ele>712.4</ele>
      </trkpt>
      <trkpt lat="46.26424" lon="23.338238">
        <ele>713.6</ele>
      </trkpt>
      <trkpt lat="46.264025" lon="23.338074">
        <ele>714.8</ele>
      </trkpt>
      <trkpt lat="46.263621" lon="23.337454">
        <ele>716.8</ele>
      </trkpt>
      <trkpt lat="46.262978" lon="23.336021">
        <ele>717.3</ele>
      </trkpt>
      <trkpt lat="46.262269" lon="23.335162">
        <ele>716.5</ele>
      </trkpt>
      <trkpt lat="46.262095" lon="23.335017">
        <ele>716.4</ele>
      </trkpt>
      <trkpt lat="46.26112" lon="23.334476">
        <ele>715.6</ele>
      </trkpt>
      <trkpt lat="46.259912" lon="23.333704">
        <ele>715.9</ele>
      </trkpt>
      <trkpt lat="46.259536" lon="23.333344">
        <ele>716.7</ele>
      </trkpt>
      <trkpt lat="46.259267" lon="23.333032">
        <ele>717.5</ele>
      </trkpt>
      <trkpt lat="46.259146" lon="23.332831">
        <ele>717.9</ele>
      </trkpt>
      <trkpt lat="46.25908" lon="23.332663">
        <ele>718.3</ele>
      </trkpt>
      <trkpt lat="46.259053" lon="23.332464">
        <ele>718.6</ele>
      </trkpt>
      <trkpt lat="46.259101" lon="23.332061">
        <ele>719.1</ele>
      </trkpt>
      <trkpt lat="46.259161" lon="23.331874">
        <ele>719.3</ele>
      </trkpt>
      <trkpt lat="46.259496" lon="23.331461">
        <ele>719.5</ele>
      </trkpt>
      <trkpt lat="46.259548" lon="23.331348">
        <ele>719.5</ele>
      </trkpt>
      <trkpt lat="46.259592" lon="23.331075">
        <ele>719.4</ele>
      </trkpt>
      <trkpt lat="46.259614" lon="23.330334">
        <ele>719.3</ele>
      </trkpt>
      <trkpt lat="46.259674" lon="23.329673">
        <ele>719.1</ele>
      </trkpt>
      <trkpt lat="46.259512" lon="23.329031">
        <ele>719.1</ele>
      </trkpt>
      <trkpt lat="46.259432" lon="23.328768">
        <ele>719.2</ele>
      </trkpt>
      <trkpt lat="46.259176" lon="23.327953">
        <ele>719.8</ele>
      </trkpt>
      <trkpt lat="46.258565" lon="23.32679">
        <ele>721.1</ele>
      </trkpt>
      <trkpt lat="46.257917" lon="23.32588">
        <ele>723.3</ele>
      </trkpt>
      <trkpt lat="46.256843" lon="23.324892">
        <ele>726.9</ele>
      </trkpt>
      <trkpt lat="46.25673" lon="23.324757">
        <ele>727.2</ele>
      </trkpt>
      <trkpt lat="46.256622" lon="23.324573">
        <ele>727.5</ele>
      </trkpt>
      <trkpt lat="46.256511" lon="23.324184">
        <ele>727.9</ele>
      </trkpt>
      <trkpt lat="46.256464" lon="23.323709">
        <ele>728.3</ele>
      </trkpt>
      <trkpt lat="46.256467" lon="23.323469">
        <ele>728.4</ele>
      </trkpt>
      <trkpt lat="46.256611" lon="23.321945">
        <ele>728.2</ele>
      </trkpt>
      <trkpt lat="46.256722" lon="23.320351">
        <ele>727.8</ele>
      </trkpt>
      <trkpt lat="46.256716" lon="23.320061">
        <ele>728</ele>
      </trkpt>
      <trkpt lat="46.256663" lon="23.319651">
        <ele>728.5</ele>
      </trkpt>
      <trkpt lat="46.256348" lon="23.318264">
        <ele>731.2</ele>
      </trkpt>
      <trkpt lat="46.256262" lon="23.317991">
        <ele>731.7</ele>
      </trkpt>
      <trkpt lat="46.256244" lon="23.317793">
        <ele>731.9</ele>
      </trkpt>
      <trkpt lat="46.256255" lon="23.317586">
        <ele>732.2</ele>
      </trkpt>
      <trkpt lat="46.256362" lon="23.316989">
        <ele>732.8</ele>
      </trkpt>
      <trkpt lat="46.256445" lon="23.316348">
        <ele>733.3</ele>
      </trkpt>
      <trkpt lat="46.256467" lon="23.315868">
        <ele>733.7</ele>
      </trkpt>
      <trkpt lat="46.256268" lon="23.313637">
        <ele>737.7</ele>
      </trkpt>
      <trkpt lat="46.256247" lon="23.312897">
        <ele>738.4</ele>
      </trkpt>
      <trkpt lat="46.256271" lon="23.312673">
        <ele>738.5</ele>
      </trkpt>
      <trkpt lat="46.256431" lon="23.312056">
        <ele>738.7</ele>
      </trkpt>
      <trkpt lat="46.256542" lon="23.311633">
        <ele>738.9</ele>
      </trkpt>
      <trkpt lat="46.256602" lon="23.310955">
        <ele>739.5</ele>
      </trkpt>
      <trkpt lat="46.25659" lon="23.310743">
        <ele>739.8</ele>
      </trkpt>
      <trkpt lat="46.256243" lon="23.309303">
        <ele>740.9</ele>
      </trkpt>
      <trkpt lat="46.256188" lon="23.309096">
        <ele>740.9</ele>
      </trkpt>
      <trkpt lat="46.25617" lon="23.30893">
        <ele>740.8</ele>
      </trkpt>
      <trkpt lat="46.256203" lon="23.308669">
        <ele>740.7</ele>
      </trkpt>
      <trkpt lat="46.25692" lon="23.306972">
        <ele>739.1</ele>
      </trkpt>
      <trkpt lat="46.257001" lon="23.306779">
        <ele>739.3</ele>
      </trkpt>
      <trkpt lat="46.257505" lon="23.306083">
        <ele>740.9</ele>
      </trkpt>
      <trkpt lat="46.25872" lon="23.305009">
        <ele>744.9</ele>
      </trkpt>
      <trkpt lat="46.258833" lon="23.304821">
        <ele>745.4</ele>
      </trkpt>
      <trkpt lat="46.258892" lon="23.304666">
        <ele>745.7</ele>
      </trkpt>
      <trkpt lat="46.258914" lon="23.304483">
        <ele>746.1</ele>
      </trkpt>
      <trkpt lat="46.258906" lon="23.303185">
        <ele>748.3</ele>
      </trkpt>
      <trkpt lat="46.258978" lon="23.302585">
        <ele>748.3</ele>
      </trkpt>
      <trkpt lat="46.259103" lon="23.302184">
        <ele>748.1</ele>
      </trkpt>
      <trkpt lat="46.259198" lon="23.302049">
        <ele>747.9</ele>
      </trkpt>
      <trkpt lat="46.259318" lon="23.301968">
        <ele>747.8</ele>
      </trkpt>
      <trkpt lat="46.25944" lon="23.301828">
        <ele>747.6</ele>
      </trkpt>
      <trkpt lat="46.259696" lon="23.301457">
        <ele>747.2</ele>
      </trkpt>
      <trkpt lat="46.259828" lon="23.301207">
        <ele>746.9</ele>
      </trkpt>
      <trkpt lat="46.259873" lon="23.30106">
        <ele>746.9</ele>
      </trkpt>
      <trkpt lat="46.259908" lon="23.300845">
        <ele>746.8</ele>
      </trkpt>
      <trkpt lat="46.259993" lon="23.299441">
        <ele>748.9</ele>
      </trkpt>
      <trkpt lat="46.259864" lon="23.298689">
        <ele>749.9</ele>
      </trkpt>
      <trkpt lat="46.259763" lon="23.297652">
        <ele>750.2</ele>
      </trkpt>
      <trkpt lat="46.259697" lon="23.29669">
        <ele>750.4</ele>
      </trkpt>
      <trkpt lat="46.259693" lon="23.295987">
        <ele>750.8</ele>
      </trkpt>
      <trkpt lat="46.259721" lon="23.295669">
        <ele>751.1</ele>
      </trkpt>
      <trkpt lat="46.259821" lon="23.295162">
        <ele>751.6</ele>
      </trkpt>
      <trkpt lat="46.259865" lon="23.294312">
        <ele>752.6</ele>
      </trkpt>
      <trkpt lat="46.259923" lon="23.293789">
        <ele>753.1</ele>
      </trkpt>
      <trkpt lat="46.260008" lon="23.293432">
        <ele>753.5</ele>
      </trkpt>
      <trkpt lat="46.260097" lon="23.293204">
        <ele>753.7</ele>
      </trkpt>
      <trkpt lat="46.260248" lon="23.29296">
        <ele>753.9</ele>
      </trkpt>
      <trkpt lat="46.260286" lon="23.292855">
        <ele>754</ele>
      </trkpt>
      <trkpt lat="46.260405" lon="23.292142">
        <ele>754.7</ele>
      </trkpt>
      <trkpt lat="46.26065" lon="23.291348">
        <ele>755.5</ele>
      </trkpt>
      <trkpt lat="46.260932" lon="23.290259">
        <ele>756.3</ele>
      </trkpt>
      <trkpt lat="46.260969" lon="23.290001">
        <ele>756.4</ele>
      </trkpt>
      <trkpt lat="46.260924" lon="23.28954">
        <ele>756.7</ele>
      </trkpt>
      <trkpt lat="46.260929" lon="23.289354">
        <ele>756.7</ele>
      </trkpt>
      <trkpt lat="46.260979" lon="23.289026">
        <ele>756.8</ele>
      </trkpt>
      <trkpt lat="46.261608" lon="23.28688">
        <ele>757.4</ele>
      </trkpt>
      <trkpt lat="46.26184" lon="23.286193">
        <ele>757.6</ele>
      </trkpt>
      <trkpt lat="46.262256" lon="23.285401">
        <ele>758</ele>
      </trkpt>
      <trkpt lat="46.262626" lon="23.284903">
        <ele>758.5</ele>
      </trkpt>
      <trkpt lat="46.26277" lon="23.284852">
        <ele>758.6</ele>
      </trkpt>
      <trkpt lat="46.263706" lon="23.284507">
        <ele>760</ele>
      </trkpt>
      <trkpt lat="46.263869" lon="23.284325">
        <ele>760.4</ele>
      </trkpt>
      <trkpt lat="46.264696" lon="23.282995">
        <ele>762.5</ele>
      </trkpt>
      <trkpt lat="46.265341" lon="23.28234">
        <ele>764.1</ele>
      </trkpt>
      <trkpt lat="46.265951" lon="23.281669">
        <ele>766.1</ele>
      </trkpt>
      <trkpt lat="46.266079" lon="23.28158">
        <ele>766.5</ele>
      </trkpt>
      <trkpt lat="46.266534" lon="23.281386">
        <ele>767.6</ele>
      </trkpt>
      <trkpt lat="46.26693" lon="23.281404">
        <ele>768.3</ele>
      </trkpt>
      <trkpt lat="46.267039" lon="23.281293">
        <ele>768.6</ele>
      </trkpt>
      <trkpt lat="46.26726" lon="23.280896">
        <ele>769.1</ele>
      </trkpt>
      <trkpt lat="46.267405" lon="23.280694">
        <ele>769.4</ele>
      </trkpt>
      <trkpt lat="46.267484" lon="23.280633">
        <ele>769.5</ele>
      </trkpt>
      <trkpt lat="46.267615" lon="23.28059">
        <ele>769.7</ele>
      </trkpt>
      <trkpt lat="46.269164" lon="23.280452">
        <ele>771.8</ele>
      </trkpt>
      <trkpt lat="46.269694" lon="23.280306">
        <ele>772.6</ele>
      </trkpt>
      <trkpt lat="46.270116" lon="23.2801">
        <ele>773.1</ele>
      </trkpt>
      <trkpt lat="46.270535" lon="23.279817">
        <ele>773.8</ele>
      </trkpt>
      <trkpt lat="46.270621" lon="23.279788">
        <ele>773.9</ele>
      </trkpt>
      <trkpt lat="46.27077" lon="23.279761">
        <ele>774.1</ele>
      </trkpt>
      <trkpt lat="46.271945" lon="23.279764">
        <ele>776</ele>
      </trkpt>
      <trkpt lat="46.272428" lon="23.279698">
        <ele>776.7</ele>
      </trkpt>
      <trkpt lat="46.272769" lon="23.27957">
        <ele>777.2</ele>
      </trkpt>
      <trkpt lat="46.273114" lon="23.27934">
        <ele>777.7</ele>
      </trkpt>
      <trkpt lat="46.273514" lon="23.278873">
        <ele>778.5</ele>
      </trkpt>
      <trkpt lat="46.273544" lon="23.278655">
        <ele>778.8</ele>
      </trkpt>
      <trkpt lat="46.273458" lon="23.278314">
        <ele>779.5</ele>
      </trkpt>
      <trkpt lat="46.273389" lon="23.278246">
        <ele>779.7</ele>
      </trkpt>
      <trkpt lat="46.273177" lon="23.27802">
        <ele>780.5</ele>
      </trkpt>
      <trkpt lat="46.272994" lon="23.277595">
        <ele>781.7</ele>
      </trkpt>
      <trkpt lat="46.272969" lon="23.277395">
        <ele>782.2</ele>
      </trkpt>
      <trkpt lat="46.272961" lon="23.277127">
        <ele>783</ele>
      </trkpt>
      <trkpt lat="46.273088" lon="23.27605">
        <ele>787.7</ele>
      </trkpt>
      <trkpt lat="46.27308" lon="23.275892">
        <ele>788.4</ele>
      </trkpt>
      <trkpt lat="46.273047" lon="23.275785">
        <ele>789</ele>
      </trkpt>
      <trkpt lat="46.272992" lon="23.275718">
        <ele>789.6</ele>
      </trkpt>
      <trkpt lat="46.272841" lon="23.275674">
        <ele>790.7</ele>
      </trkpt>
      <trkpt lat="46.271783" lon="23.27584">
        <ele>799</ele>
      </trkpt>
      <trkpt lat="46.271677" lon="23.275869">
        <ele>799.8</ele>
      </trkpt>
      <trkpt lat="46.271147" lon="23.276216">
        <ele>803.8</ele>
      </trkpt>
      <trkpt lat="46.270835" lon="23.276307">
        <ele>806</ele>
      </trkpt>
      <trkpt lat="46.270719" lon="23.276274">
        <ele>806.8</ele>
      </trkpt>
      <trkpt lat="46.270374" lon="23.276071">
        <ele>808.9</ele>
      </trkpt>
      <trkpt lat="46.270162" lon="23.275801">
        <ele>810.4</ele>
      </trkpt>
      <trkpt lat="46.270062" lon="23.27573">
        <ele>811</ele>
      </trkpt>
      <trkpt lat="46.26989" lon="23.275671">
        <ele>812</ele>
      </trkpt>
      <trkpt lat="46.26982" lon="23.275695">
        <ele>812.4</ele>
      </trkpt>
      <trkpt lat="46.269762" lon="23.275771">
        <ele>812.8</ele>
      </trkpt>
      <trkpt lat="46.269569" lon="23.276019">
        <ele>814.3</ele>
      </trkpt>
      <trkpt lat="46.26952" lon="23.276045">
        <ele>814.6</ele>
      </trkpt>
      <trkpt lat="46.269439" lon="23.276031">
        <ele>815.1</ele>
      </trkpt>
      <trkpt lat="46.269068" lon="23.275768">
        <ele>817.1</ele>
      </trkpt>
      <trkpt lat="46.268876" lon="23.275432">
        <ele>818.2</ele>
      </trkpt>
      <trkpt lat="46.268798" lon="23.275344">
        <ele>818.6</ele>
      </trkpt>
      <trkpt lat="46.268432" lon="23.275208">
        <ele>820.6</ele>
      </trkpt>
      <trkpt lat="46.268338" lon="23.275118">
        <ele>821.3</ele>
      </trkpt>
      <trkpt lat="46.268228" lon="23.274906">
        <ele>822.4</ele>
      </trkpt>
      <trkpt lat="46.268199" lon="23.274581">
        <ele>823.8</ele>
      </trkpt>
      <trkpt lat="46.268289" lon="23.273696">
        <ele>827.8</ele>
      </trkpt>
      <trkpt lat="46.268216" lon="23.273215">
        <ele>830.2</ele>
      </trkpt>
      <trkpt lat="46.268071" lon="23.272822">
        <ele>832.3</ele>
      </trkpt>
      <trkpt lat="46.268051" lon="23.272384">
        <ele>834.1</ele>
      </trkpt>
      <trkpt lat="46.267907" lon="23.27191">
        <ele>835.9</ele>
      </trkpt>
      <trkpt lat="46.267622" lon="23.271483">
        <ele>837.9</ele>
      </trkpt>
      <trkpt lat="46.267555" lon="23.271344">
        <ele>838.4</ele>
      </trkpt>
      <trkpt lat="46.267447" lon="23.271046">
        <ele>839.5</ele>
      </trkpt>
      <trkpt lat="46.267307" lon="23.270451">
        <ele>841.6</ele>
      </trkpt>
      <trkpt lat="46.267279" lon="23.269175">
        <ele>845.9</ele>
      </trkpt>
      <trkpt lat="46.267236" lon="23.268451">
        <ele>847.3</ele>
      </trkpt>
      <trkpt lat="46.267193" lon="23.268167">
        <ele>847.5</ele>
      </trkpt>
      <trkpt lat="46.267153" lon="23.268104">
        <ele>847.6</ele>
      </trkpt>
      <trkpt lat="46.267082" lon="23.268067">
        <ele>847.7</ele>
      </trkpt>
      <trkpt lat="46.266815" lon="23.268039">
        <ele>848.1</ele>
      </trkpt>
      <trkpt lat="46.266715" lon="23.267967">
        <ele>848.3</ele>
      </trkpt>
      <trkpt lat="46.266665" lon="23.267899">
        <ele>848.4</ele>
      </trkpt>
      <trkpt lat="46.266542" lon="23.267388">
        <ele>849.4</ele>
      </trkpt>
      <trkpt lat="46.26653" lon="23.266787">
        <ele>851.1</ele>
      </trkpt>
      <trkpt lat="46.266567" lon="23.266604">
        <ele>851.9</ele>
      </trkpt>
      <trkpt lat="46.266759" lon="23.266172">
        <ele>854.5</ele>
      </trkpt>
      <trkpt lat="46.266973" lon="23.264923">
        <ele>862.4</ele>
      </trkpt>
      <trkpt lat="46.266972" lon="23.264149">
        <ele>866.4</ele>
      </trkpt>
      <trkpt lat="46.266938" lon="23.263921">
        <ele>867.5</ele>
      </trkpt>
      <trkpt lat="46.266754" lon="23.263302">
        <ele>870.5</ele>
      </trkpt>
      <trkpt lat="46.266697" lon="23.262911">
        <ele>872</ele>
      </trkpt>
      <trkpt lat="46.266753" lon="23.262569">
        <ele>873.3</ele>
      </trkpt>
      <trkpt lat="46.266846" lon="23.262415">
        <ele>874</ele>
      </trkpt>
      <trkpt lat="46.26698" lon="23.261863">
        <ele>876</ele>
      </trkpt>
      <trkpt lat="46.267104" lon="23.261467">
        <ele>877.5</ele>
      </trkpt>
      <trkpt lat="46.267134" lon="23.261066">
        <ele>878.9</ele>
      </trkpt>
      <trkpt lat="46.267124" lon="23.260915">
        <ele>879.5</ele>
      </trkpt>
      <trkpt lat="46.266971" lon="23.260214">
        <ele>881.7</ele>
      </trkpt>
      <trkpt lat="46.266788" lon="23.259748">
        <ele>883.3</ele>
      </trkpt>
      <trkpt lat="46.266743" lon="23.259543">
        <ele>884</ele>
      </trkpt>
      <trkpt lat="46.266725" lon="23.259105">
        <ele>885.4</ele>
      </trkpt>
      <trkpt lat="46.266363" lon="23.258755">
        <ele>887.6</ele>
      </trkpt>
      <trkpt lat="46.266324" lon="23.258665">
        <ele>887.9</ele>
      </trkpt>
      <trkpt lat="46.266308" lon="23.258534">
        <ele>888.4</ele>
      </trkpt>
      <trkpt lat="46.266413" lon="23.257872">
        <ele>890.6</ele>
      </trkpt>
      <trkpt lat="46.266486" lon="23.257126">
        <ele>893.4</ele>
      </trkpt>
      <trkpt lat="46.266387" lon="23.256086">
        <ele>897.6</ele>
      </trkpt>
      <trkpt lat="46.266393" lon="23.255938">
        <ele>898.2</ele>
      </trkpt>
      <trkpt lat="46.266419" lon="23.255717">
        <ele>899</ele>
      </trkpt>
      <trkpt lat="46.266667" lon="23.254838">
        <ele>902.3</ele>
      </trkpt>
      <trkpt lat="46.266661" lon="23.254718">
        <ele>902.7</ele>
      </trkpt>
      <trkpt lat="46.266516" lon="23.254423">
        <ele>903.9</ele>
      </trkpt>
      <trkpt lat="46.266458" lon="23.254264">
        <ele>904.5</ele>
      </trkpt>
      <trkpt lat="46.266444" lon="23.254161">
        <ele>904.9</ele>
      </trkpt>
      <trkpt lat="46.266456" lon="23.25393">
        <ele>905.7</ele>
      </trkpt>
      <trkpt lat="46.26661" lon="23.253685">
        <ele>906.8</ele>
      </trkpt>
      <trkpt lat="46.266636" lon="23.253592">
        <ele>907.1</ele>
      </trkpt>
      <trkpt lat="46.266589" lon="23.253168">
        <ele>908.6</ele>
      </trkpt>
      <trkpt lat="46.266426" lon="23.252435">
        <ele>911.7</ele>
      </trkpt>
      <trkpt lat="46.266378" lon="23.252035">
        <ele>913.6</ele>
      </trkpt>
      <trkpt lat="46.266367" lon="23.251825">
        <ele>914.6</ele>
      </trkpt>
      <trkpt lat="46.266449" lon="23.251223">
        <ele>917.4</ele>
      </trkpt>
      <trkpt lat="46.266568" lon="23.250341">
        <ele>921.1</ele>
      </trkpt>
      <trkpt lat="46.266586" lon="23.24994">
        <ele>922.6</ele>
      </trkpt>
      <trkpt lat="46.266572" lon="23.249223">
        <ele>925.3</ele>
      </trkpt>
      <trkpt lat="46.266595" lon="23.248999">
        <ele>926.1</ele>
      </trkpt>
      <trkpt lat="46.266669" lon="23.248544">
        <ele>927.8</ele>
      </trkpt>
      <trkpt lat="46.266906" lon="23.24747">
        <ele>932.1</ele>
      </trkpt>
      <trkpt lat="46.266945" lon="23.246633">
        <ele>936</ele>
      </trkpt>
      <trkpt lat="46.267028" lon="23.246173">
        <ele>938.3</ele>
      </trkpt>
      <trkpt lat="46.267055" lon="23.245627">
        <ele>940.9</ele>
      </trkpt>
      <trkpt lat="46.267328" lon="23.244659">
        <ele>945.4</ele>
      </trkpt>
      <trkpt lat="46.26741" lon="23.244208">
        <ele>947.2</ele>
      </trkpt>
      <trkpt lat="46.267385" lon="23.244064">
        <ele>947.7</ele>
      </trkpt>
      <trkpt lat="46.267258" lon="23.243812">
        <ele>948.7</ele>
      </trkpt>
      <trkpt lat="46.267191" lon="23.243501">
        <ele>949.7</ele>
      </trkpt>
      <trkpt lat="46.267259" lon="23.242929">
        <ele>951</ele>
      </trkpt>
      <trkpt lat="46.267257" lon="23.242773">
        <ele>951.4</ele>
      </trkpt>
      <trkpt lat="46.267097" lon="23.241196">
        <ele>954.7</ele>
      </trkpt>
      <trkpt lat="46.26705" lon="23.241073">
        <ele>955</ele>
      </trkpt>
      <trkpt lat="46.266906" lon="23.240894">
        <ele>955.5</ele>
      </trkpt>
      <trkpt lat="46.266855" lon="23.240786">
        <ele>955.7</ele>
      </trkpt>
      <trkpt lat="46.266823" lon="23.240697">
        <ele>955.9</ele>
      </trkpt>
      <trkpt lat="46.266733" lon="23.240121">
        <ele>956.7</ele>
      </trkpt>
      <trkpt lat="46.266597" lon="23.239799">
        <ele>957.1</ele>
      </trkpt>
      <trkpt lat="46.26616" lon="23.239252">
        <ele>957.9</ele>
      </trkpt>
      <trkpt lat="46.265622" lon="23.23878">
        <ele>959.7</ele>
      </trkpt>
      <trkpt lat="46.2655" lon="23.238616">
        <ele>960.3</ele>
      </trkpt>
      <trkpt lat="46.265371" lon="23.238263">
        <ele>961.2</ele>
      </trkpt>
      <trkpt lat="46.265228" lon="23.237704">
        <ele>962.5</ele>
      </trkpt>
      <trkpt lat="46.265202" lon="23.237449">
        <ele>963</ele>
      </trkpt>
      <trkpt lat="46.265252" lon="23.23741">
        <ele>963.2</ele>
      </trkpt>
      <trkpt lat="46.265371" lon="23.23743">
        <ele>963.5</ele>
      </trkpt>
      <trkpt lat="46.265836" lon="23.237612">
        <ele>964.4</ele>
      </trkpt>
      <trkpt lat="46.266026" lon="23.237572">
        <ele>964.5</ele>
      </trkpt>
      <trkpt lat="46.266246" lon="23.237459">
        <ele>964.3</ele>
      </trkpt>
      <trkpt lat="46.266541" lon="23.237193">
        <ele>963.3</ele>
      </trkpt>
      <trkpt lat="46.266652" lon="23.237152">
        <ele>962.9</ele>
      </trkpt>
      <trkpt lat="46.266877" lon="23.237138">
        <ele>962.1</ele>
      </trkpt>
      <trkpt lat="46.266943" lon="23.237047">
        <ele>961.7</ele>
      </trkpt>
      <trkpt lat="46.267041" lon="23.236828">
        <ele>961</ele>
      </trkpt>
      <trkpt lat="46.267155" lon="23.236677">
        <ele>960.3</ele>
      </trkpt>
      <trkpt lat="46.267296" lon="23.236567">
        <ele>959.5</ele>
      </trkpt>
      <trkpt lat="46.267837" lon="23.236367">
        <ele>956.3</ele>
      </trkpt>
      <trkpt lat="46.268367" lon="23.236097">
        <ele>952.3</ele>
      </trkpt>
      <trkpt lat="46.269187" lon="23.235406">
        <ele>944.7</ele>
      </trkpt>
      <trkpt lat="46.269331" lon="23.235197">
        <ele>943.1</ele>
      </trkpt>
      <trkpt lat="46.269436" lon="23.234793">
        <ele>940.7</ele>
      </trkpt>
      <trkpt lat="46.269534" lon="23.234568">
        <ele>939.3</ele>
      </trkpt>
      <trkpt lat="46.269626" lon="23.234436">
        <ele>938.3</ele>
      </trkpt>
      <trkpt lat="46.269745" lon="23.234383">
        <ele>937.3</ele>
      </trkpt>
      <trkpt lat="46.269965" lon="23.234371">
        <ele>935.6</ele>
      </trkpt>
      <trkpt lat="46.270147" lon="23.234425">
        <ele>934.2</ele>
      </trkpt>
      <trkpt lat="46.270259" lon="23.234407">
        <ele>933.3</ele>
      </trkpt>
      <trkpt lat="46.270299" lon="23.234297">
        <ele>932.7</ele>
      </trkpt>
      <trkpt lat="46.270292" lon="23.2339">
        <ele>930.7</ele>
      </trkpt>
      <trkpt lat="46.270336" lon="23.233683">
        <ele>929.7</ele>
      </trkpt>
      <trkpt lat="46.27055" lon="23.233164">
        <ele>926.8</ele>
      </trkpt>
      <trkpt lat="46.270698" lon="23.232915">
        <ele>925.2</ele>
      </trkpt>
      <trkpt lat="46.270945" lon="23.23272">
        <ele>923.4</ele>
      </trkpt>
      <trkpt lat="46.271109" lon="23.232526">
        <ele>922.2</ele>
      </trkpt>
      <trkpt lat="46.271265" lon="23.232404">
        <ele>921.2</ele>
      </trkpt>
      <trkpt lat="46.271442" lon="23.232361">
        <ele>920.2</ele>
      </trkpt>
      <trkpt lat="46.271586" lon="23.232247">
        <ele>919.4</ele>
      </trkpt>
      <trkpt lat="46.271664" lon="23.232052">
        <ele>918.6</ele>
      </trkpt>
      <trkpt lat="46.271747" lon="23.231728">
        <ele>917.4</ele>
      </trkpt>
      <trkpt lat="46.271899" lon="23.231544">
        <ele>916.1</ele>
      </trkpt>
      <trkpt lat="46.27199" lon="23.231476">
        <ele>915.5</ele>
      </trkpt>
      <trkpt lat="46.272144" lon="23.231424">
        <ele>914.3</ele>
      </trkpt>
      <trkpt lat="46.272239" lon="23.231322">
        <ele>913.5</ele>
      </trkpt>
      <trkpt lat="46.272312" lon="23.231096">
        <ele>912.2</ele>
      </trkpt>
      <trkpt lat="46.272403" lon="23.230953">
        <ele>911.1</ele>
      </trkpt>
      <trkpt lat="46.27247" lon="23.230897">
        <ele>910.5</ele>
      </trkpt>
      <trkpt lat="46.272728" lon="23.230847">
        <ele>908.6</ele>
      </trkpt>
      <trkpt lat="46.272812" lon="23.230799">
        <ele>908</ele>
      </trkpt>
      <trkpt lat="46.273165" lon="23.230252">
        <ele>905.6</ele>
      </trkpt>
      <trkpt lat="46.273412" lon="23.230107">
        <ele>905</ele>
      </trkpt>
      <trkpt lat="46.273696" lon="23.230023">
        <ele>905.1</ele>
      </trkpt>
      <trkpt lat="46.273863" lon="23.230078">
        <ele>905.4</ele>
      </trkpt>
      <trkpt lat="46.274493" lon="23.230807">
        <ele>906.1</ele>
      </trkpt>
      <trkpt lat="46.274586" lon="23.230862">
        <ele>905.9</ele>
      </trkpt>
      <trkpt lat="46.274643" lon="23.230834">
        <ele>905.8</ele>
      </trkpt>
      <trkpt lat="46.274691" lon="23.230755">
        <ele>905.6</ele>
      </trkpt>
      <trkpt lat="46.274702" lon="23.230649">
        <ele>905.4</ele>
      </trkpt>
      <trkpt lat="46.274467" lon="23.229631">
        <ele>899.6</ele>
      </trkpt>
      <trkpt lat="46.274269" lon="23.229152">
        <ele>895.2</ele>
      </trkpt>
      <trkpt lat="46.273948" lon="23.228835">
        <ele>891.1</ele>
      </trkpt>
      <trkpt lat="46.273846" lon="23.228593">
        <ele>889.3</ele>
      </trkpt>
      <trkpt lat="46.273849" lon="23.228196">
        <ele>887.3</ele>
      </trkpt>
      <trkpt lat="46.273941" lon="23.227832">
        <ele>886</ele>
      </trkpt>
      <trkpt lat="46.274283" lon="23.227139">
        <ele>885.5</ele>
      </trkpt>
      <trkpt lat="46.274372" lon="23.226871">
        <ele>885.7</ele>
      </trkpt>
      <trkpt lat="46.274441" lon="23.226493">
        <ele>886</ele>
      </trkpt>
      <trkpt lat="46.274454" lon="23.225867">
        <ele>886.5</ele>
      </trkpt>
      <trkpt lat="46.274387" lon="23.22576">
        <ele>886.6</ele>
      </trkpt>
      <trkpt lat="46.274326" lon="23.225721">
        <ele>886.7</ele>
      </trkpt>
      <trkpt lat="46.274261" lon="23.225759">
        <ele>886.7</ele>
      </trkpt>
      <trkpt lat="46.274226" lon="23.226003">
        <ele>886.8</ele>
      </trkpt>
      <trkpt lat="46.274159" lon="23.226223">
        <ele>886.9</ele>
      </trkpt>
      <trkpt lat="46.273609" lon="23.22706">
        <ele>885.7</ele>
      </trkpt>
      <trkpt lat="46.273385" lon="23.22728">
        <ele>884.9</ele>
      </trkpt>
      <trkpt lat="46.273295" lon="23.22743">
        <ele>884.5</ele>
      </trkpt>
      <trkpt lat="46.273206" lon="23.228177">
        <ele>883.2</ele>
      </trkpt>
      <trkpt lat="46.273088" lon="23.228514">
        <ele>882.4</ele>
      </trkpt>
      <trkpt lat="46.272893" lon="23.228664">
        <ele>881.7</ele>
      </trkpt>
      <trkpt lat="46.272487" lon="23.228715">
        <ele>880.4</ele>
      </trkpt>
      <trkpt lat="46.272201" lon="23.228816">
        <ele>879.6</ele>
      </trkpt>
      <trkpt lat="46.271861" lon="23.229142">
        <ele>878.6</ele>
      </trkpt>
      <trkpt lat="46.271643" lon="23.229198">
        <ele>878.2</ele>
      </trkpt>
      <trkpt lat="46.271315" lon="23.229062">
        <ele>877.4</ele>
      </trkpt>
      <trkpt lat="46.271" lon="23.228986">
        <ele>876.5</ele>
      </trkpt>
      <trkpt lat="46.270714" lon="23.229035">
        <ele>875.6</ele>
      </trkpt>
      <trkpt lat="46.270061" lon="23.229424">
        <ele>872.5</ele>
      </trkpt>
      <trkpt lat="46.269688" lon="23.22984">
        <ele>869.5</ele>
      </trkpt>
      <trkpt lat="46.269448" lon="23.229912">
        <ele>867.8</ele>
      </trkpt>
      <trkpt lat="46.269098" lon="23.230142">
        <ele>865.2</ele>
      </trkpt>
      <trkpt lat="46.268936" lon="23.230187">
        <ele>864.1</ele>
      </trkpt>
      <trkpt lat="46.268571" lon="23.230166">
        <ele>861.8</ele>
      </trkpt>
      <trkpt lat="46.268089" lon="23.230013">
        <ele>859.1</ele>
      </trkpt>
      <trkpt lat="46.267631" lon="23.23004">
        <ele>856.6</ele>
      </trkpt>
      <trkpt lat="46.267329" lon="23.230128">
        <ele>854.9</ele>
      </trkpt>
      <trkpt lat="46.266565" lon="23.230525">
        <ele>850.1</ele>
      </trkpt>
      <trkpt lat="46.266313" lon="23.230609">
        <ele>848.5</ele>
      </trkpt>
      <trkpt lat="46.266071" lon="23.230586">
        <ele>847.1</ele>
      </trkpt>
      <trkpt lat="46.265878" lon="23.230438">
        <ele>845.9</ele>
      </trkpt>
      <trkpt lat="46.265534" lon="23.230043">
        <ele>843.7</ele>
      </trkpt>
      <trkpt lat="46.265294" lon="23.229633">
        <ele>842.1</ele>
      </trkpt>
      <trkpt lat="46.265169" lon="23.229198">
        <ele>840.9</ele>
      </trkpt>
      <trkpt lat="46.264562" lon="23.227811">
        <ele>837.6</ele>
      </trkpt>
      <trkpt lat="46.263541" lon="23.226183">
        <ele>835.8</ele>
      </trkpt>
      <trkpt lat="46.263062" lon="23.22559">
        <ele>834.7</ele>
      </trkpt>
      <trkpt lat="46.262387" lon="23.225024">
        <ele>833.5</ele>
      </trkpt>
      <trkpt lat="46.261859" lon="23.224168">
        <ele>833</ele>
      </trkpt>
      <trkpt lat="46.261374" lon="23.22358">
        <ele>832.8</ele>
      </trkpt>
      <trkpt lat="46.261098" lon="23.223102">
        <ele>832.1</ele>
      </trkpt>
      <trkpt lat="46.260944" lon="23.222953">
        <ele>831.6</ele>
      </trkpt>
      <trkpt lat="46.260628" lon="23.222814">
        <ele>830.6</ele>
      </trkpt>
      <trkpt lat="46.26049" lon="23.222666">
        <ele>829.9</ele>
      </trkpt>
      <trkpt lat="46.26015" lon="23.221796">
        <ele>826.8</ele>
      </trkpt>
      <trkpt lat="46.259783" lon="23.220973">
        <ele>824.6</ele>
      </trkpt>
      <trkpt lat="46.259715" lon="23.22069">
        <ele>824.3</ele>
      </trkpt>
      <trkpt lat="46.259702" lon="23.220385">
        <ele>824.2</ele>
      </trkpt>
      <trkpt lat="46.259771" lon="23.220136">
        <ele>824.2</ele>
      </trkpt>
      <trkpt lat="46.259923" lon="23.219928">
        <ele>824.5</ele>
      </trkpt>
      <trkpt lat="46.260841" lon="23.21925">
        <ele>825.9</ele>
      </trkpt>
      <trkpt lat="46.260872" lon="23.21919">
        <ele>825.9</ele>
      </trkpt>
      <trkpt lat="46.260859" lon="23.219023">
        <ele>825.9</ele>
      </trkpt>
      <trkpt lat="46.260803" lon="23.218974">
        <ele>825.8</ele>
      </trkpt>
      <trkpt lat="46.260735" lon="23.218964">
        <ele>825.7</ele>
      </trkpt>
      <trkpt lat="46.260045" lon="23.219319">
        <ele>823.3</ele>
      </trkpt>
      <trkpt lat="46.259382" lon="23.219506">
        <ele>819.8</ele>
      </trkpt>
      <trkpt lat="46.259255" lon="23.219483">
        <ele>819.2</ele>
      </trkpt>
      <trkpt lat="46.258417" lon="23.218719">
        <ele>816.6</ele>
      </trkpt>
      <trkpt lat="46.258254" lon="23.21866">
        <ele>816.5</ele>
      </trkpt>
      <trkpt lat="46.257962" lon="23.218637">
        <ele>816.2</ele>
      </trkpt>
      <trkpt lat="46.257595" lon="23.218378">
        <ele>815.6</ele>
      </trkpt>
      <trkpt lat="46.257439" lon="23.218131">
        <ele>815.3</ele>
      </trkpt>
      <trkpt lat="46.257223" lon="23.217477">
        <ele>814.1</ele>
      </trkpt>
      <trkpt lat="46.257134" lon="23.217274">
        <ele>813.5</ele>
      </trkpt>
      <trkpt lat="46.256947" lon="23.216984">
        <ele>812.5</ele>
      </trkpt>
      <trkpt lat="46.256784" lon="23.216827">
        <ele>811.7</ele>
      </trkpt>
      <trkpt lat="46.25553" lon="23.215981">
        <ele>805.2</ele>
      </trkpt>
      <trkpt lat="46.255256" lon="23.215711">
        <ele>803.8</ele>
      </trkpt>
      <trkpt lat="46.255181" lon="23.215546">
        <ele>803.2</ele>
      </trkpt>
      <trkpt lat="46.255128" lon="23.215383">
        <ele>802.6</ele>
      </trkpt>
      <trkpt lat="46.255064" lon="23.214797">
        <ele>801</ele>
      </trkpt>
      <trkpt lat="46.254688" lon="23.213416">
        <ele>798.1</ele>
      </trkpt>
      <trkpt lat="46.254617" lon="23.213245">
        <ele>797.8</ele>
      </trkpt>
      <trkpt lat="46.254353" lon="23.212782">
        <ele>797.1</ele>
      </trkpt>
      <trkpt lat="46.25423" lon="23.212231">
        <ele>796.5</ele>
      </trkpt>
      <trkpt lat="46.254233" lon="23.211939">
        <ele>796.2</ele>
      </trkpt>
      <trkpt lat="46.254268" lon="23.211801">
        <ele>796.1</ele>
      </trkpt>
      <trkpt lat="46.254445" lon="23.211514">
        <ele>795.7</ele>
      </trkpt>
      <trkpt lat="46.254508" lon="23.211298">
        <ele>795.5</ele>
      </trkpt>
      <trkpt lat="46.25449" lon="23.210127">
        <ele>794.3</ele>
      </trkpt>
      <trkpt lat="46.254467" lon="23.209999">
        <ele>794.2</ele>
      </trkpt>
      <trkpt lat="46.25416" lon="23.209391">
        <ele>793.5</ele>
      </trkpt>
      <trkpt lat="46.254031" lon="23.209011">
        <ele>793.1</ele>
      </trkpt>
      <trkpt lat="46.253853" lon="23.208157">
        <ele>791.9</ele>
      </trkpt>
      <trkpt lat="46.253844" lon="23.208018">
        <ele>791.7</ele>
      </trkpt>
      <trkpt lat="46.253911" lon="23.207348">
        <ele>790.3</ele>
      </trkpt>
      <trkpt lat="46.253911" lon="23.207154">
        <ele>789.9</ele>
      </trkpt>
      <trkpt lat="46.253885" lon="23.207002">
        <ele>789.5</ele>
      </trkpt>
      <trkpt lat="46.253486" lon="23.205834">
        <ele>786.3</ele>
      </trkpt>
      <trkpt lat="46.253453" lon="23.205669">
        <ele>786</ele>
      </trkpt>
      <trkpt lat="46.253448" lon="23.205316">
        <ele>785.2</ele>
      </trkpt>
      <trkpt lat="46.25363" lon="23.204584">
        <ele>783.6</ele>
      </trkpt>
      <trkpt lat="46.253629" lon="23.204256">
        <ele>783</ele>
      </trkpt>
      <trkpt lat="46.253544" lon="23.203922">
        <ele>782.3</ele>
      </trkpt>
      <trkpt lat="46.253342" lon="23.203479">
        <ele>781.3</ele>
      </trkpt>
      <trkpt lat="46.253243" lon="23.203201">
        <ele>780.7</ele>
      </trkpt>
      <trkpt lat="46.253191" lon="23.202897">
        <ele>780.1</ele>
      </trkpt>
      <trkpt lat="46.253083" lon="23.201829">
        <ele>778.2</ele>
      </trkpt>
      <trkpt lat="46.253102" lon="23.20156">
        <ele>777.7</ele>
      </trkpt>
      <trkpt lat="46.253284" lon="23.200528">
        <ele>775.8</ele>
      </trkpt>
      <trkpt lat="46.253407" lon="23.200081">
        <ele>774.9</ele>
      </trkpt>
      <trkpt lat="46.253454" lon="23.199768">
        <ele>774.2</ele>
      </trkpt>
      <trkpt lat="46.253437" lon="23.198949">
        <ele>772.4</ele>
      </trkpt>
      <trkpt lat="46.25336" lon="23.197919">
        <ele>770.1</ele>
      </trkpt>
      <trkpt lat="46.253351" lon="23.19772">
        <ele>769.6</ele>
      </trkpt>
      <trkpt lat="46.253295" lon="23.196969">
        <ele>768.1</ele>
      </trkpt>
      <trkpt lat="46.253245" lon="23.19676">
        <ele>767.7</ele>
      </trkpt>
      <trkpt lat="46.253091" lon="23.196505">
        <ele>767.1</ele>
      </trkpt>
      <trkpt lat="46.25238" lon="23.195619">
        <ele>765.8</ele>
      </trkpt>
      <trkpt lat="46.252268" lon="23.19545">
        <ele>765.6</ele>
      </trkpt>
      <trkpt lat="46.252215" lon="23.195312">
        <ele>765.5</ele>
      </trkpt>
      <trkpt lat="46.25215" lon="23.194978">
        <ele>765.3</ele>
      </trkpt>
      <trkpt lat="46.252149" lon="23.19453">
        <ele>765.1</ele>
      </trkpt>
      <trkpt lat="46.252252" lon="23.194364">
        <ele>765</ele>
      </trkpt>
      <trkpt lat="46.252481" lon="23.194111">
        <ele>764.9</ele>
      </trkpt>
      <trkpt lat="46.252532" lon="23.193904">
        <ele>764.8</ele>
      </trkpt>
      <trkpt lat="46.252577" lon="23.193346">
        <ele>764.5</ele>
      </trkpt>
      <trkpt lat="46.252662" lon="23.19304">
        <ele>764.3</ele>
      </trkpt>
      <trkpt lat="46.252735" lon="23.19289">
        <ele>764.1</ele>
      </trkpt>
      <trkpt lat="46.253121" lon="23.192325">
        <ele>763.1</ele>
      </trkpt>
      <trkpt lat="46.253306" lon="23.191743">
        <ele>762.2</ele>
      </trkpt>
      <trkpt lat="46.253394" lon="23.191571">
        <ele>761.9</ele>
      </trkpt>
      <trkpt lat="46.253581" lon="23.191354">
        <ele>761.2</ele>
      </trkpt>
      <trkpt lat="46.254672" lon="23.190559">
        <ele>757.8</ele>
      </trkpt>
      <trkpt lat="46.254859" lon="23.19048">
        <ele>757.3</ele>
      </trkpt>
      <trkpt lat="46.255246" lon="23.190438">
        <ele>756.6</ele>
      </trkpt>
      <trkpt lat="46.255423" lon="23.190371">
        <ele>756.3</ele>
      </trkpt>
      <trkpt lat="46.255562" lon="23.190228">
        <ele>756.1</ele>
      </trkpt>
      <trkpt lat="46.25579" lon="23.189798">
        <ele>755.8</ele>
      </trkpt>
      <trkpt lat="46.255856" lon="23.189722">
        <ele>755.8</ele>
      </trkpt>
      <trkpt lat="46.256161" lon="23.189521">
        <ele>755.6</ele>
      </trkpt>
      <trkpt lat="46.256477" lon="23.1894">
        <ele>755.6</ele>
      </trkpt>
      <trkpt lat="46.256846" lon="23.189408">
        <ele>755.7</ele>
      </trkpt>
      <trkpt lat="46.257065" lon="23.189372">
        <ele>755.8</ele>
      </trkpt>
      <trkpt lat="46.257919" lon="23.188888">
        <ele>755.3</ele>
      </trkpt>
      <trkpt lat="46.25821" lon="23.188742">
        <ele>754.8</ele>
      </trkpt>
      <trkpt lat="46.258475" lon="23.188669">
        <ele>754.3</ele>
      </trkpt>
      <trkpt lat="46.258656" lon="23.188567">
        <ele>753.9</ele>
      </trkpt>
      <trkpt lat="46.258783" lon="23.188405">
        <ele>753.4</ele>
      </trkpt>
      <trkpt lat="46.259025" lon="23.187953">
        <ele>752.3</ele>
      </trkpt>
      <trkpt lat="46.259367" lon="23.187187">
        <ele>750.3</ele>
      </trkpt>
      <trkpt lat="46.259523" lon="23.186938">
        <ele>749.6</ele>
      </trkpt>
      <trkpt lat="46.259963" lon="23.186536">
        <ele>748.1</ele>
      </trkpt>
      <trkpt lat="46.2603" lon="23.186039">
        <ele>746.8</ele>
      </trkpt>
      <trkpt lat="46.261205" lon="23.184995">
        <ele>744</ele>
      </trkpt>
      <trkpt lat="46.261313" lon="23.184777">
        <ele>743.5</ele>
      </trkpt>
      <trkpt lat="46.261377" lon="23.184575">
        <ele>743.1</ele>
      </trkpt>
      <trkpt lat="46.26142" lon="23.184377">
        <ele>742.7</ele>
      </trkpt>
      <trkpt lat="46.261465" lon="23.183892">
        <ele>742</ele>
      </trkpt>
      <trkpt lat="46.261517" lon="23.18372">
        <ele>741.7</ele>
      </trkpt>
      <trkpt lat="46.261621" lon="23.183531">
        <ele>741.4</ele>
      </trkpt>
      <trkpt lat="46.261898" lon="23.183019">
        <ele>740.9</ele>
      </trkpt>
      <trkpt lat="46.262315" lon="23.182594">
        <ele>740.5</ele>
      </trkpt>
      <trkpt lat="46.262436" lon="23.182459">
        <ele>740.4</ele>
      </trkpt>
      <trkpt lat="46.262582" lon="23.182212">
        <ele>740.2</ele>
      </trkpt>
      <trkpt lat="46.262858" lon="23.181408">
        <ele>739.3</ele>
      </trkpt>
      <trkpt lat="46.263031" lon="23.180602">
        <ele>737.7</ele>
      </trkpt>
      <trkpt lat="46.263328" lon="23.179677">
        <ele>735.5</ele>
      </trkpt>
      <trkpt lat="46.263422" lon="23.179274">
        <ele>734.7</ele>
      </trkpt>
      <trkpt lat="46.263491" lon="23.17895">
        <ele>734.1</ele>
      </trkpt>
      <trkpt lat="46.263628" lon="23.178056">
        <ele>732.8</ele>
      </trkpt>
      <trkpt lat="46.26366" lon="23.177926">
        <ele>732.6</ele>
      </trkpt>
      <trkpt lat="46.263697" lon="23.177638">
        <ele>732.2</ele>
      </trkpt>
      <trkpt lat="46.263782" lon="23.177363">
        <ele>731.7</ele>
      </trkpt>
      <trkpt lat="46.263899" lon="23.176981">
        <ele>731.2</ele>
      </trkpt>
      <trkpt lat="46.263905" lon="23.176823">
        <ele>731</ele>
      </trkpt>
      <trkpt lat="46.263833" lon="23.176254">
        <ele>730.3</ele>
      </trkpt>
      <trkpt lat="46.263629" lon="23.175466">
        <ele>729.5</ele>
      </trkpt>
      <trkpt lat="46.263329" lon="23.174798">
        <ele>728.8</ele>
      </trkpt>
      <trkpt lat="46.263005" lon="23.174138">
        <ele>728</ele>
      </trkpt>
      <trkpt lat="46.262637" lon="23.173722">
        <ele>727</ele>
      </trkpt>
      <trkpt lat="46.262588" lon="23.173607">
        <ele>726.7</ele>
      </trkpt>
      <trkpt lat="46.262549" lon="23.173317">
        <ele>726.2</ele>
      </trkpt>
      <trkpt lat="46.262571" lon="23.172021">
        <ele>723.9</ele>
      </trkpt>
      <trkpt lat="46.262461" lon="23.171192">
        <ele>722.8</ele>
      </trkpt>
      <trkpt lat="46.262432" lon="23.17047">
        <ele>722</ele>
      </trkpt>
      <trkpt lat="46.262405" lon="23.170257">
        <ele>721.8</ele>
      </trkpt>
      <trkpt lat="46.26229" lon="23.170016">
        <ele>721.4</ele>
      </trkpt>
      <trkpt lat="46.262132" lon="23.169806">
        <ele>721</ele>
      </trkpt>
      <trkpt lat="46.261706" lon="23.169463">
        <ele>720.1</ele>
      </trkpt>
      <trkpt lat="46.261281" lon="23.169006">
        <ele>718.9</ele>
      </trkpt>
      <trkpt lat="46.260902" lon="23.168683">
        <ele>718</ele>
      </trkpt>
      <trkpt lat="46.260181" lon="23.167394">
        <ele>716</ele>
      </trkpt>
      <trkpt lat="46.260088" lon="23.167311">
        <ele>715.9</ele>
      </trkpt>
      <trkpt lat="46.259978" lon="23.167247">
        <ele>715.7</ele>
      </trkpt>
      <trkpt lat="46.259697" lon="23.167195">
        <ele>715.4</ele>
      </trkpt>
      <trkpt lat="46.259251" lon="23.166854">
        <ele>714.7</ele>
      </trkpt>
      <trkpt lat="46.258819" lon="23.166486">
        <ele>714.2</ele>
      </trkpt>
      <trkpt lat="46.258333" lon="23.165934">
        <ele>714.7</ele>
      </trkpt>
      <trkpt lat="46.258141" lon="23.165784">
        <ele>715.1</ele>
      </trkpt>
      <trkpt lat="46.25783" lon="23.165744">
        <ele>715.9</ele>
      </trkpt>
      <trkpt lat="46.257299" lon="23.165795">
        <ele>717.3</ele>
      </trkpt>
      <trkpt lat="46.257113" lon="23.165699">
        <ele>717.6</ele>
      </trkpt>
      <trkpt lat="46.256523" lon="23.165182">
        <ele>717.7</ele>
      </trkpt>
      <trkpt lat="46.256292" lon="23.164936">
        <ele>717.2</ele>
      </trkpt>
      <trkpt lat="46.256025" lon="23.164346">
        <ele>716.1</ele>
      </trkpt>
      <trkpt lat="46.255857" lon="23.164076">
        <ele>715.4</ele>
      </trkpt>
      <trkpt lat="46.25566" lon="23.163848">
        <ele>714.8</ele>
      </trkpt>
      <trkpt lat="46.25521" lon="23.163593">
        <ele>714.1</ele>
      </trkpt>
      <trkpt lat="46.25431" lon="23.163162">
        <ele>713.3</ele>
      </trkpt>
      <trkpt lat="46.253999" lon="23.162908">
        <ele>712.6</ele>
      </trkpt>
      <trkpt lat="46.253783" lon="23.162567">
        <ele>711.7</ele>
      </trkpt>
      <trkpt lat="46.253597" lon="23.162169">
        <ele>710.6</ele>
      </trkpt>
      <trkpt lat="46.253356" lon="23.161839">
        <ele>709.7</ele>
      </trkpt>
      <trkpt lat="46.253215" lon="23.161698">
        <ele>709.4</ele>
      </trkpt>
      <trkpt lat="46.252735" lon="23.161427">
        <ele>709.1</ele>
      </trkpt>
      <trkpt lat="46.25218" lon="23.160993">
        <ele>709.9</ele>
      </trkpt>
      <trkpt lat="46.251532" lon="23.160716">
        <ele>711.4</ele>
      </trkpt>
      <trkpt lat="46.251379" lon="23.160589">
        <ele>711.6</ele>
      </trkpt>
      <trkpt lat="46.250936" lon="23.160078">
        <ele>711.1</ele>
      </trkpt>
      <trkpt lat="46.250734" lon="23.159922">
        <ele>710.5</ele>
      </trkpt>
      <trkpt lat="46.249859" lon="23.159397">
        <ele>707.1</ele>
      </trkpt>
      <trkpt lat="46.249335" lon="23.15897">
        <ele>705</ele>
      </trkpt>
      <trkpt lat="46.249227" lon="23.158804">
        <ele>704.5</ele>
      </trkpt>
      <trkpt lat="46.249066" lon="23.158399">
        <ele>703.8</ele>
      </trkpt>
      <trkpt lat="46.248993" lon="23.158274">
        <ele>703.5</ele>
      </trkpt>
      <trkpt lat="46.248078" lon="23.157261">
        <ele>700.1</ele>
      </trkpt>
      <trkpt lat="46.247771" lon="23.156829">
        <ele>698.3</ele>
      </trkpt>
      <trkpt lat="46.247151" lon="23.156072">
        <ele>695.2</ele>
      </trkpt>
      <trkpt lat="46.246834" lon="23.155454">
        <ele>693.6</ele>
      </trkpt>
      <trkpt lat="46.246711" lon="23.155132">
        <ele>693.1</ele>
      </trkpt>
      <trkpt lat="46.246525" lon="23.154477">
        <ele>692.6</ele>
      </trkpt>
      <trkpt lat="46.246477" lon="23.154125">
        <ele>692.6</ele>
      </trkpt>
      <trkpt lat="46.246324" lon="23.153437">
        <ele>693.1</ele>
      </trkpt>
      <trkpt lat="46.246273" lon="23.153085">
        <ele>693.6</ele>
      </trkpt>
      <trkpt lat="46.246136" lon="23.15171">
        <ele>698.2</ele>
      </trkpt>
      <trkpt lat="46.246152" lon="23.151204">
        <ele>699.9</ele>
      </trkpt>
      <trkpt lat="46.246167" lon="23.15093">
        <ele>700.6</ele>
      </trkpt>
      <trkpt lat="46.24622" lon="23.150162">
        <ele>701.5</ele>
      </trkpt>
      <trkpt lat="46.246256" lon="23.149949">
        <ele>701.5</ele>
      </trkpt>
      <trkpt lat="46.246604" lon="23.149127">
        <ele>700.4</ele>
      </trkpt>
      <trkpt lat="46.246651" lon="23.148962">
        <ele>699.9</ele>
      </trkpt>
      <trkpt lat="46.246671" lon="23.148726">
        <ele>699.3</ele>
      </trkpt>
      <trkpt lat="46.246628" lon="23.148519">
        <ele>698.6</ele>
      </trkpt>
      <trkpt lat="46.246357" lon="23.148056">
        <ele>696.9</ele>
      </trkpt>
      <trkpt lat="46.245723" lon="23.147095">
        <ele>692.8</ele>
      </trkpt>
      <trkpt lat="46.245591" lon="23.146668">
        <ele>690.9</ele>
      </trkpt>
      <trkpt lat="46.245347" lon="23.145716">
        <ele>686.3</ele>
      </trkpt>
      <trkpt lat="46.245261" lon="23.145479">
        <ele>685</ele>
      </trkpt>
      <trkpt lat="46.244992" lon="23.14518">
        <ele>683</ele>
      </trkpt>
      <trkpt lat="46.244411" lon="23.144706">
        <ele>679.8</ele>
      </trkpt>
      <trkpt lat="46.244231" lon="23.144481">
        <ele>678.9</ele>
      </trkpt>
      <trkpt lat="46.24394" lon="23.143914">
        <ele>677.6</ele>
      </trkpt>
      <trkpt lat="46.243627" lon="23.143207">
        <ele>676.7</ele>
      </trkpt>
      <trkpt lat="46.243211" lon="23.142508">
        <ele>676.3</ele>
      </trkpt>
      <trkpt lat="46.243059" lon="23.142131">
        <ele>676.2</ele>
      </trkpt>
      <trkpt lat="46.242966" lon="23.14166">
        <ele>676</ele>
      </trkpt>
      <trkpt lat="46.242956" lon="23.141502">
        <ele>675.9</ele>
      </trkpt>
      <trkpt lat="46.242966" lon="23.141305">
        <ele>675.7</ele>
      </trkpt>
      <trkpt lat="46.243015" lon="23.141123">
        <ele>675.6</ele>
      </trkpt>
      <trkpt lat="46.243062" lon="23.141017">
        <ele>675.5</ele>
      </trkpt>
      <trkpt lat="46.243526" lon="23.140302">
        <ele>674.9</ele>
      </trkpt>
      <trkpt lat="46.243684" lon="23.13994">
        <ele>674.7</ele>
      </trkpt>
      <trkpt lat="46.243787" lon="23.139568">
        <ele>674.7</ele>
      </trkpt>
      <trkpt lat="46.243942" lon="23.138715">
        <ele>674.8</ele>
      </trkpt>
      <trkpt lat="46.244153" lon="23.138175">
        <ele>675.1</ele>
      </trkpt>
      <trkpt lat="46.2443" lon="23.137583">
        <ele>675.8</ele>
      </trkpt>
      <trkpt lat="46.244775" lon="23.136962">
        <ele>676.8</ele>
      </trkpt>
      <trkpt lat="46.245139" lon="23.136661">
        <ele>677.2</ele>
      </trkpt>
      <trkpt lat="46.245203" lon="23.136577">
        <ele>677.3</ele>
      </trkpt>
      <trkpt lat="46.245564" lon="23.135704">
        <ele>677.3</ele>
      </trkpt>
      <trkpt lat="46.245922" lon="23.135333">
        <ele>676.1</ele>
      </trkpt>
      <trkpt lat="46.246197" lon="23.134986">
        <ele>674.9</ele>
      </trkpt>
      <trkpt lat="46.246264" lon="23.134885">
        <ele>674.6</ele>
      </trkpt>
      <trkpt lat="46.246519" lon="23.134333">
        <ele>673.7</ele>
      </trkpt>
      <trkpt lat="46.24681" lon="23.133744">
        <ele>674</ele>
      </trkpt>
      <trkpt lat="46.246902" lon="23.13347">
        <ele>674.6</ele>
      </trkpt>
      <trkpt lat="46.247356" lon="23.131472">
        <ele>681.1</ele>
      </trkpt>
      <trkpt lat="46.247493" lon="23.131223">
        <ele>681</ele>
      </trkpt>
      <trkpt lat="46.247773" lon="23.130958">
        <ele>680.4</ele>
      </trkpt>
      <trkpt lat="46.247988" lon="23.130857">
        <ele>679.9</ele>
      </trkpt>
      <trkpt lat="46.248485" lon="23.130834">
        <ele>678.6</ele>
      </trkpt>
      <trkpt lat="46.248605" lon="23.130785">
        <ele>678.3</ele>
      </trkpt>
      <trkpt lat="46.24875" lon="23.130646">
        <ele>677.9</ele>
      </trkpt>
      <trkpt lat="46.248944" lon="23.130392">
        <ele>677.4</ele>
      </trkpt>
      <trkpt lat="46.249408" lon="23.129912">
        <ele>676.5</ele>
      </trkpt>
      <trkpt lat="46.249658" lon="23.129679">
        <ele>676</ele>
      </trkpt>
      <trkpt lat="46.249903" lon="23.129531">
        <ele>675.4</ele>
      </trkpt>
      <trkpt lat="46.250115" lon="23.129503">
        <ele>674.7</ele>
      </trkpt>
      <trkpt lat="46.250554" lon="23.129586">
        <ele>672.8</ele>
      </trkpt>
      <trkpt lat="46.25095" lon="23.129764">
        <ele>670.8</ele>
      </trkpt>
      <trkpt lat="46.251171" lon="23.129724">
        <ele>669.8</ele>
      </trkpt>
      <trkpt lat="46.251541" lon="23.12947">
        <ele>668.2</ele>
      </trkpt>
      <trkpt lat="46.251821" lon="23.129221">
        <ele>667.1</ele>
      </trkpt>
      <trkpt lat="46.252494" lon="23.128456">
        <ele>662.6</ele>
      </trkpt>
      <trkpt lat="46.252682" lon="23.128276">
        <ele>661</ele>
      </trkpt>
      <trkpt lat="46.252938" lon="23.128142">
        <ele>659</ele>
      </trkpt>
      <trkpt lat="46.253452" lon="23.128042">
        <ele>655.1</ele>
      </trkpt>
      <trkpt lat="46.254007" lon="23.12764">
        <ele>651.4</ele>
      </trkpt>
      <trkpt lat="46.254403" lon="23.127314">
        <ele>649.8</ele>
      </trkpt>
      <trkpt lat="46.254632" lon="23.127213">
        <ele>649.2</ele>
      </trkpt>
      <trkpt lat="46.25518" lon="23.127119">
        <ele>648.3</ele>
      </trkpt>
      <trkpt lat="46.255527" lon="23.127015">
        <ele>647.9</ele>
      </trkpt>
      <trkpt lat="46.256065" lon="23.126457">
        <ele>646.8</ele>
      </trkpt>
      <trkpt lat="46.256967" lon="23.126002">
        <ele>645.2</ele>
      </trkpt>
      <trkpt lat="46.257167" lon="23.125966">
        <ele>645</ele>
      </trkpt>
      <trkpt lat="46.257554" lon="23.126015">
        <ele>644.8</ele>
      </trkpt>
      <trkpt lat="46.257657" lon="23.126001">
        <ele>644.7</ele>
      </trkpt>
      <trkpt lat="46.257906" lon="23.125838">
        <ele>644.7</ele>
      </trkpt>
      <trkpt lat="46.258207" lon="23.125488">
        <ele>644.7</ele>
      </trkpt>
      <trkpt lat="46.25837" lon="23.125151">
        <ele>644.5</ele>
      </trkpt>
      <trkpt lat="46.258602" lon="23.124422">
        <ele>644.2</ele>
      </trkpt>
      <trkpt lat="46.258753" lon="23.123471">
        <ele>643.3</ele>
      </trkpt>
      <trkpt lat="46.258856" lon="23.123162">
        <ele>643</ele>
      </trkpt>
      <trkpt lat="46.258974" lon="23.122914">
        <ele>642.8</ele>
      </trkpt>
      <trkpt lat="46.259483" lon="23.121961">
        <ele>642.3</ele>
      </trkpt>
      <trkpt lat="46.259698" lon="23.121485">
        <ele>642.3</ele>
      </trkpt>
      <trkpt lat="46.260455" lon="23.119258">
        <ele>641.9</ele>
      </trkpt>
      <trkpt lat="46.260534" lon="23.118901">
        <ele>641.5</ele>
      </trkpt>
      <trkpt lat="46.260595" lon="23.118449">
        <ele>641</ele>
      </trkpt>
      <trkpt lat="46.260621" lon="23.117463">
        <ele>639.8</ele>
      </trkpt>
      <trkpt lat="46.26057" lon="23.117193">
        <ele>639.5</ele>
      </trkpt>
      <trkpt lat="46.260451" lon="23.11692">
        <ele>639.2</ele>
      </trkpt>
      <trkpt lat="46.259785" lon="23.115945">
        <ele>638.1</ele>
      </trkpt>
      <trkpt lat="46.259683" lon="23.115746">
        <ele>637.9</ele>
      </trkpt>
      <trkpt lat="46.259668" lon="23.11555">
        <ele>637.6</ele>
      </trkpt>
      <trkpt lat="46.259769" lon="23.114382">
        <ele>636</ele>
      </trkpt>
      <trkpt lat="46.259714" lon="23.113947">
        <ele>635.3</ele>
      </trkpt>
      <trkpt lat="46.259598" lon="23.113379">
        <ele>634.5</ele>
      </trkpt>
      <trkpt lat="46.259474" lon="23.113048">
        <ele>634</ele>
      </trkpt>
      <trkpt lat="46.259052" lon="23.112301">
        <ele>633.2</ele>
      </trkpt>
      <trkpt lat="46.257" lon="23.108847">
        <ele>631.2</ele>
      </trkpt>
      <trkpt lat="46.256106" lon="23.107252">
        <ele>630.2</ele>
      </trkpt>
      <trkpt lat="46.25557" lon="23.106651">
        <ele>629.6</ele>
      </trkpt>
      <trkpt lat="46.254705" lon="23.105214">
        <ele>630</ele>
      </trkpt>
      <trkpt lat="46.254545" lon="23.104995">
        <ele>630.3</ele>
      </trkpt>
      <trkpt lat="46.254255" lon="23.104672">
        <ele>630.7</ele>
      </trkpt>
      <trkpt lat="46.253773" lon="23.10415">
        <ele>631.4</ele>
      </trkpt>
      <trkpt lat="46.253503" lon="23.103795">
        <ele>631.5</ele>
      </trkpt>
      <trkpt lat="46.253164" lon="23.103255">
        <ele>631.5</ele>
      </trkpt>
      <trkpt lat="46.252978" lon="23.103133">
        <ele>631.3</ele>
      </trkpt>
      <trkpt lat="46.252549" lon="23.103028">
        <ele>630.8</ele>
      </trkpt>
      <trkpt lat="46.252457" lon="23.10294">
        <ele>630.9</ele>
      </trkpt>
      <trkpt lat="46.252679" lon="23.102721">
        <ele>630.9</ele>
      </trkpt>
      <trkpt lat="46.252906" lon="23.102479">
        <ele>631</ele>
      </trkpt>
      <trkpt lat="46.253002" lon="23.102302">
        <ele>631.2</ele>
      </trkpt>
      <trkpt lat="46.253091" lon="23.102013">
        <ele>631.4</ele>
      </trkpt>
      <trkpt lat="46.25313" lon="23.101795">
        <ele>631.5</ele>
      </trkpt>
      <trkpt lat="46.25359" lon="23.099185">
        <ele>632</ele>
      </trkpt>
      <trkpt lat="46.253716" lon="23.098763">
        <ele>630.9</ele>
      </trkpt>
      <trkpt lat="46.253979" lon="23.098251">
        <ele>628.8</ele>
      </trkpt>
      <trkpt lat="46.254586" lon="23.097292">
        <ele>624</ele>
      </trkpt>
      <trkpt lat="46.254904" lon="23.096854">
        <ele>622.2</ele>
      </trkpt>
      <trkpt lat="46.255085" lon="23.096614">
        <ele>621.4</ele>
      </trkpt>
      <trkpt lat="46.255111" lon="23.09658">
        <ele>621.3</ele>
      </trkpt>
      <trkpt lat="46.25533" lon="23.09628">
        <ele>620.6</ele>
      </trkpt>
      <trkpt lat="46.256289" lon="23.09501">
        <ele>619.4</ele>
      </trkpt>
      <trkpt lat="46.257766" lon="23.093237">
        <ele>617.7</ele>
      </trkpt>
      <trkpt lat="46.258673" lon="23.092183">
        <ele>616.6</ele>
      </trkpt>
      <trkpt lat="46.259898" lon="23.090771">
        <ele>614.7</ele>
      </trkpt>
      <trkpt lat="46.260032" lon="23.090564">
        <ele>614.4</ele>
      </trkpt>
      <trkpt lat="46.260121" lon="23.090629">
        <ele>614.3</ele>
      </trkpt>
      <trkpt lat="46.260171" lon="23.090626">
        <ele>614.2</ele>
      </trkpt>
      <trkpt lat="46.260257" lon="23.090552">
        <ele>614.1</ele>
      </trkpt>
      <trkpt lat="46.260289" lon="23.09037">
        <ele>613.9</ele>
      </trkpt>
      <trkpt lat="46.260273" lon="23.090309">
        <ele>613.8</ele>
      </trkpt>
      <trkpt lat="46.26017" lon="23.090199">
        <ele>613.7</ele>
      </trkpt>
      <trkpt lat="46.260222" lon="23.089838">
        <ele>613.3</ele>
      </trkpt>
      <trkpt lat="46.260249" lon="23.089631">
        <ele>613.1</ele>
      </trkpt>
      <trkpt lat="46.26028" lon="23.089238">
        <ele>612.8</ele>
      </trkpt>
      <trkpt lat="46.260288" lon="23.088819">
        <ele>612.5</ele>
      </trkpt>
      <trkpt lat="46.260299" lon="23.08824">
        <ele>612.1</ele>
      </trkpt>
      <trkpt lat="46.260397" lon="23.087246">
        <ele>612.1</ele>
      </trkpt>
      <trkpt lat="46.260521" lon="23.086575">
        <ele>612.8</ele>
      </trkpt>
      <trkpt lat="46.260768" lon="23.085584">
        <ele>615.1</ele>
      </trkpt>
      <trkpt lat="46.261155" lon="23.0837">
        <ele>620.3</ele>
      </trkpt>
      <trkpt lat="46.261223" lon="23.083407">
        <ele>620.6</ele>
      </trkpt>
      <trkpt lat="46.261334" lon="23.083004">
        <ele>620.9</ele>
      </trkpt>
      <trkpt lat="46.261471" lon="23.082697">
        <ele>621</ele>
      </trkpt>
      <trkpt lat="46.261622" lon="23.082436">
        <ele>621.1</ele>
      </trkpt>
      <trkpt lat="46.261841" lon="23.082091">
        <ele>621.1</ele>
      </trkpt>
      <trkpt lat="46.262211" lon="23.081593">
        <ele>621.1</ele>
      </trkpt>
      <trkpt lat="46.262992" lon="23.080761">
        <ele>622.7</ele>
      </trkpt>
      <trkpt lat="46.263242" lon="23.080462">
        <ele>622.8</ele>
      </trkpt>
      <trkpt lat="46.263437" lon="23.080166">
        <ele>622.6</ele>
      </trkpt>
      <trkpt lat="46.264893" lon="23.077638">
        <ele>617.6</ele>
      </trkpt>
      <trkpt lat="46.26521" lon="23.077091">
        <ele>617.8</ele>
      </trkpt>
      <trkpt lat="46.266298" lon="23.075222">
        <ele>620.1</ele>
      </trkpt>
      <trkpt lat="46.266891" lon="23.074284">
        <ele>620.1</ele>
      </trkpt>
      <trkpt lat="46.267631" lon="23.073177">
        <ele>619.6</ele>
      </trkpt>
      <trkpt lat="46.268037" lon="23.072317">
        <ele>620.1</ele>
      </trkpt>
      <trkpt lat="46.268248" lon="23.071786">
        <ele>620.5</ele>
      </trkpt>
      <trkpt lat="46.26843" lon="23.071207">
        <ele>620.7</ele>
      </trkpt>
      <trkpt lat="46.268536" lon="23.07084">
        <ele>621.1</ele>
      </trkpt>
      <trkpt lat="46.26871" lon="23.070071">
        <ele>622</ele>
      </trkpt>
      <trkpt lat="46.269168" lon="23.068405">
        <ele>623.8</ele>
      </trkpt>
      <trkpt lat="46.269468" lon="23.067597">
        <ele>624.7</ele>
      </trkpt>
      <trkpt lat="46.269678" lon="23.067189">
        <ele>625</ele>
      </trkpt>
      <trkpt lat="46.270195" lon="23.066348">
        <ele>625.1</ele>
      </trkpt>
      <trkpt lat="46.270633" lon="23.065621">
        <ele>625.6</ele>
      </trkpt>
      <trkpt lat="46.270737" lon="23.065404">
        <ele>625.8</ele>
      </trkpt>
      <trkpt lat="46.270874" lon="23.064991">
        <ele>626.2</ele>
      </trkpt>
      <trkpt lat="46.270998" lon="23.064364">
        <ele>626.8</ele>
      </trkpt>
      <trkpt lat="46.271174" lon="23.063556">
        <ele>627.4</ele>
      </trkpt>
      <trkpt lat="46.271331" lon="23.063168">
        <ele>627.3</ele>
      </trkpt>
      <trkpt lat="46.271401" lon="23.063066">
        <ele>627.2</ele>
      </trkpt>
      <trkpt lat="46.272095" lon="23.061908">
        <ele>625.5</ele>
      </trkpt>
      <trkpt lat="46.272368" lon="23.061588">
        <ele>624.8</ele>
      </trkpt>
      <trkpt lat="46.272733" lon="23.061232">
        <ele>624.3</ele>
      </trkpt>
      <trkpt lat="46.272971" lon="23.06091">
        <ele>624.3</ele>
      </trkpt>
      <trkpt lat="46.273016" lon="23.060849">
        <ele>624.3</ele>
      </trkpt>
      <trkpt lat="46.273491" lon="23.060008">
        <ele>623.5</ele>
      </trkpt>
      <trkpt lat="46.273757" lon="23.059642">
        <ele>622.9</ele>
      </trkpt>
      <trkpt lat="46.274597" lon="23.058782">
        <ele>618.8</ele>
      </trkpt>
      <trkpt lat="46.274765" lon="23.058669">
        <ele>617.6</ele>
      </trkpt>
      <trkpt lat="46.274849" lon="23.058647">
        <ele>617.1</ele>
      </trkpt>
      <trkpt lat="46.275318" lon="23.058712">
        <ele>613.8</ele>
      </trkpt>
      <trkpt lat="46.275536" lon="23.05866">
        <ele>612.3</ele>
      </trkpt>
      <trkpt lat="46.275821" lon="23.058433">
        <ele>610.2</ele>
      </trkpt>
      <trkpt lat="46.275893" lon="23.058324">
        <ele>609.6</ele>
      </trkpt>
      <trkpt lat="46.275981" lon="23.05812">
        <ele>608.6</ele>
      </trkpt>
      <trkpt lat="46.27601" lon="23.057841">
        <ele>607.5</ele>
      </trkpt>
      <trkpt lat="46.27599" lon="23.057763">
        <ele>607.2</ele>
      </trkpt>
      <trkpt lat="46.275914" lon="23.057646">
        <ele>606.7</ele>
      </trkpt>
      <trkpt lat="46.274576" lon="23.056891">
        <ele>602.1</ele>
      </trkpt>
      <trkpt lat="46.274356" lon="23.056719">
        <ele>601.4</ele>
      </trkpt>
      <trkpt lat="46.274167" lon="23.056519">
        <ele>600.5</ele>
      </trkpt>
      <trkpt lat="46.273946" lon="23.056198">
        <ele>599</ele>
      </trkpt>
      <trkpt lat="46.273781" lon="23.05583">
        <ele>597.8</ele>
      </trkpt>
      <trkpt lat="46.273702" lon="23.055432">
        <ele>596.9</ele>
      </trkpt>
      <trkpt lat="46.273699" lon="23.05526">
        <ele>596.6</ele>
      </trkpt>
      <trkpt lat="46.273728" lon="23.055118">
        <ele>596.4</ele>
      </trkpt>
      <trkpt lat="46.273789" lon="23.055096">
        <ele>596.2</ele>
      </trkpt>
      <trkpt lat="46.273832" lon="23.055032">
        <ele>596.1</ele>
      </trkpt>
      <trkpt lat="46.274019" lon="23.05535">
        <ele>595.4</ele>
      </trkpt>
      <trkpt lat="46.274171" lon="23.055697">
        <ele>594.9</ele>
      </trkpt>
      <trkpt lat="46.274417" lon="23.056124">
        <ele>594.8</ele>
      </trkpt>
      <trkpt lat="46.274529" lon="23.056247">
        <ele>594.9</ele>
      </trkpt>
      <trkpt lat="46.274634" lon="23.056317">
        <ele>595</ele>
      </trkpt>
      <trkpt lat="46.275212" lon="23.056554">
        <ele>595.5</ele>
      </trkpt>
      <trkpt lat="46.275785" lon="23.056864">
        <ele>595.1</ele>
      </trkpt>
      <trkpt lat="46.27646" lon="23.057182">
        <ele>594.5</ele>
      </trkpt>
      <trkpt lat="46.276619" lon="23.057292">
        <ele>594.3</ele>
      </trkpt>
      <trkpt lat="46.276806" lon="23.057548">
        <ele>594</ele>
      </trkpt>
      <trkpt lat="46.276906" lon="23.057796">
        <ele>593.7</ele>
      </trkpt>
      <trkpt lat="46.276963" lon="23.058027">
        <ele>593.6</ele>
      </trkpt>
      <trkpt lat="46.276933" lon="23.058302">
        <ele>593.4</ele>
      </trkpt>
      <trkpt lat="46.276782" lon="23.058746">
        <ele>593.3</ele>
      </trkpt>
      <trkpt lat="46.276584" lon="23.059224">
        <ele>593.1</ele>
      </trkpt>
      <trkpt lat="46.276368" lon="23.059554">
        <ele>593.1</ele>
      </trkpt>
      <trkpt lat="46.276297" lon="23.059666">
        <ele>593.1</ele>
      </trkpt>
      <trkpt lat="46.276173" lon="23.059885">
        <ele>593</ele>
      </trkpt>
      <trkpt lat="46.27607" lon="23.060077">
        <ele>593.1</ele>
      </trkpt>
      <trkpt lat="46.275985" lon="23.060288">
        <ele>593.1</ele>
      </trkpt>
      <trkpt lat="46.275978" lon="23.060388">
        <ele>593.1</ele>
      </trkpt>
      <trkpt lat="46.276017" lon="23.060531">
        <ele>593.1</ele>
      </trkpt>
      <trkpt lat="46.276218" lon="23.060802">
        <ele>593.4</ele>
      </trkpt>
      <trkpt lat="46.276469" lon="23.061065">
        <ele>593.8</ele>
      </trkpt>
      <trkpt lat="46.276888" lon="23.061401">
        <ele>594.7</ele>
      </trkpt>
      <trkpt lat="46.276978" lon="23.061498">
        <ele>595</ele>
      </trkpt>
      <trkpt lat="46.277112" lon="23.061709">
        <ele>595.6</ele>
      </trkpt>
      <trkpt lat="46.277376" lon="23.062435">
        <ele>597.6</ele>
      </trkpt>
      <trkpt lat="46.277551" lon="23.06275">
        <ele>598.4</ele>
      </trkpt>
      <trkpt lat="46.277724" lon="23.062751">
        <ele>598.7</ele>
      </trkpt>
      <trkpt lat="46.277897" lon="23.062627">
        <ele>599.1</ele>
      </trkpt>
      <trkpt lat="46.27814" lon="23.062242">
        <ele>599.5</ele>
      </trkpt>
      <trkpt lat="46.27835" lon="23.061996">
        <ele>599.7</ele>
      </trkpt>
      <trkpt lat="46.278432" lon="23.061933">
        <ele>599.7</ele>
      </trkpt>
      <trkpt lat="46.278743" lon="23.061699">
        <ele>599.5</ele>
      </trkpt>
      <trkpt lat="46.279778" lon="23.06066">
        <ele>598.1</ele>
      </trkpt>
      <trkpt lat="46.280771" lon="23.059876">
        <ele>597.2</ele>
      </trkpt>
      <trkpt lat="46.280973" lon="23.059783">
        <ele>597</ele>
      </trkpt>
      <trkpt lat="46.281342" lon="23.059763">
        <ele>596.8</ele>
      </trkpt>
      <trkpt lat="46.281582" lon="23.059832">
        <ele>596.8</ele>
      </trkpt>
      <trkpt lat="46.281745" lon="23.059917">
        <ele>596.9</ele>
      </trkpt>
      <trkpt lat="46.282124" lon="23.060207">
        <ele>597.1</ele>
      </trkpt>
      <trkpt lat="46.282786" lon="23.060829">
        <ele>596.6</ele>
      </trkpt>
      <trkpt lat="46.282971" lon="23.060971">
        <ele>596.2</ele>
      </trkpt>
      <trkpt lat="46.283881" lon="23.061376">
        <ele>594.1</ele>
      </trkpt>
      <trkpt lat="46.284467" lon="23.061728">
        <ele>592.5</ele>
      </trkpt>
      <trkpt lat="46.284835" lon="23.061823">
        <ele>592</ele>
      </trkpt>
      <trkpt lat="46.287118" lon="23.062127">
        <ele>590</ele>
      </trkpt>
      <trkpt lat="46.287987" lon="23.062057">
        <ele>590</ele>
      </trkpt>
      <trkpt lat="46.288939" lon="23.062183">
        <ele>590.6</ele>
      </trkpt>
      <trkpt lat="46.289166" lon="23.062187">
        <ele>590.8</ele>
      </trkpt>
      <trkpt lat="46.289291" lon="23.062156">
        <ele>590.8</ele>
      </trkpt>
      <trkpt lat="46.289374" lon="23.062112">
        <ele>590.8</ele>
      </trkpt>
      <trkpt lat="46.291176" lon="23.06082">
        <ele>589.3</ele>
      </trkpt>
      <trkpt lat="46.291554" lon="23.060622">
        <ele>589.3</ele>
      </trkpt>
      <trkpt lat="46.291832" lon="23.060424">
        <ele>589.2</ele>
      </trkpt>
      <trkpt lat="46.292106" lon="23.060159">
        <ele>589.1</ele>
      </trkpt>
      <trkpt lat="46.292502" lon="23.059938">
        <ele>588.9</ele>
      </trkpt>
      <trkpt lat="46.293402" lon="23.059607">
        <ele>588.3</ele>
      </trkpt>
      <trkpt lat="46.294347" lon="23.058964">
        <ele>588.4</ele>
      </trkpt>
      <trkpt lat="46.294559" lon="23.058873">
        <ele>588.6</ele>
      </trkpt>
      <trkpt lat="46.294952" lon="23.058801">
        <ele>589.2</ele>
      </trkpt>
      <trkpt lat="46.295328" lon="23.058854">
        <ele>589.7</ele>
      </trkpt>
      <trkpt lat="46.296" lon="23.05921">
        <ele>590.7</ele>
      </trkpt>
      <trkpt lat="46.296314" lon="23.059329">
        <ele>591</ele>
      </trkpt>
      <trkpt lat="46.29744" lon="23.059625">
        <ele>588.6</ele>
      </trkpt>
      <trkpt lat="46.297701" lon="23.059623">
        <ele>587.5</ele>
      </trkpt>
      <trkpt lat="46.297835" lon="23.059544">
        <ele>586.9</ele>
      </trkpt>
      <trkpt lat="46.298099" lon="23.059184">
        <ele>585.4</ele>
      </trkpt>
      <trkpt lat="46.298406" lon="23.058926">
        <ele>583.8</ele>
      </trkpt>
      <trkpt lat="46.298648" lon="23.058866">
        <ele>582.9</ele>
      </trkpt>
      <trkpt lat="46.299709" lon="23.058806">
        <ele>581.6</ele>
      </trkpt>
      <trkpt lat="46.29999" lon="23.058699">
        <ele>581.5</ele>
      </trkpt>
      <trkpt lat="46.300239" lon="23.058479">
        <ele>581.4</ele>
      </trkpt>
      <trkpt lat="46.301253" lon="23.057367">
        <ele>581.2</ele>
      </trkpt>
      <trkpt lat="46.301993" lon="23.056631">
        <ele>581.3</ele>
      </trkpt>
      <trkpt lat="46.302428" lon="23.056257">
        <ele>581.4</ele>
      </trkpt>
      <trkpt lat="46.302638" lon="23.056148">
        <ele>581.5</ele>
      </trkpt>
      <trkpt lat="46.304258" lon="23.055582">
        <ele>582.7</ele>
      </trkpt>
      <trkpt lat="46.304445" lon="23.055501">
        <ele>583</ele>
      </trkpt>
      <trkpt lat="46.304738" lon="23.055319">
        <ele>583.5</ele>
      </trkpt>
      <trkpt lat="46.305031" lon="23.055135">
        <ele>584</ele>
      </trkpt>
      <trkpt lat="46.30537" lon="23.054998">
        <ele>584.3</ele>
      </trkpt>
      <trkpt lat="46.3059" lon="23.054888">
        <ele>584.2</ele>
      </trkpt>
      <trkpt lat="46.306122" lon="23.054904">
        <ele>583.8</ele>
      </trkpt>
      <trkpt lat="46.306498" lon="23.055031">
        <ele>582.9</ele>
      </trkpt>
      <trkpt lat="46.306722" lon="23.055073">
        <ele>582.2</ele>
      </trkpt>
      <trkpt lat="46.307128" lon="23.055015">
        <ele>580.7</ele>
      </trkpt>
      <trkpt lat="46.307233" lon="23.054989">
        <ele>580.2</ele>
      </trkpt>
      <trkpt lat="46.307378" lon="23.054957">
        <ele>579.6</ele>
      </trkpt>
      <trkpt lat="46.307611" lon="23.054905">
        <ele>578.7</ele>
      </trkpt>
      <trkpt lat="46.30773" lon="23.054879">
        <ele>578.3</ele>
      </trkpt>
      <trkpt lat="46.307848" lon="23.054856">
        <ele>577.9</ele>
      </trkpt>
      <trkpt lat="46.308249" lon="23.054813">
        <ele>577</ele>
      </trkpt>
      <trkpt lat="46.308436" lon="23.054845">
        <ele>576.8</ele>
      </trkpt>
      <trkpt lat="46.308562" lon="23.054905">
        <ele>576.6</ele>
      </trkpt>
      <trkpt lat="46.308721" lon="23.055044">
        <ele>576.5</ele>
      </trkpt>
      <trkpt lat="46.308891" lon="23.055242">
        <ele>576.4</ele>
      </trkpt>
      <trkpt lat="46.30916" lon="23.055588">
        <ele>575.9</ele>
      </trkpt>
      <trkpt lat="46.309674" lon="23.056245">
        <ele>575.3</ele>
      </trkpt>
      <trkpt lat="46.309895" lon="23.056523">
        <ele>574.9</ele>
      </trkpt>
      <trkpt lat="46.310213" lon="23.056919">
        <ele>574.1</ele>
      </trkpt>
      <trkpt lat="46.310358" lon="23.057093">
        <ele>573.7</ele>
      </trkpt>
      <trkpt lat="46.31052" lon="23.057274">
        <ele>573.2</ele>
      </trkpt>
      <trkpt lat="46.310784" lon="23.05757">
        <ele>572.4</ele>
      </trkpt>
      <trkpt lat="46.311002" lon="23.057778">
        <ele>572</ele>
      </trkpt>
      <trkpt lat="46.311127" lon="23.057861">
        <ele>571.8</ele>
      </trkpt>
      <trkpt lat="46.311643" lon="23.05804">
        <ele>571.3</ele>
      </trkpt>
      <trkpt lat="46.311816" lon="23.058175">
        <ele>571.3</ele>
      </trkpt>
      <trkpt lat="46.312118" lon="23.058502">
        <ele>571.4</ele>
      </trkpt>
      <trkpt lat="46.312384" lon="23.058808">
        <ele>571.8</ele>
      </trkpt>
      <trkpt lat="46.312765" lon="23.059223">
        <ele>572.5</ele>
      </trkpt>
      <trkpt lat="46.312909" lon="23.059341">
        <ele>572.7</ele>
      </trkpt>
      <trkpt lat="46.313226" lon="23.05947">
        <ele>573</ele>
      </trkpt>
      <trkpt lat="46.313462" lon="23.059494">
        <ele>573</ele>
      </trkpt>
      <trkpt lat="46.313607" lon="23.059479">
        <ele>573</ele>
      </trkpt>
      <trkpt lat="46.31389" lon="23.059384">
        <ele>572.8</ele>
      </trkpt>
      <trkpt lat="46.314809" lon="23.058841">
        <ele>571.5</ele>
      </trkpt>
      <trkpt lat="46.315538" lon="23.058372">
        <ele>570.3</ele>
      </trkpt>
      <trkpt lat="46.315828" lon="23.058108">
        <ele>569.9</ele>
      </trkpt>
      <trkpt lat="46.316133" lon="23.057755">
        <ele>569.6</ele>
      </trkpt>
      <trkpt lat="46.316304" lon="23.05753">
        <ele>569.5</ele>
      </trkpt>
      <trkpt lat="46.316402" lon="23.057407">
        <ele>569.4</ele>
      </trkpt>
      <trkpt lat="46.316421" lon="23.057385">
        <ele>569.4</ele>
      </trkpt>
      <trkpt lat="46.317067" lon="23.056762">
        <ele>569.2</ele>
      </trkpt>
      <trkpt lat="46.317584" lon="23.056263">
        <ele>569</ele>
      </trkpt>
      <trkpt lat="46.318051" lon="23.055924">
        <ele>568.6</ele>
      </trkpt>
      <trkpt lat="46.318385" lon="23.055766">
        <ele>568.1</ele>
      </trkpt>
      <trkpt lat="46.318901" lon="23.055585">
        <ele>567.2</ele>
      </trkpt>
      <trkpt lat="46.319492" lon="23.05531">
        <ele>566</ele>
      </trkpt>
      <trkpt lat="46.319745" lon="23.055247">
        <ele>565.5</ele>
      </trkpt>
      <trkpt lat="46.319981" lon="23.055227">
        <ele>565.1</ele>
      </trkpt>
      <trkpt lat="46.32032" lon="23.055153">
        <ele>564.5</ele>
      </trkpt>
      <trkpt lat="46.320744" lon="23.054985">
        <ele>563.8</ele>
      </trkpt>
      <trkpt lat="46.320923" lon="23.054957">
        <ele>563.7</ele>
      </trkpt>
      <trkpt lat="46.321153" lon="23.054982">
        <ele>563.5</ele>
      </trkpt>
      <trkpt lat="46.32138" lon="23.055065">
        <ele>563.5</ele>
      </trkpt>
      <trkpt lat="46.321655" lon="23.05526">
        <ele>563.7</ele>
      </trkpt>
      <trkpt lat="46.322037" lon="23.055582">
        <ele>564.7</ele>
      </trkpt>
      <trkpt lat="46.322169" lon="23.055771">
        <ele>565.4</ele>
      </trkpt>
      <trkpt lat="46.322468" lon="23.056294">
        <ele>567.5</ele>
      </trkpt>
      <trkpt lat="46.32262" lon="23.056472">
        <ele>568.6</ele>
      </trkpt>
      <trkpt lat="46.322768" lon="23.056588">
        <ele>569.5</ele>
      </trkpt>
      <trkpt lat="46.322937" lon="23.05667">
        <ele>570.4</ele>
      </trkpt>
      <trkpt lat="46.323671" lon="23.056901">
        <ele>573.2</ele>
      </trkpt>
      <trkpt lat="46.324588" lon="23.057547">
        <ele>571.9</ele>
      </trkpt>
      <trkpt lat="46.325986" lon="23.058166">
        <ele>563.9</ele>
      </trkpt>
      <trkpt lat="46.326535" lon="23.058447">
        <ele>561.4</ele>
      </trkpt>
      <trkpt lat="46.326788" lon="23.058627">
        <ele>560.5</ele>
      </trkpt>
      <trkpt lat="46.327136" lon="23.05892">
        <ele>559.8</ele>
      </trkpt>
      <trkpt lat="46.327391" lon="23.05921">
        <ele>559.5</ele>
      </trkpt>
      <trkpt lat="46.327833" lon="23.060047">
        <ele>560.7</ele>
      </trkpt>
      <trkpt lat="46.328035" lon="23.060329">
        <ele>561.6</ele>
      </trkpt>
      <trkpt lat="46.329195" lon="23.061693">
        <ele>567.8</ele>
      </trkpt>
      <trkpt lat="46.329369" lon="23.061859">
        <ele>568.2</ele>
      </trkpt>
      <trkpt lat="46.32959" lon="23.061997">
        <ele>568.4</ele>
      </trkpt>
      <trkpt lat="46.330786" lon="23.062416">
        <ele>567.8</ele>
      </trkpt>
      <trkpt lat="46.332128" lon="23.062937">
        <ele>568.1</ele>
      </trkpt>
      <trkpt lat="46.332349" lon="23.062954">
        <ele>568</ele>
      </trkpt>
      <trkpt lat="46.332802" lon="23.06283">
        <ele>567.8</ele>
      </trkpt>
      <trkpt lat="46.332981" lon="23.062793">
        <ele>567.7</ele>
      </trkpt>
      <trkpt lat="46.335081" lon="23.062799">
        <ele>569</ele>
      </trkpt>
      <trkpt lat="46.33631" lon="23.062996">
        <ele>569</ele>
      </trkpt>
      <trkpt lat="46.337079" lon="23.063012">
        <ele>568.9</ele>
      </trkpt>
      <trkpt lat="46.337703" lon="23.062911">
        <ele>568.9</ele>
      </trkpt>
      <trkpt lat="46.338393" lon="23.062584">
        <ele>568.7</ele>
      </trkpt>
      <trkpt lat="46.338711" lon="23.062468">
        <ele>568.4</ele>
      </trkpt>
      <trkpt lat="46.339043" lon="23.062432">
        <ele>568</ele>
      </trkpt>
      <trkpt lat="46.340141" lon="23.06246">
        <ele>566.4</ele>
      </trkpt>
      <trkpt lat="46.340875" lon="23.062436">
        <ele>565.7</ele>
      </trkpt>
      <trkpt lat="46.342004" lon="23.06214">
        <ele>566.2</ele>
      </trkpt>
      <trkpt lat="46.342349" lon="23.062151">
        <ele>566.7</ele>
      </trkpt>
      <trkpt lat="46.342524" lon="23.062208">
        <ele>567</ele>
      </trkpt>
      <trkpt lat="46.34358" lon="23.062722">
        <ele>568.8</ele>
      </trkpt>
      <trkpt lat="46.344263" lon="23.063195">
        <ele>569.5</ele>
      </trkpt>
      <trkpt lat="46.344531" lon="23.063468">
        <ele>569.3</ele>
      </trkpt>
      <trkpt lat="46.344935" lon="23.063946">
        <ele>568.7</ele>
      </trkpt>
      <trkpt lat="46.345629" lon="23.064867">
        <ele>565.7</ele>
      </trkpt>
      <trkpt lat="46.345937" lon="23.065171">
        <ele>563.7</ele>
      </trkpt>
      <trkpt lat="46.346278" lon="23.065419">
        <ele>561.6</ele>
      </trkpt>
      <trkpt lat="46.346505" lon="23.065502">
        <ele>560.4</ele>
      </trkpt>
      <trkpt lat="46.346631" lon="23.065514">
        <ele>559.8</ele>
      </trkpt>
      <trkpt lat="46.34738" lon="23.065402">
        <ele>557</ele>
      </trkpt>
      <trkpt lat="46.347878" lon="23.065361">
        <ele>556.5</ele>
      </trkpt>
      <trkpt lat="46.348258" lon="23.065378">
        <ele>556.9</ele>
      </trkpt>
      <trkpt lat="46.348581" lon="23.065448">
        <ele>557.8</ele>
      </trkpt>
      <trkpt lat="46.348764" lon="23.065534">
        <ele>558.5</ele>
      </trkpt>
      <trkpt lat="46.348968" lon="23.065707">
        <ele>559.3</ele>
      </trkpt>
      <trkpt lat="46.349532" lon="23.066433">
        <ele>560.8</ele>
      </trkpt>
      <trkpt lat="46.349743" lon="23.066658">
        <ele>560.8</ele>
      </trkpt>
      <trkpt lat="46.34999" lon="23.06682">
        <ele>560.6</ele>
      </trkpt>
      <trkpt lat="46.35049" lon="23.067054">
        <ele>559.5</ele>
      </trkpt>
      <trkpt lat="46.351132" lon="23.067428">
        <ele>557.2</ele>
      </trkpt>
      <trkpt lat="46.351467" lon="23.067528">
        <ele>556.4</ele>
      </trkpt>
      <trkpt lat="46.352063" lon="23.06755">
        <ele>555.7</ele>
      </trkpt>
      <trkpt lat="46.353174" lon="23.06774">
        <ele>556.3</ele>
      </trkpt>
      <trkpt lat="46.353489" lon="23.067833">
        <ele>556.7</ele>
      </trkpt>
      <trkpt lat="46.353692" lon="23.06795">
        <ele>557</ele>
      </trkpt>
      <trkpt lat="46.354233" lon="23.068404">
        <ele>557.9</ele>
      </trkpt>
      <trkpt lat="46.354433" lon="23.068622">
        <ele>558.2</ele>
      </trkpt>
      <trkpt lat="46.354522" lon="23.068754">
        <ele>558.3</ele>
      </trkpt>
      <trkpt lat="46.354694" lon="23.06911">
        <ele>558.4</ele>
      </trkpt>
      <trkpt lat="46.355267" lon="23.070549">
        <ele>557.8</ele>
      </trkpt>
      <trkpt lat="46.355654" lon="23.071453">
        <ele>555.5</ele>
      </trkpt>
      <trkpt lat="46.355985" lon="23.072176">
        <ele>552.4</ele>
      </trkpt>
      <trkpt lat="46.356152" lon="23.072399">
        <ele>551.1</ele>
      </trkpt>
      <trkpt lat="46.356343" lon="23.07256">
        <ele>549.9</ele>
      </trkpt>
      <trkpt lat="46.356547" lon="23.072703">
        <ele>548.7</ele>
      </trkpt>
      <trkpt lat="46.356589" lon="23.072608">
        <ele>548.3</ele>
      </trkpt>
      <trkpt lat="46.35671" lon="23.072365">
        <ele>547.5</ele>
      </trkpt>
      <trkpt lat="46.356894" lon="23.072069">
        <ele>546.7</ele>
      </trkpt>
      <trkpt lat="46.356949" lon="23.072021">
        <ele>546.6</ele>
      </trkpt>
      <trkpt lat="46.357084" lon="23.07197">
        <ele>546.3</ele>
      </trkpt>
      <trkpt lat="46.357497" lon="23.071967">
        <ele>546</ele>
      </trkpt>
      <trkpt lat="46.35798" lon="23.071827">
        <ele>546.6</ele>
      </trkpt>
      <trkpt lat="46.358216" lon="23.071748">
        <ele>547.1</ele>
      </trkpt>
      <trkpt lat="46.35835" lon="23.071662">
        <ele>547.5</ele>
      </trkpt>
      <trkpt lat="46.358659" lon="23.071382">
        <ele>548.6</ele>
      </trkpt>
      <trkpt lat="46.358757" lon="23.071147">
        <ele>549.1</ele>
      </trkpt>
      <trkpt lat="46.358958" lon="23.070146">
        <ele>551.6</ele>
      </trkpt>
      <trkpt lat="46.359129" lon="23.069207">
        <ele>554</ele>
      </trkpt>
      <trkpt lat="46.359142" lon="23.068872">
        <ele>554.9</ele>
      </trkpt>
      <trkpt lat="46.35911" lon="23.068314">
        <ele>556</ele>
      </trkpt>
      <trkpt lat="46.359049" lon="23.06785">
        <ele>556.8</ele>
      </trkpt>
      <trkpt lat="46.358954" lon="23.067372">
        <ele>557.4</ele>
      </trkpt>
      <trkpt lat="46.358747" lon="23.066588">
        <ele>557.8</ele>
      </trkpt>
      <trkpt lat="46.358449" lon="23.065293">
        <ele>557.9</ele>
      </trkpt>
      <trkpt lat="46.358399" lon="23.064856">
        <ele>557.9</ele>
      </trkpt>
      <trkpt lat="46.358387" lon="23.064455">
        <ele>557.8</ele>
      </trkpt>
      <trkpt lat="46.35842" lon="23.064052">
        <ele>557.6</ele>
      </trkpt>
      <trkpt lat="46.358539" lon="23.063496">
        <ele>557.2</ele>
      </trkpt>
      <trkpt lat="46.358639" lon="23.063261">
        <ele>556.9</ele>
      </trkpt>
      <trkpt lat="46.359579" lon="23.061577">
        <ele>552.5</ele>
      </trkpt>
      <trkpt lat="46.359897" lon="23.060858">
        <ele>552.1</ele>
      </trkpt>
      <trkpt lat="46.359956" lon="23.060715">
        <ele>552.2</ele>
      </trkpt>
      <trkpt lat="46.361045" lon="23.058236">
        <ele>556.6</ele>
      </trkpt>
      <trkpt lat="46.361258" lon="23.057778">
        <ele>556.8</ele>
      </trkpt>
      <trkpt lat="46.361881" lon="23.056727">
        <ele>558.1</ele>
      </trkpt>
      <trkpt lat="46.362066" lon="23.056298">
        <ele>558.7</ele>
      </trkpt>
      <trkpt lat="46.362169" lon="23.05598">
        <ele>559</ele>
      </trkpt>
      <trkpt lat="46.36237" lon="23.055096">
        <ele>559.8</ele>
      </trkpt>
      <trkpt lat="46.362413" lon="23.054749">
        <ele>559.5</ele>
      </trkpt>
      <trkpt lat="46.362427" lon="23.054288">
        <ele>558.6</ele>
      </trkpt>
      <trkpt lat="46.362387" lon="23.053749">
        <ele>556.9</ele>
      </trkpt>
      <trkpt lat="46.362745" lon="23.053505">
        <ele>554.9</ele>
      </trkpt>
      <trkpt lat="46.362805" lon="23.053463">
        <ele>554.4</ele>
      </trkpt>
      <trkpt lat="46.362723" lon="23.053163">
        <ele>553.4</ele>
      </trkpt>
      <trkpt lat="46.362641" lon="23.052891">
        <ele>552.4</ele>
      </trkpt>
      <trkpt lat="46.36258" lon="23.0527">
        <ele>551.6</ele>
      </trkpt>
      <trkpt lat="46.36238" lon="23.051913">
        <ele>549.2</ele>
      </trkpt>
      <trkpt lat="46.362109" lon="23.050662">
        <ele>548.8</ele>
      </trkpt>
      <trkpt lat="46.362594" lon="23.050403">
        <ele>549.2</ele>
      </trkpt>
      <trkpt lat="46.3632" lon="23.049982">
        <ele>550</ele>
      </trkpt>
      <trkpt lat="46.362078" lon="23.046782">
        <ele>550.3</ele>
      </trkpt>
      <trkpt lat="46.36172" lon="23.045787">
        <ele>550.5</ele>
      </trkpt>
      <trkpt lat="46.361227" lon="23.045395">
        <ele>550.4</ele>
      </trkpt>
      <trkpt lat="46.361134" lon="23.045281">
        <ele>550.4</ele>
      </trkpt>
      <trkpt lat="46.36076" lon="23.044627">
        <ele>550.6</ele>
      </trkpt>
      <trkpt lat="46.360641" lon="23.044485">
        <ele>550.7</ele>
      </trkpt>
      <trkpt lat="46.360462" lon="23.044357">
        <ele>550.9</ele>
      </trkpt>
      <trkpt lat="46.360435" lon="23.044214">
        <ele>550.9</ele>
      </trkpt>
      <trkpt lat="46.360433" lon="23.043456">
        <ele>551.3</ele>
      </trkpt>
      <trkpt lat="46.360397" lon="23.043017">
        <ele>551.7</ele>
      </trkpt>
      <trkpt lat="46.360143" lon="23.041953">
        <ele>552.8</ele>
      </trkpt>
      <trkpt lat="46.360075" lon="23.041553">
        <ele>553</ele>
      </trkpt>
      <trkpt lat="46.359933" lon="23.040398">
        <ele>553.5</ele>
      </trkpt>
      <trkpt lat="46.35993" lon="23.039133">
        <ele>554</ele>
      </trkpt>
      <trkpt lat="46.359938" lon="23.03886">
        <ele>554</ele>
      </trkpt>
      <trkpt lat="46.359899" lon="23.038346">
        <ele>554.2</ele>
      </trkpt>
      <trkpt lat="46.359659" lon="23.036866">
        <ele>554.5</ele>
      </trkpt>
      <trkpt lat="46.359533" lon="23.035535">
        <ele>554.4</ele>
      </trkpt>
      <trkpt lat="46.35942" lon="23.034704">
        <ele>554</ele>
      </trkpt>
      <trkpt lat="46.359341" lon="23.034409">
        <ele>553.8</ele>
      </trkpt>
      <trkpt lat="46.359064" lon="23.03396">
        <ele>553.6</ele>
      </trkpt>
      <trkpt lat="46.358912" lon="23.033737">
        <ele>553.5</ele>
      </trkpt>
      <trkpt lat="46.358855" lon="23.033604">
        <ele>553.5</ele>
      </trkpt>
      <trkpt lat="46.358646" lon="23.032519">
        <ele>553.6</ele>
      </trkpt>
      <trkpt lat="46.358324" lon="23.031623">
        <ele>553.7</ele>
      </trkpt>
      <trkpt lat="46.357804" lon="23.030524">
        <ele>553.2</ele>
      </trkpt>
      <trkpt lat="46.357664" lon="23.030293">
        <ele>553</ele>
      </trkpt>
      <trkpt lat="46.357625" lon="23.029624">
        <ele>552.9</ele>
      </trkpt>
      <trkpt lat="46.357639" lon="23.029203">
        <ele>553</ele>
      </trkpt>
      <trkpt lat="46.3577" lon="23.02883">
        <ele>553.2</ele>
      </trkpt>
      <trkpt lat="46.357835" lon="23.02844">
        <ele>553.6</ele>
      </trkpt>
      <trkpt lat="46.358098" lon="23.027693">
        <ele>554.4</ele>
      </trkpt>
      <trkpt lat="46.358165" lon="23.027329">
        <ele>554.7</ele>
      </trkpt>
      <trkpt lat="46.35817" lon="23.026903">
        <ele>555</ele>
      </trkpt>
      <trkpt lat="46.358058" lon="23.025525">
        <ele>556.2</ele>
      </trkpt>
      <trkpt lat="46.358024" lon="23.024832">
        <ele>557</ele>
      </trkpt>
      <trkpt lat="46.358066" lon="23.024248">
        <ele>557.5</ele>
      </trkpt>
      <trkpt lat="46.358153" lon="23.023901">
        <ele>557.8</ele>
      </trkpt>
      <trkpt lat="46.358351" lon="23.02356">
        <ele>558</ele>
      </trkpt>
      <trkpt lat="46.359298" lon="23.022229">
        <ele>558.3</ele>
      </trkpt>
      <trkpt lat="46.360395" lon="23.021266">
        <ele>560.1</ele>
      </trkpt>
      <trkpt lat="46.360674" lon="23.021107">
        <ele>561.1</ele>
      </trkpt>
      <trkpt lat="46.36075" lon="23.021103">
        <ele>561.5</ele>
      </trkpt>
      <trkpt lat="46.360905" lon="23.021165">
        <ele>562.2</ele>
      </trkpt>
      <trkpt lat="46.361079" lon="23.02133">
        <ele>563.1</ele>
      </trkpt>
      <trkpt lat="46.361291" lon="23.021678">
        <ele>564.8</ele>
      </trkpt>
      <trkpt lat="46.361627" lon="23.02237">
        <ele>567.7</ele>
      </trkpt>
      <trkpt lat="46.361738" lon="23.022721">
        <ele>569.1</ele>
      </trkpt>
      <trkpt lat="46.36192" lon="23.023475">
        <ele>571.8</ele>
      </trkpt>
      <trkpt lat="46.362116" lon="23.024074">
        <ele>573.8</ele>
      </trkpt>
      <trkpt lat="46.362136" lon="23.024285">
        <ele>574.3</ele>
      </trkpt>
      <trkpt lat="46.362074" lon="23.02475">
        <ele>575.1</ele>
      </trkpt>
      <trkpt lat="46.362075" lon="23.024909">
        <ele>575.3</ele>
      </trkpt>
      <trkpt lat="46.362093" lon="23.0251">
        <ele>575.6</ele>
      </trkpt>
      <trkpt lat="46.362203" lon="23.025441">
        <ele>575.8</ele>
      </trkpt>
      <trkpt lat="46.362329" lon="23.025664">
        <ele>575.9</ele>
      </trkpt>
      <trkpt lat="46.362817" lon="23.026218">
        <ele>575.8</ele>
      </trkpt>
      <trkpt lat="46.362965" lon="23.026422">
        <ele>575.5</ele>
      </trkpt>
      <trkpt lat="46.364144" lon="23.028379">
        <ele>573.1</ele>
      </trkpt>
      <trkpt lat="46.364408" lon="23.028652">
        <ele>572.4</ele>
      </trkpt>
      <trkpt lat="46.36488" lon="23.02892">
        <ele>571.1</ele>
      </trkpt>
      <trkpt lat="46.365255" lon="23.029045">
        <ele>570</ele>
      </trkpt>
      <trkpt lat="46.365978" lon="23.029221">
        <ele>568.2</ele>
      </trkpt>
      <trkpt lat="46.366239" lon="23.029249">
        <ele>567.8</ele>
      </trkpt>
      <trkpt lat="46.366425" lon="23.029228">
        <ele>567.7</ele>
      </trkpt>
      <trkpt lat="46.36675" lon="23.029102">
        <ele>567.6</ele>
      </trkpt>
      <trkpt lat="46.36724" lon="23.028837">
        <ele>567.5</ele>
      </trkpt>
      <trkpt lat="46.367516" lon="23.02865">
        <ele>567.4</ele>
      </trkpt>
      <trkpt lat="46.368681" lon="23.027498">
        <ele>567</ele>
      </trkpt>
      <trkpt lat="46.368995" lon="23.027229">
        <ele>566.9</ele>
      </trkpt>
      <trkpt lat="46.369171" lon="23.027017">
        <ele>567</ele>
      </trkpt>
      <trkpt lat="46.369324" lon="23.026743">
        <ele>567</ele>
      </trkpt>
      <trkpt lat="46.369768" lon="23.025832">
        <ele>567.7</ele>
      </trkpt>
      <trkpt lat="46.370167" lon="23.024976">
        <ele>567.7</ele>
      </trkpt>
      <trkpt lat="46.371313" lon="23.022505">
        <ele>568.6</ele>
      </trkpt>
      <trkpt lat="46.371727" lon="23.021664">
        <ele>569.6</ele>
      </trkpt>
      <trkpt lat="46.373274" lon="23.018996">
        <ele>579.9</ele>
      </trkpt>
      <trkpt lat="46.37341" lon="23.018807">
        <ele>580.8</ele>
      </trkpt>
      <trkpt lat="46.373723" lon="23.018484">
        <ele>583.1</ele>
      </trkpt>
      <trkpt lat="46.37408" lon="23.018224">
        <ele>586</ele>
      </trkpt>
      <trkpt lat="46.374371" lon="23.018051">
        <ele>588.5</ele>
      </trkpt>
      <trkpt lat="46.374506" lon="23.01798">
        <ele>589.5</ele>
      </trkpt>
      <trkpt lat="46.374617" lon="23.01796">
        <ele>590.2</ele>
      </trkpt>
      <trkpt lat="46.374945" lon="23.017997">
        <ele>592.3</ele>
      </trkpt>
      <trkpt lat="46.375039" lon="23.01797">
        <ele>592.9</ele>
      </trkpt>
      <trkpt lat="46.37513" lon="23.017897">
        <ele>593.6</ele>
      </trkpt>
      <trkpt lat="46.375295" lon="23.017566">
        <ele>595.6</ele>
      </trkpt>
      <trkpt lat="46.375511" lon="23.017201">
        <ele>597.8</ele>
      </trkpt>
      <trkpt lat="46.375808" lon="23.0169">
        <ele>600</ele>
      </trkpt>
      <trkpt lat="46.376024" lon="23.016814">
        <ele>601.1</ele>
      </trkpt>
      <trkpt lat="46.376354" lon="23.016779">
        <ele>602.3</ele>
      </trkpt>
      <trkpt lat="46.376503" lon="23.016698">
        <ele>603</ele>
      </trkpt>
      <trkpt lat="46.376875" lon="23.01625">
        <ele>605.1</ele>
      </trkpt>
      <trkpt lat="46.377766" lon="23.015292">
        <ele>608.3</ele>
      </trkpt>
      <trkpt lat="46.378226" lon="23.014586">
        <ele>612.1</ele>
      </trkpt>
      <trkpt lat="46.378339" lon="23.014447">
        <ele>613.2</ele>
      </trkpt>
      <trkpt lat="46.379192" lon="23.013838">
        <ele>620.5</ele>
      </trkpt>
      <trkpt lat="46.379507" lon="23.013569">
        <ele>622.2</ele>
      </trkpt>
      <trkpt lat="46.379638" lon="23.013444">
        <ele>622.6</ele>
      </trkpt>
      <trkpt lat="46.37978" lon="23.013203">
        <ele>622.8</ele>
      </trkpt>
      <trkpt lat="46.379902" lon="23.012719">
        <ele>622.2</ele>
      </trkpt>
      <trkpt lat="46.379928" lon="23.012547">
        <ele>621.7</ele>
      </trkpt>
      <trkpt lat="46.379924" lon="23.01236">
        <ele>621.2</ele>
      </trkpt>
      <trkpt lat="46.3799" lon="23.012175">
        <ele>620.7</ele>
      </trkpt>
      <trkpt lat="46.37966" lon="23.011071">
        <ele>617.9</ele>
      </trkpt>
      <trkpt lat="46.379624" lon="23.010796">
        <ele>617.5</ele>
      </trkpt>
      <trkpt lat="46.379627" lon="23.010559">
        <ele>617.4</ele>
      </trkpt>
      <trkpt lat="46.379786" lon="23.009864">
        <ele>617.6</ele>
      </trkpt>
      <trkpt lat="46.37981" lon="23.009122">
        <ele>618.9</ele>
      </trkpt>
      <trkpt lat="46.379854" lon="23.008517">
        <ele>620.6</ele>
      </trkpt>
      <trkpt lat="46.379957" lon="23.007698">
        <ele>623.1</ele>
      </trkpt>
      <trkpt lat="46.380028" lon="23.007355">
        <ele>624.3</ele>
      </trkpt>
      <trkpt lat="46.380474" lon="23.005812">
        <ele>628.2</ele>
      </trkpt>
      <trkpt lat="46.380636" lon="23.005039">
        <ele>627.7</ele>
      </trkpt>
      <trkpt lat="46.380773" lon="23.004072">
        <ele>626.1</ele>
      </trkpt>
      <trkpt lat="46.380815" lon="23.003913">
        <ele>625.8</ele>
      </trkpt>
      <trkpt lat="46.380938" lon="23.003664">
        <ele>625.3</ele>
      </trkpt>
      <trkpt lat="46.381888" lon="23.002445">
        <ele>625.5</ele>
      </trkpt>
      <trkpt lat="46.382084" lon="23.002228">
        <ele>626.4</ele>
      </trkpt>
      <trkpt lat="46.382262" lon="23.002066">
        <ele>627.3</ele>
      </trkpt>
      <trkpt lat="46.382633" lon="23.001799">
        <ele>629.5</ele>
      </trkpt>
      <trkpt lat="46.382911" lon="23.001678">
        <ele>631.2</ele>
      </trkpt>
      <trkpt lat="46.383161" lon="23.00164">
        <ele>632.8</ele>
      </trkpt>
      <trkpt lat="46.383906" lon="23.001673">
        <ele>636.7</ele>
      </trkpt>
      <trkpt lat="46.384358" lon="23.001781">
        <ele>637.7</ele>
      </trkpt>
      <trkpt lat="46.38458" lon="23.00175">
        <ele>637.7</ele>
      </trkpt>
      <trkpt lat="46.384806" lon="23.001623">
        <ele>637.3</ele>
      </trkpt>
      <trkpt lat="46.385441" lon="23.001093">
        <ele>633.5</ele>
      </trkpt>
      <trkpt lat="46.385878" lon="23.000715">
        <ele>630</ele>
      </trkpt>
      <trkpt lat="46.386173" lon="23.00035">
        <ele>627.9</ele>
      </trkpt>
      <trkpt lat="46.386426" lon="23.000095">
        <ele>626.9</ele>
      </trkpt>
      <trkpt lat="46.386849" lon="22.999801">
        <ele>626.4</ele>
      </trkpt>
      <trkpt lat="46.387055" lon="22.999701">
        <ele>626.6</ele>
      </trkpt>
      <trkpt lat="46.387316" lon="22.999735">
        <ele>627</ele>
      </trkpt>
      <trkpt lat="46.387475" lon="22.999866">
        <ele>627.3</ele>
      </trkpt>
      <trkpt lat="46.387681" lon="23.000099">
        <ele>627.6</ele>
      </trkpt>
      <trkpt lat="46.387762" lon="23.000149">
        <ele>627.7</ele>
      </trkpt>
      <trkpt lat="46.387957" lon="23.000154">
        <ele>627.8</ele>
      </trkpt>
      <trkpt lat="46.388108" lon="23.000079">
        <ele>627.8</ele>
      </trkpt>
      <trkpt lat="46.388192" lon="22.999996">
        <ele>627.8</ele>
      </trkpt>
      <trkpt lat="46.388282" lon="22.999847">
        <ele>627.6</ele>
      </trkpt>
      <trkpt lat="46.388571" lon="22.999153">
        <ele>625.9</ele>
      </trkpt>
      <trkpt lat="46.388777" lon="22.998872">
        <ele>624.6</ele>
      </trkpt>
      <trkpt lat="46.389105" lon="22.998591">
        <ele>623.3</ele>
      </trkpt>
      <trkpt lat="46.389649" lon="22.998299">
        <ele>623</ele>
      </trkpt>
      <trkpt lat="46.389875" lon="22.998231">
        <ele>623.1</ele>
      </trkpt>
      <trkpt lat="46.390097" lon="22.998207">
        <ele>623.1</ele>
      </trkpt>
      <trkpt lat="46.390603" lon="22.998309">
        <ele>622.2</ele>
      </trkpt>
      <trkpt lat="46.390721" lon="22.998291">
        <ele>621.8</ele>
      </trkpt>
      <trkpt lat="46.390805" lon="22.998239">
        <ele>621.5</ele>
      </trkpt>
      <trkpt lat="46.390869" lon="22.998156">
        <ele>621.2</ele>
      </trkpt>
      <trkpt lat="46.390927" lon="22.998014">
        <ele>620.8</ele>
      </trkpt>
      <trkpt lat="46.390942" lon="22.997872">
        <ele>620.3</ele>
      </trkpt>
      <trkpt lat="46.39082" lon="22.997235">
        <ele>616.7</ele>
      </trkpt>
      <trkpt lat="46.390811" lon="22.997102">
        <ele>615.8</ele>
      </trkpt>
      <trkpt lat="46.390868" lon="22.996842">
        <ele>613.7</ele>
      </trkpt>
      <trkpt lat="46.390936" lon="22.996694">
        <ele>612.3</ele>
      </trkpt>
      <trkpt lat="46.391152" lon="22.996371">
        <ele>608.9</ele>
      </trkpt>
      <trkpt lat="46.391754" lon="22.995727">
        <ele>603.2</ele>
      </trkpt>
      <trkpt lat="46.39237" lon="22.994993">
        <ele>600.2</ele>
      </trkpt>
      <trkpt lat="46.39275" lon="22.994522">
        <ele>598.2</ele>
      </trkpt>
      <trkpt lat="46.392986" lon="22.994176">
        <ele>596.4</ele>
      </trkpt>
      <trkpt lat="46.393062" lon="22.994003">
        <ele>595.6</ele>
      </trkpt>
      <trkpt lat="46.393082" lon="22.993852">
        <ele>594.9</ele>
      </trkpt>
      <trkpt lat="46.393006" lon="22.993272">
        <ele>592.1</ele>
      </trkpt>
      <trkpt lat="46.392998" lon="22.993009">
        <ele>590.7</ele>
      </trkpt>
      <trkpt lat="46.393079" lon="22.992365">
        <ele>587.9</ele>
      </trkpt>
      <trkpt lat="46.393067" lon="22.992247">
        <ele>587.6</ele>
      </trkpt>
      <trkpt lat="46.39303" lon="22.992102">
        <ele>587.2</ele>
      </trkpt>
      <trkpt lat="46.392961" lon="22.991954">
        <ele>586.8</ele>
      </trkpt>
      <trkpt lat="46.392664" lon="22.991476">
        <ele>585.6</ele>
      </trkpt>
      <trkpt lat="46.392505" lon="22.991282">
        <ele>585.2</ele>
      </trkpt>
      <trkpt lat="46.392276" lon="22.991098">
        <ele>584.6</ele>
      </trkpt>
      <trkpt lat="46.392179" lon="22.991055">
        <ele>584.5</ele>
      </trkpt>
      <trkpt lat="46.392054" lon="22.991027">
        <ele>584.3</ele>
      </trkpt>
      <trkpt lat="46.391242" lon="22.990843">
        <ele>583.7</ele>
      </trkpt>
      <trkpt lat="46.390647" lon="22.99066">
        <ele>583.2</ele>
      </trkpt>
      <trkpt lat="46.389726" lon="22.990261">
        <ele>583.4</ele>
      </trkpt>
      <trkpt lat="46.389332" lon="22.990121">
        <ele>583.5</ele>
      </trkpt>
      <trkpt lat="46.389025" lon="22.989973">
        <ele>583.5</ele>
      </trkpt>
      <trkpt lat="46.388927" lon="22.989891">
        <ele>583.5</ele>
      </trkpt>
      <trkpt lat="46.388855" lon="22.989749">
        <ele>583.5</ele>
      </trkpt>
      <trkpt lat="46.388781" lon="22.989452">
        <ele>583.3</ele>
      </trkpt>
      <trkpt lat="46.388602" lon="22.98813">
        <ele>582.2</ele>
      </trkpt>
      <trkpt lat="46.388582" lon="22.98772">
        <ele>582.1</ele>
      </trkpt>
      <trkpt lat="46.388587" lon="22.987508">
        <ele>582</ele>
      </trkpt>
      <trkpt lat="46.388661" lon="22.987063">
        <ele>582.1</ele>
      </trkpt>
      <trkpt lat="46.388772" lon="22.986756">
        <ele>582.3</ele>
      </trkpt>
      <trkpt lat="46.388887" lon="22.986572">
        <ele>582.5</ele>
      </trkpt>
      <trkpt lat="46.389331" lon="22.985961">
        <ele>583.6</ele>
      </trkpt>
      <trkpt lat="46.389402" lon="22.985809">
        <ele>583.9</ele>
      </trkpt>
      <trkpt lat="46.38945" lon="22.985606">
        <ele>584.2</ele>
      </trkpt>
      <trkpt lat="46.389529" lon="22.983018">
        <ele>585.6</ele>
      </trkpt>
      <trkpt lat="46.389531" lon="22.982256">
        <ele>585.3</ele>
      </trkpt>
      <trkpt lat="46.389472" lon="22.981803">
        <ele>584.9</ele>
      </trkpt>
      <trkpt lat="46.389038" lon="22.980563">
        <ele>584.1</ele>
      </trkpt>
      <trkpt lat="46.388992" lon="22.980343">
        <ele>584.1</ele>
      </trkpt>
      <trkpt lat="46.388976" lon="22.98011">
        <ele>584.2</ele>
      </trkpt>
      <trkpt lat="46.388978" lon="22.979912">
        <ele>584.4</ele>
      </trkpt>
      <trkpt lat="46.389011" lon="22.979681">
        <ele>584.5</ele>
      </trkpt>
      <trkpt lat="46.389105" lon="22.979381">
        <ele>584.5</ele>
      </trkpt>
      <trkpt lat="46.389505" lon="22.978557">
        <ele>584.9</ele>
      </trkpt>
      <trkpt lat="46.389651" lon="22.978267">
        <ele>585.1</ele>
      </trkpt>
      <trkpt lat="46.389876" lon="22.977947">
        <ele>585.3</ele>
      </trkpt>
      <trkpt lat="46.390955" lon="22.976937">
        <ele>586.2</ele>
      </trkpt>
      <trkpt lat="46.391245" lon="22.976754">
        <ele>586.6</ele>
      </trkpt>
      <trkpt lat="46.39178" lon="22.976712">
        <ele>586.9</ele>
      </trkpt>
      <trkpt lat="46.391916" lon="22.976634">
        <ele>586.9</ele>
      </trkpt>
      <trkpt lat="46.392261" lon="22.97635">
        <ele>586.8</ele>
      </trkpt>
      <trkpt lat="46.392694" lon="22.97588">
        <ele>586.5</ele>
      </trkpt>
      <trkpt lat="46.39309" lon="22.975091">
        <ele>585.9</ele>
      </trkpt>
      <trkpt lat="46.393187" lon="22.974841">
        <ele>585.8</ele>
      </trkpt>
      <trkpt lat="46.39334" lon="22.974191">
        <ele>585.9</ele>
      </trkpt>
      <trkpt lat="46.393387" lon="22.973848">
        <ele>586.1</ele>
      </trkpt>
      <trkpt lat="46.393425" lon="22.973238">
        <ele>586.6</ele>
      </trkpt>
      <trkpt lat="46.393459" lon="22.971629">
        <ele>588.5</ele>
      </trkpt>
      <trkpt lat="46.393461" lon="22.971122">
        <ele>589</ele>
      </trkpt>
      <trkpt lat="46.393415" lon="22.970091">
        <ele>589.6</ele>
      </trkpt>
      <trkpt lat="46.393398" lon="22.969715">
        <ele>589.7</ele>
      </trkpt>
      <trkpt lat="46.393411" lon="22.968976">
        <ele>590</ele>
      </trkpt>
      <trkpt lat="46.393564" lon="22.967345">
        <ele>590.6</ele>
      </trkpt>
      <trkpt lat="46.393631" lon="22.966987">
        <ele>590.7</ele>
      </trkpt>
      <trkpt lat="46.393692" lon="22.966837">
        <ele>590.7</ele>
      </trkpt>
      <trkpt lat="46.393992" lon="22.966319">
        <ele>590.4</ele>
      </trkpt>
      <trkpt lat="46.394299" lon="22.965791">
        <ele>589.5</ele>
      </trkpt>
      <trkpt lat="46.394752" lon="22.964894">
        <ele>587.7</ele>
      </trkpt>
      <trkpt lat="46.39507" lon="22.964207">
        <ele>587.8</ele>
      </trkpt>
      <trkpt lat="46.395107" lon="22.964126">
        <ele>588</ele>
      </trkpt>
      <trkpt lat="46.395377" lon="22.963535">
        <ele>590.3</ele>
      </trkpt>
      <trkpt lat="46.395457" lon="22.963364">
        <ele>591.2</ele>
      </trkpt>
      <trkpt lat="46.395685" lon="22.962912">
        <ele>593.4</ele>
      </trkpt>
      <trkpt lat="46.395785" lon="22.962778">
        <ele>594.1</ele>
      </trkpt>
      <trkpt lat="46.396011" lon="22.962602">
        <ele>595.3</ele>
      </trkpt>
      <trkpt lat="46.396126" lon="22.962568">
        <ele>595.7</ele>
      </trkpt>
      <trkpt lat="46.396324" lon="22.962568">
        <ele>596.3</ele>
      </trkpt>
      <trkpt lat="46.396819" lon="22.962685">
        <ele>596.6</ele>
      </trkpt>
      <trkpt lat="46.397" lon="22.962666">
        <ele>596.1</ele>
      </trkpt>
      <trkpt lat="46.397239" lon="22.962591">
        <ele>595.2</ele>
      </trkpt>
      <trkpt lat="46.397538" lon="22.962528">
        <ele>593.9</ele>
      </trkpt>
      <trkpt lat="46.398623" lon="22.962445">
        <ele>590.3</ele>
      </trkpt>
      <trkpt lat="46.399504" lon="22.962509">
        <ele>589.4</ele>
      </trkpt>
      <trkpt lat="46.399877" lon="22.96256">
        <ele>589.6</ele>
      </trkpt>
      <trkpt lat="46.40039" lon="22.9627">
        <ele>590.4</ele>
      </trkpt>
      <trkpt lat="46.40135" lon="22.962728">
        <ele>592.2</ele>
      </trkpt>
      <trkpt lat="46.402698" lon="22.962911">
        <ele>593.7</ele>
      </trkpt>
      <trkpt lat="46.402888" lon="22.962952">
        <ele>593.9</ele>
      </trkpt>
      <trkpt lat="46.40307" lon="22.963039">
        <ele>594.1</ele>
      </trkpt>
      <trkpt lat="46.403723" lon="22.963491">
        <ele>594.6</ele>
      </trkpt>
      <trkpt lat="46.404424" lon="22.963783">
        <ele>595.2</ele>
      </trkpt>
      <trkpt lat="46.404708" lon="22.96385">
        <ele>595.4</ele>
      </trkpt>
      <trkpt lat="46.40537" lon="22.964103">
        <ele>596.1</ele>
      </trkpt>
      <trkpt lat="46.406232" lon="22.964207">
        <ele>597.2</ele>
      </trkpt>
      <trkpt lat="46.406924" lon="22.964159">
        <ele>598.9</ele>
      </trkpt>
      <trkpt lat="46.408836" lon="22.964221">
        <ele>604.6</ele>
      </trkpt>
      <trkpt lat="46.409302" lon="22.964191">
        <ele>605.6</ele>
      </trkpt>
      <trkpt lat="46.409484" lon="22.964202">
        <ele>605.8</ele>
      </trkpt>
      <trkpt lat="46.409837" lon="22.964306">
        <ele>606.2</ele>
      </trkpt>
      <trkpt lat="46.410041" lon="22.964509">
        <ele>606.4</ele>
      </trkpt>
      <trkpt lat="46.410477" lon="22.964813">
        <ele>606.5</ele>
      </trkpt>
      <trkpt lat="46.410699" lon="22.965032">
        <ele>606.6</ele>
      </trkpt>
      <trkpt lat="46.410862" lon="22.965279">
        <ele>606.7</ele>
      </trkpt>
      <trkpt lat="46.411131" lon="22.965946">
        <ele>606.9</ele>
      </trkpt>
      <trkpt lat="46.41125" lon="22.966103">
        <ele>606.8</ele>
      </trkpt>
      <trkpt lat="46.411419" lon="22.96618">
        <ele>606.7</ele>
      </trkpt>
      <trkpt lat="46.411771" lon="22.96616">
        <ele>606.1</ele>
      </trkpt>
      <trkpt lat="46.411951" lon="22.966218">
        <ele>605.6</ele>
      </trkpt>
      <trkpt lat="46.412408" lon="22.96666">
        <ele>604.3</ele>
      </trkpt>
      <trkpt lat="46.412603" lon="22.966889">
        <ele>603.6</ele>
      </trkpt>
      <trkpt lat="46.412724" lon="22.967112">
        <ele>603.1</ele>
      </trkpt>
      <trkpt lat="46.413026" lon="22.967862">
        <ele>601.9</ele>
      </trkpt>
      <trkpt lat="46.413142" lon="22.968099">
        <ele>601.7</ele>
      </trkpt>
      <trkpt lat="46.413297" lon="22.968292">
        <ele>601.6</ele>
      </trkpt>
      <trkpt lat="46.413463" lon="22.968439">
        <ele>601.6</ele>
      </trkpt>
      <trkpt lat="46.414459" lon="22.969257">
        <ele>603.8</ele>
      </trkpt>
      <trkpt lat="46.414862" lon="22.969585">
        <ele>605.7</ele>
      </trkpt>
      <trkpt lat="46.415072" lon="22.96968">
        <ele>606.8</ele>
      </trkpt>
      <trkpt lat="46.415308" lon="22.96966">
        <ele>608</ele>
      </trkpt>
      <trkpt lat="46.415562" lon="22.969527">
        <ele>609.5</ele>
      </trkpt>
      <trkpt lat="46.416103" lon="22.969074">
        <ele>612.4</ele>
      </trkpt>
      <trkpt lat="46.417351" lon="22.968423">
        <ele>615.3</ele>
      </trkpt>
      <trkpt lat="46.418352" lon="22.968014">
        <ele>615.2</ele>
      </trkpt>
      <trkpt lat="46.418538" lon="22.967907">
        <ele>615.3</ele>
      </trkpt>
      <trkpt lat="46.418736" lon="22.96774">
        <ele>615.4</ele>
      </trkpt>
      <trkpt lat="46.419345" lon="22.96701">
        <ele>616.5</ele>
      </trkpt>
      <trkpt lat="46.419597" lon="22.966637">
        <ele>617.4</ele>
      </trkpt>
      <trkpt lat="46.420237" lon="22.965784">
        <ele>619.7</ele>
      </trkpt>
      <trkpt lat="46.420903" lon="22.964803">
        <ele>619.6</ele>
      </trkpt>
      <trkpt lat="46.421135" lon="22.964521">
        <ele>618.8</ele>
      </trkpt>
      <trkpt lat="46.421322" lon="22.964382">
        <ele>618.1</ele>
      </trkpt>
      <trkpt lat="46.422284" lon="22.963952">
        <ele>614.5</ele>
      </trkpt>
      <trkpt lat="46.422903" lon="22.9638">
        <ele>614.3</ele>
      </trkpt>
      <trkpt lat="46.423376" lon="22.963631">
        <ele>615.3</ele>
      </trkpt>
      <trkpt lat="46.423676" lon="22.96345">
        <ele>616.3</ele>
      </trkpt>
      <trkpt lat="46.424394" lon="22.962582">
        <ele>617.1</ele>
      </trkpt>
      <trkpt lat="46.424472" lon="22.96251">
        <ele>617</ele>
      </trkpt>
      <trkpt lat="46.424661" lon="22.962437">
        <ele>616.6</ele>
      </trkpt>
      <trkpt lat="46.425571" lon="22.962678">
        <ele>613.9</ele>
      </trkpt>
      <trkpt lat="46.425763" lon="22.962756">
        <ele>613.2</ele>
      </trkpt>
      <trkpt lat="46.426198" lon="22.963035">
        <ele>611.8</ele>
      </trkpt>
      <trkpt lat="46.426477" lon="22.963279">
        <ele>611.4</ele>
      </trkpt>
      <trkpt lat="46.426993" lon="22.96362">
        <ele>611.7</ele>
      </trkpt>
      <trkpt lat="46.427556" lon="22.963916">
        <ele>612.9</ele>
      </trkpt>
      <trkpt lat="46.428254" lon="22.963995">
        <ele>615.4</ele>
      </trkpt>
      <trkpt lat="46.429216" lon="22.964105">
        <ele>618.3</ele>
      </trkpt>
      <trkpt lat="46.43006" lon="22.964279">
        <ele>619.7</ele>
      </trkpt>
      <trkpt lat="46.430535" lon="22.964457">
        <ele>619.6</ele>
      </trkpt>
      <trkpt lat="46.430865" lon="22.964635">
        <ele>619.1</ele>
      </trkpt>
      <trkpt lat="46.431028" lon="22.964758">
        <ele>618.7</ele>
      </trkpt>
      <trkpt lat="46.431266" lon="22.964921">
        <ele>617.9</ele>
      </trkpt>
      <trkpt lat="46.432121" lon="22.965457">
        <ele>615</ele>
      </trkpt>
      <trkpt lat="46.432541" lon="22.965783">
        <ele>614.1</ele>
      </trkpt>
      <trkpt lat="46.433286" lon="22.966249">
        <ele>615.2</ele>
      </trkpt>
      <trkpt lat="46.433713" lon="22.966332">
        <ele>617</ele>
      </trkpt>
      <trkpt lat="46.433905" lon="22.966286">
        <ele>617.8</ele>
      </trkpt>
      <trkpt lat="46.434266" lon="22.966243">
        <ele>619.5</ele>
      </trkpt>
      <trkpt lat="46.434611" lon="22.966306">
        <ele>621.1</ele>
      </trkpt>
      <trkpt lat="46.4353" lon="22.966517">
        <ele>624.4</ele>
      </trkpt>
      <trkpt lat="46.436153" lon="22.966723">
        <ele>626.3</ele>
      </trkpt>
      <trkpt lat="46.436685" lon="22.966916">
        <ele>626.6</ele>
      </trkpt>
      <trkpt lat="46.438456" lon="22.967295">
        <ele>624.2</ele>
      </trkpt>
      <trkpt lat="46.438984" lon="22.967364">
        <ele>623.2</ele>
      </trkpt>
      <trkpt lat="46.439811" lon="22.96737">
        <ele>622.8</ele>
      </trkpt>
      <trkpt lat="46.440182" lon="22.96731">
        <ele>622.8</ele>
      </trkpt>
      <trkpt lat="46.440805" lon="22.967139">
        <ele>622.6</ele>
      </trkpt>
      <trkpt lat="46.441881" lon="22.966643">
        <ele>622.6</ele>
      </trkpt>
      <trkpt lat="46.443321" lon="22.965891">
        <ele>625.1</ele>
      </trkpt>
      <trkpt lat="46.444086" lon="22.965401">
        <ele>625.8</ele>
      </trkpt>
      <trkpt lat="46.444598" lon="22.965178">
        <ele>625</ele>
      </trkpt>
      <trkpt lat="46.444714" lon="22.965133">
        <ele>624.6</ele>
      </trkpt>
      <trkpt lat="46.445656" lon="22.964703">
        <ele>621.5</ele>
      </trkpt>
      <trkpt lat="46.446207" lon="22.964502">
        <ele>620.6</ele>
      </trkpt>
      <trkpt lat="46.447165" lon="22.964266">
        <ele>619.9</ele>
      </trkpt>
      <trkpt lat="46.447309" lon="22.964235">
        <ele>619.8</ele>
      </trkpt>
      <trkpt lat="46.447674" lon="22.96408">
        <ele>619.6</ele>
      </trkpt>
      <trkpt lat="46.448001" lon="22.963952">
        <ele>619.4</ele>
      </trkpt>
      </trkseg>
    </trk>
</gpx>