<?xml version="1.0" encoding="UTF-8"?>
<gpx version="1.1"
     creator="Komoot GPX Exporter"
     xmlns="http://www.topografix.com/GPX/1/1">
  <metadata>
    <name>D4 From Beiuș to Câmpeni</name>
  </metadata>
    <trk>
      <name>D4 From Beiuș to Câmpeni</name>
      <trkseg>
      <trkpt lat="46.666553" lon="22.353128">
        <ele>187.9</ele>
      </trkpt>
      <trkpt lat="46.667059" lon="22.35364">
        <ele>187.9</ele>
      </trkpt>
      <trkpt lat="46.667155" lon="22.353705">
        <ele>187.8</ele>
      </trkpt>
      <trkpt lat="46.667385" lon="22.352916">
        <ele>187.6</ele>
      </trkpt>
      <trkpt lat="46.66731" lon="22.352778">
        <ele>187.6</ele>
      </trkpt>
      <trkpt lat="46.667074" lon="22.352463">
        <ele>187.4</ele>
      </trkpt>
      <trkpt lat="46.666518" lon="22.351513">
        <ele>186.7</ele>
      </trkpt>
      <trkpt lat="46.66636" lon="22.351358">
        <ele>186.5</ele>
      </trkpt>
      <trkpt lat="46.666117" lon="22.351246">
        <ele>186.2</ele>
      </trkpt>
      <trkpt lat="46.665882" lon="22.351091">
        <ele>185.9</ele>
      </trkpt>
      <trkpt lat="46.664982" lon="22.349931">
        <ele>184.9</ele>
      </trkpt>
      <trkpt lat="46.664679" lon="22.349716">
        <ele>184.7</ele>
      </trkpt>
      <trkpt lat="46.664454" lon="22.34956">
        <ele>184.6</ele>
      </trkpt>
      <trkpt lat="46.663934" lon="22.349249">
        <ele>184.3</ele>
      </trkpt>
      <trkpt lat="46.663849" lon="22.349228">
        <ele>184.3</ele>
      </trkpt>
      <trkpt lat="46.663609" lon="22.349239">
        <ele>184.1</ele>
      </trkpt>
      <trkpt lat="46.663257" lon="22.34944">
        <ele>183.9</ele>
      </trkpt>
      <trkpt lat="46.663182" lon="22.349442">
        <ele>183.8</ele>
      </trkpt>
      <trkpt lat="46.662885" lon="22.349237">
        <ele>183.5</ele>
      </trkpt>
      <trkpt lat="46.662669" lon="22.349026">
        <ele>183.2</ele>
      </trkpt>
      <trkpt lat="46.662458" lon="22.348743">
        <ele>182.9</ele>
      </trkpt>
      <trkpt lat="46.661362" lon="22.346903">
        <ele>181.5</ele>
      </trkpt>
      <trkpt lat="46.661261" lon="22.346785">
        <ele>181.4</ele>
      </trkpt>
      <trkpt lat="46.661002" lon="22.346501">
        <ele>181.1</ele>
      </trkpt>
      <trkpt lat="46.660668" lon="22.346045">
        <ele>180.7</ele>
      </trkpt>
      <trkpt lat="46.660224" lon="22.345172">
        <ele>180.2</ele>
      </trkpt>
      <trkpt lat="46.6596" lon="22.343796">
        <ele>179.6</ele>
      </trkpt>
      <trkpt lat="46.659509" lon="22.34363">
        <ele>179.6</ele>
      </trkpt>
      <trkpt lat="46.659406" lon="22.343505">
        <ele>179.5</ele>
      </trkpt>
      <trkpt lat="46.659056" lon="22.343494">
        <ele>179.3</ele>
      </trkpt>
      <trkpt lat="46.658517" lon="22.343996">
        <ele>178.8</ele>
      </trkpt>
      <trkpt lat="46.658164" lon="22.344329">
        <ele>178.7</ele>
      </trkpt>
      <trkpt lat="46.657984" lon="22.344439">
        <ele>178.7</ele>
      </trkpt>
      <trkpt lat="46.657199" lon="22.344806">
        <ele>179</ele>
      </trkpt>
      <trkpt lat="46.65652" lon="22.345064">
        <ele>179.4</ele>
      </trkpt>
      <trkpt lat="46.655965" lon="22.345111">
        <ele>179.8</ele>
      </trkpt>
      <trkpt lat="46.655838" lon="22.345095">
        <ele>179.8</ele>
      </trkpt>
      <trkpt lat="46.655324" lon="22.344906">
        <ele>180.2</ele>
      </trkpt>
      <trkpt lat="46.654339" lon="22.344798">
        <ele>180.5</ele>
      </trkpt>
      <trkpt lat="46.654176" lon="22.344814">
        <ele>180.5</ele>
      </trkpt>
      <trkpt lat="46.65397" lon="22.344984">
        <ele>180.6</ele>
      </trkpt>
      <trkpt lat="46.653719" lon="22.345293">
        <ele>180.6</ele>
      </trkpt>
      <trkpt lat="46.653593" lon="22.345396">
        <ele>180.6</ele>
      </trkpt>
      <trkpt lat="46.652941" lon="22.345859">
        <ele>180.6</ele>
      </trkpt>
      <trkpt lat="46.652235" lon="22.346259">
        <ele>180.8</ele>
      </trkpt>
      <trkpt lat="46.651339" lon="22.346941">
        <ele>181.5</ele>
      </trkpt>
      <trkpt lat="46.651195" lon="22.347081">
        <ele>181.7</ele>
      </trkpt>
      <trkpt lat="46.651088" lon="22.347206">
        <ele>181.8</ele>
      </trkpt>
      <trkpt lat="46.650983" lon="22.347439">
        <ele>181.9</ele>
      </trkpt>
      <trkpt lat="46.650666" lon="22.348331">
        <ele>182.6</ele>
      </trkpt>
      <trkpt lat="46.650523" lon="22.348652">
        <ele>182.8</ele>
      </trkpt>
      <trkpt lat="46.650375" lon="22.348954">
        <ele>183</ele>
      </trkpt>
      <trkpt lat="46.649916" lon="22.349754">
        <ele>183.4</ele>
      </trkpt>
      <trkpt lat="46.64951" lon="22.350373">
        <ele>183.7</ele>
      </trkpt>
      <trkpt lat="46.648948" lon="22.350893">
        <ele>183.9</ele>
      </trkpt>
      <trkpt lat="46.648845" lon="22.351043">
        <ele>183.9</ele>
      </trkpt>
      <trkpt lat="46.648629" lon="22.351492">
        <ele>184</ele>
      </trkpt>
      <trkpt lat="46.64853" lon="22.351617">
        <ele>184</ele>
      </trkpt>
      <trkpt lat="46.648419" lon="22.351704">
        <ele>183.9</ele>
      </trkpt>
      <trkpt lat="46.647159" lon="22.352167">
        <ele>183.8</ele>
      </trkpt>
      <trkpt lat="46.646406" lon="22.352261">
        <ele>183.8</ele>
      </trkpt>
      <trkpt lat="46.645417" lon="22.352181">
        <ele>184.1</ele>
      </trkpt>
      <trkpt lat="46.644755" lon="22.352366">
        <ele>184.5</ele>
      </trkpt>
      <trkpt lat="46.644598" lon="22.352458">
        <ele>184.6</ele>
      </trkpt>
      <trkpt lat="46.644181" lon="22.352784">
        <ele>184.9</ele>
      </trkpt>
      <trkpt lat="46.64368" lon="22.353211">
        <ele>185</ele>
      </trkpt>
      <trkpt lat="46.643527" lon="22.353406">
        <ele>185</ele>
      </trkpt>
      <trkpt lat="46.643422" lon="22.353626">
        <ele>185.1</ele>
      </trkpt>
      <trkpt lat="46.643267" lon="22.354519">
        <ele>185.2</ele>
      </trkpt>
      <trkpt lat="46.643209" lon="22.35471">
        <ele>185.3</ele>
      </trkpt>
      <trkpt lat="46.64308" lon="22.354892">
        <ele>185.4</ele>
      </trkpt>
      <trkpt lat="46.642998" lon="22.354939">
        <ele>185.4</ele>
      </trkpt>
      <trkpt lat="46.642728" lon="22.354948">
        <ele>185.6</ele>
      </trkpt>
      <trkpt lat="46.642467" lon="22.354871">
        <ele>185.8</ele>
      </trkpt>
      <trkpt lat="46.64238" lon="22.354888">
        <ele>185.9</ele>
      </trkpt>
      <trkpt lat="46.64226" lon="22.354991">
        <ele>186</ele>
      </trkpt>
      <trkpt lat="46.642156" lon="22.355153">
        <ele>186.2</ele>
      </trkpt>
      <trkpt lat="46.641787" lon="22.355952">
        <ele>186.7</ele>
      </trkpt>
      <trkpt lat="46.641294" lon="22.356741">
        <ele>186.8</ele>
      </trkpt>
      <trkpt lat="46.640646" lon="22.357701">
        <ele>186.8</ele>
      </trkpt>
      <trkpt lat="46.640461" lon="22.357927">
        <ele>186.9</ele>
      </trkpt>
      <trkpt lat="46.639805" lon="22.358321">
        <ele>187.6</ele>
      </trkpt>
      <trkpt lat="46.639513" lon="22.35858">
        <ele>188</ele>
      </trkpt>
      <trkpt lat="46.638832" lon="22.359559">
        <ele>189.1</ele>
      </trkpt>
      <trkpt lat="46.637477" lon="22.360858">
        <ele>190.1</ele>
      </trkpt>
      <trkpt lat="46.636606" lon="22.361515">
        <ele>190.9</ele>
      </trkpt>
      <trkpt lat="46.635461" lon="22.362415">
        <ele>192.4</ele>
      </trkpt>
      <trkpt lat="46.635049" lon="22.362762">
        <ele>193</ele>
      </trkpt>
      <trkpt lat="46.634714" lon="22.363092">
        <ele>193.5</ele>
      </trkpt>
      <trkpt lat="46.634241" lon="22.363626">
        <ele>194</ele>
      </trkpt>
      <trkpt lat="46.633476" lon="22.364448">
        <ele>194.3</ele>
      </trkpt>
      <trkpt lat="46.632713" lon="22.365574">
        <ele>193.8</ele>
      </trkpt>
      <trkpt lat="46.632557" lon="22.365753">
        <ele>193.6</ele>
      </trkpt>
      <trkpt lat="46.631965" lon="22.366565">
        <ele>192.9</ele>
      </trkpt>
      <trkpt lat="46.631695" lon="22.36694">
        <ele>192.6</ele>
      </trkpt>
      <trkpt lat="46.631345" lon="22.367671">
        <ele>192</ele>
      </trkpt>
      <trkpt lat="46.631053" lon="22.368114">
        <ele>191.6</ele>
      </trkpt>
      <trkpt lat="46.630566" lon="22.368684">
        <ele>191.3</ele>
      </trkpt>
      <trkpt lat="46.630077" lon="22.369051">
        <ele>191.3</ele>
      </trkpt>
      <trkpt lat="46.629708" lon="22.369422">
        <ele>191.5</ele>
      </trkpt>
      <trkpt lat="46.629407" lon="22.36977">
        <ele>191.8</ele>
      </trkpt>
      <trkpt lat="46.629193" lon="22.370126">
        <ele>192</ele>
      </trkpt>
      <trkpt lat="46.628905" lon="22.370981">
        <ele>192.5</ele>
      </trkpt>
      <trkpt lat="46.628833" lon="22.371136">
        <ele>192.6</ele>
      </trkpt>
      <trkpt lat="46.628743" lon="22.371275">
        <ele>192.6</ele>
      </trkpt>
      <trkpt lat="46.628361" lon="22.371663">
        <ele>192.7</ele>
      </trkpt>
      <trkpt lat="46.628275" lon="22.371733">
        <ele>192.8</ele>
      </trkpt>
      <trkpt lat="46.627678" lon="22.372039">
        <ele>192.8</ele>
      </trkpt>
      <trkpt lat="46.627087" lon="22.372304">
        <ele>192.9</ele>
      </trkpt>
      <trkpt lat="46.626912" lon="22.372421">
        <ele>192.9</ele>
      </trkpt>
      <trkpt lat="46.6261" lon="22.373424">
        <ele>193.5</ele>
      </trkpt>
      <trkpt lat="46.625822" lon="22.373633">
        <ele>193.7</ele>
      </trkpt>
      <trkpt lat="46.625629" lon="22.373695">
        <ele>193.9</ele>
      </trkpt>
      <trkpt lat="46.625215" lon="22.373608">
        <ele>194.4</ele>
      </trkpt>
      <trkpt lat="46.625048" lon="22.373616">
        <ele>194.6</ele>
      </trkpt>
      <trkpt lat="46.624894" lon="22.37367">
        <ele>194.9</ele>
      </trkpt>
      <trkpt lat="46.624512" lon="22.37395">
        <ele>195.7</ele>
      </trkpt>
      <trkpt lat="46.623726" lon="22.374675">
        <ele>198.2</ele>
      </trkpt>
      <trkpt lat="46.623587" lon="22.374753">
        <ele>198.7</ele>
      </trkpt>
      <trkpt lat="46.623188" lon="22.374873">
        <ele>199.8</ele>
      </trkpt>
      <trkpt lat="46.62305" lon="22.374944">
        <ele>200.1</ele>
      </trkpt>
      <trkpt lat="46.622878" lon="22.375086">
        <ele>200.5</ele>
      </trkpt>
      <trkpt lat="46.622701" lon="22.37535">
        <ele>200.9</ele>
      </trkpt>
      <trkpt lat="46.622628" lon="22.375503">
        <ele>201</ele>
      </trkpt>
      <trkpt lat="46.622533" lon="22.375843">
        <ele>201.1</ele>
      </trkpt>
      <trkpt lat="46.622442" lon="22.376703">
        <ele>200.7</ele>
      </trkpt>
      <trkpt lat="46.622261" lon="22.377544">
        <ele>199.8</ele>
      </trkpt>
      <trkpt lat="46.622228" lon="22.378218">
        <ele>199.2</ele>
      </trkpt>
      <trkpt lat="46.622191" lon="22.378457">
        <ele>199</ele>
      </trkpt>
      <trkpt lat="46.621941" lon="22.379184">
        <ele>198.8</ele>
      </trkpt>
      <trkpt lat="46.621831" lon="22.379422">
        <ele>198.8</ele>
      </trkpt>
      <trkpt lat="46.621719" lon="22.379559">
        <ele>198.9</ele>
      </trkpt>
      <trkpt lat="46.621342" lon="22.379869">
        <ele>199</ele>
      </trkpt>
      <trkpt lat="46.620681" lon="22.380286">
        <ele>199.4</ele>
      </trkpt>
      <trkpt lat="46.620581" lon="22.380382">
        <ele>199.4</ele>
      </trkpt>
      <trkpt lat="46.620246" lon="22.380865">
        <ele>199.6</ele>
      </trkpt>
      <trkpt lat="46.619657" lon="22.381634">
        <ele>199.6</ele>
      </trkpt>
      <trkpt lat="46.619197" lon="22.382435">
        <ele>199.6</ele>
      </trkpt>
      <trkpt lat="46.618569" lon="22.383382">
        <ele>200</ele>
      </trkpt>
      <trkpt lat="46.618081" lon="22.383912">
        <ele>200.9</ele>
      </trkpt>
      <trkpt lat="46.617759" lon="22.384123">
        <ele>201.7</ele>
      </trkpt>
      <trkpt lat="46.617643" lon="22.384305">
        <ele>202</ele>
      </trkpt>
      <trkpt lat="46.617407" lon="22.384269">
        <ele>202.6</ele>
      </trkpt>
      <trkpt lat="46.616985" lon="22.384124">
        <ele>203.5</ele>
      </trkpt>
      <trkpt lat="46.616809" lon="22.384196">
        <ele>203.8</ele>
      </trkpt>
      <trkpt lat="46.613862" lon="22.386668">
        <ele>206.9</ele>
      </trkpt>
      <trkpt lat="46.613401" lon="22.385932">
        <ele>207.9</ele>
      </trkpt>
      <trkpt lat="46.612771" lon="22.385004">
        <ele>209</ele>
      </trkpt>
      <trkpt lat="46.612193" lon="22.385854">
        <ele>209.4</ele>
      </trkpt>
      <trkpt lat="46.611955" lon="22.386363">
        <ele>209.4</ele>
      </trkpt>
      <trkpt lat="46.611788" lon="22.386927">
        <ele>209.5</ele>
      </trkpt>
      <trkpt lat="46.611627" lon="22.387195">
        <ele>209.5</ele>
      </trkpt>
      <trkpt lat="46.610576" lon="22.388195">
        <ele>209.7</ele>
      </trkpt>
      <trkpt lat="46.610255" lon="22.388551">
        <ele>209.9</ele>
      </trkpt>
      <trkpt lat="46.610053" lon="22.388857">
        <ele>210</ele>
      </trkpt>
      <trkpt lat="46.609663" lon="22.389636">
        <ele>210.3</ele>
      </trkpt>
      <trkpt lat="46.609444" lon="22.38996">
        <ele>210.5</ele>
      </trkpt>
      <trkpt lat="46.609324" lon="22.390096">
        <ele>210.6</ele>
      </trkpt>
      <trkpt lat="46.608944" lon="22.390352">
        <ele>210.9</ele>
      </trkpt>
      <trkpt lat="46.608033" lon="22.391108">
        <ele>211</ele>
      </trkpt>
      <trkpt lat="46.60798" lon="22.39121">
        <ele>210.9</ele>
      </trkpt>
      <trkpt lat="46.607946" lon="22.391362">
        <ele>210.9</ele>
      </trkpt>
      <trkpt lat="46.607984" lon="22.391605">
        <ele>210.8</ele>
      </trkpt>
      <trkpt lat="46.60833" lon="22.392605">
        <ele>210.2</ele>
      </trkpt>
      <trkpt lat="46.608628" lon="22.393661">
        <ele>209.5</ele>
      </trkpt>
      <trkpt lat="46.608626" lon="22.393951">
        <ele>209.3</ele>
      </trkpt>
      <trkpt lat="46.60856" lon="22.394368">
        <ele>209.1</ele>
      </trkpt>
      <trkpt lat="46.608548" lon="22.394595">
        <ele>209</ele>
      </trkpt>
      <trkpt lat="46.608654" lon="22.395173">
        <ele>208.6</ele>
      </trkpt>
      <trkpt lat="46.608791" lon="22.396182">
        <ele>208</ele>
      </trkpt>
      <trkpt lat="46.608848" lon="22.396893">
        <ele>207.6</ele>
      </trkpt>
      <trkpt lat="46.608971" lon="22.3973">
        <ele>207.3</ele>
      </trkpt>
      <trkpt lat="46.609367" lon="22.398274">
        <ele>206.4</ele>
      </trkpt>
      <trkpt lat="46.609377" lon="22.398381">
        <ele>206.3</ele>
      </trkpt>
      <trkpt lat="46.609278" lon="22.398536">
        <ele>206.1</ele>
      </trkpt>
      <trkpt lat="46.608633" lon="22.39904">
        <ele>205.4</ele>
      </trkpt>
      <trkpt lat="46.608119" lon="22.399239">
        <ele>205</ele>
      </trkpt>
      <trkpt lat="46.607396" lon="22.399778">
        <ele>205</ele>
      </trkpt>
      <trkpt lat="46.607211" lon="22.399875">
        <ele>205.1</ele>
      </trkpt>
      <trkpt lat="46.607057" lon="22.399877">
        <ele>205.2</ele>
      </trkpt>
      <trkpt lat="46.606976" lon="22.399836">
        <ele>205.2</ele>
      </trkpt>
      <trkpt lat="46.606539" lon="22.399437">
        <ele>205.5</ele>
      </trkpt>
      <trkpt lat="46.606193" lon="22.399209">
        <ele>205.8</ele>
      </trkpt>
      <trkpt lat="46.605907" lon="22.399109">
        <ele>206.1</ele>
      </trkpt>
      <trkpt lat="46.605735" lon="22.39909">
        <ele>206.2</ele>
      </trkpt>
      <trkpt lat="46.60565" lon="22.399115">
        <ele>206.3</ele>
      </trkpt>
      <trkpt lat="46.605466" lon="22.399245">
        <ele>206.5</ele>
      </trkpt>
      <trkpt lat="46.60491" lon="22.39979">
        <ele>207</ele>
      </trkpt>
      <trkpt lat="46.604692" lon="22.399895">
        <ele>207.2</ele>
      </trkpt>
      <trkpt lat="46.604076" lon="22.400053">
        <ele>207.5</ele>
      </trkpt>
      <trkpt lat="46.603838" lon="22.4002">
        <ele>207.7</ele>
      </trkpt>
      <trkpt lat="46.602999" lon="22.401024">
        <ele>208.4</ele>
      </trkpt>
      <trkpt lat="46.602776" lon="22.401171">
        <ele>208.6</ele>
      </trkpt>
      <trkpt lat="46.602176" lon="22.401483">
        <ele>209.1</ele>
      </trkpt>
      <trkpt lat="46.60149" lon="22.402038">
        <ele>209.7</ele>
      </trkpt>
      <trkpt lat="46.601272" lon="22.401992">
        <ele>209.9</ele>
      </trkpt>
      <trkpt lat="46.599705" lon="22.401224">
        <ele>211.7</ele>
      </trkpt>
      <trkpt lat="46.599241" lon="22.400968">
        <ele>212.5</ele>
      </trkpt>
      <trkpt lat="46.598716" lon="22.400627">
        <ele>213.3</ele>
      </trkpt>
      <trkpt lat="46.598514" lon="22.400565">
        <ele>213.6</ele>
      </trkpt>
      <trkpt lat="46.598395" lon="22.400587">
        <ele>213.7</ele>
      </trkpt>
      <trkpt lat="46.597554" lon="22.40129">
        <ele>214.3</ele>
      </trkpt>
      <trkpt lat="46.597444" lon="22.401408">
        <ele>214.4</ele>
      </trkpt>
      <trkpt lat="46.597404" lon="22.401618">
        <ele>214.5</ele>
      </trkpt>
      <trkpt lat="46.59749" lon="22.402255">
        <ele>214.7</ele>
      </trkpt>
      <trkpt lat="46.597461" lon="22.402681">
        <ele>214.9</ele>
      </trkpt>
      <trkpt lat="46.597409" lon="22.402823">
        <ele>215.1</ele>
      </trkpt>
      <trkpt lat="46.597325" lon="22.402883">
        <ele>215.1</ele>
      </trkpt>
      <trkpt lat="46.596747" lon="22.403108">
        <ele>215.9</ele>
      </trkpt>
      <trkpt lat="46.59661" lon="22.403069">
        <ele>216.1</ele>
      </trkpt>
      <trkpt lat="46.596363" lon="22.402749">
        <ele>216.6</ele>
      </trkpt>
      <trkpt lat="46.596088" lon="22.402474">
        <ele>217.1</ele>
      </trkpt>
      <trkpt lat="46.595913" lon="22.402353">
        <ele>217.3</ele>
      </trkpt>
      <trkpt lat="46.594334" lon="22.401588">
        <ele>219</ele>
      </trkpt>
      <trkpt lat="46.594118" lon="22.401477">
        <ele>219.1</ele>
      </trkpt>
      <trkpt lat="46.593873" lon="22.401399">
        <ele>219.2</ele>
      </trkpt>
      <trkpt lat="46.593658" lon="22.401392">
        <ele>219.3</ele>
      </trkpt>
      <trkpt lat="46.593567" lon="22.401427">
        <ele>219.3</ele>
      </trkpt>
      <trkpt lat="46.593042" lon="22.402029">
        <ele>219.2</ele>
      </trkpt>
      <trkpt lat="46.592326" lon="22.403036">
        <ele>218.2</ele>
      </trkpt>
      <trkpt lat="46.592301" lon="22.403125">
        <ele>218.1</ele>
      </trkpt>
      <trkpt lat="46.592292" lon="22.403328">
        <ele>218</ele>
      </trkpt>
      <trkpt lat="46.59245" lon="22.40376">
        <ele>217.6</ele>
      </trkpt>
      <trkpt lat="46.592466" lon="22.403915">
        <ele>217.5</ele>
      </trkpt>
      <trkpt lat="46.592405" lon="22.404119">
        <ele>217.4</ele>
      </trkpt>
      <trkpt lat="46.592128" lon="22.404598">
        <ele>217</ele>
      </trkpt>
      <trkpt lat="46.591727" lon="22.405213">
        <ele>216.8</ele>
      </trkpt>
      <trkpt lat="46.591508" lon="22.405445">
        <ele>216.8</ele>
      </trkpt>
      <trkpt lat="46.591308" lon="22.405531">
        <ele>216.8</ele>
      </trkpt>
      <trkpt lat="46.590953" lon="22.405539">
        <ele>216.8</ele>
      </trkpt>
      <trkpt lat="46.590821" lon="22.405606">
        <ele>216.7</ele>
      </trkpt>
      <trkpt lat="46.59077" lon="22.405676">
        <ele>216.7</ele>
      </trkpt>
      <trkpt lat="46.590715" lon="22.405808">
        <ele>216.7</ele>
      </trkpt>
      <trkpt lat="46.590448" lon="22.406855">
        <ele>216.6</ele>
      </trkpt>
      <trkpt lat="46.589813" lon="22.407885">
        <ele>216.5</ele>
      </trkpt>
      <trkpt lat="46.589025" lon="22.409295">
        <ele>217.1</ele>
      </trkpt>
      <trkpt lat="46.588871" lon="22.409525">
        <ele>217.4</ele>
      </trkpt>
      <trkpt lat="46.587857" lon="22.410437">
        <ele>219.1</ele>
      </trkpt>
      <trkpt lat="46.587528" lon="22.410678">
        <ele>219.7</ele>
      </trkpt>
      <trkpt lat="46.586738" lon="22.411098">
        <ele>221.4</ele>
      </trkpt>
      <trkpt lat="46.586347" lon="22.411341">
        <ele>222.5</ele>
      </trkpt>
      <trkpt lat="46.585939" lon="22.411151">
        <ele>223.6</ele>
      </trkpt>
      <trkpt lat="46.585057" lon="22.410888">
        <ele>226</ele>
      </trkpt>
      <trkpt lat="46.584709" lon="22.410839">
        <ele>226.8</ele>
      </trkpt>
      <trkpt lat="46.584518" lon="22.410857">
        <ele>227.1</ele>
      </trkpt>
      <trkpt lat="46.584376" lon="22.41096">
        <ele>227.3</ele>
      </trkpt>
      <trkpt lat="46.58402" lon="22.411434">
        <ele>227.6</ele>
      </trkpt>
      <trkpt lat="46.58363" lon="22.411894">
        <ele>227.5</ele>
      </trkpt>
      <trkpt lat="46.583173" lon="22.412725">
        <ele>227</ele>
      </trkpt>
      <trkpt lat="46.58214" lon="22.414417">
        <ele>226.3</ele>
      </trkpt>
      <trkpt lat="46.581442" lon="22.415911">
        <ele>226.8</ele>
      </trkpt>
      <trkpt lat="46.578557" lon="22.411635">
        <ele>232.8</ele>
      </trkpt>
      <trkpt lat="46.57824" lon="22.411114">
        <ele>233.6</ele>
      </trkpt>
      <trkpt lat="46.578123" lon="22.411022">
        <ele>233.8</ele>
      </trkpt>
      <trkpt lat="46.577996" lon="22.41098">
        <ele>234</ele>
      </trkpt>
      <trkpt lat="46.577769" lon="22.410989">
        <ele>234.3</ele>
      </trkpt>
      <trkpt lat="46.577087" lon="22.411168">
        <ele>235.3</ele>
      </trkpt>
      <trkpt lat="46.576277" lon="22.411438">
        <ele>235.7</ele>
      </trkpt>
      <trkpt lat="46.576147" lon="22.411484">
        <ele>235.7</ele>
      </trkpt>
      <trkpt lat="46.576082" lon="22.411569">
        <ele>235.7</ele>
      </trkpt>
      <trkpt lat="46.576099" lon="22.411683">
        <ele>235.8</ele>
      </trkpt>
      <trkpt lat="46.576404" lon="22.412259">
        <ele>235.9</ele>
      </trkpt>
      <trkpt lat="46.576557" lon="22.412622">
        <ele>235.9</ele>
      </trkpt>
      <trkpt lat="46.576741" lon="22.413334">
        <ele>235.7</ele>
      </trkpt>
      <trkpt lat="46.576856" lon="22.41362">
        <ele>235.6</ele>
      </trkpt>
      <trkpt lat="46.576966" lon="22.413752">
        <ele>235.6</ele>
      </trkpt>
      <trkpt lat="46.577337" lon="22.414063">
        <ele>235.8</ele>
      </trkpt>
      <trkpt lat="46.57759" lon="22.414399">
        <ele>235.7</ele>
      </trkpt>
      <trkpt lat="46.577523" lon="22.414535">
        <ele>235.6</ele>
      </trkpt>
      <trkpt lat="46.57747" lon="22.414637">
        <ele>235.5</ele>
      </trkpt>
      <trkpt lat="46.57737" lon="22.414887">
        <ele>235.3</ele>
      </trkpt>
      <trkpt lat="46.577252" lon="22.415326">
        <ele>234.8</ele>
      </trkpt>
      <trkpt lat="46.577162" lon="22.415595">
        <ele>234.4</ele>
      </trkpt>
      <trkpt lat="46.576565" lon="22.416814">
        <ele>232.1</ele>
      </trkpt>
      <trkpt lat="46.57633" lon="22.417174">
        <ele>231.4</ele>
      </trkpt>
      <trkpt lat="46.576198" lon="22.417288">
        <ele>231.2</ele>
      </trkpt>
      <trkpt lat="46.576099" lon="22.417325">
        <ele>231.1</ele>
      </trkpt>
      <trkpt lat="46.575747" lon="22.417285">
        <ele>230.9</ele>
      </trkpt>
      <trkpt lat="46.575297" lon="22.417054">
        <ele>230.6</ele>
      </trkpt>
      <trkpt lat="46.575115" lon="22.416998">
        <ele>230.6</ele>
      </trkpt>
      <trkpt lat="46.574898" lon="22.416997">
        <ele>230.4</ele>
      </trkpt>
      <trkpt lat="46.574722" lon="22.41709">
        <ele>230.2</ele>
      </trkpt>
      <trkpt lat="46.574603" lon="22.417216">
        <ele>230</ele>
      </trkpt>
      <trkpt lat="46.574472" lon="22.41743">
        <ele>229.7</ele>
      </trkpt>
      <trkpt lat="46.57414" lon="22.41817">
        <ele>228.4</ele>
      </trkpt>
      <trkpt lat="46.5737" lon="22.418869">
        <ele>227.1</ele>
      </trkpt>
      <trkpt lat="46.573625" lon="22.419075">
        <ele>226.9</ele>
      </trkpt>
      <trkpt lat="46.573437" lon="22.41976">
        <ele>226.5</ele>
      </trkpt>
      <trkpt lat="46.57331" lon="22.419986">
        <ele>226.4</ele>
      </trkpt>
      <trkpt lat="46.572241" lon="22.420998">
        <ele>226.4</ele>
      </trkpt>
      <trkpt lat="46.571644" lon="22.421417">
        <ele>226.7</ele>
      </trkpt>
      <trkpt lat="46.571475" lon="22.421475">
        <ele>226.7</ele>
      </trkpt>
      <trkpt lat="46.571326" lon="22.421486">
        <ele>226.8</ele>
      </trkpt>
      <trkpt lat="46.571092" lon="22.42143">
        <ele>226.9</ele>
      </trkpt>
      <trkpt lat="46.570596" lon="22.421208">
        <ele>227.1</ele>
      </trkpt>
      <trkpt lat="46.570468" lon="22.4212">
        <ele>227.1</ele>
      </trkpt>
      <trkpt lat="46.570313" lon="22.421265">
        <ele>227.2</ele>
      </trkpt>
      <trkpt lat="46.570215" lon="22.421382">
        <ele>227.2</ele>
      </trkpt>
      <trkpt lat="46.570178" lon="22.421502">
        <ele>227.2</ele>
      </trkpt>
      <trkpt lat="46.57016" lon="22.421625">
        <ele>227.3</ele>
      </trkpt>
      <trkpt lat="46.570155" lon="22.422153">
        <ele>227.4</ele>
      </trkpt>
      <trkpt lat="46.570097" lon="22.42234">
        <ele>227.5</ele>
      </trkpt>
      <trkpt lat="46.57002" lon="22.422444">
        <ele>227.5</ele>
      </trkpt>
      <trkpt lat="46.569864" lon="22.422534">
        <ele>227.6</ele>
      </trkpt>
      <trkpt lat="46.569296" lon="22.422563">
        <ele>228</ele>
      </trkpt>
      <trkpt lat="46.569067" lon="22.422677">
        <ele>228.1</ele>
      </trkpt>
      <trkpt lat="46.568472" lon="22.42306">
        <ele>228.7</ele>
      </trkpt>
      <trkpt lat="46.5681" lon="22.42322">
        <ele>229.1</ele>
      </trkpt>
      <trkpt lat="46.566914" lon="22.423452">
        <ele>230.3</ele>
      </trkpt>
      <trkpt lat="46.566598" lon="22.423587">
        <ele>230.9</ele>
      </trkpt>
      <trkpt lat="46.56641" lon="22.423691">
        <ele>231.4</ele>
      </trkpt>
      <trkpt lat="46.56619" lon="22.42368">
        <ele>232</ele>
      </trkpt>
      <trkpt lat="46.5652" lon="22.423194">
        <ele>235.6</ele>
      </trkpt>
      <trkpt lat="46.563999" lon="22.422545">
        <ele>237.6</ele>
      </trkpt>
      <trkpt lat="46.563731" lon="22.423496">
        <ele>237.3</ele>
      </trkpt>
      <trkpt lat="46.563629" lon="22.423646">
        <ele>237.2</ele>
      </trkpt>
      <trkpt lat="46.563532" lon="22.423729">
        <ele>237.1</ele>
      </trkpt>
      <trkpt lat="46.563378" lon="22.423825">
        <ele>237</ele>
      </trkpt>
      <trkpt lat="46.563173" lon="22.423834">
        <ele>236.9</ele>
      </trkpt>
      <trkpt lat="46.56278" lon="22.423777">
        <ele>237.2</ele>
      </trkpt>
      <trkpt lat="46.562221" lon="22.423749">
        <ele>238.4</ele>
      </trkpt>
      <trkpt lat="46.562101" lon="22.423769">
        <ele>238.6</ele>
      </trkpt>
      <trkpt lat="46.561908" lon="22.423874">
        <ele>238.9</ele>
      </trkpt>
      <trkpt lat="46.561653" lon="22.424008">
        <ele>239.3</ele>
      </trkpt>
      <trkpt lat="46.560901" lon="22.424222">
        <ele>240.2</ele>
      </trkpt>
      <trkpt lat="46.560691" lon="22.424226">
        <ele>240.5</ele>
      </trkpt>
      <trkpt lat="46.56011" lon="22.424039">
        <ele>241.2</ele>
      </trkpt>
      <trkpt lat="46.55992" lon="22.424029">
        <ele>241.4</ele>
      </trkpt>
      <trkpt lat="46.559655" lon="22.424077">
        <ele>241.8</ele>
      </trkpt>
      <trkpt lat="46.558506" lon="22.424551">
        <ele>242.6</ele>
      </trkpt>
      <trkpt lat="46.557989" lon="22.424867">
        <ele>242.3</ele>
      </trkpt>
      <trkpt lat="46.557596" lon="22.425167">
        <ele>241.8</ele>
      </trkpt>
      <trkpt lat="46.557102" lon="22.425881">
        <ele>240.7</ele>
      </trkpt>
      <trkpt lat="46.55695" lon="22.426041">
        <ele>240.3</ele>
      </trkpt>
      <trkpt lat="46.556693" lon="22.426195">
        <ele>239.8</ele>
      </trkpt>
      <trkpt lat="46.555223" lon="22.426924">
        <ele>238.6</ele>
      </trkpt>
      <trkpt lat="46.554892" lon="22.427025">
        <ele>239.1</ele>
      </trkpt>
      <trkpt lat="46.554011" lon="22.427104">
        <ele>241</ele>
      </trkpt>
      <trkpt lat="46.553414" lon="22.427296">
        <ele>242</ele>
      </trkpt>
      <trkpt lat="46.553064" lon="22.427336">
        <ele>241.9</ele>
      </trkpt>
      <trkpt lat="46.552859" lon="22.427492">
        <ele>241.6</ele>
      </trkpt>
      <trkpt lat="46.552728" lon="22.427633">
        <ele>241.3</ele>
      </trkpt>
      <trkpt lat="46.552623" lon="22.427795">
        <ele>241</ele>
      </trkpt>
      <trkpt lat="46.552772" lon="22.428303">
        <ele>240</ele>
      </trkpt>
      <trkpt lat="46.553045" lon="22.428953">
        <ele>238.8</ele>
      </trkpt>
      <trkpt lat="46.55291" lon="22.429519">
        <ele>238.1</ele>
      </trkpt>
      <trkpt lat="46.552512" lon="22.429486">
        <ele>237.8</ele>
      </trkpt>
      <trkpt lat="46.552235" lon="22.429556">
        <ele>237.9</ele>
      </trkpt>
      <trkpt lat="46.551287" lon="22.430157">
        <ele>238.8</ele>
      </trkpt>
      <trkpt lat="46.550388" lon="22.430619">
        <ele>239.1</ele>
      </trkpt>
      <trkpt lat="46.550236" lon="22.430676">
        <ele>239.2</ele>
      </trkpt>
      <trkpt lat="46.549698" lon="22.430779">
        <ele>239.4</ele>
      </trkpt>
      <trkpt lat="46.549459" lon="22.430906">
        <ele>239.4</ele>
      </trkpt>
      <trkpt lat="46.548737" lon="22.431189">
        <ele>240.4</ele>
      </trkpt>
      <trkpt lat="46.548482" lon="22.43122">
        <ele>240.9</ele>
      </trkpt>
      <trkpt lat="46.548203" lon="22.430878">
        <ele>241.8</ele>
      </trkpt>
      <trkpt lat="46.548102" lon="22.430792">
        <ele>242.1</ele>
      </trkpt>
      <trkpt lat="46.547464" lon="22.430422">
        <ele>244.3</ele>
      </trkpt>
      <trkpt lat="46.547176" lon="22.430445">
        <ele>245.2</ele>
      </trkpt>
      <trkpt lat="46.547089" lon="22.430498">
        <ele>245.4</ele>
      </trkpt>
      <trkpt lat="46.546957" lon="22.430679">
        <ele>245.9</ele>
      </trkpt>
      <trkpt lat="46.546649" lon="22.43056">
        <ele>246.5</ele>
      </trkpt>
      <trkpt lat="46.546473" lon="22.43056">
        <ele>246.7</ele>
      </trkpt>
      <trkpt lat="46.546237" lon="22.430752">
        <ele>246.9</ele>
      </trkpt>
      <trkpt lat="46.546181" lon="22.430838">
        <ele>246.9</ele>
      </trkpt>
      <trkpt lat="46.545984" lon="22.43136">
        <ele>247</ele>
      </trkpt>
      <trkpt lat="46.545907" lon="22.43139">
        <ele>247</ele>
      </trkpt>
      <trkpt lat="46.545643" lon="22.431344">
        <ele>246.8</ele>
      </trkpt>
      <trkpt lat="46.545549" lon="22.431372">
        <ele>246.7</ele>
      </trkpt>
      <trkpt lat="46.545451" lon="22.431459">
        <ele>246.6</ele>
      </trkpt>
      <trkpt lat="46.54531" lon="22.431645">
        <ele>246.4</ele>
      </trkpt>
      <trkpt lat="46.545078" lon="22.432031">
        <ele>246</ele>
      </trkpt>
      <trkpt lat="46.544909" lon="22.432486">
        <ele>245.6</ele>
      </trkpt>
      <trkpt lat="46.544767" lon="22.432666">
        <ele>245.5</ele>
      </trkpt>
      <trkpt lat="46.54463" lon="22.43271">
        <ele>245.4</ele>
      </trkpt>
      <trkpt lat="46.544147" lon="22.432766">
        <ele>245.3</ele>
      </trkpt>
      <trkpt lat="46.543415" lon="22.433014">
        <ele>245.7</ele>
      </trkpt>
      <trkpt lat="46.542943" lon="22.432895">
        <ele>246.1</ele>
      </trkpt>
      <trkpt lat="46.542801" lon="22.432908">
        <ele>246.2</ele>
      </trkpt>
      <trkpt lat="46.542647" lon="22.432966">
        <ele>246.3</ele>
      </trkpt>
      <trkpt lat="46.542215" lon="22.433195">
        <ele>246.2</ele>
      </trkpt>
      <trkpt lat="46.542041" lon="22.43332">
        <ele>246.1</ele>
      </trkpt>
      <trkpt lat="46.541574" lon="22.433846">
        <ele>245.4</ele>
      </trkpt>
      <trkpt lat="46.541084" lon="22.434231">
        <ele>244.6</ele>
      </trkpt>
      <trkpt lat="46.540603" lon="22.434683">
        <ele>244.1</ele>
      </trkpt>
      <trkpt lat="46.540306" lon="22.4348">
        <ele>244</ele>
      </trkpt>
      <trkpt lat="46.539437" lon="22.434904">
        <ele>244.2</ele>
      </trkpt>
      <trkpt lat="46.539188" lon="22.434984">
        <ele>244.5</ele>
      </trkpt>
      <trkpt lat="46.538958" lon="22.435117">
        <ele>244.7</ele>
      </trkpt>
      <trkpt lat="46.538379" lon="22.435557">
        <ele>245.6</ele>
      </trkpt>
      <trkpt lat="46.537772" lon="22.436123">
        <ele>247.1</ele>
      </trkpt>
      <trkpt lat="46.537607" lon="22.436169">
        <ele>247.5</ele>
      </trkpt>
      <trkpt lat="46.537273" lon="22.436176">
        <ele>248.3</ele>
      </trkpt>
      <trkpt lat="46.536399" lon="22.436547">
        <ele>250.8</ele>
      </trkpt>
      <trkpt lat="46.536209" lon="22.436567">
        <ele>251.3</ele>
      </trkpt>
      <trkpt lat="46.53585" lon="22.436402">
        <ele>252</ele>
      </trkpt>
      <trkpt lat="46.535645" lon="22.436366">
        <ele>252.3</ele>
      </trkpt>
      <trkpt lat="46.53551" lon="22.436388">
        <ele>252.5</ele>
      </trkpt>
      <trkpt lat="46.535384" lon="22.436448">
        <ele>252.7</ele>
      </trkpt>
      <trkpt lat="46.535294" lon="22.436553">
        <ele>252.8</ele>
      </trkpt>
      <trkpt lat="46.535208" lon="22.436813">
        <ele>252.9</ele>
      </trkpt>
      <trkpt lat="46.535137" lon="22.437868">
        <ele>253.4</ele>
      </trkpt>
      <trkpt lat="46.535044" lon="22.438076">
        <ele>253.5</ele>
      </trkpt>
      <trkpt lat="46.534961" lon="22.438146">
        <ele>253.6</ele>
      </trkpt>
      <trkpt lat="46.53489" lon="22.438164">
        <ele>253.6</ele>
      </trkpt>
      <trkpt lat="46.534367" lon="22.438165">
        <ele>254</ele>
      </trkpt>
      <trkpt lat="46.534049" lon="22.438226">
        <ele>254.4</ele>
      </trkpt>
      <trkpt lat="46.53349" lon="22.438621">
        <ele>255</ele>
      </trkpt>
      <trkpt lat="46.532722" lon="22.438911">
        <ele>254.9</ele>
      </trkpt>
      <trkpt lat="46.532443" lon="22.439084">
        <ele>254.7</ele>
      </trkpt>
      <trkpt lat="46.532609" lon="22.440191">
        <ele>253.4</ele>
      </trkpt>
      <trkpt lat="46.532838" lon="22.440604">
        <ele>252.7</ele>
      </trkpt>
      <trkpt lat="46.532955" lon="22.4409">
        <ele>252.2</ele>
      </trkpt>
      <trkpt lat="46.532987" lon="22.44116">
        <ele>251.7</ele>
      </trkpt>
      <trkpt lat="46.532972" lon="22.441938">
        <ele>250.3</ele>
      </trkpt>
      <trkpt lat="46.533031" lon="22.442119">
        <ele>249.9</ele>
      </trkpt>
      <trkpt lat="46.533134" lon="22.442321">
        <ele>249.4</ele>
      </trkpt>
      <trkpt lat="46.533161" lon="22.442402">
        <ele>249.2</ele>
      </trkpt>
      <trkpt lat="46.533173" lon="22.442626">
        <ele>248.8</ele>
      </trkpt>
      <trkpt lat="46.533218" lon="22.442898">
        <ele>248.3</ele>
      </trkpt>
      <trkpt lat="46.533493" lon="22.443805">
        <ele>246.3</ele>
      </trkpt>
      <trkpt lat="46.534082" lon="22.445128">
        <ele>244.1</ele>
      </trkpt>
      <trkpt lat="46.534502" lon="22.445837">
        <ele>243.4</ele>
      </trkpt>
      <trkpt lat="46.534569" lon="22.445986">
        <ele>243.3</ele>
      </trkpt>
      <trkpt lat="46.534663" lon="22.446385">
        <ele>243.1</ele>
      </trkpt>
      <trkpt lat="46.534794" lon="22.447398">
        <ele>242.9</ele>
      </trkpt>
      <trkpt lat="46.534987" lon="22.45138">
        <ele>242.7</ele>
      </trkpt>
      <trkpt lat="46.534992" lon="22.451604">
        <ele>242.7</ele>
      </trkpt>
      <trkpt lat="46.534948" lon="22.452236">
        <ele>242.9</ele>
      </trkpt>
      <trkpt lat="46.534897" lon="22.452733">
        <ele>243.3</ele>
      </trkpt>
      <trkpt lat="46.534919" lon="22.452994">
        <ele>243.6</ele>
      </trkpt>
      <trkpt lat="46.534942" lon="22.453205">
        <ele>243.9</ele>
      </trkpt>
      <trkpt lat="46.535037" lon="22.453457">
        <ele>244.3</ele>
      </trkpt>
      <trkpt lat="46.535165" lon="22.453832">
        <ele>245</ele>
      </trkpt>
      <trkpt lat="46.535271" lon="22.454182">
        <ele>245.7</ele>
      </trkpt>
      <trkpt lat="46.535159" lon="22.454279">
        <ele>246.1</ele>
      </trkpt>
      <trkpt lat="46.534872" lon="22.454569">
        <ele>247.2</ele>
      </trkpt>
      <trkpt lat="46.534732" lon="22.454687">
        <ele>247.5</ele>
      </trkpt>
      <trkpt lat="46.534565" lon="22.454825">
        <ele>247.9</ele>
      </trkpt>
      <trkpt lat="46.534501" lon="22.454874">
        <ele>248</ele>
      </trkpt>
      <trkpt lat="46.534356" lon="22.454973">
        <ele>248.2</ele>
      </trkpt>
      <trkpt lat="46.534312" lon="22.455002">
        <ele>248.3</ele>
      </trkpt>
      <trkpt lat="46.534229" lon="22.45506">
        <ele>248.4</ele>
      </trkpt>
      <trkpt lat="46.533355" lon="22.455692">
        <ele>249.2</ele>
      </trkpt>
      <trkpt lat="46.53315" lon="22.45591">
        <ele>249.4</ele>
      </trkpt>
      <trkpt lat="46.533025" lon="22.456108">
        <ele>249.5</ele>
      </trkpt>
      <trkpt lat="46.532848" lon="22.456387">
        <ele>249.9</ele>
      </trkpt>
      <trkpt lat="46.532634" lon="22.456735">
        <ele>250.3</ele>
      </trkpt>
      <trkpt lat="46.532342" lon="22.45721">
        <ele>251.1</ele>
      </trkpt>
      <trkpt lat="46.532281" lon="22.457326">
        <ele>251.3</ele>
      </trkpt>
      <trkpt lat="46.532196" lon="22.457517">
        <ele>251.6</ele>
      </trkpt>
      <trkpt lat="46.532034" lon="22.457919">
        <ele>251.9</ele>
      </trkpt>
      <trkpt lat="46.531947" lon="22.458013">
        <ele>252</ele>
      </trkpt>
      <trkpt lat="46.531775" lon="22.458173">
        <ele>252.2</ele>
      </trkpt>
      <trkpt lat="46.531455" lon="22.458242">
        <ele>252.6</ele>
      </trkpt>
      <trkpt lat="46.531276" lon="22.458152">
        <ele>252.8</ele>
      </trkpt>
      <trkpt lat="46.531026" lon="22.458102">
        <ele>252.9</ele>
      </trkpt>
      <trkpt lat="46.530388" lon="22.458164">
        <ele>253.1</ele>
      </trkpt>
      <trkpt lat="46.529093" lon="22.458368">
        <ele>252.3</ele>
      </trkpt>
      <trkpt lat="46.528787" lon="22.458509">
        <ele>252</ele>
      </trkpt>
      <trkpt lat="46.528552" lon="22.458724">
        <ele>251.9</ele>
      </trkpt>
      <trkpt lat="46.528421" lon="22.458903">
        <ele>251.8</ele>
      </trkpt>
      <trkpt lat="46.528303" lon="22.459141">
        <ele>251.8</ele>
      </trkpt>
      <trkpt lat="46.528025" lon="22.460078">
        <ele>252.3</ele>
      </trkpt>
      <trkpt lat="46.527862" lon="22.460513">
        <ele>252.8</ele>
      </trkpt>
      <trkpt lat="46.527606" lon="22.46097">
        <ele>253.4</ele>
      </trkpt>
      <trkpt lat="46.527397" lon="22.461237">
        <ele>253.8</ele>
      </trkpt>
      <trkpt lat="46.527043" lon="22.461555">
        <ele>254.2</ele>
      </trkpt>
      <trkpt lat="46.526275" lon="22.462023">
        <ele>254.8</ele>
      </trkpt>
      <trkpt lat="46.526074" lon="22.462177">
        <ele>254.9</ele>
      </trkpt>
      <trkpt lat="46.525778" lon="22.462459">
        <ele>255.1</ele>
      </trkpt>
      <trkpt lat="46.525058" lon="22.463262">
        <ele>255.7</ele>
      </trkpt>
      <trkpt lat="46.52433" lon="22.463853">
        <ele>256</ele>
      </trkpt>
      <trkpt lat="46.523972" lon="22.464095">
        <ele>256.5</ele>
      </trkpt>
      <trkpt lat="46.523635" lon="22.464226">
        <ele>257.3</ele>
      </trkpt>
      <trkpt lat="46.523702" lon="22.46465">
        <ele>258.3</ele>
      </trkpt>
      <trkpt lat="46.524114" lon="22.465433">
        <ele>261.3</ele>
      </trkpt>
      <trkpt lat="46.524257" lon="22.465882">
        <ele>263.2</ele>
      </trkpt>
      <trkpt lat="46.524279" lon="22.466261">
        <ele>264.6</ele>
      </trkpt>
      <trkpt lat="46.52426" lon="22.46668">
        <ele>266</ele>
      </trkpt>
      <trkpt lat="46.524144" lon="22.468085">
        <ele>270.2</ele>
      </trkpt>
      <trkpt lat="46.524055" lon="22.468507">
        <ele>271.3</ele>
      </trkpt>
      <trkpt lat="46.52335" lon="22.470682">
        <ele>277.8</ele>
      </trkpt>
      <trkpt lat="46.523166" lon="22.47106">
        <ele>278.9</ele>
      </trkpt>
      <trkpt lat="46.522682" lon="22.471886">
        <ele>281.2</ele>
      </trkpt>
      <trkpt lat="46.522579" lon="22.472127">
        <ele>281.8</ele>
      </trkpt>
      <trkpt lat="46.522499" lon="22.472468">
        <ele>282.4</ele>
      </trkpt>
      <trkpt lat="46.522488" lon="22.472704">
        <ele>282.8</ele>
      </trkpt>
      <trkpt lat="46.522492" lon="22.472921">
        <ele>283.1</ele>
      </trkpt>
      <trkpt lat="46.52254" lon="22.473276">
        <ele>283.5</ele>
      </trkpt>
      <trkpt lat="46.522646" lon="22.473913">
        <ele>284.1</ele>
      </trkpt>
      <trkpt lat="46.522688" lon="22.474976">
        <ele>285.1</ele>
      </trkpt>
      <trkpt lat="46.522737" lon="22.475557">
        <ele>285.6</ele>
      </trkpt>
      <trkpt lat="46.523139" lon="22.477731">
        <ele>287.6</ele>
      </trkpt>
      <trkpt lat="46.523288" lon="22.478422">
        <ele>288.2</ele>
      </trkpt>
      <trkpt lat="46.524009" lon="22.481153">
        <ele>290.5</ele>
      </trkpt>
      <trkpt lat="46.524219" lon="22.482035">
        <ele>291.3</ele>
      </trkpt>
      <trkpt lat="46.524759" lon="22.484617">
        <ele>292.8</ele>
      </trkpt>
      <trkpt lat="46.524809" lon="22.484765">
        <ele>292.8</ele>
      </trkpt>
      <trkpt lat="46.525257" lon="22.485776">
        <ele>292.9</ele>
      </trkpt>
      <trkpt lat="46.525363" lon="22.48615">
        <ele>292.9</ele>
      </trkpt>
      <trkpt lat="46.525384" lon="22.486543">
        <ele>293</ele>
      </trkpt>
      <trkpt lat="46.52531" lon="22.487252">
        <ele>293.3</ele>
      </trkpt>
      <trkpt lat="46.525071" lon="22.489245">
        <ele>294.6</ele>
      </trkpt>
      <trkpt lat="46.525027" lon="22.490077">
        <ele>294.9</ele>
      </trkpt>
      <trkpt lat="46.525208" lon="22.492786">
        <ele>296</ele>
      </trkpt>
      <trkpt lat="46.525182" lon="22.493422">
        <ele>296.6</ele>
      </trkpt>
      <trkpt lat="46.525081" lon="22.494015">
        <ele>297.4</ele>
      </trkpt>
      <trkpt lat="46.524672" lon="22.495282">
        <ele>299.7</ele>
      </trkpt>
      <trkpt lat="46.524255" lon="22.496797">
        <ele>302.5</ele>
      </trkpt>
      <trkpt lat="46.523289" lon="22.500235">
        <ele>307.1</ele>
      </trkpt>
      <trkpt lat="46.523142" lon="22.500656">
        <ele>307.4</ele>
      </trkpt>
      <trkpt lat="46.523035" lon="22.500838">
        <ele>307.6</ele>
      </trkpt>
      <trkpt lat="46.522147" lon="22.501946">
        <ele>308.5</ele>
      </trkpt>
      <trkpt lat="46.521635" lon="22.502706">
        <ele>309.4</ele>
      </trkpt>
      <trkpt lat="46.521471" lon="22.503043">
        <ele>309.6</ele>
      </trkpt>
      <trkpt lat="46.521373" lon="22.503332">
        <ele>309.8</ele>
      </trkpt>
      <trkpt lat="46.520896" lon="22.505411">
        <ele>307.8</ele>
      </trkpt>
      <trkpt lat="46.520745" lon="22.506238">
        <ele>305.9</ele>
      </trkpt>
      <trkpt lat="46.520666" lon="22.506704">
        <ele>304.9</ele>
      </trkpt>
      <trkpt lat="46.520572" lon="22.507171">
        <ele>304.1</ele>
      </trkpt>
      <trkpt lat="46.520439" lon="22.507936">
        <ele>303.6</ele>
      </trkpt>
      <trkpt lat="46.520432" lon="22.508232">
        <ele>303.7</ele>
      </trkpt>
      <trkpt lat="46.520489" lon="22.508681">
        <ele>304.2</ele>
      </trkpt>
      <trkpt lat="46.520485" lon="22.508822">
        <ele>304.4</ele>
      </trkpt>
      <trkpt lat="46.52006" lon="22.509612">
        <ele>305.5</ele>
      </trkpt>
      <trkpt lat="46.519478" lon="22.510804">
        <ele>307</ele>
      </trkpt>
      <trkpt lat="46.51914" lon="22.511733">
        <ele>307.9</ele>
      </trkpt>
      <trkpt lat="46.519001" lon="22.512174">
        <ele>308.4</ele>
      </trkpt>
      <trkpt lat="46.518288" lon="22.514175">
        <ele>310.7</ele>
      </trkpt>
      <trkpt lat="46.518026" lon="22.514868">
        <ele>311.7</ele>
      </trkpt>
      <trkpt lat="46.517901" lon="22.515125">
        <ele>312</ele>
      </trkpt>
      <trkpt lat="46.517766" lon="22.515308">
        <ele>312.3</ele>
      </trkpt>
      <trkpt lat="46.517538" lon="22.515511">
        <ele>312.6</ele>
      </trkpt>
      <trkpt lat="46.517051" lon="22.515887">
        <ele>313.3</ele>
      </trkpt>
      <trkpt lat="46.516411" lon="22.516463">
        <ele>314</ele>
      </trkpt>
      <trkpt lat="46.516122" lon="22.516809">
        <ele>314.4</ele>
      </trkpt>
      <trkpt lat="46.515567" lon="22.517621">
        <ele>315.5</ele>
      </trkpt>
      <trkpt lat="46.515174" lon="22.518126">
        <ele>316.3</ele>
      </trkpt>
      <trkpt lat="46.515095" lon="22.518227">
        <ele>316.5</ele>
      </trkpt>
      <trkpt lat="46.513105" lon="22.521407">
        <ele>322.6</ele>
      </trkpt>
      <trkpt lat="46.512868" lon="22.521821">
        <ele>323.3</ele>
      </trkpt>
      <trkpt lat="46.512183" lon="22.523278">
        <ele>325.1</ele>
      </trkpt>
      <trkpt lat="46.511954" lon="22.523732">
        <ele>325.6</ele>
      </trkpt>
      <trkpt lat="46.511601" lon="22.524297">
        <ele>326.2</ele>
      </trkpt>
      <trkpt lat="46.511029" lon="22.525321">
        <ele>327.5</ele>
      </trkpt>
      <trkpt lat="46.510789" lon="22.525802">
        <ele>328.2</ele>
      </trkpt>
      <trkpt lat="46.510408" lon="22.526719">
        <ele>329.8</ele>
      </trkpt>
      <trkpt lat="46.510144" lon="22.527491">
        <ele>331.2</ele>
      </trkpt>
      <trkpt lat="46.510022" lon="22.527986">
        <ele>331.9</ele>
      </trkpt>
      <trkpt lat="46.509861" lon="22.528554">
        <ele>332.7</ele>
      </trkpt>
      <trkpt lat="46.509742" lon="22.528776">
        <ele>333</ele>
      </trkpt>
      <trkpt lat="46.509641" lon="22.528924">
        <ele>333.2</ele>
      </trkpt>
      <trkpt lat="46.509506" lon="22.529054">
        <ele>333.5</ele>
      </trkpt>
      <trkpt lat="46.508765" lon="22.529613">
        <ele>334.4</ele>
      </trkpt>
      <trkpt lat="46.508376" lon="22.530151">
        <ele>335.1</ele>
      </trkpt>
      <trkpt lat="46.507758" lon="22.531068">
        <ele>336.4</ele>
      </trkpt>
      <trkpt lat="46.507282" lon="22.531551">
        <ele>337.4</ele>
      </trkpt>
      <trkpt lat="46.507017" lon="22.531893">
        <ele>338.1</ele>
      </trkpt>
      <trkpt lat="46.506914" lon="22.532067">
        <ele>338.3</ele>
      </trkpt>
      <trkpt lat="46.506396" lon="22.533209">
        <ele>340</ele>
      </trkpt>
      <trkpt lat="46.505528" lon="22.534995">
        <ele>342.6</ele>
      </trkpt>
      <trkpt lat="46.505012" lon="22.536349">
        <ele>344.5</ele>
      </trkpt>
      <trkpt lat="46.504871" lon="22.536768">
        <ele>345.1</ele>
      </trkpt>
      <trkpt lat="46.504786" lon="22.537119">
        <ele>345.5</ele>
      </trkpt>
      <trkpt lat="46.504663" lon="22.537967">
        <ele>346.5</ele>
      </trkpt>
      <trkpt lat="46.504562" lon="22.538449">
        <ele>347.1</ele>
      </trkpt>
      <trkpt lat="46.504475" lon="22.538679">
        <ele>347.5</ele>
      </trkpt>
      <trkpt lat="46.504212" lon="22.539191">
        <ele>348.2</ele>
      </trkpt>
      <trkpt lat="46.503565" lon="22.540341">
        <ele>350</ele>
      </trkpt>
      <trkpt lat="46.503226" lon="22.540865">
        <ele>350.9</ele>
      </trkpt>
      <trkpt lat="46.502066" lon="22.542492">
        <ele>354.1</ele>
      </trkpt>
      <trkpt lat="46.501209" lon="22.543419">
        <ele>356.4</ele>
      </trkpt>
      <trkpt lat="46.500946" lon="22.543777">
        <ele>357.2</ele>
      </trkpt>
      <trkpt lat="46.500474" lon="22.54455">
        <ele>358.6</ele>
      </trkpt>
      <trkpt lat="46.500007" lon="22.545347">
        <ele>360.2</ele>
      </trkpt>
      <trkpt lat="46.499496" lon="22.546036">
        <ele>361.7</ele>
      </trkpt>
      <trkpt lat="46.497102" lon="22.548717">
        <ele>369.2</ele>
      </trkpt>
      <trkpt lat="46.49674" lon="22.549079">
        <ele>369.9</ele>
      </trkpt>
      <trkpt lat="46.49597" lon="22.5495">
        <ele>371.2</ele>
      </trkpt>
      <trkpt lat="46.495418" lon="22.550054">
        <ele>372.3</ele>
      </trkpt>
      <trkpt lat="46.495327" lon="22.550161">
        <ele>372.5</ele>
      </trkpt>
      <trkpt lat="46.495257" lon="22.55024">
        <ele>372.7</ele>
      </trkpt>
      <trkpt lat="46.494941" lon="22.550549">
        <ele>373.5</ele>
      </trkpt>
      <trkpt lat="46.494228" lon="22.551024">
        <ele>374.9</ele>
      </trkpt>
      <trkpt lat="46.494054" lon="22.551163">
        <ele>375.3</ele>
      </trkpt>
      <trkpt lat="46.493894" lon="22.551337">
        <ele>375.8</ele>
      </trkpt>
      <trkpt lat="46.492357" lon="22.553553">
        <ele>381.2</ele>
      </trkpt>
      <trkpt lat="46.491701" lon="22.554882">
        <ele>383.2</ele>
      </trkpt>
      <trkpt lat="46.490679" lon="22.556675">
        <ele>385.4</ele>
      </trkpt>
      <trkpt lat="46.489764" lon="22.558428">
        <ele>388.6</ele>
      </trkpt>
      <trkpt lat="46.489511" lon="22.558793">
        <ele>389.5</ele>
      </trkpt>
      <trkpt lat="46.488723" lon="22.559788">
        <ele>391.8</ele>
      </trkpt>
      <trkpt lat="46.488109" lon="22.560533">
        <ele>394</ele>
      </trkpt>
      <trkpt lat="46.486978" lon="22.561965">
        <ele>398.6</ele>
      </trkpt>
      <trkpt lat="46.486396" lon="22.562695">
        <ele>400.1</ele>
      </trkpt>
      <trkpt lat="46.48575" lon="22.56352">
        <ele>402.1</ele>
      </trkpt>
      <trkpt lat="46.485568" lon="22.563908">
        <ele>403.1</ele>
      </trkpt>
      <trkpt lat="46.485353" lon="22.564573">
        <ele>404.7</ele>
      </trkpt>
      <trkpt lat="46.484631" lon="22.567381">
        <ele>408.4</ele>
      </trkpt>
      <trkpt lat="46.484284" lon="22.568588">
        <ele>409.8</ele>
      </trkpt>
      <trkpt lat="46.483555" lon="22.570391">
        <ele>412.6</ele>
      </trkpt>
      <trkpt lat="46.483353" lon="22.570912">
        <ele>413.8</ele>
      </trkpt>
      <trkpt lat="46.483296" lon="22.571137">
        <ele>414.3</ele>
      </trkpt>
      <trkpt lat="46.483199" lon="22.571687">
        <ele>415.6</ele>
      </trkpt>
      <trkpt lat="46.483086" lon="22.57301">
        <ele>417.9</ele>
      </trkpt>
      <trkpt lat="46.482785" lon="22.574368">
        <ele>419.2</ele>
      </trkpt>
      <trkpt lat="46.482472" lon="22.576034">
        <ele>421.1</ele>
      </trkpt>
      <trkpt lat="46.482285" lon="22.577037">
        <ele>422.5</ele>
      </trkpt>
      <trkpt lat="46.482166" lon="22.577925">
        <ele>424</ele>
      </trkpt>
      <trkpt lat="46.482042" lon="22.578787">
        <ele>425.9</ele>
      </trkpt>
      <trkpt lat="46.481845" lon="22.58006">
        <ele>429.7</ele>
      </trkpt>
      <trkpt lat="46.481739" lon="22.58033">
        <ele>430.8</ele>
      </trkpt>
      <trkpt lat="46.48153" lon="22.580635">
        <ele>432</ele>
      </trkpt>
      <trkpt lat="46.481365" lon="22.580853">
        <ele>432.8</ele>
      </trkpt>
      <trkpt lat="46.481345" lon="22.580879">
        <ele>432.8</ele>
      </trkpt>
      <trkpt lat="46.481238" lon="22.581129">
        <ele>433.4</ele>
      </trkpt>
      <trkpt lat="46.481176" lon="22.581385">
        <ele>433.9</ele>
      </trkpt>
      <trkpt lat="46.48119" lon="22.582828">
        <ele>435.7</ele>
      </trkpt>
      <trkpt lat="46.481252" lon="22.583721">
        <ele>436.8</ele>
      </trkpt>
      <trkpt lat="46.481303" lon="22.584036">
        <ele>437.4</ele>
      </trkpt>
      <trkpt lat="46.481316" lon="22.584131">
        <ele>437.6</ele>
      </trkpt>
      <trkpt lat="46.481361" lon="22.584325">
        <ele>438.1</ele>
      </trkpt>
      <trkpt lat="46.481482" lon="22.584885">
        <ele>439.7</ele>
      </trkpt>
      <trkpt lat="46.481501" lon="22.585114">
        <ele>440.2</ele>
      </trkpt>
      <trkpt lat="46.481456" lon="22.58547">
        <ele>441.1</ele>
      </trkpt>
      <trkpt lat="46.481276" lon="22.586073">
        <ele>442.7</ele>
      </trkpt>
      <trkpt lat="46.481272" lon="22.586202">
        <ele>443.1</ele>
      </trkpt>
      <trkpt lat="46.481286" lon="22.586295">
        <ele>443.3</ele>
      </trkpt>
      <trkpt lat="46.481349" lon="22.586603">
        <ele>444.2</ele>
      </trkpt>
      <trkpt lat="46.481359" lon="22.586697">
        <ele>444.5</ele>
      </trkpt>
      <trkpt lat="46.48135" lon="22.586892">
        <ele>445.1</ele>
      </trkpt>
      <trkpt lat="46.481146" lon="22.587714">
        <ele>447.5</ele>
      </trkpt>
      <trkpt lat="46.481122" lon="22.587905">
        <ele>448.1</ele>
      </trkpt>
      <trkpt lat="46.481179" lon="22.588148">
        <ele>448.9</ele>
      </trkpt>
      <trkpt lat="46.481308" lon="22.588434">
        <ele>450.1</ele>
      </trkpt>
      <trkpt lat="46.48153" lon="22.588835">
        <ele>451.9</ele>
      </trkpt>
      <trkpt lat="46.481612" lon="22.589041">
        <ele>452.8</ele>
      </trkpt>
      <trkpt lat="46.481624" lon="22.589126">
        <ele>453.1</ele>
      </trkpt>
      <trkpt lat="46.481604" lon="22.589385">
        <ele>454</ele>
      </trkpt>
      <trkpt lat="46.481404" lon="22.58989">
        <ele>456</ele>
      </trkpt>
      <trkpt lat="46.481325" lon="22.590158">
        <ele>457</ele>
      </trkpt>
      <trkpt lat="46.481276" lon="22.590555">
        <ele>458.4</ele>
      </trkpt>
      <trkpt lat="46.481269" lon="22.591023">
        <ele>459.9</ele>
      </trkpt>
      <trkpt lat="46.481325" lon="22.591428">
        <ele>461.1</ele>
      </trkpt>
      <trkpt lat="46.481411" lon="22.591791">
        <ele>462</ele>
      </trkpt>
      <trkpt lat="46.481699" lon="22.592756">
        <ele>463.3</ele>
      </trkpt>
      <trkpt lat="46.481762" lon="22.59327">
        <ele>463.9</ele>
      </trkpt>
      <trkpt lat="46.481939" lon="22.594077">
        <ele>466</ele>
      </trkpt>
      <trkpt lat="46.48212" lon="22.594807">
        <ele>469.8</ele>
      </trkpt>
      <trkpt lat="46.482278" lon="22.595171">
        <ele>472.7</ele>
      </trkpt>
      <trkpt lat="46.482508" lon="22.595373">
        <ele>475.9</ele>
      </trkpt>
      <trkpt lat="46.483018" lon="22.595901">
        <ele>484.2</ele>
      </trkpt>
      <trkpt lat="46.484546" lon="22.597217">
        <ele>505</ele>
      </trkpt>
      <trkpt lat="46.484974" lon="22.597487">
        <ele>510.3</ele>
      </trkpt>
      <trkpt lat="46.485302" lon="22.597611">
        <ele>514</ele>
      </trkpt>
      <trkpt lat="46.485568" lon="22.5978">
        <ele>516.9</ele>
      </trkpt>
      <trkpt lat="46.485815" lon="22.597838">
        <ele>518.8</ele>
      </trkpt>
      <trkpt lat="46.486046" lon="22.597782">
        <ele>519.9</ele>
      </trkpt>
      <trkpt lat="46.486343" lon="22.597778">
        <ele>520.5</ele>
      </trkpt>
      <trkpt lat="46.486858" lon="22.597858">
        <ele>521</ele>
      </trkpt>
      <trkpt lat="46.487036" lon="22.597936">
        <ele>521.1</ele>
      </trkpt>
      <trkpt lat="46.487092" lon="22.598033">
        <ele>521.1</ele>
      </trkpt>
      <trkpt lat="46.487106" lon="22.598149">
        <ele>521</ele>
      </trkpt>
      <trkpt lat="46.487101" lon="22.598241">
        <ele>521</ele>
      </trkpt>
      <trkpt lat="46.48707" lon="22.598313">
        <ele>521</ele>
      </trkpt>
      <trkpt lat="46.486919" lon="22.598389">
        <ele>520.9</ele>
      </trkpt>
      <trkpt lat="46.486427" lon="22.598217">
        <ele>520.6</ele>
      </trkpt>
      <trkpt lat="46.486306" lon="22.598215">
        <ele>520.6</ele>
      </trkpt>
      <trkpt lat="46.485717" lon="22.598355">
        <ele>521.2</ele>
      </trkpt>
      <trkpt lat="46.485379" lon="22.598324">
        <ele>521.1</ele>
      </trkpt>
      <trkpt lat="46.484625" lon="22.597962">
        <ele>520.3</ele>
      </trkpt>
      <trkpt lat="46.483486" lon="22.597604">
        <ele>521.4</ele>
      </trkpt>
      <trkpt lat="46.482972" lon="22.597295">
        <ele>521.7</ele>
      </trkpt>
      <trkpt lat="46.482347" lon="22.597016">
        <ele>519.2</ele>
      </trkpt>
      <trkpt lat="46.481798" lon="22.596631">
        <ele>516.8</ele>
      </trkpt>
      <trkpt lat="46.48166" lon="22.596627">
        <ele>516.4</ele>
      </trkpt>
      <trkpt lat="46.481553" lon="22.596752">
        <ele>516.1</ele>
      </trkpt>
      <trkpt lat="46.481411" lon="22.597367">
        <ele>516.1</ele>
      </trkpt>
      <trkpt lat="46.481288" lon="22.598606">
        <ele>520.1</ele>
      </trkpt>
      <trkpt lat="46.481239" lon="22.599684">
        <ele>526.1</ele>
      </trkpt>
      <trkpt lat="46.481263" lon="22.599885">
        <ele>527.4</ele>
      </trkpt>
      <trkpt lat="46.481414" lon="22.600202">
        <ele>529.7</ele>
      </trkpt>
      <trkpt lat="46.481547" lon="22.600382">
        <ele>531.3</ele>
      </trkpt>
      <trkpt lat="46.481926" lon="22.600757">
        <ele>535.7</ele>
      </trkpt>
      <trkpt lat="46.482402" lon="22.601111">
        <ele>541.7</ele>
      </trkpt>
      <trkpt lat="46.482482" lon="22.601211">
        <ele>542.9</ele>
      </trkpt>
      <trkpt lat="46.482653" lon="22.601667">
        <ele>547.3</ele>
      </trkpt>
      <trkpt lat="46.482729" lon="22.601746">
        <ele>548.4</ele>
      </trkpt>
      <trkpt lat="46.482886" lon="22.601806">
        <ele>550.3</ele>
      </trkpt>
      <trkpt lat="46.483255" lon="22.601771">
        <ele>554.1</ele>
      </trkpt>
      <trkpt lat="46.48359" lon="22.601806">
        <ele>557.3</ele>
      </trkpt>
      <trkpt lat="46.483784" lon="22.601841">
        <ele>559</ele>
      </trkpt>
      <trkpt lat="46.48397" lon="22.601927">
        <ele>560.7</ele>
      </trkpt>
      <trkpt lat="46.484524" lon="22.602262">
        <ele>564.7</ele>
      </trkpt>
      <trkpt lat="46.484731" lon="22.60242">
        <ele>565.4</ele>
      </trkpt>
      <trkpt lat="46.485032" lon="22.602771">
        <ele>565.7</ele>
      </trkpt>
      <trkpt lat="46.485439" lon="22.603002">
        <ele>565.8</ele>
      </trkpt>
      <trkpt lat="46.485573" lon="22.603219">
        <ele>566.1</ele>
      </trkpt>
      <trkpt lat="46.485616" lon="22.603393">
        <ele>566.4</ele>
      </trkpt>
      <trkpt lat="46.485602" lon="22.603952">
        <ele>567.6</ele>
      </trkpt>
      <trkpt lat="46.485607" lon="22.604036">
        <ele>567.8</ele>
      </trkpt>
      <trkpt lat="46.485663" lon="22.604146">
        <ele>568.2</ele>
      </trkpt>
      <trkpt lat="46.485766" lon="22.60416">
        <ele>568.7</ele>
      </trkpt>
      <trkpt lat="46.486225" lon="22.603997">
        <ele>571.6</ele>
      </trkpt>
      <trkpt lat="46.487337" lon="22.603938">
        <ele>580.2</ele>
      </trkpt>
      <trkpt lat="46.4875" lon="22.603967">
        <ele>581.1</ele>
      </trkpt>
      <trkpt lat="46.487683" lon="22.604056">
        <ele>582</ele>
      </trkpt>
      <trkpt lat="46.487927" lon="22.604292">
        <ele>582.9</ele>
      </trkpt>
      <trkpt lat="46.488077" lon="22.604493">
        <ele>583.2</ele>
      </trkpt>
      <trkpt lat="46.488126" lon="22.604661">
        <ele>583.3</ele>
      </trkpt>
      <trkpt lat="46.488079" lon="22.604833">
        <ele>583.3</ele>
      </trkpt>
      <trkpt lat="46.488005" lon="22.604921">
        <ele>583.3</ele>
      </trkpt>
      <trkpt lat="46.487714" lon="22.605153">
        <ele>583.4</ele>
      </trkpt>
      <trkpt lat="46.487625" lon="22.605285">
        <ele>583.6</ele>
      </trkpt>
      <trkpt lat="46.487462" lon="22.605727">
        <ele>584.5</ele>
      </trkpt>
      <trkpt lat="46.487357" lon="22.606331">
        <ele>586.5</ele>
      </trkpt>
      <trkpt lat="46.487368" lon="22.60702">
        <ele>589.9</ele>
      </trkpt>
      <trkpt lat="46.487431" lon="22.607232">
        <ele>591.5</ele>
      </trkpt>
      <trkpt lat="46.487665" lon="22.607542">
        <ele>595.3</ele>
      </trkpt>
      <trkpt lat="46.487708" lon="22.607658">
        <ele>596.6</ele>
      </trkpt>
      <trkpt lat="46.487727" lon="22.607754">
        <ele>597.6</ele>
      </trkpt>
      <trkpt lat="46.48767" lon="22.608112">
        <ele>601.6</ele>
      </trkpt>
      <trkpt lat="46.48767" lon="22.608352">
        <ele>604.4</ele>
      </trkpt>
      <trkpt lat="46.487749" lon="22.60853">
        <ele>606.9</ele>
      </trkpt>
      <trkpt lat="46.487859" lon="22.608566">
        <ele>608.7</ele>
      </trkpt>
      <trkpt lat="46.488396" lon="22.6085">
        <ele>616.5</ele>
      </trkpt>
      <trkpt lat="46.488651" lon="22.608534">
        <ele>619</ele>
      </trkpt>
      <trkpt lat="46.488855" lon="22.608589">
        <ele>620.3</ele>
      </trkpt>
      <trkpt lat="46.488955" lon="22.608714">
        <ele>620.9</ele>
      </trkpt>
      <trkpt lat="46.488962" lon="22.608887">
        <ele>621.1</ele>
      </trkpt>
      <trkpt lat="46.488889" lon="22.609025">
        <ele>621.2</ele>
      </trkpt>
      <trkpt lat="46.488541" lon="22.60943">
        <ele>620.4</ele>
      </trkpt>
      <trkpt lat="46.488389" lon="22.609665">
        <ele>619.7</ele>
      </trkpt>
      <trkpt lat="46.488237" lon="22.609985">
        <ele>618.9</ele>
      </trkpt>
      <trkpt lat="46.488182" lon="22.610208">
        <ele>618.6</ele>
      </trkpt>
      <trkpt lat="46.488218" lon="22.610428">
        <ele>618.4</ele>
      </trkpt>
      <trkpt lat="46.48827" lon="22.61053">
        <ele>618.5</ele>
      </trkpt>
      <trkpt lat="46.488381" lon="22.61065">
        <ele>618.7</ele>
      </trkpt>
      <trkpt lat="46.489081" lon="22.611135">
        <ele>623.7</ele>
      </trkpt>
      <trkpt lat="46.489097" lon="22.611197">
        <ele>624.2</ele>
      </trkpt>
      <trkpt lat="46.489082" lon="22.611288">
        <ele>625</ele>
      </trkpt>
      <trkpt lat="46.488854" lon="22.611709">
        <ele>630.1</ele>
      </trkpt>
      <trkpt lat="46.488867" lon="22.611861">
        <ele>631.6</ele>
      </trkpt>
      <trkpt lat="46.488917" lon="22.611947">
        <ele>632.8</ele>
      </trkpt>
      <trkpt lat="46.489056" lon="22.611997">
        <ele>635</ele>
      </trkpt>
      <trkpt lat="46.489154" lon="22.611984">
        <ele>636.6</ele>
      </trkpt>
      <trkpt lat="46.489294" lon="22.611906">
        <ele>639</ele>
      </trkpt>
      <trkpt lat="46.490181" lon="22.610908">
        <ele>654.5</ele>
      </trkpt>
      <trkpt lat="46.490211" lon="22.610841">
        <ele>655</ele>
      </trkpt>
      <trkpt lat="46.490213" lon="22.610703">
        <ele>655.8</ele>
      </trkpt>
      <trkpt lat="46.490156" lon="22.610567">
        <ele>656.6</ele>
      </trkpt>
      <trkpt lat="46.490091" lon="22.610526">
        <ele>657.1</ele>
      </trkpt>
      <trkpt lat="46.489425" lon="22.610491">
        <ele>660.3</ele>
      </trkpt>
      <trkpt lat="46.489331" lon="22.610367">
        <ele>660.6</ele>
      </trkpt>
      <trkpt lat="46.489304" lon="22.610233">
        <ele>660.8</ele>
      </trkpt>
      <trkpt lat="46.489305" lon="22.610134">
        <ele>661</ele>
      </trkpt>
      <trkpt lat="46.489353" lon="22.609981">
        <ele>661.3</ele>
      </trkpt>
      <trkpt lat="46.489816" lon="22.609276">
        <ele>664.1</ele>
      </trkpt>
      <trkpt lat="46.489925" lon="22.608725">
        <ele>666.4</ele>
      </trkpt>
      <trkpt lat="46.490019" lon="22.608411">
        <ele>667.7</ele>
      </trkpt>
      <trkpt lat="46.490022" lon="22.608234">
        <ele>668.4</ele>
      </trkpt>
      <trkpt lat="46.489732" lon="22.607693">
        <ele>671.2</ele>
      </trkpt>
      <trkpt lat="46.489713" lon="22.607367">
        <ele>672.6</ele>
      </trkpt>
      <trkpt lat="46.489766" lon="22.607243">
        <ele>673.2</ele>
      </trkpt>
      <trkpt lat="46.489903" lon="22.60718">
        <ele>674.2</ele>
      </trkpt>
      <trkpt lat="46.490413" lon="22.607125">
        <ele>678.1</ele>
      </trkpt>
      <trkpt lat="46.490483" lon="22.607152">
        <ele>678.8</ele>
      </trkpt>
      <trkpt lat="46.490732" lon="22.607375">
        <ele>681.7</ele>
      </trkpt>
      <trkpt lat="46.490969" lon="22.607469">
        <ele>684.4</ele>
      </trkpt>
      <trkpt lat="46.491108" lon="22.60744">
        <ele>686.1</ele>
      </trkpt>
      <trkpt lat="46.491428" lon="22.607257">
        <ele>690</ele>
      </trkpt>
      <trkpt lat="46.491537" lon="22.607247">
        <ele>691.2</ele>
      </trkpt>
      <trkpt lat="46.491987" lon="22.607381">
        <ele>695.7</ele>
      </trkpt>
      <trkpt lat="46.492233" lon="22.607398">
        <ele>697.5</ele>
      </trkpt>
      <trkpt lat="46.492462" lon="22.607345">
        <ele>698.9</ele>
      </trkpt>
      <trkpt lat="46.492659" lon="22.607224">
        <ele>699.9</ele>
      </trkpt>
      <trkpt lat="46.492825" lon="22.607025">
        <ele>700.7</ele>
      </trkpt>
      <trkpt lat="46.492982" lon="22.606771">
        <ele>701.3</ele>
      </trkpt>
      <trkpt lat="46.493032" lon="22.606638">
        <ele>701.6</ele>
      </trkpt>
      <trkpt lat="46.493053" lon="22.606492">
        <ele>701.8</ele>
      </trkpt>
      <trkpt lat="46.493043" lon="22.606368">
        <ele>702</ele>
      </trkpt>
      <trkpt lat="46.493001" lon="22.606238">
        <ele>702.3</ele>
      </trkpt>
      <trkpt lat="46.492748" lon="22.605835">
        <ele>703.5</ele>
      </trkpt>
      <trkpt lat="46.492693" lon="22.605596">
        <ele>704.2</ele>
      </trkpt>
      <trkpt lat="46.492725" lon="22.605455">
        <ele>704.7</ele>
      </trkpt>
      <trkpt lat="46.492803" lon="22.605345">
        <ele>705.3</ele>
      </trkpt>
      <trkpt lat="46.49293" lon="22.605297">
        <ele>706.1</ele>
      </trkpt>
      <trkpt lat="46.493008" lon="22.605325">
        <ele>706.7</ele>
      </trkpt>
      <trkpt lat="46.493169" lon="22.605548">
        <ele>708.2</ele>
      </trkpt>
      <trkpt lat="46.493449" lon="22.606102">
        <ele>712.3</ele>
      </trkpt>
      <trkpt lat="46.493499" lon="22.606241">
        <ele>713.3</ele>
      </trkpt>
      <trkpt lat="46.493539" lon="22.606391">
        <ele>714.4</ele>
      </trkpt>
      <trkpt lat="46.493578" lon="22.606956">
        <ele>718.1</ele>
      </trkpt>
      <trkpt lat="46.493473" lon="22.607978">
        <ele>724</ele>
      </trkpt>
      <trkpt lat="46.493418" lon="22.608235">
        <ele>725.3</ele>
      </trkpt>
      <trkpt lat="46.493337" lon="22.608431">
        <ele>726.5</ele>
      </trkpt>
      <trkpt lat="46.493148" lon="22.608725">
        <ele>728.5</ele>
      </trkpt>
      <trkpt lat="46.49268" lon="22.609208">
        <ele>732.7</ele>
      </trkpt>
      <trkpt lat="46.492574" lon="22.609399">
        <ele>734</ele>
      </trkpt>
      <trkpt lat="46.492557" lon="22.609603">
        <ele>735</ele>
      </trkpt>
      <trkpt lat="46.4926" lon="22.609761">
        <ele>735.7</ele>
      </trkpt>
      <trkpt lat="46.492661" lon="22.609848">
        <ele>736.3</ele>
      </trkpt>
      <trkpt lat="46.49275" lon="22.609897">
        <ele>736.9</ele>
      </trkpt>
      <trkpt lat="46.492856" lon="22.609902">
        <ele>737.5</ele>
      </trkpt>
      <trkpt lat="46.493009" lon="22.609811">
        <ele>738.5</ele>
      </trkpt>
      <trkpt lat="46.493272" lon="22.609564">
        <ele>740.4</ele>
      </trkpt>
      <trkpt lat="46.493586" lon="22.609153">
        <ele>742.9</ele>
      </trkpt>
      <trkpt lat="46.49377" lon="22.608793">
        <ele>744.6</ele>
      </trkpt>
      <trkpt lat="46.494218" lon="22.607632">
        <ele>749.6</ele>
      </trkpt>
      <trkpt lat="46.494483" lon="22.607027">
        <ele>752.4</ele>
      </trkpt>
      <trkpt lat="46.494758" lon="22.60651">
        <ele>755</ele>
      </trkpt>
      <trkpt lat="46.494939" lon="22.606271">
        <ele>756.4</ele>
      </trkpt>
      <trkpt lat="46.495174" lon="22.606044">
        <ele>758.2</ele>
      </trkpt>
      <trkpt lat="46.495796" lon="22.605573">
        <ele>762.6</ele>
      </trkpt>
      <trkpt lat="46.496604" lon="22.605347">
        <ele>766.7</ele>
      </trkpt>
      <trkpt lat="46.49705" lon="22.605338">
        <ele>770.1</ele>
      </trkpt>
      <trkpt lat="46.497275" lon="22.605467">
        <ele>772.2</ele>
      </trkpt>
      <trkpt lat="46.497438" lon="22.605644">
        <ele>774</ele>
      </trkpt>
      <trkpt lat="46.497674" lon="22.606116">
        <ele>777.3</ele>
      </trkpt>
      <trkpt lat="46.497968" lon="22.606851">
        <ele>782.7</ele>
      </trkpt>
      <trkpt lat="46.4981" lon="22.607034">
        <ele>784.4</ele>
      </trkpt>
      <trkpt lat="46.498289" lon="22.607101">
        <ele>785.8</ele>
      </trkpt>
      <trkpt lat="46.498413" lon="22.607093">
        <ele>786.6</ele>
      </trkpt>
      <trkpt lat="46.499138" lon="22.60691">
        <ele>789.8</ele>
      </trkpt>
      <trkpt lat="46.499506" lon="22.606926">
        <ele>791.6</ele>
      </trkpt>
      <trkpt lat="46.499823" lon="22.607054">
        <ele>793.6</ele>
      </trkpt>
      <trkpt lat="46.499949" lon="22.607146">
        <ele>794.4</ele>
      </trkpt>
      <trkpt lat="46.500125" lon="22.607416">
        <ele>796.1</ele>
      </trkpt>
      <trkpt lat="46.500185" lon="22.607637">
        <ele>797.1</ele>
      </trkpt>
      <trkpt lat="46.500197" lon="22.607847">
        <ele>798</ele>
      </trkpt>
      <trkpt lat="46.500181" lon="22.607972">
        <ele>798.6</ele>
      </trkpt>
      <trkpt lat="46.500134" lon="22.608089">
        <ele>799.2</ele>
      </trkpt>
      <trkpt lat="46.500071" lon="22.608108">
        <ele>799.6</ele>
      </trkpt>
      <trkpt lat="46.499908" lon="22.608023">
        <ele>800.8</ele>
      </trkpt>
      <trkpt lat="46.499626" lon="22.607679">
        <ele>803.5</ele>
      </trkpt>
      <trkpt lat="46.499559" lon="22.60764">
        <ele>804.1</ele>
      </trkpt>
      <trkpt lat="46.499304" lon="22.60764">
        <ele>806</ele>
      </trkpt>
      <trkpt lat="46.499208" lon="22.607675">
        <ele>806.7</ele>
      </trkpt>
      <trkpt lat="46.499001" lon="22.607797">
        <ele>808.3</ele>
      </trkpt>
      <trkpt lat="46.498738" lon="22.608058">
        <ele>810.6</ele>
      </trkpt>
      <trkpt lat="46.498502" lon="22.608365">
        <ele>812.6</ele>
      </trkpt>
      <trkpt lat="46.498358" lon="22.608604">
        <ele>813.9</ele>
      </trkpt>
      <trkpt lat="46.498258" lon="22.608671">
        <ele>814.6</ele>
      </trkpt>
      <trkpt lat="46.498183" lon="22.608664">
        <ele>815</ele>
      </trkpt>
      <trkpt lat="46.498091" lon="22.608609">
        <ele>815.6</ele>
      </trkpt>
      <trkpt lat="46.497675" lon="22.60794">
        <ele>818.7</ele>
      </trkpt>
      <trkpt lat="46.497597" lon="22.607856">
        <ele>819</ele>
      </trkpt>
      <trkpt lat="46.497483" lon="22.607803">
        <ele>819.4</ele>
      </trkpt>
      <trkpt lat="46.497294" lon="22.607858">
        <ele>819.9</ele>
      </trkpt>
      <trkpt lat="46.497179" lon="22.607954">
        <ele>820.3</ele>
      </trkpt>
      <trkpt lat="46.496667" lon="22.608625">
        <ele>822.6</ele>
      </trkpt>
      <trkpt lat="46.496505" lon="22.608863">
        <ele>823.7</ele>
      </trkpt>
      <trkpt lat="46.496338" lon="22.609262">
        <ele>824.9</ele>
      </trkpt>
      <trkpt lat="46.496289" lon="22.609453">
        <ele>825.3</ele>
      </trkpt>
      <trkpt lat="46.49627" lon="22.609907">
        <ele>826.3</ele>
      </trkpt>
      <trkpt lat="46.496404" lon="22.611738">
        <ele>831.8</ele>
      </trkpt>
      <trkpt lat="46.496472" lon="22.612027">
        <ele>833.4</ele>
      </trkpt>
      <trkpt lat="46.496579" lon="22.612216">
        <ele>834.9</ele>
      </trkpt>
      <trkpt lat="46.496736" lon="22.612328">
        <ele>836.6</ele>
      </trkpt>
      <trkpt lat="46.497011" lon="22.612299">
        <ele>839.3</ele>
      </trkpt>
      <trkpt lat="46.497233" lon="22.612226">
        <ele>841.6</ele>
      </trkpt>
      <trkpt lat="46.497432" lon="22.612202">
        <ele>843.6</ele>
      </trkpt>
      <trkpt lat="46.497545" lon="22.612214">
        <ele>844.7</ele>
      </trkpt>
      <trkpt lat="46.49764" lon="22.61228">
        <ele>845.7</ele>
      </trkpt>
      <trkpt lat="46.497729" lon="22.612413">
        <ele>846.9</ele>
      </trkpt>
      <trkpt lat="46.497861" lon="22.612839">
        <ele>849.5</ele>
      </trkpt>
      <trkpt lat="46.498163" lon="22.613401">
        <ele>852.7</ele>
      </trkpt>
      <trkpt lat="46.498416" lon="22.613801">
        <ele>854.9</ele>
      </trkpt>
      <trkpt lat="46.498667" lon="22.614141">
        <ele>857.3</ele>
      </trkpt>
      <trkpt lat="46.498904" lon="22.614375">
        <ele>859.8</ele>
      </trkpt>
      <trkpt lat="46.499085" lon="22.614479">
        <ele>861.7</ele>
      </trkpt>
      <trkpt lat="46.499396" lon="22.614471">
        <ele>864.9</ele>
      </trkpt>
      <trkpt lat="46.499597" lon="22.614349">
        <ele>867.3</ele>
      </trkpt>
      <trkpt lat="46.499844" lon="22.614113">
        <ele>870.3</ele>
      </trkpt>
      <trkpt lat="46.500217" lon="22.613919">
        <ele>874</ele>
      </trkpt>
      <trkpt lat="46.500536" lon="22.613634">
        <ele>876.7</ele>
      </trkpt>
      <trkpt lat="46.500732" lon="22.613565">
        <ele>878</ele>
      </trkpt>
      <trkpt lat="46.500961" lon="22.613591">
        <ele>879.2</ele>
      </trkpt>
      <trkpt lat="46.501141" lon="22.613778">
        <ele>880.4</ele>
      </trkpt>
      <trkpt lat="46.501309" lon="22.61385">
        <ele>881.2</ele>
      </trkpt>
      <trkpt lat="46.501588" lon="22.613806">
        <ele>882.6</ele>
      </trkpt>
      <trkpt lat="46.501817" lon="22.61386">
        <ele>883.7</ele>
      </trkpt>
      <trkpt lat="46.50217" lon="22.613868">
        <ele>885.3</ele>
      </trkpt>
      <trkpt lat="46.502959" lon="22.61375">
        <ele>887.4</ele>
      </trkpt>
      <trkpt lat="46.503133" lon="22.613802">
        <ele>887.6</ele>
      </trkpt>
      <trkpt lat="46.503241" lon="22.613941">
        <ele>887.6</ele>
      </trkpt>
      <trkpt lat="46.503346" lon="22.614191">
        <ele>887.6</ele>
      </trkpt>
      <trkpt lat="46.503391" lon="22.615016">
        <ele>888.2</ele>
      </trkpt>
      <trkpt lat="46.503524" lon="22.615705">
        <ele>890.2</ele>
      </trkpt>
      <trkpt lat="46.503587" lon="22.615858">
        <ele>891.1</ele>
      </trkpt>
      <trkpt lat="46.503747" lon="22.616102">
        <ele>893.3</ele>
      </trkpt>
      <trkpt lat="46.503848" lon="22.616207">
        <ele>894.7</ele>
      </trkpt>
      <trkpt lat="46.503997" lon="22.616256">
        <ele>896.6</ele>
      </trkpt>
      <trkpt lat="46.504161" lon="22.616201">
        <ele>899</ele>
      </trkpt>
      <trkpt lat="46.504906" lon="22.615617">
        <ele>909.6</ele>
      </trkpt>
      <trkpt lat="46.505013" lon="22.615582">
        <ele>910.6</ele>
      </trkpt>
      <trkpt lat="46.505118" lon="22.615603">
        <ele>911.5</ele>
      </trkpt>
      <trkpt lat="46.505534" lon="22.615836">
        <ele>914.1</ele>
      </trkpt>
      <trkpt lat="46.505624" lon="22.615932">
        <ele>914.6</ele>
      </trkpt>
      <trkpt lat="46.505904" lon="22.616494">
        <ele>915.9</ele>
      </trkpt>
      <trkpt lat="46.506127" lon="22.617154">
        <ele>917.3</ele>
      </trkpt>
      <trkpt lat="46.5063" lon="22.617545">
        <ele>918.7</ele>
      </trkpt>
      <trkpt lat="46.506567" lon="22.618033">
        <ele>921.7</ele>
      </trkpt>
      <trkpt lat="46.507147" lon="22.61853">
        <ele>927.4</ele>
      </trkpt>
      <trkpt lat="46.507453" lon="22.618733">
        <ele>930.2</ele>
      </trkpt>
      <trkpt lat="46.508498" lon="22.619696">
        <ele>937.7</ele>
      </trkpt>
      <trkpt lat="46.508811" lon="22.620211">
        <ele>940.2</ele>
      </trkpt>
      <trkpt lat="46.509065" lon="22.620702">
        <ele>943.1</ele>
      </trkpt>
      <trkpt lat="46.509321" lon="22.621079">
        <ele>945.8</ele>
      </trkpt>
      <trkpt lat="46.51004" lon="22.62167">
        <ele>952.7</ele>
      </trkpt>
      <trkpt lat="46.510157" lon="22.621798">
        <ele>954</ele>
      </trkpt>
      <trkpt lat="46.51076" lon="22.622652">
        <ele>961.1</ele>
      </trkpt>
      <trkpt lat="46.510916" lon="22.622822">
        <ele>962.7</ele>
      </trkpt>
      <trkpt lat="46.511088" lon="22.622983">
        <ele>964.4</ele>
      </trkpt>
      <trkpt lat="46.51204" lon="22.623643">
        <ele>973.2</ele>
      </trkpt>
      <trkpt lat="46.512213" lon="22.623962">
        <ele>975.3</ele>
      </trkpt>
      <trkpt lat="46.512321" lon="22.624332">
        <ele>977</ele>
      </trkpt>
      <trkpt lat="46.512376" lon="22.624586">
        <ele>978</ele>
      </trkpt>
      <trkpt lat="46.512392" lon="22.625073">
        <ele>979.6</ele>
      </trkpt>
      <trkpt lat="46.512514" lon="22.62547">
        <ele>980.7</ele>
      </trkpt>
      <trkpt lat="46.512541" lon="22.625633">
        <ele>981</ele>
      </trkpt>
      <trkpt lat="46.512488" lon="22.62603">
        <ele>982.1</ele>
      </trkpt>
      <trkpt lat="46.512318" lon="22.626599">
        <ele>984.5</ele>
      </trkpt>
      <trkpt lat="46.512241" lon="22.627063">
        <ele>986.2</ele>
      </trkpt>
      <trkpt lat="46.512243" lon="22.627244">
        <ele>986.7</ele>
      </trkpt>
      <trkpt lat="46.512429" lon="22.627819">
        <ele>988.3</ele>
      </trkpt>
      <trkpt lat="46.51245" lon="22.627907">
        <ele>988.5</ele>
      </trkpt>
      <trkpt lat="46.512448" lon="22.628055">
        <ele>988.9</ele>
      </trkpt>
      <trkpt lat="46.51242" lon="22.628141">
        <ele>989.2</ele>
      </trkpt>
      <trkpt lat="46.512333" lon="22.628245">
        <ele>989.7</ele>
      </trkpt>
      <trkpt lat="46.51206" lon="22.628453">
        <ele>991.6</ele>
      </trkpt>
      <trkpt lat="46.511888" lon="22.628623">
        <ele>993.1</ele>
      </trkpt>
      <trkpt lat="46.511798" lon="22.628829">
        <ele>994.3</ele>
      </trkpt>
      <trkpt lat="46.511798" lon="22.628929">
        <ele>994.8</ele>
      </trkpt>
      <trkpt lat="46.511815" lon="22.62902">
        <ele>995.3</ele>
      </trkpt>
      <trkpt lat="46.511946" lon="22.629237">
        <ele>996.7</ele>
      </trkpt>
      <trkpt lat="46.512469" lon="22.629877">
        <ele>1001.4</ele>
      </trkpt>
      <trkpt lat="46.51251" lon="22.629971">
        <ele>1001.9</ele>
      </trkpt>
      <trkpt lat="46.512522" lon="22.63011">
        <ele>1002.5</ele>
      </trkpt>
      <trkpt lat="46.512435" lon="22.630311">
        <ele>1003.3</ele>
      </trkpt>
      <trkpt lat="46.511983" lon="22.631117">
        <ele>1005.7</ele>
      </trkpt>
      <trkpt lat="46.511678" lon="22.631584">
        <ele>1007</ele>
      </trkpt>
      <trkpt lat="46.511588" lon="22.631802">
        <ele>1007.7</ele>
      </trkpt>
      <trkpt lat="46.511563" lon="22.63209">
        <ele>1008.7</ele>
      </trkpt>
      <trkpt lat="46.511587" lon="22.632205">
        <ele>1009.2</ele>
      </trkpt>
      <trkpt lat="46.511872" lon="22.632881">
        <ele>1012.4</ele>
      </trkpt>
      <trkpt lat="46.511924" lon="22.633078">
        <ele>1013.4</ele>
      </trkpt>
      <trkpt lat="46.511934" lon="22.633209">
        <ele>1014</ele>
      </trkpt>
      <trkpt lat="46.511892" lon="22.633559">
        <ele>1015.9</ele>
      </trkpt>
      <trkpt lat="46.511708" lon="22.63451">
        <ele>1021.2</ele>
      </trkpt>
      <trkpt lat="46.511686" lon="22.634683">
        <ele>1022.1</ele>
      </trkpt>
      <trkpt lat="46.511693" lon="22.634811">
        <ele>1022.8</ele>
      </trkpt>
      <trkpt lat="46.511721" lon="22.634881">
        <ele>1023.2</ele>
      </trkpt>
      <trkpt lat="46.511816" lon="22.634894">
        <ele>1024</ele>
      </trkpt>
      <trkpt lat="46.51188" lon="22.634779">
        <ele>1024.9</ele>
      </trkpt>
      <trkpt lat="46.511923" lon="22.634378">
        <ele>1027.3</ele>
      </trkpt>
      <trkpt lat="46.511974" lon="22.634133">
        <ele>1029</ele>
      </trkpt>
      <trkpt lat="46.512288" lon="22.633243">
        <ele>1035.5</ele>
      </trkpt>
      <trkpt lat="46.512301" lon="22.633107">
        <ele>1036.2</ele>
      </trkpt>
      <trkpt lat="46.512209" lon="22.632488">
        <ele>1039.4</ele>
      </trkpt>
      <trkpt lat="46.512209" lon="22.632193">
        <ele>1040.8</ele>
      </trkpt>
      <trkpt lat="46.512327" lon="22.631784">
        <ele>1043.1</ele>
      </trkpt>
      <trkpt lat="46.512406" lon="22.631662">
        <ele>1044</ele>
      </trkpt>
      <trkpt lat="46.512712" lon="22.631296">
        <ele>1047.6</ele>
      </trkpt>
      <trkpt lat="46.513005" lon="22.631009">
        <ele>1052</ele>
      </trkpt>
      <trkpt lat="46.513267" lon="22.630896">
        <ele>1055.9</ele>
      </trkpt>
      <trkpt lat="46.513659" lon="22.630851">
        <ele>1062.2</ele>
      </trkpt>
      <trkpt lat="46.514096" lon="22.630533">
        <ele>1069.8</ele>
      </trkpt>
      <trkpt lat="46.514287" lon="22.630464">
        <ele>1072.6</ele>
      </trkpt>
      <trkpt lat="46.514602" lon="22.630381">
        <ele>1076.4</ele>
      </trkpt>
      <trkpt lat="46.514679" lon="22.630394">
        <ele>1077.1</ele>
      </trkpt>
      <trkpt lat="46.514745" lon="22.630451">
        <ele>1077.8</ele>
      </trkpt>
      <trkpt lat="46.514786" lon="22.63054">
        <ele>1078.4</ele>
      </trkpt>
      <trkpt lat="46.514863" lon="22.630827">
        <ele>1079.8</ele>
      </trkpt>
      <trkpt lat="46.514862" lon="22.630984">
        <ele>1080.3</ele>
      </trkpt>
      <trkpt lat="46.51478" lon="22.631186">
        <ele>1080.9</ele>
      </trkpt>
      <trkpt lat="46.514735" lon="22.631229">
        <ele>1081</ele>
      </trkpt>
      <trkpt lat="46.514632" lon="22.631269">
        <ele>1081.2</ele>
      </trkpt>
      <trkpt lat="46.514536" lon="22.631255">
        <ele>1081.3</ele>
      </trkpt>
      <trkpt lat="46.514218" lon="22.631116">
        <ele>1081.2</ele>
      </trkpt>
      <trkpt lat="46.51412" lon="22.6311">
        <ele>1081.1</ele>
      </trkpt>
      <trkpt lat="46.514008" lon="22.631125">
        <ele>1080.9</ele>
      </trkpt>
      <trkpt lat="46.513751" lon="22.631294">
        <ele>1080.3</ele>
      </trkpt>
      <trkpt lat="46.513368" lon="22.631647">
        <ele>1079.7</ele>
      </trkpt>
      <trkpt lat="46.513271" lon="22.631763">
        <ele>1079.8</ele>
      </trkpt>
      <trkpt lat="46.513168" lon="22.631954">
        <ele>1080</ele>
      </trkpt>
      <trkpt lat="46.51307" lon="22.632234">
        <ele>1080.6</ele>
      </trkpt>
      <trkpt lat="46.513033" lon="22.632649">
        <ele>1082</ele>
      </trkpt>
      <trkpt lat="46.513196" lon="22.633876">
        <ele>1090.1</ele>
      </trkpt>
      <trkpt lat="46.513261" lon="22.634028">
        <ele>1091.7</ele>
      </trkpt>
      <trkpt lat="46.513348" lon="22.63414">
        <ele>1093.2</ele>
      </trkpt>
      <trkpt lat="46.513445" lon="22.634192">
        <ele>1094.6</ele>
      </trkpt>
      <trkpt lat="46.513642" lon="22.634203">
        <ele>1097.1</ele>
      </trkpt>
      <trkpt lat="46.514227" lon="22.634091">
        <ele>1104.3</ele>
      </trkpt>
      <trkpt lat="46.514433" lon="22.634157">
        <ele>1106.6</ele>
      </trkpt>
      <trkpt lat="46.51476" lon="22.634376">
        <ele>1110.2</ele>
      </trkpt>
      <trkpt lat="46.514966" lon="22.634337">
        <ele>1111.9</ele>
      </trkpt>
      <trkpt lat="46.515075" lon="22.63425">
        <ele>1112.9</ele>
      </trkpt>
      <trkpt lat="46.515644" lon="22.633218">
        <ele>1118.1</ele>
      </trkpt>
      <trkpt lat="46.515769" lon="22.633049">
        <ele>1119.2</ele>
      </trkpt>
      <trkpt lat="46.515822" lon="22.632997">
        <ele>1119.6</ele>
      </trkpt>
      <trkpt lat="46.516129" lon="22.632839">
        <ele>1122.1</ele>
      </trkpt>
      <trkpt lat="46.516306" lon="22.632793">
        <ele>1123.7</ele>
      </trkpt>
      <trkpt lat="46.516459" lon="22.632763">
        <ele>1125.2</ele>
      </trkpt>
      <trkpt lat="46.516572" lon="22.632694">
        <ele>1126.5</ele>
      </trkpt>
      <trkpt lat="46.516757" lon="22.632307">
        <ele>1130.1</ele>
      </trkpt>
      <trkpt lat="46.516917" lon="22.63217">
        <ele>1132.5</ele>
      </trkpt>
      <trkpt lat="46.517592" lon="22.6318">
        <ele>1141.8</ele>
      </trkpt>
      <trkpt lat="46.518152" lon="22.631427">
        <ele>1146.2</ele>
      </trkpt>
      <trkpt lat="46.518304" lon="22.63138">
        <ele>1147</ele>
      </trkpt>
      <trkpt lat="46.518481" lon="22.631439">
        <ele>1147.7</ele>
      </trkpt>
      <trkpt lat="46.51883" lon="22.631594">
        <ele>1148.2</ele>
      </trkpt>
      <trkpt lat="46.519313" lon="22.631723">
        <ele>1146.4</ele>
      </trkpt>
      <trkpt lat="46.51946" lon="22.63183">
        <ele>1145.2</ele>
      </trkpt>
      <trkpt lat="46.519517" lon="22.632002">
        <ele>1144.2</ele>
      </trkpt>
      <trkpt lat="46.519298" lon="22.632775">
        <ele>1140.1</ele>
      </trkpt>
      <trkpt lat="46.51912" lon="22.633117">
        <ele>1137.6</ele>
      </trkpt>
      <trkpt lat="46.518864" lon="22.63342">
        <ele>1135.1</ele>
      </trkpt>
      <trkpt lat="46.518768" lon="22.633591">
        <ele>1134.3</ele>
      </trkpt>
      <trkpt lat="46.518645" lon="22.63392">
        <ele>1133.4</ele>
      </trkpt>
      <trkpt lat="46.518595" lon="22.634161">
        <ele>1133.4</ele>
      </trkpt>
      <trkpt lat="46.518597" lon="22.634261">
        <ele>1133.4</ele>
      </trkpt>
      <trkpt lat="46.51863" lon="22.634465">
        <ele>1133.8</ele>
      </trkpt>
      <trkpt lat="46.518691" lon="22.634552">
        <ele>1134.2</ele>
      </trkpt>
      <trkpt lat="46.519365" lon="22.634929">
        <ele>1141.4</ele>
      </trkpt>
      <trkpt lat="46.519949" lon="22.635052">
        <ele>1151</ele>
      </trkpt>
      <trkpt lat="46.520215" lon="22.635063">
        <ele>1155.5</ele>
      </trkpt>
      <trkpt lat="46.520554" lon="22.634981">
        <ele>1160.6</ele>
      </trkpt>
      <trkpt lat="46.520844" lon="22.634845">
        <ele>1164.4</ele>
      </trkpt>
      <trkpt lat="46.521121" lon="22.63464">
        <ele>1167.2</ele>
      </trkpt>
      <trkpt lat="46.521241" lon="22.634518">
        <ele>1168.1</ele>
      </trkpt>
      <trkpt lat="46.521344" lon="22.634497">
        <ele>1168.6</ele>
      </trkpt>
      <trkpt lat="46.521403" lon="22.634533">
        <ele>1168.9</ele>
      </trkpt>
      <trkpt lat="46.521496" lon="22.634666">
        <ele>1169.3</ele>
      </trkpt>
      <trkpt lat="46.521669" lon="22.635003">
        <ele>1169.7</ele>
      </trkpt>
      <trkpt lat="46.521754" lon="22.635108">
        <ele>1169.6</ele>
      </trkpt>
      <trkpt lat="46.521924" lon="22.635216">
        <ele>1169.3</ele>
      </trkpt>
      <trkpt lat="46.521972" lon="22.635276">
        <ele>1169.1</ele>
      </trkpt>
      <trkpt lat="46.522026" lon="22.635433">
        <ele>1168.7</ele>
      </trkpt>
      <trkpt lat="46.522022" lon="22.635613">
        <ele>1168.3</ele>
      </trkpt>
      <trkpt lat="46.521914" lon="22.635975">
        <ele>1167.5</ele>
      </trkpt>
      <trkpt lat="46.521636" lon="22.636707">
        <ele>1166.2</ele>
      </trkpt>
      <trkpt lat="46.521442" lon="22.637093">
        <ele>1166.2</ele>
      </trkpt>
      <trkpt lat="46.521102" lon="22.638167">
        <ele>1166.8</ele>
      </trkpt>
      <trkpt lat="46.520984" lon="22.6387">
        <ele>1167.5</ele>
      </trkpt>
      <trkpt lat="46.520947" lon="22.63907">
        <ele>1168.3</ele>
      </trkpt>
      <trkpt lat="46.520662" lon="22.639789">
        <ele>1171</ele>
      </trkpt>
      <trkpt lat="46.520511" lon="22.640342">
        <ele>1173.9</ele>
      </trkpt>
      <trkpt lat="46.520333" lon="22.641561">
        <ele>1181.4</ele>
      </trkpt>
      <trkpt lat="46.520126" lon="22.642243">
        <ele>1185.9</ele>
      </trkpt>
      <trkpt lat="46.519938" lon="22.642797">
        <ele>1188.9</ele>
      </trkpt>
      <trkpt lat="46.51981" lon="22.643088">
        <ele>1190.3</ele>
      </trkpt>
      <trkpt lat="46.519728" lon="22.643243">
        <ele>1191.1</ele>
      </trkpt>
      <trkpt lat="46.519477" lon="22.643463">
        <ele>1192.5</ele>
      </trkpt>
      <trkpt lat="46.518688" lon="22.643949">
        <ele>1193.2</ele>
      </trkpt>
      <trkpt lat="46.518412" lon="22.644065">
        <ele>1192.5</ele>
      </trkpt>
      <trkpt lat="46.518226" lon="22.64408">
        <ele>1191.9</ele>
      </trkpt>
      <trkpt lat="46.518091" lon="22.644048">
        <ele>1191.5</ele>
      </trkpt>
      <trkpt lat="46.517631" lon="22.64385">
        <ele>1189.8</ele>
      </trkpt>
      <trkpt lat="46.517437" lon="22.643821">
        <ele>1189.1</ele>
      </trkpt>
      <trkpt lat="46.51718" lon="22.643898">
        <ele>1188.4</ele>
      </trkpt>
      <trkpt lat="46.516891" lon="22.644035">
        <ele>1188</ele>
      </trkpt>
      <trkpt lat="46.51634" lon="22.644139">
        <ele>1187.2</ele>
      </trkpt>
      <trkpt lat="46.516068" lon="22.644256">
        <ele>1186.9</ele>
      </trkpt>
      <trkpt lat="46.515861" lon="22.644382">
        <ele>1186.9</ele>
      </trkpt>
      <trkpt lat="46.515639" lon="22.644567">
        <ele>1187.1</ele>
      </trkpt>
      <trkpt lat="46.515592" lon="22.644646">
        <ele>1187.2</ele>
      </trkpt>
      <trkpt lat="46.515569" lon="22.644747">
        <ele>1187.3</ele>
      </trkpt>
      <trkpt lat="46.515581" lon="22.645016">
        <ele>1187.7</ele>
      </trkpt>
      <trkpt lat="46.515671" lon="22.645229">
        <ele>1188.1</ele>
      </trkpt>
      <trkpt lat="46.515765" lon="22.645341">
        <ele>1188.5</ele>
      </trkpt>
      <trkpt lat="46.51655" lon="22.6457">
        <ele>1193.5</ele>
      </trkpt>
      <trkpt lat="46.51693" lon="22.645928">
        <ele>1197.1</ele>
      </trkpt>
      <trkpt lat="46.517192" lon="22.646132">
        <ele>1199</ele>
      </trkpt>
      <trkpt lat="46.517399" lon="22.646363">
        <ele>1200.1</ele>
      </trkpt>
      <trkpt lat="46.51755" lon="22.646595">
        <ele>1200.7</ele>
      </trkpt>
      <trkpt lat="46.517588" lon="22.646711">
        <ele>1200.8</ele>
      </trkpt>
      <trkpt lat="46.517585" lon="22.646799">
        <ele>1200.8</ele>
      </trkpt>
      <trkpt lat="46.517528" lon="22.646935">
        <ele>1200.8</ele>
      </trkpt>
      <trkpt lat="46.517171" lon="22.647509">
        <ele>1199.8</ele>
      </trkpt>
      <trkpt lat="46.51689" lon="22.64835">
        <ele>1197.6</ele>
      </trkpt>
      <trkpt lat="46.516627" lon="22.648944">
        <ele>1195.9</ele>
      </trkpt>
      <trkpt lat="46.516123" lon="22.649689">
        <ele>1193.7</ele>
      </trkpt>
      <trkpt lat="46.516036" lon="22.649788">
        <ele>1193.5</ele>
      </trkpt>
      <trkpt lat="46.51563" lon="22.650082">
        <ele>1192.3</ele>
      </trkpt>
      <trkpt lat="46.515524" lon="22.650196">
        <ele>1192</ele>
      </trkpt>
      <trkpt lat="46.515228" lon="22.65063">
        <ele>1191.1</ele>
      </trkpt>
      <trkpt lat="46.514758" lon="22.651517">
        <ele>1190.5</ele>
      </trkpt>
      <trkpt lat="46.514658" lon="22.651836">
        <ele>1190.6</ele>
      </trkpt>
      <trkpt lat="46.514643" lon="22.652001">
        <ele>1190.6</ele>
      </trkpt>
      <trkpt lat="46.51469" lon="22.65223">
        <ele>1190.6</ele>
      </trkpt>
      <trkpt lat="46.51485" lon="22.652481">
        <ele>1190.5</ele>
      </trkpt>
      <trkpt lat="46.515326" lon="22.653031">
        <ele>1190.9</ele>
      </trkpt>
      <trkpt lat="46.515577" lon="22.65328">
        <ele>1191.7</ele>
      </trkpt>
      <trkpt lat="46.515753" lon="22.653385">
        <ele>1192.3</ele>
      </trkpt>
      <trkpt lat="46.516078" lon="22.653492">
        <ele>1193.6</ele>
      </trkpt>
      <trkpt lat="46.51636" lon="22.6535">
        <ele>1194.5</ele>
      </trkpt>
      <trkpt lat="46.516561" lon="22.653468">
        <ele>1194.8</ele>
      </trkpt>
      <trkpt lat="46.516993" lon="22.653251">
        <ele>1193.8</ele>
      </trkpt>
      <trkpt lat="46.51708" lon="22.653302">
        <ele>1193.3</ele>
      </trkpt>
      <trkpt lat="46.517107" lon="22.653375">
        <ele>1193</ele>
      </trkpt>
      <trkpt lat="46.517135" lon="22.653629">
        <ele>1191.9</ele>
      </trkpt>
      <trkpt lat="46.517092" lon="22.653962">
        <ele>1189.9</ele>
      </trkpt>
      <trkpt lat="46.516947" lon="22.654369">
        <ele>1186.7</ele>
      </trkpt>
      <trkpt lat="46.516837" lon="22.654576">
        <ele>1184.8</ele>
      </trkpt>
      <trkpt lat="46.516697" lon="22.654953">
        <ele>1181.5</ele>
      </trkpt>
      <trkpt lat="46.516641" lon="22.655186">
        <ele>1179.7</ele>
      </trkpt>
      <trkpt lat="46.516615" lon="22.655435">
        <ele>1178.2</ele>
      </trkpt>
      <trkpt lat="46.516604" lon="22.655716">
        <ele>1176.8</ele>
      </trkpt>
      <trkpt lat="46.516637" lon="22.656396">
        <ele>1175.3</ele>
      </trkpt>
      <trkpt lat="46.516631" lon="22.656689">
        <ele>1175.3</ele>
      </trkpt>
      <trkpt lat="46.51649" lon="22.65824">
        <ele>1177.9</ele>
      </trkpt>
      <trkpt lat="46.516484" lon="22.658599">
        <ele>1179</ele>
      </trkpt>
      <trkpt lat="46.516498" lon="22.658844">
        <ele>1179.8</ele>
      </trkpt>
      <trkpt lat="46.516606" lon="22.659511">
        <ele>1182</ele>
      </trkpt>
      <trkpt lat="46.516707" lon="22.659837">
        <ele>1183</ele>
      </trkpt>
      <trkpt lat="46.517051" lon="22.660474">
        <ele>1184.7</ele>
      </trkpt>
      <trkpt lat="46.517254" lon="22.660993">
        <ele>1187</ele>
      </trkpt>
      <trkpt lat="46.517435" lon="22.661324">
        <ele>1189.4</ele>
      </trkpt>
      <trkpt lat="46.517607" lon="22.661513">
        <ele>1191.5</ele>
      </trkpt>
      <trkpt lat="46.517788" lon="22.661608">
        <ele>1193.5</ele>
      </trkpt>
      <trkpt lat="46.517994" lon="22.661644">
        <ele>1195.3</ele>
      </trkpt>
      <trkpt lat="46.51821" lon="22.661576">
        <ele>1197</ele>
      </trkpt>
      <trkpt lat="46.518505" lon="22.661287">
        <ele>1199.2</ele>
      </trkpt>
      <trkpt lat="46.518566" lon="22.661262">
        <ele>1199.5</ele>
      </trkpt>
      <trkpt lat="46.518678" lon="22.661291">
        <ele>1199.9</ele>
      </trkpt>
      <trkpt lat="46.518735" lon="22.661342">
        <ele>1200.2</ele>
      </trkpt>
      <trkpt lat="46.518802" lon="22.661554">
        <ele>1200.6</ele>
      </trkpt>
      <trkpt lat="46.518779" lon="22.661773">
        <ele>1200.8</ele>
      </trkpt>
      <trkpt lat="46.518735" lon="22.661913">
        <ele>1200.7</ele>
      </trkpt>
      <trkpt lat="46.518632" lon="22.662115">
        <ele>1200.1</ele>
      </trkpt>
      <trkpt lat="46.518095" lon="22.66261">
        <ele>1194.7</ele>
      </trkpt>
      <trkpt lat="46.5174" lon="22.663488">
        <ele>1185</ele>
      </trkpt>
      <trkpt lat="46.517156" lon="22.66375">
        <ele>1182.4</ele>
      </trkpt>
      <trkpt lat="46.517034" lon="22.663839">
        <ele>1181.3</ele>
      </trkpt>
      <trkpt lat="46.516844" lon="22.664039">
        <ele>1179.4</ele>
      </trkpt>
      <trkpt lat="46.516739" lon="22.664355">
        <ele>1177.7</ele>
      </trkpt>
      <trkpt lat="46.516197" lon="22.66664">
        <ele>1169.9</ele>
      </trkpt>
      <trkpt lat="46.516035" lon="22.667209">
        <ele>1168</ele>
      </trkpt>
      <trkpt lat="46.515806" lon="22.668527">
        <ele>1163.2</ele>
      </trkpt>
      <trkpt lat="46.515771" lon="22.668655">
        <ele>1162.7</ele>
      </trkpt>
      <trkpt lat="46.515653" lon="22.668882">
        <ele>1161.8</ele>
      </trkpt>
      <trkpt lat="46.515622" lon="22.668936">
        <ele>1161.7</ele>
      </trkpt>
      <trkpt lat="46.515423" lon="22.669174">
        <ele>1160.7</ele>
      </trkpt>
      <trkpt lat="46.515253" lon="22.669474">
        <ele>1159.8</ele>
      </trkpt>
      <trkpt lat="46.515177" lon="22.669699">
        <ele>1159.3</ele>
      </trkpt>
      <trkpt lat="46.515137" lon="22.670082">
        <ele>1158.5</ele>
      </trkpt>
      <trkpt lat="46.515125" lon="22.670378">
        <ele>1158</ele>
      </trkpt>
      <trkpt lat="46.515143" lon="22.671148">
        <ele>1157</ele>
      </trkpt>
      <trkpt lat="46.515122" lon="22.671695">
        <ele>1156.4</ele>
      </trkpt>
      <trkpt lat="46.515084" lon="22.671981">
        <ele>1156</ele>
      </trkpt>
      <trkpt lat="46.514878" lon="22.673078">
        <ele>1154</ele>
      </trkpt>
      <trkpt lat="46.514861" lon="22.673259">
        <ele>1153.6</ele>
      </trkpt>
      <trkpt lat="46.514861" lon="22.674362">
        <ele>1150.2</ele>
      </trkpt>
      <trkpt lat="46.514856" lon="22.674873">
        <ele>1147.9</ele>
      </trkpt>
      <trkpt lat="46.514898" lon="22.675164">
        <ele>1146.4</ele>
      </trkpt>
      <trkpt lat="46.514986" lon="22.67539">
        <ele>1145.1</ele>
      </trkpt>
      <trkpt lat="46.515226" lon="22.675839">
        <ele>1142.3</ele>
      </trkpt>
      <trkpt lat="46.51545" lon="22.67654">
        <ele>1138.4</ele>
      </trkpt>
      <trkpt lat="46.51564" lon="22.677097">
        <ele>1135.8</ele>
      </trkpt>
      <trkpt lat="46.515926" lon="22.677523">
        <ele>1133.8</ele>
      </trkpt>
      <trkpt lat="46.516022" lon="22.677657">
        <ele>1133.2</ele>
      </trkpt>
      <trkpt lat="46.516081" lon="22.677768">
        <ele>1132.8</ele>
      </trkpt>
      <trkpt lat="46.516162" lon="22.678022">
        <ele>1132.1</ele>
      </trkpt>
      <trkpt lat="46.516195" lon="22.678244">
        <ele>1131.5</ele>
      </trkpt>
      <trkpt lat="46.516182" lon="22.678551">
        <ele>1130.8</ele>
      </trkpt>
      <trkpt lat="46.516122" lon="22.678826">
        <ele>1130.1</ele>
      </trkpt>
      <trkpt lat="46.515914" lon="22.67978">
        <ele>1128.2</ele>
      </trkpt>
      <trkpt lat="46.515847" lon="22.680843">
        <ele>1126.4</ele>
      </trkpt>
      <trkpt lat="46.515584" lon="22.682105">
        <ele>1124.5</ele>
      </trkpt>
      <trkpt lat="46.515466" lon="22.682527">
        <ele>1124</ele>
      </trkpt>
      <trkpt lat="46.515349" lon="22.682766">
        <ele>1123.7</ele>
      </trkpt>
      <trkpt lat="46.5149" lon="22.683329">
        <ele>1123.1</ele>
      </trkpt>
      <trkpt lat="46.514747" lon="22.683577">
        <ele>1122.9</ele>
      </trkpt>
      <trkpt lat="46.514341" lon="22.684488">
        <ele>1122.4</ele>
      </trkpt>
      <trkpt lat="46.514106" lon="22.685115">
        <ele>1122</ele>
      </trkpt>
      <trkpt lat="46.513663" lon="22.686451">
        <ele>1120.2</ele>
      </trkpt>
      <trkpt lat="46.513433" lon="22.687">
        <ele>1118.9</ele>
      </trkpt>
      <trkpt lat="46.513123" lon="22.687488">
        <ele>1117.3</ele>
      </trkpt>
      <trkpt lat="46.512631" lon="22.688172">
        <ele>1114.5</ele>
      </trkpt>
      <trkpt lat="46.512041" lon="22.689184">
        <ele>1110.5</ele>
      </trkpt>
      <trkpt lat="46.511221" lon="22.690206">
        <ele>1106.3</ele>
      </trkpt>
      <trkpt lat="46.511024" lon="22.690584">
        <ele>1105.2</ele>
      </trkpt>
      <trkpt lat="46.510756" lon="22.691295">
        <ele>1103.4</ele>
      </trkpt>
      <trkpt lat="46.510169" lon="22.692296">
        <ele>1099.5</ele>
      </trkpt>
      <trkpt lat="46.509999" lon="22.692545">
        <ele>1098.2</ele>
      </trkpt>
      <trkpt lat="46.509936" lon="22.692599">
        <ele>1097.8</ele>
      </trkpt>
      <trkpt lat="46.509183" lon="22.693076">
        <ele>1092.5</ele>
      </trkpt>
      <trkpt lat="46.508967" lon="22.693264">
        <ele>1090.8</ele>
      </trkpt>
      <trkpt lat="46.508788" lon="22.693532">
        <ele>1089.2</ele>
      </trkpt>
      <trkpt lat="46.508492" lon="22.69417">
        <ele>1086.3</ele>
      </trkpt>
      <trkpt lat="46.508079" lon="22.694655">
        <ele>1083.5</ele>
      </trkpt>
      <trkpt lat="46.507879" lon="22.694938">
        <ele>1082</ele>
      </trkpt>
      <trkpt lat="46.507499" lon="22.69578">
        <ele>1077.5</ele>
      </trkpt>
      <trkpt lat="46.50692" lon="22.697195">
        <ele>1069.2</ele>
      </trkpt>
      <trkpt lat="46.506784" lon="22.697727">
        <ele>1066.6</ele>
      </trkpt>
      <trkpt lat="46.506568" lon="22.698762">
        <ele>1062.4</ele>
      </trkpt>
      <trkpt lat="46.506125" lon="22.700861">
        <ele>1053.7</ele>
      </trkpt>
      <trkpt lat="46.505921" lon="22.701807">
        <ele>1049.8</ele>
      </trkpt>
      <trkpt lat="46.505874" lon="22.701992">
        <ele>1049</ele>
      </trkpt>
      <trkpt lat="46.505795" lon="22.70233">
        <ele>1047.5</ele>
      </trkpt>
      <trkpt lat="46.505581" lon="22.703262">
        <ele>1043.1</ele>
      </trkpt>
      <trkpt lat="46.505516" lon="22.703506">
        <ele>1042</ele>
      </trkpt>
      <trkpt lat="46.505428" lon="22.703727">
        <ele>1040.8</ele>
      </trkpt>
      <trkpt lat="46.505269" lon="22.703974">
        <ele>1039.1</ele>
      </trkpt>
      <trkpt lat="46.505166" lon="22.704082">
        <ele>1038.3</ele>
      </trkpt>
      <trkpt lat="46.504993" lon="22.704201">
        <ele>1037.1</ele>
      </trkpt>
      <trkpt lat="46.504703" lon="22.704328">
        <ele>1035.3</ele>
      </trkpt>
      <trkpt lat="46.504519" lon="22.704403">
        <ele>1034.2</ele>
      </trkpt>
      <trkpt lat="46.503567" lon="22.704779">
        <ele>1030.1</ele>
      </trkpt>
      <trkpt lat="46.503249" lon="22.704808">
        <ele>1029</ele>
      </trkpt>
      <trkpt lat="46.503029" lon="22.704748">
        <ele>1028.3</ele>
      </trkpt>
      <trkpt lat="46.502514" lon="22.704465">
        <ele>1026.4</ele>
      </trkpt>
      <trkpt lat="46.502197" lon="22.704272">
        <ele>1025.1</ele>
      </trkpt>
      <trkpt lat="46.501765" lon="22.703944">
        <ele>1023.3</ele>
      </trkpt>
      <trkpt lat="46.501461" lon="22.703723">
        <ele>1022.1</ele>
      </trkpt>
      <trkpt lat="46.501218" lon="22.703621">
        <ele>1021.2</ele>
      </trkpt>
      <trkpt lat="46.501065" lon="22.703613">
        <ele>1020.6</ele>
      </trkpt>
      <trkpt lat="46.500401" lon="22.703711">
        <ele>1017.9</ele>
      </trkpt>
      <trkpt lat="46.500073" lon="22.703851">
        <ele>1016.5</ele>
      </trkpt>
      <trkpt lat="46.499798" lon="22.704111">
        <ele>1015.4</ele>
      </trkpt>
      <trkpt lat="46.499496" lon="22.704531">
        <ele>1014.3</ele>
      </trkpt>
      <trkpt lat="46.499321" lon="22.704788">
        <ele>1013.9</ele>
      </trkpt>
      <trkpt lat="46.499047" lon="22.705115">
        <ele>1013.1</ele>
      </trkpt>
      <trkpt lat="46.498796" lon="22.705338">
        <ele>1012.3</ele>
      </trkpt>
      <trkpt lat="46.498641" lon="22.705467">
        <ele>1011.7</ele>
      </trkpt>
      <trkpt lat="46.498538" lon="22.705568">
        <ele>1011.3</ele>
      </trkpt>
      <trkpt lat="46.498351" lon="22.705897">
        <ele>1010.2</ele>
      </trkpt>
      <trkpt lat="46.497726" lon="22.707355">
        <ele>1003.1</ele>
      </trkpt>
      <trkpt lat="46.497518" lon="22.707591">
        <ele>1001.4</ele>
      </trkpt>
      <trkpt lat="46.497395" lon="22.707681">
        <ele>1000.6</ele>
      </trkpt>
      <trkpt lat="46.497084" lon="22.70776">
        <ele>998.7</ele>
      </trkpt>
      <trkpt lat="46.496896" lon="22.707675">
        <ele>997.6</ele>
      </trkpt>
      <trkpt lat="46.496825" lon="22.707596">
        <ele>997</ele>
      </trkpt>
      <trkpt lat="46.496401" lon="22.706812">
        <ele>993</ele>
      </trkpt>
      <trkpt lat="46.496261" lon="22.706725">
        <ele>992.2</ele>
      </trkpt>
      <trkpt lat="46.496138" lon="22.706715">
        <ele>991.6</ele>
      </trkpt>
      <trkpt lat="46.496086" lon="22.706739">
        <ele>991.3</ele>
      </trkpt>
      <trkpt lat="46.495955" lon="22.706808">
        <ele>990.7</ele>
      </trkpt>
      <trkpt lat="46.495349" lon="22.707132">
        <ele>987.9</ele>
      </trkpt>
      <trkpt lat="46.493753" lon="22.707623">
        <ele>982.9</ele>
      </trkpt>
      <trkpt lat="46.493144" lon="22.707952">
        <ele>980.5</ele>
      </trkpt>
      <trkpt lat="46.492988" lon="22.708056">
        <ele>979.8</ele>
      </trkpt>
      <trkpt lat="46.492827" lon="22.708233">
        <ele>979</ele>
      </trkpt>
      <trkpt lat="46.492308" lon="22.708987">
        <ele>976.6</ele>
      </trkpt>
      <trkpt lat="46.492181" lon="22.709137">
        <ele>976.1</ele>
      </trkpt>
      <trkpt lat="46.491992" lon="22.709266">
        <ele>975.5</ele>
      </trkpt>
      <trkpt lat="46.491703" lon="22.709344">
        <ele>974.6</ele>
      </trkpt>
      <trkpt lat="46.491588" lon="22.709357">
        <ele>974.2</ele>
      </trkpt>
      <trkpt lat="46.491233" lon="22.709459">
        <ele>972.7</ele>
      </trkpt>
      <trkpt lat="46.490979" lon="22.709593">
        <ele>971.3</ele>
      </trkpt>
      <trkpt lat="46.490825" lon="22.709735">
        <ele>970.2</ele>
      </trkpt>
      <trkpt lat="46.490535" lon="22.710113">
        <ele>967.3</ele>
      </trkpt>
      <trkpt lat="46.490186" lon="22.710634">
        <ele>963</ele>
      </trkpt>
      <trkpt lat="46.490096" lon="22.710784">
        <ele>961.8</ele>
      </trkpt>
      <trkpt lat="46.489407" lon="22.711776">
        <ele>954.6</ele>
      </trkpt>
      <trkpt lat="46.489252" lon="22.712023">
        <ele>953.5</ele>
      </trkpt>
      <trkpt lat="46.489008" lon="22.712318">
        <ele>952.1</ele>
      </trkpt>
      <trkpt lat="46.486903" lon="22.714333">
        <ele>942.9</ele>
      </trkpt>
      <trkpt lat="46.484321" lon="22.717605">
        <ele>926.9</ele>
      </trkpt>
      <trkpt lat="46.484015" lon="22.718048">
        <ele>925.9</ele>
      </trkpt>
      <trkpt lat="46.483839" lon="22.718305">
        <ele>925.2</ele>
      </trkpt>
      <trkpt lat="46.48368" lon="22.718589">
        <ele>924.2</ele>
      </trkpt>
      <trkpt lat="46.483605" lon="22.718777">
        <ele>923.6</ele>
      </trkpt>
      <trkpt lat="46.483555" lon="22.718968">
        <ele>923</ele>
      </trkpt>
      <trkpt lat="46.483472" lon="22.719694">
        <ele>921.2</ele>
      </trkpt>
      <trkpt lat="46.483265" lon="22.721349">
        <ele>912.8</ele>
      </trkpt>
      <trkpt lat="46.483209" lon="22.721631">
        <ele>911.8</ele>
      </trkpt>
      <trkpt lat="46.483128" lon="22.721867">
        <ele>911.1</ele>
      </trkpt>
      <trkpt lat="46.482212" lon="22.723978">
        <ele>907.5</ele>
      </trkpt>
      <trkpt lat="46.481808" lon="22.725185">
        <ele>905.1</ele>
      </trkpt>
      <trkpt lat="46.481632" lon="22.725837">
        <ele>903</ele>
      </trkpt>
      <trkpt lat="46.481047" lon="22.727655">
        <ele>894.8</ele>
      </trkpt>
      <trkpt lat="46.480936" lon="22.728159">
        <ele>892.9</ele>
      </trkpt>
      <trkpt lat="46.480818" lon="22.728996">
        <ele>890.5</ele>
      </trkpt>
      <trkpt lat="46.480794" lon="22.729173">
        <ele>890</ele>
      </trkpt>
      <trkpt lat="46.480738" lon="22.729766">
        <ele>888.7</ele>
      </trkpt>
      <trkpt lat="46.480384" lon="22.731504">
        <ele>884.7</ele>
      </trkpt>
      <trkpt lat="46.480049" lon="22.733014">
        <ele>881.1</ele>
      </trkpt>
      <trkpt lat="46.479918" lon="22.733524">
        <ele>880.1</ele>
      </trkpt>
      <trkpt lat="46.479719" lon="22.733878">
        <ele>879.3</ele>
      </trkpt>
      <trkpt lat="46.479061" lon="22.734565">
        <ele>877.6</ele>
      </trkpt>
      <trkpt lat="46.478327" lon="22.73546">
        <ele>876.1</ele>
      </trkpt>
      <trkpt lat="46.477965" lon="22.736009">
        <ele>875.1</ele>
      </trkpt>
      <trkpt lat="46.477679" lon="22.736548">
        <ele>874.2</ele>
      </trkpt>
      <trkpt lat="46.476689" lon="22.738722">
        <ele>870.6</ele>
      </trkpt>
      <trkpt lat="46.47646" lon="22.739342">
        <ele>869.7</ele>
      </trkpt>
      <trkpt lat="46.476376" lon="22.739685">
        <ele>869.2</ele>
      </trkpt>
      <trkpt lat="46.476339" lon="22.740033">
        <ele>868.7</ele>
      </trkpt>
      <trkpt lat="46.476344" lon="22.740361">
        <ele>868.3</ele>
      </trkpt>
      <trkpt lat="46.47644" lon="22.741058">
        <ele>867.4</ele>
      </trkpt>
      <trkpt lat="46.476721" lon="22.742136">
        <ele>865.4</ele>
      </trkpt>
      <trkpt lat="46.476749" lon="22.742442">
        <ele>864.6</ele>
      </trkpt>
      <trkpt lat="46.476745" lon="22.742775">
        <ele>863.7</ele>
      </trkpt>
      <trkpt lat="46.476568" lon="22.744422">
        <ele>857.8</ele>
      </trkpt>
      <trkpt lat="46.47654" lon="22.745511">
        <ele>854.8</ele>
      </trkpt>
      <trkpt lat="46.476503" lon="22.745827">
        <ele>854.2</ele>
      </trkpt>
      <trkpt lat="46.476171" lon="22.747742">
        <ele>852.4</ele>
      </trkpt>
      <trkpt lat="46.476095" lon="22.748528">
        <ele>851.6</ele>
      </trkpt>
      <trkpt lat="46.476115" lon="22.748676">
        <ele>851.4</ele>
      </trkpt>
      <trkpt lat="46.476472" lon="22.750001">
        <ele>848.9</ele>
      </trkpt>
      <trkpt lat="46.476518" lon="22.750355">
        <ele>848.1</ele>
      </trkpt>
      <trkpt lat="46.476507" lon="22.750639">
        <ele>847.3</ele>
      </trkpt>
      <trkpt lat="46.476483" lon="22.751267">
        <ele>845.7</ele>
      </trkpt>
      <trkpt lat="46.476516" lon="22.751597">
        <ele>844.8</ele>
      </trkpt>
      <trkpt lat="46.476739" lon="22.752589">
        <ele>841.8</ele>
      </trkpt>
      <trkpt lat="46.476893" lon="22.753399">
        <ele>839.7</ele>
      </trkpt>
      <trkpt lat="46.476931" lon="22.753724">
        <ele>839</ele>
      </trkpt>
      <trkpt lat="46.476931" lon="22.753868">
        <ele>838.7</ele>
      </trkpt>
      <trkpt lat="46.476895" lon="22.754083">
        <ele>838.3</ele>
      </trkpt>
      <trkpt lat="46.476772" lon="22.754393">
        <ele>837.8</ele>
      </trkpt>
      <trkpt lat="46.476324" lon="22.755051">
        <ele>836.8</ele>
      </trkpt>
      <trkpt lat="46.476265" lon="22.755201">
        <ele>836.6</ele>
      </trkpt>
      <trkpt lat="46.476226" lon="22.755384">
        <ele>836.5</ele>
      </trkpt>
      <trkpt lat="46.476213" lon="22.755593">
        <ele>836.3</ele>
      </trkpt>
      <trkpt lat="46.476237" lon="22.756663">
        <ele>835.1</ele>
      </trkpt>
      <trkpt lat="46.476322" lon="22.759013">
        <ele>830.7</ele>
      </trkpt>
      <trkpt lat="46.476376" lon="22.759182">
        <ele>830.4</ele>
      </trkpt>
      <trkpt lat="46.476386" lon="22.759989">
        <ele>830.1</ele>
      </trkpt>
      <trkpt lat="46.476326" lon="22.760732">
        <ele>830.4</ele>
      </trkpt>
      <trkpt lat="46.476285" lon="22.761354">
        <ele>831.2</ele>
      </trkpt>
      <trkpt lat="46.476268" lon="22.761542">
        <ele>831.5</ele>
      </trkpt>
      <trkpt lat="46.476232" lon="22.761668">
        <ele>831.6</ele>
      </trkpt>
      <trkpt lat="46.476167" lon="22.761794">
        <ele>831.7</ele>
      </trkpt>
      <trkpt lat="46.476048" lon="22.761926">
        <ele>831.8</ele>
      </trkpt>
      <trkpt lat="46.475509" lon="22.762218">
        <ele>831.3</ele>
      </trkpt>
      <trkpt lat="46.475432" lon="22.762224">
        <ele>831</ele>
      </trkpt>
      <trkpt lat="46.474691" lon="22.76228">
        <ele>828.7</ele>
      </trkpt>
      <trkpt lat="46.473982" lon="22.76265">
        <ele>826.7</ele>
      </trkpt>
      <trkpt lat="46.473847" lon="22.762647">
        <ele>826.6</ele>
      </trkpt>
      <trkpt lat="46.473233" lon="22.762492">
        <ele>829</ele>
      </trkpt>
      <trkpt lat="46.472964" lon="22.762355">
        <ele>830.2</ele>
      </trkpt>
      <trkpt lat="46.472721" lon="22.762181">
        <ele>831.1</ele>
      </trkpt>
      <trkpt lat="46.472567" lon="22.762047">
        <ele>831.5</ele>
      </trkpt>
      <trkpt lat="46.472437" lon="22.761864">
        <ele>831.6</ele>
      </trkpt>
      <trkpt lat="46.472334" lon="22.761599">
        <ele>831.4</ele>
      </trkpt>
      <trkpt lat="46.47229" lon="22.761408">
        <ele>831.2</ele>
      </trkpt>
      <trkpt lat="46.472276" lon="22.761153">
        <ele>830.9</ele>
      </trkpt>
      <trkpt lat="46.472291" lon="22.760654">
        <ele>829.9</ele>
      </trkpt>
      <trkpt lat="46.472241" lon="22.760504">
        <ele>829.4</ele>
      </trkpt>
      <trkpt lat="46.472175" lon="22.760394">
        <ele>828.8</ele>
      </trkpt>
      <trkpt lat="46.471999" lon="22.760239">
        <ele>827.5</ele>
      </trkpt>
      <trkpt lat="46.471702" lon="22.760062">
        <ele>825.7</ele>
      </trkpt>
      <trkpt lat="46.471541" lon="22.760037">
        <ele>824.9</ele>
      </trkpt>
      <trkpt lat="46.470801" lon="22.760126">
        <ele>822.4</ele>
      </trkpt>
      <trkpt lat="46.470051" lon="22.760343">
        <ele>819.7</ele>
      </trkpt>
      <trkpt lat="46.46986" lon="22.760375">
        <ele>818.8</ele>
      </trkpt>
      <trkpt lat="46.469201" lon="22.760354">
        <ele>815.5</ele>
      </trkpt>
      <trkpt lat="46.469047" lon="22.76044">
        <ele>814.7</ele>
      </trkpt>
      <trkpt lat="46.467463" lon="22.76165">
        <ele>810.3</ele>
      </trkpt>
      <trkpt lat="46.467315" lon="22.761813">
        <ele>810.1</ele>
      </trkpt>
      <trkpt lat="46.466984" lon="22.762311">
        <ele>809.7</ele>
      </trkpt>
      <trkpt lat="46.466872" lon="22.762594">
        <ele>809.5</ele>
      </trkpt>
      <trkpt lat="46.46676" lon="22.76298">
        <ele>809.3</ele>
      </trkpt>
      <trkpt lat="46.466683" lon="22.763375">
        <ele>809</ele>
      </trkpt>
      <trkpt lat="46.466393" lon="22.764337">
        <ele>807.9</ele>
      </trkpt>
      <trkpt lat="46.465985" lon="22.765109">
        <ele>806.4</ele>
      </trkpt>
      <trkpt lat="46.465861" lon="22.765409">
        <ele>805.8</ele>
      </trkpt>
      <trkpt lat="46.465456" lon="22.766805">
        <ele>804.3</ele>
      </trkpt>
      <trkpt lat="46.464937" lon="22.767931">
        <ele>804.3</ele>
      </trkpt>
      <trkpt lat="46.464773" lon="22.768216">
        <ele>804.3</ele>
      </trkpt>
      <trkpt lat="46.464673" lon="22.768336">
        <ele>804.3</ele>
      </trkpt>
      <trkpt lat="46.464519" lon="22.768448">
        <ele>804.2</ele>
      </trkpt>
      <trkpt lat="46.46437" lon="22.768508">
        <ele>804.2</ele>
      </trkpt>
      <trkpt lat="46.464183" lon="22.768486">
        <ele>804</ele>
      </trkpt>
      <trkpt lat="46.464039" lon="22.768395">
        <ele>803.9</ele>
      </trkpt>
      <trkpt lat="46.463645" lon="22.767988">
        <ele>803.4</ele>
      </trkpt>
      <trkpt lat="46.463526" lon="22.767941">
        <ele>803.2</ele>
      </trkpt>
      <trkpt lat="46.463402" lon="22.767993">
        <ele>803</ele>
      </trkpt>
      <trkpt lat="46.46325" lon="22.768154">
        <ele>802.8</ele>
      </trkpt>
      <trkpt lat="46.463071" lon="22.768543">
        <ele>802.4</ele>
      </trkpt>
      <trkpt lat="46.462757" lon="22.769345">
        <ele>801.9</ele>
      </trkpt>
      <trkpt lat="46.462472" lon="22.770192">
        <ele>801.1</ele>
      </trkpt>
      <trkpt lat="46.462396" lon="22.770482">
        <ele>800.7</ele>
      </trkpt>
      <trkpt lat="46.462212" lon="22.771415">
        <ele>799.5</ele>
      </trkpt>
      <trkpt lat="46.462123" lon="22.772078">
        <ele>798.7</ele>
      </trkpt>
      <trkpt lat="46.46214" lon="22.772805">
        <ele>798.1</ele>
      </trkpt>
      <trkpt lat="46.462479" lon="22.777237">
        <ele>795.6</ele>
      </trkpt>
      <trkpt lat="46.462527" lon="22.777623">
        <ele>794.8</ele>
      </trkpt>
      <trkpt lat="46.462586" lon="22.777906">
        <ele>794</ele>
      </trkpt>
      <trkpt lat="46.462733" lon="22.778215">
        <ele>793</ele>
      </trkpt>
      <trkpt lat="46.462975" lon="22.778606">
        <ele>791.6</ele>
      </trkpt>
      <trkpt lat="46.463245" lon="22.779223">
        <ele>789.7</ele>
      </trkpt>
      <trkpt lat="46.463542" lon="22.779701">
        <ele>788.5</ele>
      </trkpt>
      <trkpt lat="46.463913" lon="22.780328">
        <ele>787.4</ele>
      </trkpt>
      <trkpt lat="46.464713" lon="22.781841">
        <ele>785</ele>
      </trkpt>
      <trkpt lat="46.465118" lon="22.782724">
        <ele>783.4</ele>
      </trkpt>
      <trkpt lat="46.465393" lon="22.783687">
        <ele>781.8</ele>
      </trkpt>
      <trkpt lat="46.465508" lon="22.784314">
        <ele>780.9</ele>
      </trkpt>
      <trkpt lat="46.465541" lon="22.78462">
        <ele>780.6</ele>
      </trkpt>
      <trkpt lat="46.465543" lon="22.784757">
        <ele>780.4</ele>
      </trkpt>
      <trkpt lat="46.46546" lon="22.785014">
        <ele>780.1</ele>
      </trkpt>
      <trkpt lat="46.464696" lon="22.786241">
        <ele>779.7</ele>
      </trkpt>
      <trkpt lat="46.463193" lon="22.788423">
        <ele>781.9</ele>
      </trkpt>
      <trkpt lat="46.463076" lon="22.788646">
        <ele>782.2</ele>
      </trkpt>
      <trkpt lat="46.462831" lon="22.788866">
        <ele>782.7</ele>
      </trkpt>
      <trkpt lat="46.462212" lon="22.78919">
        <ele>783.7</ele>
      </trkpt>
      <trkpt lat="46.461541" lon="22.789439">
        <ele>783.3</ele>
      </trkpt>
      <trkpt lat="46.461304" lon="22.789486">
        <ele>782.9</ele>
      </trkpt>
      <trkpt lat="46.461014" lon="22.789444">
        <ele>782.2</ele>
      </trkpt>
      <trkpt lat="46.460455" lon="22.789154">
        <ele>780.8</ele>
      </trkpt>
      <trkpt lat="46.460158" lon="22.789161">
        <ele>779.8</ele>
      </trkpt>
      <trkpt lat="46.460058" lon="22.789248">
        <ele>779.3</ele>
      </trkpt>
      <trkpt lat="46.459924" lon="22.78951">
        <ele>778.5</ele>
      </trkpt>
      <trkpt lat="46.459741" lon="22.790069">
        <ele>777.2</ele>
      </trkpt>
      <trkpt lat="46.45963" lon="22.790341">
        <ele>776.5</ele>
      </trkpt>
      <trkpt lat="46.459542" lon="22.790668">
        <ele>775.8</ele>
      </trkpt>
      <trkpt lat="46.459322" lon="22.792523">
        <ele>771.4</ele>
      </trkpt>
      <trkpt lat="46.459339" lon="22.793415">
        <ele>771.6</ele>
      </trkpt>
      <trkpt lat="46.459304" lon="22.79389">
        <ele>772.4</ele>
      </trkpt>
      <trkpt lat="46.459167" lon="22.794631">
        <ele>774</ele>
      </trkpt>
      <trkpt lat="46.4592" lon="22.794904">
        <ele>774.5</ele>
      </trkpt>
      <trkpt lat="46.459494" lon="22.795826">
        <ele>775.5</ele>
      </trkpt>
      <trkpt lat="46.459551" lon="22.796119">
        <ele>775.4</ele>
      </trkpt>
      <trkpt lat="46.459573" lon="22.79647">
        <ele>775.1</ele>
      </trkpt>
      <trkpt lat="46.459557" lon="22.796781">
        <ele>774.6</ele>
      </trkpt>
      <trkpt lat="46.459507" lon="22.797132">
        <ele>773.9</ele>
      </trkpt>
      <trkpt lat="46.459411" lon="22.797374">
        <ele>773.2</ele>
      </trkpt>
      <trkpt lat="46.459292" lon="22.797587">
        <ele>772.5</ele>
      </trkpt>
      <trkpt lat="46.45888" lon="22.798087">
        <ele>770.1</ele>
      </trkpt>
      <trkpt lat="46.458574" lon="22.798398">
        <ele>768.3</ele>
      </trkpt>
      <trkpt lat="46.458356" lon="22.798498">
        <ele>767.1</ele>
      </trkpt>
      <trkpt lat="46.458049" lon="22.798583">
        <ele>765.4</ele>
      </trkpt>
      <trkpt lat="46.457949" lon="22.798675">
        <ele>764.9</ele>
      </trkpt>
      <trkpt lat="46.457282" lon="22.799648">
        <ele>761.6</ele>
      </trkpt>
      <trkpt lat="46.456997" lon="22.800169">
        <ele>761</ele>
      </trkpt>
      <trkpt lat="46.456862" lon="22.800562">
        <ele>760.8</ele>
      </trkpt>
      <trkpt lat="46.456657" lon="22.801272">
        <ele>760.6</ele>
      </trkpt>
      <trkpt lat="46.456589" lon="22.801625">
        <ele>760.3</ele>
      </trkpt>
      <trkpt lat="46.456567" lon="22.801872">
        <ele>760.1</ele>
      </trkpt>
      <trkpt lat="46.456563" lon="22.802144">
        <ele>759.7</ele>
      </trkpt>
      <trkpt lat="46.456609" lon="22.802558">
        <ele>759</ele>
      </trkpt>
      <trkpt lat="46.456968" lon="22.804618">
        <ele>755.1</ele>
      </trkpt>
      <trkpt lat="46.457057" lon="22.805201">
        <ele>754.2</ele>
      </trkpt>
      <trkpt lat="46.456872" lon="22.806469">
        <ele>753.8</ele>
      </trkpt>
      <trkpt lat="46.456861" lon="22.806877">
        <ele>753.9</ele>
      </trkpt>
      <trkpt lat="46.456964" lon="22.807985">
        <ele>754</ele>
      </trkpt>
      <trkpt lat="46.456938" lon="22.808395">
        <ele>754</ele>
      </trkpt>
      <trkpt lat="46.456728" lon="22.80965">
        <ele>752.9</ele>
      </trkpt>
      <trkpt lat="46.456632" lon="22.810032">
        <ele>752.2</ele>
      </trkpt>
      <trkpt lat="46.456306" lon="22.810976">
        <ele>750.2</ele>
      </trkpt>
      <trkpt lat="46.456077" lon="22.811529">
        <ele>749.2</ele>
      </trkpt>
      <trkpt lat="46.455302" lon="22.812732">
        <ele>748.1</ele>
      </trkpt>
      <trkpt lat="46.454723" lon="22.813759">
        <ele>747.9</ele>
      </trkpt>
      <trkpt lat="46.454063" lon="22.814749">
        <ele>747.7</ele>
      </trkpt>
      <trkpt lat="46.453694" lon="22.81561">
        <ele>748.7</ele>
      </trkpt>
      <trkpt lat="46.453298" lon="22.81631">
        <ele>750.4</ele>
      </trkpt>
      <trkpt lat="46.453228" lon="22.81668">
        <ele>751</ele>
      </trkpt>
      <trkpt lat="46.453206" lon="22.817233">
        <ele>751.7</ele>
      </trkpt>
      <trkpt lat="46.453266" lon="22.818455">
        <ele>750.8</ele>
      </trkpt>
      <trkpt lat="46.453243" lon="22.819112">
        <ele>748.8</ele>
      </trkpt>
      <trkpt lat="46.453095" lon="22.819573">
        <ele>746.7</ele>
      </trkpt>
      <trkpt lat="46.452713" lon="22.820189">
        <ele>743.7</ele>
      </trkpt>
      <trkpt lat="46.45258" lon="22.820579">
        <ele>742.4</ele>
      </trkpt>
      <trkpt lat="46.452566" lon="22.820674">
        <ele>742.1</ele>
      </trkpt>
      <trkpt lat="46.452582" lon="22.820959">
        <ele>741.4</ele>
      </trkpt>
      <trkpt lat="46.452799" lon="22.821711">
        <ele>740.1</ele>
      </trkpt>
      <trkpt lat="46.453531" lon="22.822923">
        <ele>740.8</ele>
      </trkpt>
      <trkpt lat="46.453873" lon="22.823634">
        <ele>740.8</ele>
      </trkpt>
      <trkpt lat="46.454111" lon="22.824024">
        <ele>740.2</ele>
      </trkpt>
      <trkpt lat="46.45434" lon="22.824469">
        <ele>739.1</ele>
      </trkpt>
      <trkpt lat="46.454423" lon="22.824675">
        <ele>738.4</ele>
      </trkpt>
      <trkpt lat="46.454509" lon="22.824999">
        <ele>737.3</ele>
      </trkpt>
      <trkpt lat="46.454524" lon="22.825179">
        <ele>736.6</ele>
      </trkpt>
      <trkpt lat="46.454511" lon="22.826127">
        <ele>733.2</ele>
      </trkpt>
      <trkpt lat="46.454567" lon="22.826318">
        <ele>732.6</ele>
      </trkpt>
      <trkpt lat="46.454886" lon="22.827019">
        <ele>730.7</ele>
      </trkpt>
      <trkpt lat="46.455058" lon="22.827288">
        <ele>730.1</ele>
      </trkpt>
      <trkpt lat="46.45527" lon="22.827519">
        <ele>729.6</ele>
      </trkpt>
      <trkpt lat="46.45545" lon="22.827792">
        <ele>729</ele>
      </trkpt>
      <trkpt lat="46.455705" lon="22.828465">
        <ele>727.9</ele>
      </trkpt>
      <trkpt lat="46.455763" lon="22.828839">
        <ele>727.4</ele>
      </trkpt>
      <trkpt lat="46.45576" lon="22.828888">
        <ele>727.4</ele>
      </trkpt>
      <trkpt lat="46.455728" lon="22.829238">
        <ele>727</ele>
      </trkpt>
      <trkpt lat="46.455624" lon="22.829896">
        <ele>726.4</ele>
      </trkpt>
      <trkpt lat="46.455629" lon="22.830399">
        <ele>726</ele>
      </trkpt>
      <trkpt lat="46.455629" lon="22.830857">
        <ele>725.9</ele>
      </trkpt>
      <trkpt lat="46.455557" lon="22.831194">
        <ele>725.8</ele>
      </trkpt>
      <trkpt lat="46.455486" lon="22.831338">
        <ele>725.8</ele>
      </trkpt>
      <trkpt lat="46.455189" lon="22.831784">
        <ele>725.5</ele>
      </trkpt>
      <trkpt lat="46.454996" lon="22.832194">
        <ele>725.3</ele>
      </trkpt>
      <trkpt lat="46.454862" lon="22.832685">
        <ele>725.1</ele>
      </trkpt>
      <trkpt lat="46.454817" lon="22.833313">
        <ele>724.7</ele>
      </trkpt>
      <trkpt lat="46.454843" lon="22.833836">
        <ele>724.4</ele>
      </trkpt>
      <trkpt lat="46.454871" lon="22.834246">
        <ele>724.2</ele>
      </trkpt>
      <trkpt lat="46.454978" lon="22.835037">
        <ele>724.4</ele>
      </trkpt>
      <trkpt lat="46.455168" lon="22.83578">
        <ele>724.9</ele>
      </trkpt>
      <trkpt lat="46.455325" lon="22.836153">
        <ele>725.2</ele>
      </trkpt>
      <trkpt lat="46.455684" lon="22.83673">
        <ele>725.4</ele>
      </trkpt>
      <trkpt lat="46.455854" lon="22.837062">
        <ele>725.3</ele>
      </trkpt>
      <trkpt lat="46.456223" lon="22.838489">
        <ele>722.9</ele>
      </trkpt>
      <trkpt lat="46.456283" lon="22.838988">
        <ele>721.8</ele>
      </trkpt>
      <trkpt lat="46.456377" lon="22.840303">
        <ele>720.2</ele>
      </trkpt>
      <trkpt lat="46.456438" lon="22.840876">
        <ele>719.9</ele>
      </trkpt>
      <trkpt lat="46.45649" lon="22.841136">
        <ele>719.8</ele>
      </trkpt>
      <trkpt lat="46.456675" lon="22.841761">
        <ele>719.6</ele>
      </trkpt>
      <trkpt lat="46.456791" lon="22.842381">
        <ele>719.5</ele>
      </trkpt>
      <trkpt lat="46.456798" lon="22.842716">
        <ele>719.4</ele>
      </trkpt>
      <trkpt lat="46.456767" lon="22.843185">
        <ele>719.3</ele>
      </trkpt>
      <trkpt lat="46.456656" lon="22.844331">
        <ele>718.6</ele>
      </trkpt>
      <trkpt lat="46.456671" lon="22.844617">
        <ele>718.3</ele>
      </trkpt>
      <trkpt lat="46.456699" lon="22.844738">
        <ele>718.1</ele>
      </trkpt>
      <trkpt lat="46.456765" lon="22.844883">
        <ele>717.9</ele>
      </trkpt>
      <trkpt lat="46.457484" lon="22.845859">
        <ele>716</ele>
      </trkpt>
      <trkpt lat="46.458068" lon="22.847064">
        <ele>714.3</ele>
      </trkpt>
      <trkpt lat="46.458125" lon="22.847219">
        <ele>714.2</ele>
      </trkpt>
      <trkpt lat="46.458184" lon="22.847538">
        <ele>714.2</ele>
      </trkpt>
      <trkpt lat="46.458196" lon="22.84778">
        <ele>714.3</ele>
      </trkpt>
      <trkpt lat="46.458173" lon="22.848139">
        <ele>714.4</ele>
      </trkpt>
      <trkpt lat="46.458016" lon="22.848894">
        <ele>715.1</ele>
      </trkpt>
      <trkpt lat="46.457772" lon="22.849805">
        <ele>717.5</ele>
      </trkpt>
      <trkpt lat="46.457576" lon="22.850352">
        <ele>719.7</ele>
      </trkpt>
      <trkpt lat="46.457491" lon="22.850486">
        <ele>720.4</ele>
      </trkpt>
      <trkpt lat="46.457406" lon="22.850567">
        <ele>721</ele>
      </trkpt>
      <trkpt lat="46.457103" lon="22.850701">
        <ele>723</ele>
      </trkpt>
      <trkpt lat="46.456878" lon="22.85088">
        <ele>724.6</ele>
      </trkpt>
      <trkpt lat="46.456625" lon="22.851261">
        <ele>726.5</ele>
      </trkpt>
      <trkpt lat="46.456468" lon="22.851597">
        <ele>727.6</ele>
      </trkpt>
      <trkpt lat="46.456375" lon="22.851945">
        <ele>728.1</ele>
      </trkpt>
      <trkpt lat="46.456349" lon="22.85216">
        <ele>728.2</ele>
      </trkpt>
      <trkpt lat="46.456305" lon="22.853404">
        <ele>727.3</ele>
      </trkpt>
      <trkpt lat="46.456237" lon="22.853866">
        <ele>726.8</ele>
      </trkpt>
      <trkpt lat="46.4561" lon="22.854212">
        <ele>726.3</ele>
      </trkpt>
      <trkpt lat="46.455887" lon="22.854577">
        <ele>725.8</ele>
      </trkpt>
      <trkpt lat="46.455714" lon="22.854934">
        <ele>725.3</ele>
      </trkpt>
      <trkpt lat="46.455325" lon="22.855867">
        <ele>723.7</ele>
      </trkpt>
      <trkpt lat="46.4551" lon="22.856404">
        <ele>722.2</ele>
      </trkpt>
      <trkpt lat="46.454747" lon="22.856964">
        <ele>720.3</ele>
      </trkpt>
      <trkpt lat="46.454577" lon="22.857305">
        <ele>719.6</ele>
      </trkpt>
      <trkpt lat="46.454208" lon="22.858254">
        <ele>719.9</ele>
      </trkpt>
      <trkpt lat="46.453766" lon="22.859193">
        <ele>723.6</ele>
      </trkpt>
      <trkpt lat="46.453609" lon="22.859636">
        <ele>724.5</ele>
      </trkpt>
      <trkpt lat="46.453575" lon="22.859797">
        <ele>724.6</ele>
      </trkpt>
      <trkpt lat="46.453558" lon="22.859937">
        <ele>724.7</ele>
      </trkpt>
      <trkpt lat="46.453537" lon="22.860204">
        <ele>724.7</ele>
      </trkpt>
      <trkpt lat="46.453555" lon="22.86062">
        <ele>724.3</ele>
      </trkpt>
      <trkpt lat="46.453661" lon="22.861022">
        <ele>723.7</ele>
      </trkpt>
      <trkpt lat="46.45372" lon="22.861165">
        <ele>723.4</ele>
      </trkpt>
      <trkpt lat="46.454006" lon="22.861642">
        <ele>721.4</ele>
      </trkpt>
      <trkpt lat="46.4541" lon="22.861959">
        <ele>720.3</ele>
      </trkpt>
      <trkpt lat="46.454167" lon="22.862624">
        <ele>718.6</ele>
      </trkpt>
      <trkpt lat="46.454324" lon="22.863589">
        <ele>716.9</ele>
      </trkpt>
      <trkpt lat="46.454414" lon="22.863965">
        <ele>716</ele>
      </trkpt>
      <trkpt lat="46.454549" lon="22.86433">
        <ele>714.9</ele>
      </trkpt>
      <trkpt lat="46.45474" lon="22.864654">
        <ele>713.6</ele>
      </trkpt>
      <trkpt lat="46.455121" lon="22.865123">
        <ele>711.1</ele>
      </trkpt>
      <trkpt lat="46.45614" lon="22.866666">
        <ele>705.8</ele>
      </trkpt>
      <trkpt lat="46.456678" lon="22.867341">
        <ele>704.6</ele>
      </trkpt>
      <trkpt lat="46.456853" lon="22.867596">
        <ele>704.4</ele>
      </trkpt>
      <trkpt lat="46.457288" lon="22.868395">
        <ele>704.1</ele>
      </trkpt>
      <trkpt lat="46.45761" lon="22.869114">
        <ele>703.9</ele>
      </trkpt>
      <trkpt lat="46.457754" lon="22.869567">
        <ele>703.6</ele>
      </trkpt>
      <trkpt lat="46.4578" lon="22.869782">
        <ele>703.4</ele>
      </trkpt>
      <trkpt lat="46.457828" lon="22.869989">
        <ele>703.1</ele>
      </trkpt>
      <trkpt lat="46.457826" lon="22.870415">
        <ele>702.6</ele>
      </trkpt>
      <trkpt lat="46.457759" lon="22.870855">
        <ele>701.8</ele>
      </trkpt>
      <trkpt lat="46.457569" lon="22.87137">
        <ele>700.7</ele>
      </trkpt>
      <trkpt lat="46.457153" lon="22.872309">
        <ele>699.5</ele>
      </trkpt>
      <trkpt lat="46.456784" lon="22.872947">
        <ele>699.8</ele>
      </trkpt>
      <trkpt lat="46.456651" lon="22.873261">
        <ele>699.9</ele>
      </trkpt>
      <trkpt lat="46.456608" lon="22.873414">
        <ele>700</ele>
      </trkpt>
      <trkpt lat="46.456599" lon="22.873738">
        <ele>700.3</ele>
      </trkpt>
      <trkpt lat="46.456683" lon="22.874322">
        <ele>700.8</ele>
      </trkpt>
      <trkpt lat="46.456741" lon="22.874736">
        <ele>701.1</ele>
      </trkpt>
      <trkpt lat="46.456752" lon="22.874969">
        <ele>701.3</ele>
      </trkpt>
      <trkpt lat="46.456723" lon="22.876166">
        <ele>701</ele>
      </trkpt>
      <trkpt lat="46.456778" lon="22.876469">
        <ele>700.8</ele>
      </trkpt>
      <trkpt lat="46.456924" lon="22.87675">
        <ele>700.5</ele>
      </trkpt>
      <trkpt lat="46.457172" lon="22.877">
        <ele>700.1</ele>
      </trkpt>
      <trkpt lat="46.457319" lon="22.877214">
        <ele>699.7</ele>
      </trkpt>
      <trkpt lat="46.457691" lon="22.878078">
        <ele>698</ele>
      </trkpt>
      <trkpt lat="46.457848" lon="22.878373">
        <ele>697.4</ele>
      </trkpt>
      <trkpt lat="46.458069" lon="22.878661">
        <ele>696.7</ele>
      </trkpt>
      <trkpt lat="46.459186" lon="22.879652">
        <ele>694.9</ele>
      </trkpt>
      <trkpt lat="46.459559" lon="22.87991">
        <ele>694.8</ele>
      </trkpt>
      <trkpt lat="46.460712" lon="22.880581">
        <ele>694</ele>
      </trkpt>
      <trkpt lat="46.4609" lon="22.880755">
        <ele>693.7</ele>
      </trkpt>
      <trkpt lat="46.461043" lon="22.880986">
        <ele>693.3</ele>
      </trkpt>
      <trkpt lat="46.461394" lon="22.881804">
        <ele>691.8</ele>
      </trkpt>
      <trkpt lat="46.461772" lon="22.882509">
        <ele>690.4</ele>
      </trkpt>
      <trkpt lat="46.462107" lon="22.883436">
        <ele>689.9</ele>
      </trkpt>
      <trkpt lat="46.462201" lon="22.883625">
        <ele>690.1</ele>
      </trkpt>
      <trkpt lat="46.462591" lon="22.884169">
        <ele>691.9</ele>
      </trkpt>
      <trkpt lat="46.462747" lon="22.884556">
        <ele>693.1</ele>
      </trkpt>
      <trkpt lat="46.462896" lon="22.885019">
        <ele>694.6</ele>
      </trkpt>
      <trkpt lat="46.462968" lon="22.885341">
        <ele>695.5</ele>
      </trkpt>
      <trkpt lat="46.462997" lon="22.885599">
        <ele>696.1</ele>
      </trkpt>
      <trkpt lat="46.46299" lon="22.885991">
        <ele>696.8</ele>
      </trkpt>
      <trkpt lat="46.462874" lon="22.886449">
        <ele>697.2</ele>
      </trkpt>
      <trkpt lat="46.462787" lon="22.886675">
        <ele>697.1</ele>
      </trkpt>
      <trkpt lat="46.462678" lon="22.886868">
        <ele>696.8</ele>
      </trkpt>
      <trkpt lat="46.462526" lon="22.887015">
        <ele>696.4</ele>
      </trkpt>
      <trkpt lat="46.462328" lon="22.887114">
        <ele>695.6</ele>
      </trkpt>
      <trkpt lat="46.461892" lon="22.887168">
        <ele>693.9</ele>
      </trkpt>
      <trkpt lat="46.461575" lon="22.887276">
        <ele>693</ele>
      </trkpt>
      <trkpt lat="46.461138" lon="22.887542">
        <ele>692.5</ele>
      </trkpt>
      <trkpt lat="46.460834" lon="22.887623">
        <ele>692.3</ele>
      </trkpt>
      <trkpt lat="46.460273" lon="22.887714">
        <ele>692.2</ele>
      </trkpt>
      <trkpt lat="46.46018" lon="22.887734">
        <ele>692.2</ele>
      </trkpt>
      <trkpt lat="46.459926" lon="22.887868">
        <ele>692.2</ele>
      </trkpt>
      <trkpt lat="46.459678" lon="22.888168">
        <ele>692</ele>
      </trkpt>
      <trkpt lat="46.45947" lon="22.888568">
        <ele>691.1</ele>
      </trkpt>
      <trkpt lat="46.459296" lon="22.889051">
        <ele>689.6</ele>
      </trkpt>
      <trkpt lat="46.459028" lon="22.890477">
        <ele>686.4</ele>
      </trkpt>
      <trkpt lat="46.458912" lon="22.890885">
        <ele>686.2</ele>
      </trkpt>
      <trkpt lat="46.45866" lon="22.891465">
        <ele>686.4</ele>
      </trkpt>
      <trkpt lat="46.458511" lon="22.892005">
        <ele>686.8</ele>
      </trkpt>
      <trkpt lat="46.458368" lon="22.892717">
        <ele>687.3</ele>
      </trkpt>
      <trkpt lat="46.458185" lon="22.893631">
        <ele>687.2</ele>
      </trkpt>
      <trkpt lat="46.458053" lon="22.894124">
        <ele>686.9</ele>
      </trkpt>
      <trkpt lat="46.457934" lon="22.894492">
        <ele>686.7</ele>
      </trkpt>
      <trkpt lat="46.457766" lon="22.894855">
        <ele>686.6</ele>
      </trkpt>
      <trkpt lat="46.457537" lon="22.895077">
        <ele>686.6</ele>
      </trkpt>
      <trkpt lat="46.456806" lon="22.89535">
        <ele>686.9</ele>
      </trkpt>
      <trkpt lat="46.456632" lon="22.895481">
        <ele>686.9</ele>
      </trkpt>
      <trkpt lat="46.45648" lon="22.895685">
        <ele>686.9</ele>
      </trkpt>
      <trkpt lat="46.45624" lon="22.89615">
        <ele>686.7</ele>
      </trkpt>
      <trkpt lat="46.456" lon="22.896391">
        <ele>686.4</ele>
      </trkpt>
      <trkpt lat="46.45542" lon="22.897163">
        <ele>685</ele>
      </trkpt>
      <trkpt lat="46.455213" lon="22.897524">
        <ele>684.3</ele>
      </trkpt>
      <trkpt lat="46.455125" lon="22.897781">
        <ele>684</ele>
      </trkpt>
      <trkpt lat="46.455095" lon="22.897996">
        <ele>683.7</ele>
      </trkpt>
      <trkpt lat="46.455113" lon="22.898794">
        <ele>682.7</ele>
      </trkpt>
      <trkpt lat="46.455077" lon="22.899309">
        <ele>682.1</ele>
      </trkpt>
      <trkpt lat="46.454995" lon="22.899858">
        <ele>681.5</ele>
      </trkpt>
      <trkpt lat="46.45474" lon="22.900802">
        <ele>680.1</ele>
      </trkpt>
      <trkpt lat="46.454335" lon="22.901894">
        <ele>678.8</ele>
      </trkpt>
      <trkpt lat="46.454178" lon="22.902229">
        <ele>678.7</ele>
      </trkpt>
      <trkpt lat="46.454084" lon="22.902376">
        <ele>678.7</ele>
      </trkpt>
      <trkpt lat="46.453701" lon="22.902875">
        <ele>678.7</ele>
      </trkpt>
      <trkpt lat="46.453498" lon="22.903186">
        <ele>678.8</ele>
      </trkpt>
      <trkpt lat="46.4534" lon="22.903436">
        <ele>678.9</ele>
      </trkpt>
      <trkpt lat="46.45323" lon="22.904262">
        <ele>679.1</ele>
      </trkpt>
      <trkpt lat="46.45313" lon="22.904589">
        <ele>679</ele>
      </trkpt>
      <trkpt lat="46.452962" lon="22.904954">
        <ele>678.9</ele>
      </trkpt>
      <trkpt lat="46.452776" lon="22.905249">
        <ele>678.8</ele>
      </trkpt>
      <trkpt lat="46.45255" lon="22.905466">
        <ele>678.8</ele>
      </trkpt>
      <trkpt lat="46.45229" lon="22.905616">
        <ele>678.9</ele>
      </trkpt>
      <trkpt lat="46.451976" lon="22.905646">
        <ele>679.4</ele>
      </trkpt>
      <trkpt lat="46.45136" lon="22.905538">
        <ele>680.6</ele>
      </trkpt>
      <trkpt lat="46.451223" lon="22.905552">
        <ele>680.8</ele>
      </trkpt>
      <trkpt lat="46.451088" lon="22.905587">
        <ele>681</ele>
      </trkpt>
      <trkpt lat="46.450992" lon="22.905649">
        <ele>681.2</ele>
      </trkpt>
      <trkpt lat="46.450817" lon="22.905879">
        <ele>681.5</ele>
      </trkpt>
      <trkpt lat="46.450691" lon="22.906274">
        <ele>681.7</ele>
      </trkpt>
      <trkpt lat="46.450443" lon="22.907333">
        <ele>680.8</ele>
      </trkpt>
      <trkpt lat="46.450394" lon="22.907749">
        <ele>679.7</ele>
      </trkpt>
      <trkpt lat="46.450407" lon="22.907993">
        <ele>678.9</ele>
      </trkpt>
      <trkpt lat="46.450506" lon="22.908428">
        <ele>677.5</ele>
      </trkpt>
      <trkpt lat="46.450981" lon="22.909489">
        <ele>674.5</ele>
      </trkpt>
      <trkpt lat="46.451323" lon="22.910138">
        <ele>673.5</ele>
      </trkpt>
      <trkpt lat="46.451512" lon="22.910554">
        <ele>673.1</ele>
      </trkpt>
      <trkpt lat="46.45161" lon="22.910868">
        <ele>673</ele>
      </trkpt>
      <trkpt lat="46.451619" lon="22.911203">
        <ele>672.9</ele>
      </trkpt>
      <trkpt lat="46.451526" lon="22.911697">
        <ele>672.9</ele>
      </trkpt>
      <trkpt lat="46.451325" lon="22.912384">
        <ele>673.4</ele>
      </trkpt>
      <trkpt lat="46.451253" lon="22.912545">
        <ele>673.6</ele>
      </trkpt>
      <trkpt lat="46.451044" lon="22.912899">
        <ele>674.4</ele>
      </trkpt>
      <trkpt lat="46.450575" lon="22.913446">
        <ele>676.5</ele>
      </trkpt>
      <trkpt lat="46.450393" lon="22.913696">
        <ele>677.3</ele>
      </trkpt>
      <trkpt lat="46.450318" lon="22.913857">
        <ele>677.7</ele>
      </trkpt>
      <trkpt lat="46.450275" lon="22.914015">
        <ele>677.9</ele>
      </trkpt>
      <trkpt lat="46.450233" lon="22.914293">
        <ele>678.1</ele>
      </trkpt>
      <trkpt lat="46.450209" lon="22.914744">
        <ele>677.9</ele>
      </trkpt>
      <trkpt lat="46.450261" lon="22.915084">
        <ele>677.3</ele>
      </trkpt>
      <trkpt lat="46.450314" lon="22.915251">
        <ele>676.9</ele>
      </trkpt>
      <trkpt lat="46.450482" lon="22.915575">
        <ele>675.6</ele>
      </trkpt>
      <trkpt lat="46.450774" lon="22.915996">
        <ele>673.2</ele>
      </trkpt>
      <trkpt lat="46.45083" lon="22.916114">
        <ele>672.5</ele>
      </trkpt>
      <trkpt lat="46.450874" lon="22.916265">
        <ele>671.8</ele>
      </trkpt>
      <trkpt lat="46.450896" lon="22.916605">
        <ele>670.3</ele>
      </trkpt>
      <trkpt lat="46.450835" lon="22.91704">
        <ele>668.5</ele>
      </trkpt>
      <trkpt lat="46.450647" lon="22.917635">
        <ele>666.3</ele>
      </trkpt>
      <trkpt lat="46.450484" lon="22.917917">
        <ele>665.4</ele>
      </trkpt>
      <trkpt lat="46.450196" lon="22.918319">
        <ele>664.3</ele>
      </trkpt>
      <trkpt lat="46.450103" lon="22.918569">
        <ele>663.9</ele>
      </trkpt>
      <trkpt lat="46.450033" lon="22.918958">
        <ele>663.6</ele>
      </trkpt>
      <trkpt lat="46.449945" lon="22.919805">
        <ele>663.9</ele>
      </trkpt>
      <trkpt lat="46.449935" lon="22.920023">
        <ele>664.2</ele>
      </trkpt>
      <trkpt lat="46.449954" lon="22.920186">
        <ele>664.4</ele>
      </trkpt>
      <trkpt lat="46.450116" lon="22.92068">
        <ele>665.4</ele>
      </trkpt>
      <trkpt lat="46.450238" lon="22.920902">
        <ele>665.9</ele>
      </trkpt>
      <trkpt lat="46.45033" lon="22.92101">
        <ele>666.2</ele>
      </trkpt>
      <trkpt lat="46.450648" lon="22.921085">
        <ele>667</ele>
      </trkpt>
      <trkpt lat="46.451319" lon="22.921139">
        <ele>667.9</ele>
      </trkpt>
      <trkpt lat="46.451822" lon="22.921098">
        <ele>668.1</ele>
      </trkpt>
      <trkpt lat="46.452138" lon="22.920993">
        <ele>668.2</ele>
      </trkpt>
      <trkpt lat="46.453126" lon="22.920558">
        <ele>669.5</ele>
      </trkpt>
      <trkpt lat="46.453822" lon="22.920189">
        <ele>670.2</ele>
      </trkpt>
      <trkpt lat="46.454047" lon="22.920124">
        <ele>670.2</ele>
      </trkpt>
      <trkpt lat="46.454327" lon="22.920171">
        <ele>670.1</ele>
      </trkpt>
      <trkpt lat="46.454555" lon="22.920299">
        <ele>669.9</ele>
      </trkpt>
      <trkpt lat="46.454756" lon="22.920419">
        <ele>669.6</ele>
      </trkpt>
      <trkpt lat="46.454862" lon="22.920522">
        <ele>669.3</ele>
      </trkpt>
      <trkpt lat="46.455185" lon="22.920953">
        <ele>668</ele>
      </trkpt>
      <trkpt lat="46.455266" lon="22.921018">
        <ele>667.7</ele>
      </trkpt>
      <trkpt lat="46.455434" lon="22.921108">
        <ele>667.2</ele>
      </trkpt>
      <trkpt lat="46.455762" lon="22.921189">
        <ele>666.7</ele>
      </trkpt>
      <trkpt lat="46.45654" lon="22.921772">
        <ele>666.2</ele>
      </trkpt>
      <trkpt lat="46.456808" lon="22.922044">
        <ele>666</ele>
      </trkpt>
      <trkpt lat="46.4569" lon="22.92218">
        <ele>665.9</ele>
      </trkpt>
      <trkpt lat="46.456961" lon="22.922353">
        <ele>665.7</ele>
      </trkpt>
      <trkpt lat="46.45701" lon="22.922636">
        <ele>665.5</ele>
      </trkpt>
      <trkpt lat="46.457036" lon="22.923188">
        <ele>665</ele>
      </trkpt>
      <trkpt lat="46.456997" lon="22.923384">
        <ele>664.8</ele>
      </trkpt>
      <trkpt lat="46.456938" lon="22.923502">
        <ele>664.6</ele>
      </trkpt>
      <trkpt lat="46.4568" lon="22.923628">
        <ele>664.3</ele>
      </trkpt>
      <trkpt lat="46.456127" lon="22.924016">
        <ele>662.2</ele>
      </trkpt>
      <trkpt lat="46.455848" lon="22.924081">
        <ele>661.6</ele>
      </trkpt>
      <trkpt lat="46.455423" lon="22.924061">
        <ele>661</ele>
      </trkpt>
      <trkpt lat="46.455281" lon="22.924081">
        <ele>660.8</ele>
      </trkpt>
      <trkpt lat="46.455113" lon="22.924183">
        <ele>660.6</ele>
      </trkpt>
      <trkpt lat="46.455031" lon="22.924374">
        <ele>660.5</ele>
      </trkpt>
      <trkpt lat="46.454917" lon="22.924881">
        <ele>660.4</ele>
      </trkpt>
      <trkpt lat="46.454949" lon="22.925231">
        <ele>660.3</ele>
      </trkpt>
      <trkpt lat="46.455031" lon="22.925424">
        <ele>660.4</ele>
      </trkpt>
      <trkpt lat="46.455083" lon="22.925465">
        <ele>660.4</ele>
      </trkpt>
      <trkpt lat="46.455817" lon="22.925581">
        <ele>660.5</ele>
      </trkpt>
      <trkpt lat="46.456129" lon="22.9256">
        <ele>660</ele>
      </trkpt>
      <trkpt lat="46.456355" lon="22.925696">
        <ele>659.4</ele>
      </trkpt>
      <trkpt lat="46.456515" lon="22.925852">
        <ele>659</ele>
      </trkpt>
      <trkpt lat="46.456661" lon="22.926034">
        <ele>658.5</ele>
      </trkpt>
      <trkpt lat="46.456726" lon="22.926157">
        <ele>658.2</ele>
      </trkpt>
      <trkpt lat="46.45675" lon="22.926286">
        <ele>658</ele>
      </trkpt>
      <trkpt lat="46.456726" lon="22.926434">
        <ele>657.7</ele>
      </trkpt>
      <trkpt lat="46.456674" lon="22.926536">
        <ele>657.4</ele>
      </trkpt>
      <trkpt lat="46.456567" lon="22.926697">
        <ele>657</ele>
      </trkpt>
      <trkpt lat="46.455375" lon="22.927823">
        <ele>655.6</ele>
      </trkpt>
      <trkpt lat="46.455189" lon="22.92814">
        <ele>655.9</ele>
      </trkpt>
      <trkpt lat="46.454882" lon="22.928759">
        <ele>656.4</ele>
      </trkpt>
      <trkpt lat="46.454782" lon="22.928904">
        <ele>656.4</ele>
      </trkpt>
      <trkpt lat="46.454607" lon="22.929119">
        <ele>656.4</ele>
      </trkpt>
      <trkpt lat="46.454315" lon="22.929328">
        <ele>656.1</ele>
      </trkpt>
      <trkpt lat="46.454257" lon="22.929419">
        <ele>656.1</ele>
      </trkpt>
      <trkpt lat="46.454226" lon="22.929499">
        <ele>656</ele>
      </trkpt>
      <trkpt lat="46.454082" lon="22.93024">
        <ele>655.4</ele>
      </trkpt>
      <trkpt lat="46.453997" lon="22.930487">
        <ele>655.2</ele>
      </trkpt>
      <trkpt lat="46.453797" lon="22.931042">
        <ele>654.7</ele>
      </trkpt>
      <trkpt lat="46.453411" lon="22.93186">
        <ele>654.4</ele>
      </trkpt>
      <trkpt lat="46.453402" lon="22.931983">
        <ele>654.4</ele>
      </trkpt>
      <trkpt lat="46.453442" lon="22.932267">
        <ele>654.5</ele>
      </trkpt>
      <trkpt lat="46.453657" lon="22.932479">
        <ele>654.6</ele>
      </trkpt>
      <trkpt lat="46.454303" lon="22.932443">
        <ele>654.9</ele>
      </trkpt>
      <trkpt lat="46.454912" lon="22.932316">
        <ele>655</ele>
      </trkpt>
      <trkpt lat="46.455465" lon="22.932312">
        <ele>655.3</ele>
      </trkpt>
      <trkpt lat="46.45595" lon="22.932179">
        <ele>655.6</ele>
      </trkpt>
      <trkpt lat="46.456068" lon="22.932174">
        <ele>655.6</ele>
      </trkpt>
      <trkpt lat="46.456353" lon="22.93227">
        <ele>655.5</ele>
      </trkpt>
      <trkpt lat="46.456458" lon="22.932356">
        <ele>655.5</ele>
      </trkpt>
      <trkpt lat="46.456746" lon="22.932694">
        <ele>655.1</ele>
      </trkpt>
      <trkpt lat="46.456905" lon="22.932978">
        <ele>654.6</ele>
      </trkpt>
      <trkpt lat="46.45697" lon="22.933166">
        <ele>654.3</ele>
      </trkpt>
      <trkpt lat="46.456988" lon="22.933305">
        <ele>654.1</ele>
      </trkpt>
      <trkpt lat="46.456815" lon="22.93436">
        <ele>651.9</ele>
      </trkpt>
      <trkpt lat="46.456711" lon="22.935151">
        <ele>649.7</ele>
      </trkpt>
      <trkpt lat="46.456229" lon="22.936819">
        <ele>648.1</ele>
      </trkpt>
      <trkpt lat="46.456129" lon="22.93728">
        <ele>648.6</ele>
      </trkpt>
      <trkpt lat="46.456122" lon="22.937618">
        <ele>649</ele>
      </trkpt>
      <trkpt lat="46.456258" lon="22.938375">
        <ele>649.4</ele>
      </trkpt>
      <trkpt lat="46.456301" lon="22.938514">
        <ele>649.5</ele>
      </trkpt>
      <trkpt lat="46.456417" lon="22.938761">
        <ele>649.4</ele>
      </trkpt>
      <trkpt lat="46.456576" lon="22.938965">
        <ele>649.2</ele>
      </trkpt>
      <trkpt lat="46.456896" lon="22.939241">
        <ele>648.4</ele>
      </trkpt>
      <trkpt lat="46.457655" lon="22.939515">
        <ele>646.5</ele>
      </trkpt>
      <trkpt lat="46.458496" lon="22.939711">
        <ele>646.5</ele>
      </trkpt>
      <trkpt lat="46.458607" lon="22.939772">
        <ele>646.6</ele>
      </trkpt>
      <trkpt lat="46.458821" lon="22.940038">
        <ele>646.7</ele>
      </trkpt>
      <trkpt lat="46.4591" lon="22.940478">
        <ele>646.6</ele>
      </trkpt>
      <trkpt lat="46.459232" lon="22.940757">
        <ele>646.6</ele>
      </trkpt>
      <trkpt lat="46.459292" lon="22.941103">
        <ele>646.7</ele>
      </trkpt>
      <trkpt lat="46.459257" lon="22.941333">
        <ele>646.8</ele>
      </trkpt>
      <trkpt lat="46.459078" lon="22.94184">
        <ele>647.3</ele>
      </trkpt>
      <trkpt lat="46.458882" lon="22.942245">
        <ele>648</ele>
      </trkpt>
      <trkpt lat="46.458648" lon="22.942583">
        <ele>648.7</ele>
      </trkpt>
      <trkpt lat="46.458468" lon="22.942744">
        <ele>649</ele>
      </trkpt>
      <trkpt lat="46.458226" lon="22.942857">
        <ele>649.3</ele>
      </trkpt>
      <trkpt lat="46.457966" lon="22.942878">
        <ele>649.3</ele>
      </trkpt>
      <trkpt lat="46.457772" lon="22.942771">
        <ele>649.1</ele>
      </trkpt>
      <trkpt lat="46.45745" lon="22.942363">
        <ele>647.9</ele>
      </trkpt>
      <trkpt lat="46.45694" lon="22.941634">
        <ele>644.4</ele>
      </trkpt>
      <trkpt lat="46.456796" lon="22.941513">
        <ele>643.6</ele>
      </trkpt>
      <trkpt lat="46.456678" lon="22.941481">
        <ele>643</ele>
      </trkpt>
      <trkpt lat="46.456454" lon="22.941588">
        <ele>642</ele>
      </trkpt>
      <trkpt lat="46.45636" lon="22.941709">
        <ele>641.5</ele>
      </trkpt>
      <trkpt lat="46.455807" lon="22.942645">
        <ele>637.8</ele>
      </trkpt>
      <trkpt lat="46.455546" lon="22.942976">
        <ele>636.2</ele>
      </trkpt>
      <trkpt lat="46.455062" lon="22.943447">
        <ele>633.5</ele>
      </trkpt>
      <trkpt lat="46.454812" lon="22.943731">
        <ele>632.1</ele>
      </trkpt>
      <trkpt lat="46.454234" lon="22.944441">
        <ele>629.4</ele>
      </trkpt>
      <trkpt lat="46.453934" lon="22.944944">
        <ele>628</ele>
      </trkpt>
      <trkpt lat="46.453355" lon="22.946113">
        <ele>625.9</ele>
      </trkpt>
      <trkpt lat="46.45313" lon="22.946496">
        <ele>625.6</ele>
      </trkpt>
      <trkpt lat="46.452692" lon="22.947">
        <ele>625.1</ele>
      </trkpt>
      <trkpt lat="46.452536" lon="22.947237">
        <ele>625</ele>
      </trkpt>
      <trkpt lat="46.452476" lon="22.947408">
        <ele>624.9</ele>
      </trkpt>
      <trkpt lat="46.452364" lon="22.947936">
        <ele>624.7</ele>
      </trkpt>
      <trkpt lat="46.452273" lon="22.948408">
        <ele>624.4</ele>
      </trkpt>
      <trkpt lat="46.452221" lon="22.948823">
        <ele>624.2</ele>
      </trkpt>
      <trkpt lat="46.452107" lon="22.951493">
        <ele>622.1</ele>
      </trkpt>
      <trkpt lat="46.452114" lon="22.952024">
        <ele>621.8</ele>
      </trkpt>
      <trkpt lat="46.452177" lon="22.952759">
        <ele>621.6</ele>
      </trkpt>
      <trkpt lat="46.452417" lon="22.953633">
        <ele>621.5</ele>
      </trkpt>
      <trkpt lat="46.45248" lon="22.953962">
        <ele>621.5</ele>
      </trkpt>
      <trkpt lat="46.452606" lon="22.954926">
        <ele>621.3</ele>
      </trkpt>
      <trkpt lat="46.452641" lon="22.955541">
        <ele>621.1</ele>
      </trkpt>
      <trkpt lat="46.452602" lon="22.955837">
        <ele>621</ele>
      </trkpt>
      <trkpt lat="46.452316" lon="22.957157">
        <ele>620.3</ele>
      </trkpt>
      <trkpt lat="46.452166" lon="22.957708">
        <ele>620</ele>
      </trkpt>
      <trkpt lat="46.452013" lon="22.958148">
        <ele>619.8</ele>
      </trkpt>
      <trkpt lat="46.451643" lon="22.959149">
        <ele>619.5</ele>
      </trkpt>
      <trkpt lat="46.451521" lon="22.959452">
        <ele>619.5</ele>
      </trkpt>
      <trkpt lat="46.451374" lon="22.95974">
        <ele>619.4</ele>
      </trkpt>
      <trkpt lat="46.451028" lon="22.960274">
        <ele>619.1</ele>
      </trkpt>
      <trkpt lat="46.450621" lon="22.960733">
        <ele>618.4</ele>
      </trkpt>
      <trkpt lat="46.450277" lon="22.961163">
        <ele>618</ele>
      </trkpt>
      <trkpt lat="46.450144" lon="22.961426">
        <ele>617.9</ele>
      </trkpt>
      <trkpt lat="46.450029" lon="22.961756">
        <ele>617.7</ele>
      </trkpt>
      <trkpt lat="46.449821" lon="22.962126">
        <ele>617.6</ele>
      </trkpt>
      <trkpt lat="46.44881" lon="22.963442">
        <ele>618.4</ele>
      </trkpt>
      <trkpt lat="46.448559" lon="22.963686">
        <ele>618.6</ele>
      </trkpt>
      <trkpt lat="46.448175" lon="22.963884">
        <ele>619.1</ele>
      </trkpt>
      <trkpt lat="46.447674" lon="22.96408">
        <ele>619.6</ele>
      </trkpt>
      <trkpt lat="46.447309" lon="22.964235">
        <ele>619.8</ele>
      </trkpt>
      <trkpt lat="46.447165" lon="22.964266">
        <ele>619.9</ele>
      </trkpt>
      <trkpt lat="46.446207" lon="22.964502">
        <ele>620.6</ele>
      </trkpt>
      <trkpt lat="46.445656" lon="22.964703">
        <ele>621.5</ele>
      </trkpt>
      <trkpt lat="46.444714" lon="22.965133">
        <ele>624.6</ele>
      </trkpt>
      <trkpt lat="46.444598" lon="22.965178">
        <ele>625</ele>
      </trkpt>
      <trkpt lat="46.444086" lon="22.965401">
        <ele>625.8</ele>
      </trkpt>
      <trkpt lat="46.443321" lon="22.965891">
        <ele>625.1</ele>
      </trkpt>
      <trkpt lat="46.441881" lon="22.966643">
        <ele>622.6</ele>
      </trkpt>
      <trkpt lat="46.440805" lon="22.967139">
        <ele>622.6</ele>
      </trkpt>
      <trkpt lat="46.440182" lon="22.96731">
        <ele>622.8</ele>
      </trkpt>
      <trkpt lat="46.439811" lon="22.96737">
        <ele>622.8</ele>
      </trkpt>
      <trkpt lat="46.438984" lon="22.967364">
        <ele>623.2</ele>
      </trkpt>
      <trkpt lat="46.438456" lon="22.967295">
        <ele>624.2</ele>
      </trkpt>
      <trkpt lat="46.436685" lon="22.966916">
        <ele>626.6</ele>
      </trkpt>
      <trkpt lat="46.436153" lon="22.966723">
        <ele>626.3</ele>
      </trkpt>
      <trkpt lat="46.4353" lon="22.966517">
        <ele>624.4</ele>
      </trkpt>
      <trkpt lat="46.434611" lon="22.966306">
        <ele>621.1</ele>
      </trkpt>
      <trkpt lat="46.434266" lon="22.966243">
        <ele>619.5</ele>
      </trkpt>
      <trkpt lat="46.433905" lon="22.966286">
        <ele>617.8</ele>
      </trkpt>
      <trkpt lat="46.433713" lon="22.966332">
        <ele>617</ele>
      </trkpt>
      <trkpt lat="46.433286" lon="22.966249">
        <ele>615.2</ele>
      </trkpt>
      <trkpt lat="46.432541" lon="22.965783">
        <ele>614.1</ele>
      </trkpt>
      <trkpt lat="46.432121" lon="22.965457">
        <ele>615</ele>
      </trkpt>
      <trkpt lat="46.431266" lon="22.964921">
        <ele>617.9</ele>
      </trkpt>
      <trkpt lat="46.431028" lon="22.964758">
        <ele>618.7</ele>
      </trkpt>
      <trkpt lat="46.430865" lon="22.964635">
        <ele>619.1</ele>
      </trkpt>
      <trkpt lat="46.430535" lon="22.964457">
        <ele>619.6</ele>
      </trkpt>
      <trkpt lat="46.43006" lon="22.964279">
        <ele>619.7</ele>
      </trkpt>
      <trkpt lat="46.429216" lon="22.964105">
        <ele>618.3</ele>
      </trkpt>
      <trkpt lat="46.428254" lon="22.963995">
        <ele>615.4</ele>
      </trkpt>
      <trkpt lat="46.427556" lon="22.963916">
        <ele>612.9</ele>
      </trkpt>
      <trkpt lat="46.426993" lon="22.96362">
        <ele>611.7</ele>
      </trkpt>
      <trkpt lat="46.426477" lon="22.963279">
        <ele>611.4</ele>
      </trkpt>
      <trkpt lat="46.426198" lon="22.963035">
        <ele>611.8</ele>
      </trkpt>
      <trkpt lat="46.425763" lon="22.962756">
        <ele>613.2</ele>
      </trkpt>
      <trkpt lat="46.425571" lon="22.962678">
        <ele>613.9</ele>
      </trkpt>
      <trkpt lat="46.424661" lon="22.962437">
        <ele>616.6</ele>
      </trkpt>
      <trkpt lat="46.424472" lon="22.96251">
        <ele>617</ele>
      </trkpt>
      <trkpt lat="46.424394" lon="22.962582">
        <ele>617.1</ele>
      </trkpt>
      <trkpt lat="46.423676" lon="22.96345">
        <ele>616.3</ele>
      </trkpt>
      <trkpt lat="46.423376" lon="22.963631">
        <ele>615.3</ele>
      </trkpt>
      <trkpt lat="46.422903" lon="22.9638">
        <ele>614.3</ele>
      </trkpt>
      <trkpt lat="46.422284" lon="22.963952">
        <ele>614.5</ele>
      </trkpt>
      <trkpt lat="46.421322" lon="22.964382">
        <ele>618.1</ele>
      </trkpt>
      <trkpt lat="46.421135" lon="22.964521">
        <ele>618.8</ele>
      </trkpt>
      <trkpt lat="46.420903" lon="22.964803">
        <ele>619.6</ele>
      </trkpt>
      <trkpt lat="46.420237" lon="22.965784">
        <ele>619.7</ele>
      </trkpt>
      <trkpt lat="46.419597" lon="22.966637">
        <ele>617.4</ele>
      </trkpt>
      <trkpt lat="46.419345" lon="22.96701">
        <ele>616.5</ele>
      </trkpt>
      <trkpt lat="46.418736" lon="22.96774">
        <ele>615.4</ele>
      </trkpt>
      <trkpt lat="46.418538" lon="22.967907">
        <ele>615.3</ele>
      </trkpt>
      <trkpt lat="46.418352" lon="22.968014">
        <ele>615.2</ele>
      </trkpt>
      <trkpt lat="46.417351" lon="22.968423">
        <ele>615.3</ele>
      </trkpt>
      <trkpt lat="46.416103" lon="22.969074">
        <ele>612.4</ele>
      </trkpt>
      <trkpt lat="46.415562" lon="22.969527">
        <ele>609.5</ele>
      </trkpt>
      <trkpt lat="46.415308" lon="22.96966">
        <ele>608</ele>
      </trkpt>
      <trkpt lat="46.415072" lon="22.96968">
        <ele>606.8</ele>
      </trkpt>
      <trkpt lat="46.414862" lon="22.969585">
        <ele>605.7</ele>
      </trkpt>
      <trkpt lat="46.414459" lon="22.969257">
        <ele>603.8</ele>
      </trkpt>
      <trkpt lat="46.413463" lon="22.968439">
        <ele>601.6</ele>
      </trkpt>
      <trkpt lat="46.413297" lon="22.968292">
        <ele>601.6</ele>
      </trkpt>
      <trkpt lat="46.413142" lon="22.968099">
        <ele>601.7</ele>
      </trkpt>
      <trkpt lat="46.413026" lon="22.967862">
        <ele>601.9</ele>
      </trkpt>
      <trkpt lat="46.412724" lon="22.967112">
        <ele>603.1</ele>
      </trkpt>
      <trkpt lat="46.412603" lon="22.966889">
        <ele>603.6</ele>
      </trkpt>
      <trkpt lat="46.412408" lon="22.96666">
        <ele>604.3</ele>
      </trkpt>
      <trkpt lat="46.411951" lon="22.966218">
        <ele>605.6</ele>
      </trkpt>
      <trkpt lat="46.411771" lon="22.96616">
        <ele>606.1</ele>
      </trkpt>
      <trkpt lat="46.411419" lon="22.96618">
        <ele>606.7</ele>
      </trkpt>
      <trkpt lat="46.41125" lon="22.966103">
        <ele>606.8</ele>
      </trkpt>
      <trkpt lat="46.411131" lon="22.965946">
        <ele>606.9</ele>
      </trkpt>
      <trkpt lat="46.410862" lon="22.965279">
        <ele>606.7</ele>
      </trkpt>
      <trkpt lat="46.410699" lon="22.965032">
        <ele>606.6</ele>
      </trkpt>
      <trkpt lat="46.410477" lon="22.964813">
        <ele>606.5</ele>
      </trkpt>
      <trkpt lat="46.410041" lon="22.964509">
        <ele>606.4</ele>
      </trkpt>
      <trkpt lat="46.409837" lon="22.964306">
        <ele>606.2</ele>
      </trkpt>
      <trkpt lat="46.409484" lon="22.964202">
        <ele>605.8</ele>
      </trkpt>
      <trkpt lat="46.409302" lon="22.964191">
        <ele>605.6</ele>
      </trkpt>
      <trkpt lat="46.408836" lon="22.964221">
        <ele>604.6</ele>
      </trkpt>
      <trkpt lat="46.406924" lon="22.964159">
        <ele>598.9</ele>
      </trkpt>
      <trkpt lat="46.406232" lon="22.964207">
        <ele>597.2</ele>
      </trkpt>
      <trkpt lat="46.40537" lon="22.964103">
        <ele>596.1</ele>
      </trkpt>
      <trkpt lat="46.404708" lon="22.96385">
        <ele>595.4</ele>
      </trkpt>
      <trkpt lat="46.404424" lon="22.963783">
        <ele>595.2</ele>
      </trkpt>
      <trkpt lat="46.403723" lon="22.963491">
        <ele>594.6</ele>
      </trkpt>
      <trkpt lat="46.40307" lon="22.963039">
        <ele>594.1</ele>
      </trkpt>
      <trkpt lat="46.402888" lon="22.962952">
        <ele>593.9</ele>
      </trkpt>
      <trkpt lat="46.402698" lon="22.962911">
        <ele>593.7</ele>
      </trkpt>
      <trkpt lat="46.40135" lon="22.962728">
        <ele>592.2</ele>
      </trkpt>
      <trkpt lat="46.40039" lon="22.9627">
        <ele>590.4</ele>
      </trkpt>
      <trkpt lat="46.399877" lon="22.96256">
        <ele>589.6</ele>
      </trkpt>
      <trkpt lat="46.399504" lon="22.962509">
        <ele>589.4</ele>
      </trkpt>
      <trkpt lat="46.398623" lon="22.962445">
        <ele>590.3</ele>
      </trkpt>
      <trkpt lat="46.397538" lon="22.962528">
        <ele>593.9</ele>
      </trkpt>
      <trkpt lat="46.397239" lon="22.962591">
        <ele>595.2</ele>
      </trkpt>
      <trkpt lat="46.397" lon="22.962666">
        <ele>596.1</ele>
      </trkpt>
      <trkpt lat="46.396819" lon="22.962685">
        <ele>596.6</ele>
      </trkpt>
      <trkpt lat="46.396324" lon="22.962568">
        <ele>596.3</ele>
      </trkpt>
      <trkpt lat="46.396126" lon="22.962568">
        <ele>595.7</ele>
      </trkpt>
      <trkpt lat="46.396011" lon="22.962602">
        <ele>595.3</ele>
      </trkpt>
      <trkpt lat="46.395785" lon="22.962778">
        <ele>594.1</ele>
      </trkpt>
      <trkpt lat="46.395685" lon="22.962912">
        <ele>593.4</ele>
      </trkpt>
      <trkpt lat="46.395457" lon="22.963364">
        <ele>591.2</ele>
      </trkpt>
      <trkpt lat="46.395377" lon="22.963535">
        <ele>590.3</ele>
      </trkpt>
      <trkpt lat="46.395107" lon="22.964126">
        <ele>588</ele>
      </trkpt>
      <trkpt lat="46.39507" lon="22.964207">
        <ele>587.8</ele>
      </trkpt>
      <trkpt lat="46.394752" lon="22.964894">
        <ele>587.7</ele>
      </trkpt>
      <trkpt lat="46.394299" lon="22.965791">
        <ele>589.5</ele>
      </trkpt>
      <trkpt lat="46.393992" lon="22.966319">
        <ele>590.4</ele>
      </trkpt>
      <trkpt lat="46.393692" lon="22.966837">
        <ele>590.7</ele>
      </trkpt>
      <trkpt lat="46.393631" lon="22.966987">
        <ele>590.7</ele>
      </trkpt>
      <trkpt lat="46.393564" lon="22.967345">
        <ele>590.6</ele>
      </trkpt>
      <trkpt lat="46.393411" lon="22.968976">
        <ele>590</ele>
      </trkpt>
      <trkpt lat="46.393398" lon="22.969715">
        <ele>589.7</ele>
      </trkpt>
      <trkpt lat="46.393415" lon="22.970091">
        <ele>589.6</ele>
      </trkpt>
      <trkpt lat="46.393461" lon="22.971122">
        <ele>589</ele>
      </trkpt>
      <trkpt lat="46.393459" lon="22.971629">
        <ele>588.5</ele>
      </trkpt>
      <trkpt lat="46.393425" lon="22.973238">
        <ele>586.6</ele>
      </trkpt>
      <trkpt lat="46.393387" lon="22.973848">
        <ele>586.1</ele>
      </trkpt>
      <trkpt lat="46.39334" lon="22.974191">
        <ele>585.9</ele>
      </trkpt>
      <trkpt lat="46.393187" lon="22.974841">
        <ele>585.8</ele>
      </trkpt>
      <trkpt lat="46.39309" lon="22.975091">
        <ele>585.9</ele>
      </trkpt>
      <trkpt lat="46.392694" lon="22.97588">
        <ele>586.5</ele>
      </trkpt>
      <trkpt lat="46.392261" lon="22.97635">
        <ele>586.8</ele>
      </trkpt>
      <trkpt lat="46.391916" lon="22.976634">
        <ele>586.9</ele>
      </trkpt>
      <trkpt lat="46.39178" lon="22.976712">
        <ele>586.9</ele>
      </trkpt>
      <trkpt lat="46.391245" lon="22.976754">
        <ele>586.6</ele>
      </trkpt>
      <trkpt lat="46.390955" lon="22.976937">
        <ele>586.2</ele>
      </trkpt>
      <trkpt lat="46.389876" lon="22.977947">
        <ele>585.3</ele>
      </trkpt>
      <trkpt lat="46.389651" lon="22.978267">
        <ele>585.1</ele>
      </trkpt>
      <trkpt lat="46.389505" lon="22.978557">
        <ele>584.9</ele>
      </trkpt>
      <trkpt lat="46.389105" lon="22.979381">
        <ele>584.5</ele>
      </trkpt>
      <trkpt lat="46.389011" lon="22.979681">
        <ele>584.5</ele>
      </trkpt>
      <trkpt lat="46.388978" lon="22.979912">
        <ele>584.4</ele>
      </trkpt>
      <trkpt lat="46.388976" lon="22.98011">
        <ele>584.2</ele>
      </trkpt>
      <trkpt lat="46.388992" lon="22.980343">
        <ele>584.1</ele>
      </trkpt>
      <trkpt lat="46.389038" lon="22.980563">
        <ele>584.1</ele>
      </trkpt>
      <trkpt lat="46.389472" lon="22.981803">
        <ele>584.9</ele>
      </trkpt>
      <trkpt lat="46.389531" lon="22.982256">
        <ele>585.3</ele>
      </trkpt>
      <trkpt lat="46.389529" lon="22.983018">
        <ele>585.6</ele>
      </trkpt>
      <trkpt lat="46.38945" lon="22.985606">
        <ele>584.2</ele>
      </trkpt>
      <trkpt lat="46.389402" lon="22.985809">
        <ele>583.9</ele>
      </trkpt>
      <trkpt lat="46.389331" lon="22.985961">
        <ele>583.6</ele>
      </trkpt>
      <trkpt lat="46.388887" lon="22.986572">
        <ele>582.5</ele>
      </trkpt>
      <trkpt lat="46.388772" lon="22.986756">
        <ele>582.3</ele>
      </trkpt>
      <trkpt lat="46.388661" lon="22.987063">
        <ele>582.1</ele>
      </trkpt>
      <trkpt lat="46.388587" lon="22.987508">
        <ele>582</ele>
      </trkpt>
      <trkpt lat="46.388582" lon="22.98772">
        <ele>582.1</ele>
      </trkpt>
      <trkpt lat="46.388602" lon="22.98813">
        <ele>582.2</ele>
      </trkpt>
      <trkpt lat="46.388781" lon="22.989452">
        <ele>583.3</ele>
      </trkpt>
      <trkpt lat="46.388855" lon="22.989749">
        <ele>583.5</ele>
      </trkpt>
      <trkpt lat="46.388927" lon="22.989891">
        <ele>583.5</ele>
      </trkpt>
      <trkpt lat="46.389025" lon="22.989973">
        <ele>583.5</ele>
      </trkpt>
      <trkpt lat="46.389332" lon="22.990121">
        <ele>583.5</ele>
      </trkpt>
      <trkpt lat="46.389726" lon="22.990261">
        <ele>583.4</ele>
      </trkpt>
      <trkpt lat="46.390647" lon="22.99066">
        <ele>583.2</ele>
      </trkpt>
      <trkpt lat="46.391242" lon="22.990843">
        <ele>583.7</ele>
      </trkpt>
      <trkpt lat="46.392054" lon="22.991027">
        <ele>584.3</ele>
      </trkpt>
      <trkpt lat="46.392179" lon="22.991055">
        <ele>584.5</ele>
      </trkpt>
      <trkpt lat="46.392276" lon="22.991098">
        <ele>584.6</ele>
      </trkpt>
      <trkpt lat="46.392505" lon="22.991282">
        <ele>585.2</ele>
      </trkpt>
      <trkpt lat="46.392664" lon="22.991476">
        <ele>585.6</ele>
      </trkpt>
      <trkpt lat="46.392961" lon="22.991954">
        <ele>586.8</ele>
      </trkpt>
      <trkpt lat="46.39303" lon="22.992102">
        <ele>587.2</ele>
      </trkpt>
      <trkpt lat="46.393067" lon="22.992247">
        <ele>587.6</ele>
      </trkpt>
      <trkpt lat="46.393079" lon="22.992365">
        <ele>587.9</ele>
      </trkpt>
      <trkpt lat="46.392998" lon="22.993009">
        <ele>590.7</ele>
      </trkpt>
      <trkpt lat="46.393006" lon="22.993272">
        <ele>592.1</ele>
      </trkpt>
      <trkpt lat="46.393082" lon="22.993852">
        <ele>594.9</ele>
      </trkpt>
      <trkpt lat="46.393062" lon="22.994003">
        <ele>595.6</ele>
      </trkpt>
      <trkpt lat="46.392986" lon="22.994176">
        <ele>596.4</ele>
      </trkpt>
      <trkpt lat="46.39275" lon="22.994522">
        <ele>598.2</ele>
      </trkpt>
      <trkpt lat="46.39237" lon="22.994993">
        <ele>600.2</ele>
      </trkpt>
      <trkpt lat="46.391754" lon="22.995727">
        <ele>603.2</ele>
      </trkpt>
      <trkpt lat="46.391152" lon="22.996371">
        <ele>608.9</ele>
      </trkpt>
      <trkpt lat="46.390936" lon="22.996694">
        <ele>612.3</ele>
      </trkpt>
      <trkpt lat="46.390868" lon="22.996842">
        <ele>613.7</ele>
      </trkpt>
      <trkpt lat="46.390811" lon="22.997102">
        <ele>615.8</ele>
      </trkpt>
      <trkpt lat="46.39082" lon="22.997235">
        <ele>616.7</ele>
      </trkpt>
      <trkpt lat="46.390942" lon="22.997872">
        <ele>620.3</ele>
      </trkpt>
      <trkpt lat="46.390927" lon="22.998014">
        <ele>620.8</ele>
      </trkpt>
      <trkpt lat="46.390869" lon="22.998156">
        <ele>621.2</ele>
      </trkpt>
      <trkpt lat="46.390805" lon="22.998239">
        <ele>621.5</ele>
      </trkpt>
      <trkpt lat="46.390721" lon="22.998291">
        <ele>621.8</ele>
      </trkpt>
      <trkpt lat="46.390603" lon="22.998309">
        <ele>622.2</ele>
      </trkpt>
      <trkpt lat="46.390097" lon="22.998207">
        <ele>623.1</ele>
      </trkpt>
      <trkpt lat="46.389875" lon="22.998231">
        <ele>623.1</ele>
      </trkpt>
      <trkpt lat="46.389649" lon="22.998299">
        <ele>623</ele>
      </trkpt>
      <trkpt lat="46.389105" lon="22.998591">
        <ele>623.3</ele>
      </trkpt>
      <trkpt lat="46.388777" lon="22.998872">
        <ele>624.6</ele>
      </trkpt>
      <trkpt lat="46.388571" lon="22.999153">
        <ele>625.9</ele>
      </trkpt>
      <trkpt lat="46.388282" lon="22.999847">
        <ele>627.6</ele>
      </trkpt>
      <trkpt lat="46.388192" lon="22.999996">
        <ele>627.8</ele>
      </trkpt>
      <trkpt lat="46.388108" lon="23.000079">
        <ele>627.8</ele>
      </trkpt>
      <trkpt lat="46.387957" lon="23.000154">
        <ele>627.8</ele>
      </trkpt>
      <trkpt lat="46.387762" lon="23.000149">
        <ele>627.7</ele>
      </trkpt>
      <trkpt lat="46.387681" lon="23.000099">
        <ele>627.6</ele>
      </trkpt>
      <trkpt lat="46.387475" lon="22.999866">
        <ele>627.3</ele>
      </trkpt>
      <trkpt lat="46.387316" lon="22.999735">
        <ele>627</ele>
      </trkpt>
      <trkpt lat="46.387055" lon="22.999701">
        <ele>626.6</ele>
      </trkpt>
      <trkpt lat="46.386849" lon="22.999801">
        <ele>626.4</ele>
      </trkpt>
      <trkpt lat="46.386426" lon="23.000095">
        <ele>626.9</ele>
      </trkpt>
      <trkpt lat="46.386173" lon="23.00035">
        <ele>627.9</ele>
      </trkpt>
      <trkpt lat="46.385878" lon="23.000715">
        <ele>630</ele>
      </trkpt>
      <trkpt lat="46.385441" lon="23.001093">
        <ele>633.5</ele>
      </trkpt>
      <trkpt lat="46.384806" lon="23.001623">
        <ele>637.3</ele>
      </trkpt>
      <trkpt lat="46.38458" lon="23.00175">
        <ele>637.7</ele>
      </trkpt>
      <trkpt lat="46.384358" lon="23.001781">
        <ele>637.7</ele>
      </trkpt>
      <trkpt lat="46.383906" lon="23.001673">
        <ele>636.7</ele>
      </trkpt>
      <trkpt lat="46.383161" lon="23.00164">
        <ele>632.8</ele>
      </trkpt>
      <trkpt lat="46.382911" lon="23.001678">
        <ele>631.2</ele>
      </trkpt>
      <trkpt lat="46.382633" lon="23.001799">
        <ele>629.5</ele>
      </trkpt>
      <trkpt lat="46.382262" lon="23.002066">
        <ele>627.3</ele>
      </trkpt>
      <trkpt lat="46.382084" lon="23.002228">
        <ele>626.4</ele>
      </trkpt>
      <trkpt lat="46.381888" lon="23.002445">
        <ele>625.5</ele>
      </trkpt>
      <trkpt lat="46.380938" lon="23.003664">
        <ele>625.3</ele>
      </trkpt>
      <trkpt lat="46.380815" lon="23.003913">
        <ele>625.8</ele>
      </trkpt>
      <trkpt lat="46.380773" lon="23.004072">
        <ele>626.1</ele>
      </trkpt>
      <trkpt lat="46.380636" lon="23.005039">
        <ele>627.7</ele>
      </trkpt>
      <trkpt lat="46.380474" lon="23.005812">
        <ele>628.2</ele>
      </trkpt>
      <trkpt lat="46.380028" lon="23.007355">
        <ele>624.3</ele>
      </trkpt>
      <trkpt lat="46.379957" lon="23.007698">
        <ele>623.1</ele>
      </trkpt>
      <trkpt lat="46.379854" lon="23.008517">
        <ele>620.6</ele>
      </trkpt>
      <trkpt lat="46.37981" lon="23.009122">
        <ele>618.9</ele>
      </trkpt>
      <trkpt lat="46.379786" lon="23.009864">
        <ele>617.6</ele>
      </trkpt>
      <trkpt lat="46.379627" lon="23.010559">
        <ele>617.4</ele>
      </trkpt>
      <trkpt lat="46.379624" lon="23.010796">
        <ele>617.5</ele>
      </trkpt>
      <trkpt lat="46.37966" lon="23.011071">
        <ele>617.9</ele>
      </trkpt>
      <trkpt lat="46.3799" lon="23.012175">
        <ele>620.7</ele>
      </trkpt>
      <trkpt lat="46.379924" lon="23.01236">
        <ele>621.2</ele>
      </trkpt>
      <trkpt lat="46.379928" lon="23.012547">
        <ele>621.7</ele>
      </trkpt>
      <trkpt lat="46.379902" lon="23.012719">
        <ele>622.2</ele>
      </trkpt>
      <trkpt lat="46.37978" lon="23.013203">
        <ele>622.8</ele>
      </trkpt>
      <trkpt lat="46.379638" lon="23.013444">
        <ele>622.6</ele>
      </trkpt>
      <trkpt lat="46.379507" lon="23.013569">
        <ele>622.2</ele>
      </trkpt>
      <trkpt lat="46.379192" lon="23.013838">
        <ele>620.5</ele>
      </trkpt>
      <trkpt lat="46.378339" lon="23.014447">
        <ele>613.2</ele>
      </trkpt>
      <trkpt lat="46.378226" lon="23.014586">
        <ele>612.1</ele>
      </trkpt>
      <trkpt lat="46.377766" lon="23.015292">
        <ele>608.3</ele>
      </trkpt>
      <trkpt lat="46.376875" lon="23.01625">
        <ele>605.1</ele>
      </trkpt>
      <trkpt lat="46.376503" lon="23.016698">
        <ele>603</ele>
      </trkpt>
      <trkpt lat="46.376354" lon="23.016779">
        <ele>602.3</ele>
      </trkpt>
      <trkpt lat="46.376024" lon="23.016814">
        <ele>601.1</ele>
      </trkpt>
      <trkpt lat="46.375808" lon="23.0169">
        <ele>600</ele>
      </trkpt>
      <trkpt lat="46.375511" lon="23.017201">
        <ele>597.8</ele>
      </trkpt>
      <trkpt lat="46.375295" lon="23.017566">
        <ele>595.6</ele>
      </trkpt>
      <trkpt lat="46.37513" lon="23.017897">
        <ele>593.6</ele>
      </trkpt>
      <trkpt lat="46.375039" lon="23.01797">
        <ele>592.9</ele>
      </trkpt>
      <trkpt lat="46.374945" lon="23.017997">
        <ele>592.3</ele>
      </trkpt>
      <trkpt lat="46.374617" lon="23.01796">
        <ele>590.2</ele>
      </trkpt>
      <trkpt lat="46.374506" lon="23.01798">
        <ele>589.5</ele>
      </trkpt>
      <trkpt lat="46.374371" lon="23.018051">
        <ele>588.5</ele>
      </trkpt>
      <trkpt lat="46.37408" lon="23.018224">
        <ele>586</ele>
      </trkpt>
      <trkpt lat="46.373723" lon="23.018484">
        <ele>583.1</ele>
      </trkpt>
      <trkpt lat="46.37341" lon="23.018807">
        <ele>580.8</ele>
      </trkpt>
      <trkpt lat="46.373274" lon="23.018996">
        <ele>579.9</ele>
      </trkpt>
      <trkpt lat="46.371727" lon="23.021664">
        <ele>569.6</ele>
      </trkpt>
      <trkpt lat="46.371313" lon="23.022505">
        <ele>568.6</ele>
      </trkpt>
      <trkpt lat="46.370167" lon="23.024976">
        <ele>567.7</ele>
      </trkpt>
      <trkpt lat="46.369768" lon="23.025832">
        <ele>567.7</ele>
      </trkpt>
      <trkpt lat="46.369324" lon="23.026743">
        <ele>567</ele>
      </trkpt>
      <trkpt lat="46.369171" lon="23.027017">
        <ele>567</ele>
      </trkpt>
      <trkpt lat="46.368995" lon="23.027229">
        <ele>566.9</ele>
      </trkpt>
      <trkpt lat="46.368681" lon="23.027498">
        <ele>567</ele>
      </trkpt>
      <trkpt lat="46.367516" lon="23.02865">
        <ele>567.4</ele>
      </trkpt>
      <trkpt lat="46.36724" lon="23.028837">
        <ele>567.5</ele>
      </trkpt>
      <trkpt lat="46.36675" lon="23.029102">
        <ele>567.6</ele>
      </trkpt>
      <trkpt lat="46.366425" lon="23.029228">
        <ele>567.7</ele>
      </trkpt>
      <trkpt lat="46.366239" lon="23.029249">
        <ele>567.8</ele>
      </trkpt>
      <trkpt lat="46.365978" lon="23.029221">
        <ele>568.2</ele>
      </trkpt>
      <trkpt lat="46.365255" lon="23.029045">
        <ele>570</ele>
      </trkpt>
      <trkpt lat="46.36488" lon="23.02892">
        <ele>571.1</ele>
      </trkpt>
      <trkpt lat="46.364408" lon="23.028652">
        <ele>572.4</ele>
      </trkpt>
      <trkpt lat="46.364144" lon="23.028379">
        <ele>573.1</ele>
      </trkpt>
      <trkpt lat="46.362965" lon="23.026422">
        <ele>575.5</ele>
      </trkpt>
      <trkpt lat="46.362817" lon="23.026218">
        <ele>575.8</ele>
      </trkpt>
      <trkpt lat="46.362329" lon="23.025664">
        <ele>575.9</ele>
      </trkpt>
      <trkpt lat="46.362203" lon="23.025441">
        <ele>575.8</ele>
      </trkpt>
      <trkpt lat="46.362093" lon="23.0251">
        <ele>575.6</ele>
      </trkpt>
      <trkpt lat="46.362075" lon="23.024909">
        <ele>575.3</ele>
      </trkpt>
      <trkpt lat="46.362074" lon="23.02475">
        <ele>575.1</ele>
      </trkpt>
      <trkpt lat="46.362136" lon="23.024285">
        <ele>574.3</ele>
      </trkpt>
      <trkpt lat="46.362116" lon="23.024074">
        <ele>573.8</ele>
      </trkpt>
      <trkpt lat="46.36192" lon="23.023475">
        <ele>571.8</ele>
      </trkpt>
      <trkpt lat="46.361738" lon="23.022721">
        <ele>569.1</ele>
      </trkpt>
      <trkpt lat="46.361627" lon="23.02237">
        <ele>567.7</ele>
      </trkpt>
      <trkpt lat="46.361291" lon="23.021678">
        <ele>564.8</ele>
      </trkpt>
      <trkpt lat="46.361079" lon="23.02133">
        <ele>563.1</ele>
      </trkpt>
      <trkpt lat="46.360905" lon="23.021165">
        <ele>562.2</ele>
      </trkpt>
      <trkpt lat="46.36075" lon="23.021103">
        <ele>561.5</ele>
      </trkpt>
      <trkpt lat="46.360674" lon="23.021107">
        <ele>561.1</ele>
      </trkpt>
      <trkpt lat="46.360395" lon="23.021266">
        <ele>560.1</ele>
      </trkpt>
      <trkpt lat="46.359298" lon="23.022229">
        <ele>558.3</ele>
      </trkpt>
      <trkpt lat="46.358351" lon="23.02356">
        <ele>558</ele>
      </trkpt>
      <trkpt lat="46.358153" lon="23.023901">
        <ele>557.8</ele>
      </trkpt>
      <trkpt lat="46.358066" lon="23.024248">
        <ele>557.5</ele>
      </trkpt>
      <trkpt lat="46.358024" lon="23.024832">
        <ele>557</ele>
      </trkpt>
      <trkpt lat="46.358058" lon="23.025525">
        <ele>556.2</ele>
      </trkpt>
      <trkpt lat="46.35817" lon="23.026903">
        <ele>555</ele>
      </trkpt>
      <trkpt lat="46.358165" lon="23.027329">
        <ele>554.7</ele>
      </trkpt>
      <trkpt lat="46.358098" lon="23.027693">
        <ele>554.4</ele>
      </trkpt>
      <trkpt lat="46.357835" lon="23.02844">
        <ele>553.6</ele>
      </trkpt>
      <trkpt lat="46.3577" lon="23.02883">
        <ele>553.2</ele>
      </trkpt>
      <trkpt lat="46.357639" lon="23.029203">
        <ele>553</ele>
      </trkpt>
      <trkpt lat="46.357625" lon="23.029624">
        <ele>552.9</ele>
      </trkpt>
      <trkpt lat="46.357664" lon="23.030293">
        <ele>553</ele>
      </trkpt>
      <trkpt lat="46.357804" lon="23.030524">
        <ele>553.2</ele>
      </trkpt>
      <trkpt lat="46.358324" lon="23.031623">
        <ele>553.7</ele>
      </trkpt>
      <trkpt lat="46.358646" lon="23.032519">
        <ele>553.6</ele>
      </trkpt>
      <trkpt lat="46.358855" lon="23.033604">
        <ele>553.5</ele>
      </trkpt>
      <trkpt lat="46.358912" lon="23.033737">
        <ele>553.5</ele>
      </trkpt>
      <trkpt lat="46.359064" lon="23.03396">
        <ele>553.6</ele>
      </trkpt>
      <trkpt lat="46.359341" lon="23.034409">
        <ele>553.8</ele>
      </trkpt>
      <trkpt lat="46.35942" lon="23.034704">
        <ele>554</ele>
      </trkpt>
      <trkpt lat="46.359533" lon="23.035535">
        <ele>554.4</ele>
      </trkpt>
      <trkpt lat="46.359659" lon="23.036866">
        <ele>554.5</ele>
      </trkpt>
      <trkpt lat="46.359899" lon="23.038346">
        <ele>554.2</ele>
      </trkpt>
      <trkpt lat="46.359938" lon="23.03886">
        <ele>554</ele>
      </trkpt>
      <trkpt lat="46.35993" lon="23.039133">
        <ele>554</ele>
      </trkpt>
      <trkpt lat="46.359933" lon="23.040398">
        <ele>553.5</ele>
      </trkpt>
      <trkpt lat="46.360075" lon="23.041553">
        <ele>553</ele>
      </trkpt>
      <trkpt lat="46.360143" lon="23.041953">
        <ele>552.8</ele>
      </trkpt>
      <trkpt lat="46.360397" lon="23.043017">
        <ele>551.7</ele>
      </trkpt>
      <trkpt lat="46.360433" lon="23.043456">
        <ele>551.3</ele>
      </trkpt>
      <trkpt lat="46.360435" lon="23.044214">
        <ele>550.7</ele>
      </trkpt>
      <trkpt lat="46.360462" lon="23.044357">
        <ele>550.6</ele>
      </trkpt>
      <trkpt lat="46.360525" lon="23.044566">
        <ele>550.4</ele>
      </trkpt>
      <trkpt lat="46.361104" lon="23.046248">
        <ele>548.9</ele>
      </trkpt>
      <trkpt lat="46.361261" lon="23.046682">
        <ele>548.7</ele>
      </trkpt>
      <trkpt lat="46.361459" lon="23.047231">
        <ele>548.5</ele>
      </trkpt>
      <trkpt lat="46.361766" lon="23.048218">
        <ele>548.6</ele>
      </trkpt>
      <trkpt lat="46.36184" lon="23.049048">
        <ele>549.3</ele>
      </trkpt>
      <trkpt lat="46.361894" lon="23.049194">
        <ele>549.4</ele>
      </trkpt>
      <trkpt lat="46.362248" lon="23.049883">
        <ele>549.6</ele>
      </trkpt>
      <trkpt lat="46.362324" lon="23.05">
        <ele>549.6</ele>
      </trkpt>
      <trkpt lat="46.362423" lon="23.050078">
        <ele>549.6</ele>
      </trkpt>
      <trkpt lat="46.362469" lon="23.050105">
        <ele>549.6</ele>
      </trkpt>
      <trkpt lat="46.362557" lon="23.05024">
        <ele>549.7</ele>
      </trkpt>
      <trkpt lat="46.362594" lon="23.050403">
        <ele>549.7</ele>
      </trkpt>
      <trkpt lat="46.362618" lon="23.050948">
        <ele>549.6</ele>
      </trkpt>
      <trkpt lat="46.362643" lon="23.051243">
        <ele>549.5</ele>
      </trkpt>
      <trkpt lat="46.362763" lon="23.051754">
        <ele>549.3</ele>
      </trkpt>
      <trkpt lat="46.362872" lon="23.052157">
        <ele>549.3</ele>
      </trkpt>
      <trkpt lat="46.362966" lon="23.052373">
        <ele>549.4</ele>
      </trkpt>
      <trkpt lat="46.362982" lon="23.052407">
        <ele>549.4</ele>
      </trkpt>
      <trkpt lat="46.362987" lon="23.052419">
        <ele>549.4</ele>
      </trkpt>
      <trkpt lat="46.363129" lon="23.052325">
        <ele>549.6</ele>
      </trkpt>
      <trkpt lat="46.363328" lon="23.052255">
        <ele>549.8</ele>
      </trkpt>
      <trkpt lat="46.363471" lon="23.0522">
        <ele>550.1</ele>
      </trkpt>
      <trkpt lat="46.36402" lon="23.052002">
        <ele>550.9</ele>
      </trkpt>
      <trkpt lat="46.364451" lon="23.051607">
        <ele>551.7</ele>
      </trkpt>
      <trkpt lat="46.364685" lon="23.05148">
        <ele>552.1</ele>
      </trkpt>
      <trkpt lat="46.364811" lon="23.051493">
        <ele>552.2</ele>
      </trkpt>
      </trkseg>
    </trk>
</gpx>