<?xml version="1.0" encoding="UTF-8"?>
<gpx version="1.1"
     creator="Komoot GPX Exporter"
     xmlns="http://www.topografix.com/GPX/1/1">
  <metadata>
    <name>D6 - Transalpina Nord -&amp;amp;gt; Sud</name>
  </metadata>
    <trk>
      <name>D6 - Transalpina Nord -&amp;amp;gt; Sud</name>
      <trkseg>
      <trkpt lat="45.922403" lon="23.564265">
        <ele>276.3</ele>
      </trkpt>
      <trkpt lat="45.921099" lon="23.563966">
        <ele>277.6</ele>
      </trkpt>
      <trkpt lat="45.92112" lon="23.563833">
        <ele>277.6</ele>
      </trkpt>
      <trkpt lat="45.921207" lon="23.563002">
        <ele>277.5</ele>
      </trkpt>
      <trkpt lat="45.921263" lon="23.561914">
        <ele>277.3</ele>
      </trkpt>
      <trkpt lat="45.92114" lon="23.561854">
        <ele>277.1</ele>
      </trkpt>
      <trkpt lat="45.921135" lon="23.561165">
        <ele>276.9</ele>
      </trkpt>
      <trkpt lat="45.921053" lon="23.5601">
        <ele>277.2</ele>
      </trkpt>
      <trkpt lat="45.920974" lon="23.559794">
        <ele>277.3</ele>
      </trkpt>
      <trkpt lat="45.920731" lon="23.559328">
        <ele>277.5</ele>
      </trkpt>
      <trkpt lat="45.920668" lon="23.559228">
        <ele>277.6</ele>
      </trkpt>
      <trkpt lat="45.920494" lon="23.558946">
        <ele>277.6</ele>
      </trkpt>
      <trkpt lat="45.920266" lon="23.558504">
        <ele>277.7</ele>
      </trkpt>
      <trkpt lat="45.920082" lon="23.557942">
        <ele>277.6</ele>
      </trkpt>
      <trkpt lat="45.919989" lon="23.557469">
        <ele>277.3</ele>
      </trkpt>
      <trkpt lat="45.919865" lon="23.556727">
        <ele>276.4</ele>
      </trkpt>
      <trkpt lat="45.919847" lon="23.556646">
        <ele>276.3</ele>
      </trkpt>
      <trkpt lat="45.919745" lon="23.556283">
        <ele>276.3</ele>
      </trkpt>
      <trkpt lat="45.919588" lon="23.555957">
        <ele>276.3</ele>
      </trkpt>
      <trkpt lat="45.919401" lon="23.555726">
        <ele>276.9</ele>
      </trkpt>
      <trkpt lat="45.919221" lon="23.555574">
        <ele>277.3</ele>
      </trkpt>
      <trkpt lat="45.919046" lon="23.5555">
        <ele>277.3</ele>
      </trkpt>
      <trkpt lat="45.918907" lon="23.555477">
        <ele>277.3</ele>
      </trkpt>
      <trkpt lat="45.918684" lon="23.555485">
        <ele>277.4</ele>
      </trkpt>
      <trkpt lat="45.918309" lon="23.555567">
        <ele>277.3</ele>
      </trkpt>
      <trkpt lat="45.917561" lon="23.555748">
        <ele>277</ele>
      </trkpt>
      <trkpt lat="45.917063" lon="23.555755">
        <ele>277.5</ele>
      </trkpt>
      <trkpt lat="45.916814" lon="23.555712">
        <ele>277.8</ele>
      </trkpt>
      <trkpt lat="45.912226" lon="23.554197">
        <ele>284.5</ele>
      </trkpt>
      <trkpt lat="45.911929" lon="23.554099">
        <ele>284.8</ele>
      </trkpt>
      <trkpt lat="45.911554" lon="23.553977">
        <ele>284.9</ele>
      </trkpt>
      <trkpt lat="45.91122" lon="23.553934">
        <ele>284.6</ele>
      </trkpt>
      <trkpt lat="45.910383" lon="23.554202">
        <ele>284.9</ele>
      </trkpt>
      <trkpt lat="45.907388" lon="23.555429">
        <ele>288.6</ele>
      </trkpt>
      <trkpt lat="45.907208" lon="23.555535">
        <ele>289.3</ele>
      </trkpt>
      <trkpt lat="45.906562" lon="23.556031">
        <ele>292.7</ele>
      </trkpt>
      <trkpt lat="45.905921" lon="23.556507">
        <ele>293.9</ele>
      </trkpt>
      <trkpt lat="45.905347" lon="23.556716">
        <ele>295.5</ele>
      </trkpt>
      <trkpt lat="45.904343" lon="23.557006">
        <ele>296.8</ele>
      </trkpt>
      <trkpt lat="45.90285" lon="23.557461">
        <ele>297.1</ele>
      </trkpt>
      <trkpt lat="45.901516" lon="23.558008">
        <ele>298.6</ele>
      </trkpt>
      <trkpt lat="45.90115" lon="23.558247">
        <ele>299.3</ele>
      </trkpt>
      <trkpt lat="45.900625" lon="23.558617">
        <ele>300.1</ele>
      </trkpt>
      <trkpt lat="45.89906" lon="23.559808">
        <ele>297.7</ele>
      </trkpt>
      <trkpt lat="45.898723" lon="23.560009">
        <ele>296.8</ele>
      </trkpt>
      <trkpt lat="45.898502" lon="23.560094">
        <ele>296.5</ele>
      </trkpt>
      <trkpt lat="45.898078" lon="23.560187">
        <ele>296.5</ele>
      </trkpt>
      <trkpt lat="45.897643" lon="23.560213">
        <ele>296.9</ele>
      </trkpt>
      <trkpt lat="45.897229" lon="23.560188">
        <ele>297.9</ele>
      </trkpt>
      <trkpt lat="45.897073" lon="23.560183">
        <ele>298.1</ele>
      </trkpt>
      <trkpt lat="45.895921" lon="23.559907">
        <ele>297.7</ele>
      </trkpt>
      <trkpt lat="45.895338" lon="23.559824">
        <ele>298.2</ele>
      </trkpt>
      <trkpt lat="45.895133" lon="23.559862">
        <ele>298.4</ele>
      </trkpt>
      <trkpt lat="45.895004" lon="23.559916">
        <ele>298.5</ele>
      </trkpt>
      <trkpt lat="45.893756" lon="23.560712">
        <ele>298.9</ele>
      </trkpt>
      <trkpt lat="45.893367" lon="23.560928">
        <ele>299</ele>
      </trkpt>
      <trkpt lat="45.892039" lon="23.561417">
        <ele>300.5</ele>
      </trkpt>
      <trkpt lat="45.891831" lon="23.561528">
        <ele>300.6</ele>
      </trkpt>
      <trkpt lat="45.8916" lon="23.561698">
        <ele>300.6</ele>
      </trkpt>
      <trkpt lat="45.891487" lon="23.561796">
        <ele>300.6</ele>
      </trkpt>
      <trkpt lat="45.890044" lon="23.563179">
        <ele>302.6</ele>
      </trkpt>
      <trkpt lat="45.889899" lon="23.56329">
        <ele>302.8</ele>
      </trkpt>
      <trkpt lat="45.889671" lon="23.563398">
        <ele>303</ele>
      </trkpt>
      <trkpt lat="45.889516" lon="23.563429">
        <ele>303.1</ele>
      </trkpt>
      <trkpt lat="45.88895" lon="23.563476">
        <ele>303.8</ele>
      </trkpt>
      <trkpt lat="45.888143" lon="23.56377">
        <ele>305.9</ele>
      </trkpt>
      <trkpt lat="45.887967" lon="23.563898">
        <ele>306.5</ele>
      </trkpt>
      <trkpt lat="45.887717" lon="23.564218">
        <ele>306.3</ele>
      </trkpt>
      <trkpt lat="45.887524" lon="23.564404">
        <ele>306.8</ele>
      </trkpt>
      <trkpt lat="45.886921" lon="23.56487">
        <ele>307.2</ele>
      </trkpt>
      <trkpt lat="45.886875" lon="23.564904">
        <ele>307.3</ele>
      </trkpt>
      <trkpt lat="45.886534" lon="23.565215">
        <ele>308.2</ele>
      </trkpt>
      <trkpt lat="45.8861" lon="23.565681">
        <ele>310</ele>
      </trkpt>
      <trkpt lat="45.885955" lon="23.565777">
        <ele>310.4</ele>
      </trkpt>
      <trkpt lat="45.885188" lon="23.565893">
        <ele>310.1</ele>
      </trkpt>
      <trkpt lat="45.884513" lon="23.565728">
        <ele>308.1</ele>
      </trkpt>
      <trkpt lat="45.884215" lon="23.565713">
        <ele>307.1</ele>
      </trkpt>
      <trkpt lat="45.883782" lon="23.565746">
        <ele>306.6</ele>
      </trkpt>
      <trkpt lat="45.883667" lon="23.56577">
        <ele>306.5</ele>
      </trkpt>
      <trkpt lat="45.883283" lon="23.565914">
        <ele>306.5</ele>
      </trkpt>
      <trkpt lat="45.882495" lon="23.566376">
        <ele>306.6</ele>
      </trkpt>
      <trkpt lat="45.881111" lon="23.567238">
        <ele>308.2</ele>
      </trkpt>
      <trkpt lat="45.879295" lon="23.568514">
        <ele>310.9</ele>
      </trkpt>
      <trkpt lat="45.879121" lon="23.568693">
        <ele>311.2</ele>
      </trkpt>
      <trkpt lat="45.878889" lon="23.569044">
        <ele>311.2</ele>
      </trkpt>
      <trkpt lat="45.878182" lon="23.570534">
        <ele>312.2</ele>
      </trkpt>
      <trkpt lat="45.878082" lon="23.570791">
        <ele>312</ele>
      </trkpt>
      <trkpt lat="45.877981" lon="23.571185">
        <ele>311.7</ele>
      </trkpt>
      <trkpt lat="45.877952" lon="23.571531">
        <ele>311.3</ele>
      </trkpt>
      <trkpt lat="45.877973" lon="23.571898">
        <ele>310.8</ele>
      </trkpt>
      <trkpt lat="45.878091" lon="23.57299">
        <ele>310.2</ele>
      </trkpt>
      <trkpt lat="45.878108" lon="23.573727">
        <ele>310.7</ele>
      </trkpt>
      <trkpt lat="45.878153" lon="23.574162">
        <ele>311.2</ele>
      </trkpt>
      <trkpt lat="45.878265" lon="23.574811">
        <ele>312.1</ele>
      </trkpt>
      <trkpt lat="45.878254" lon="23.575198">
        <ele>311.6</ele>
      </trkpt>
      <trkpt lat="45.878171" lon="23.575574">
        <ele>311.2</ele>
      </trkpt>
      <trkpt lat="45.878115" lon="23.575674">
        <ele>311.2</ele>
      </trkpt>
      <trkpt lat="45.877917" lon="23.57593">
        <ele>311.2</ele>
      </trkpt>
      <trkpt lat="45.877703" lon="23.576106">
        <ele>311.2</ele>
      </trkpt>
      <trkpt lat="45.877469" lon="23.576252">
        <ele>311.3</ele>
      </trkpt>
      <trkpt lat="45.877111" lon="23.576381">
        <ele>311.6</ele>
      </trkpt>
      <trkpt lat="45.876661" lon="23.576434">
        <ele>312.2</ele>
      </trkpt>
      <trkpt lat="45.876349" lon="23.576404">
        <ele>312.7</ele>
      </trkpt>
      <trkpt lat="45.87602" lon="23.576317">
        <ele>313.3</ele>
      </trkpt>
      <trkpt lat="45.875509" lon="23.57612">
        <ele>314.3</ele>
      </trkpt>
      <trkpt lat="45.875139" lon="23.576101">
        <ele>315.9</ele>
      </trkpt>
      <trkpt lat="45.874823" lon="23.576149">
        <ele>317.3</ele>
      </trkpt>
      <trkpt lat="45.874616" lon="23.576293">
        <ele>318.4</ele>
      </trkpt>
      <trkpt lat="45.874456" lon="23.576595">
        <ele>320.7</ele>
      </trkpt>
      <trkpt lat="45.874123" lon="23.577535">
        <ele>321.1</ele>
      </trkpt>
      <trkpt lat="45.874019" lon="23.577751">
        <ele>321.2</ele>
      </trkpt>
      <trkpt lat="45.873588" lon="23.578063">
        <ele>321.3</ele>
      </trkpt>
      <trkpt lat="45.873484" lon="23.578208">
        <ele>321.1</ele>
      </trkpt>
      <trkpt lat="45.873195" lon="23.579337">
        <ele>320.3</ele>
      </trkpt>
      <trkpt lat="45.873033" lon="23.579706">
        <ele>320.1</ele>
      </trkpt>
      <trkpt lat="45.872741" lon="23.580156">
        <ele>319.9</ele>
      </trkpt>
      <trkpt lat="45.872413" lon="23.580495">
        <ele>319.3</ele>
      </trkpt>
      <trkpt lat="45.872132" lon="23.580641">
        <ele>318.6</ele>
      </trkpt>
      <trkpt lat="45.871815" lon="23.580714">
        <ele>319.2</ele>
      </trkpt>
      <trkpt lat="45.871562" lon="23.580724">
        <ele>320</ele>
      </trkpt>
      <trkpt lat="45.871311" lon="23.580673">
        <ele>321.4</ele>
      </trkpt>
      <trkpt lat="45.871091" lon="23.580556">
        <ele>321.8</ele>
      </trkpt>
      <trkpt lat="45.870856" lon="23.580362">
        <ele>321.7</ele>
      </trkpt>
      <trkpt lat="45.869866" lon="23.579378">
        <ele>321.7</ele>
      </trkpt>
      <trkpt lat="45.8692" lon="23.578739">
        <ele>321.2</ele>
      </trkpt>
      <trkpt lat="45.868226" lon="23.578345">
        <ele>322</ele>
      </trkpt>
      <trkpt lat="45.868133" lon="23.578304">
        <ele>322</ele>
      </trkpt>
      <trkpt lat="45.867649" lon="23.578022">
        <ele>322</ele>
      </trkpt>
      <trkpt lat="45.867481" lon="23.577958">
        <ele>322</ele>
      </trkpt>
      <trkpt lat="45.867227" lon="23.577953">
        <ele>322</ele>
      </trkpt>
      <trkpt lat="45.866892" lon="23.578077">
        <ele>321.8</ele>
      </trkpt>
      <trkpt lat="45.866678" lon="23.578229">
        <ele>321.8</ele>
      </trkpt>
      <trkpt lat="45.86644" lon="23.578454">
        <ele>322.3</ele>
      </trkpt>
      <trkpt lat="45.865875" lon="23.579191">
        <ele>323.6</ele>
      </trkpt>
      <trkpt lat="45.865481" lon="23.579687">
        <ele>325.9</ele>
      </trkpt>
      <trkpt lat="45.864772" lon="23.580373">
        <ele>327.9</ele>
      </trkpt>
      <trkpt lat="45.864164" lon="23.580893">
        <ele>330</ele>
      </trkpt>
      <trkpt lat="45.86366" lon="23.581208">
        <ele>330.2</ele>
      </trkpt>
      <trkpt lat="45.863344" lon="23.581343">
        <ele>329.5</ele>
      </trkpt>
      <trkpt lat="45.862839" lon="23.581489">
        <ele>327.9</ele>
      </trkpt>
      <trkpt lat="45.862343" lon="23.581521">
        <ele>327.2</ele>
      </trkpt>
      <trkpt lat="45.861684" lon="23.581464">
        <ele>327.6</ele>
      </trkpt>
      <trkpt lat="45.861483" lon="23.581476">
        <ele>328</ele>
      </trkpt>
      <trkpt lat="45.861066" lon="23.581574">
        <ele>330.2</ele>
      </trkpt>
      <trkpt lat="45.860174" lon="23.58189">
        <ele>338.5</ele>
      </trkpt>
      <trkpt lat="45.859885" lon="23.582097">
        <ele>340.3</ele>
      </trkpt>
      <trkpt lat="45.859656" lon="23.582416">
        <ele>340.8</ele>
      </trkpt>
      <trkpt lat="45.859605" lon="23.582569">
        <ele>340.7</ele>
      </trkpt>
      <trkpt lat="45.859599" lon="23.582701">
        <ele>340.3</ele>
      </trkpt>
      <trkpt lat="45.859637" lon="23.58284">
        <ele>339.8</ele>
      </trkpt>
      <trkpt lat="45.860167" lon="23.583387">
        <ele>335.9</ele>
      </trkpt>
      <trkpt lat="45.860341" lon="23.583702">
        <ele>334.9</ele>
      </trkpt>
      <trkpt lat="45.860374" lon="23.583863">
        <ele>334.7</ele>
      </trkpt>
      <trkpt lat="45.860376" lon="23.584386">
        <ele>334.6</ele>
      </trkpt>
      <trkpt lat="45.860324" lon="23.584778">
        <ele>334.7</ele>
      </trkpt>
      <trkpt lat="45.860195" lon="23.585306">
        <ele>335.8</ele>
      </trkpt>
      <trkpt lat="45.8601" lon="23.585548">
        <ele>336.6</ele>
      </trkpt>
      <trkpt lat="45.859975" lon="23.585768">
        <ele>337.1</ele>
      </trkpt>
      <trkpt lat="45.859819" lon="23.585945">
        <ele>337.2</ele>
      </trkpt>
      <trkpt lat="45.859533" lon="23.586129">
        <ele>337.3</ele>
      </trkpt>
      <trkpt lat="45.859423" lon="23.586168">
        <ele>337.3</ele>
      </trkpt>
      <trkpt lat="45.858861" lon="23.586195">
        <ele>337.5</ele>
      </trkpt>
      <trkpt lat="45.85851" lon="23.586105">
        <ele>338.9</ele>
      </trkpt>
      <trkpt lat="45.857804" lon="23.585593">
        <ele>343.7</ele>
      </trkpt>
      <trkpt lat="45.857618" lon="23.58548">
        <ele>344.6</ele>
      </trkpt>
      <trkpt lat="45.857389" lon="23.585393">
        <ele>345.5</ele>
      </trkpt>
      <trkpt lat="45.857115" lon="23.585344">
        <ele>346.7</ele>
      </trkpt>
      <trkpt lat="45.856573" lon="23.585369">
        <ele>349.9</ele>
      </trkpt>
      <trkpt lat="45.856162" lon="23.585491">
        <ele>353.5</ele>
      </trkpt>
      <trkpt lat="45.855766" lon="23.585685">
        <ele>356.8</ele>
      </trkpt>
      <trkpt lat="45.854333" lon="23.586853">
        <ele>359.5</ele>
      </trkpt>
      <trkpt lat="45.854163" lon="23.587023">
        <ele>360.6</ele>
      </trkpt>
      <trkpt lat="45.854043" lon="23.587201">
        <ele>361.4</ele>
      </trkpt>
      <trkpt lat="45.853977" lon="23.587348">
        <ele>361.9</ele>
      </trkpt>
      <trkpt lat="45.853927" lon="23.58751">
        <ele>362.2</ele>
      </trkpt>
      <trkpt lat="45.85391" lon="23.587677">
        <ele>362.2</ele>
      </trkpt>
      <trkpt lat="45.853943" lon="23.588014">
        <ele>361.5</ele>
      </trkpt>
      <trkpt lat="45.854274" lon="23.589058">
        <ele>354.9</ele>
      </trkpt>
      <trkpt lat="45.854301" lon="23.589278">
        <ele>354</ele>
      </trkpt>
      <trkpt lat="45.854295" lon="23.589454">
        <ele>353.6</ele>
      </trkpt>
      <trkpt lat="45.854208" lon="23.589849">
        <ele>353.4</ele>
      </trkpt>
      <trkpt lat="45.854105" lon="23.590024">
        <ele>353.6</ele>
      </trkpt>
      <trkpt lat="45.853868" lon="23.590209">
        <ele>354.3</ele>
      </trkpt>
      <trkpt lat="45.852991" lon="23.590364">
        <ele>356.6</ele>
      </trkpt>
      <trkpt lat="45.852869" lon="23.590416">
        <ele>356.8</ele>
      </trkpt>
      <trkpt lat="45.85272" lon="23.590527">
        <ele>357</ele>
      </trkpt>
      <trkpt lat="45.852627" lon="23.590656">
        <ele>357.2</ele>
      </trkpt>
      <trkpt lat="45.852551" lon="23.590833">
        <ele>357.3</ele>
      </trkpt>
      <trkpt lat="45.852018" lon="23.592665">
        <ele>358.7</ele>
      </trkpt>
      <trkpt lat="45.851826" lon="23.593268">
        <ele>359.1</ele>
      </trkpt>
      <trkpt lat="45.85168" lon="23.593633">
        <ele>359.3</ele>
      </trkpt>
      <trkpt lat="45.851478" lon="23.593884">
        <ele>359.5</ele>
      </trkpt>
      <trkpt lat="45.850229" lon="23.59485">
        <ele>366.2</ele>
      </trkpt>
      <trkpt lat="45.849937" lon="23.595151">
        <ele>368.2</ele>
      </trkpt>
      <trkpt lat="45.849844" lon="23.595357">
        <ele>368.7</ele>
      </trkpt>
      <trkpt lat="45.849802" lon="23.595515">
        <ele>368.9</ele>
      </trkpt>
      <trkpt lat="45.849787" lon="23.595695">
        <ele>369</ele>
      </trkpt>
      <trkpt lat="45.849812" lon="23.595884">
        <ele>368.9</ele>
      </trkpt>
      <trkpt lat="45.849863" lon="23.596018">
        <ele>368.6</ele>
      </trkpt>
      <trkpt lat="45.851989" lon="23.598547">
        <ele>361.5</ele>
      </trkpt>
      <trkpt lat="45.85213" lon="23.598765">
        <ele>360.8</ele>
      </trkpt>
      <trkpt lat="45.852217" lon="23.598965">
        <ele>360.2</ele>
      </trkpt>
      <trkpt lat="45.852289" lon="23.599258">
        <ele>359.8</ele>
      </trkpt>
      <trkpt lat="45.852311" lon="23.599482">
        <ele>359.6</ele>
      </trkpt>
      <trkpt lat="45.852301" lon="23.599713">
        <ele>359.3</ele>
      </trkpt>
      <trkpt lat="45.852263" lon="23.599937">
        <ele>359.2</ele>
      </trkpt>
      <trkpt lat="45.852197" lon="23.60015">
        <ele>359.3</ele>
      </trkpt>
      <trkpt lat="45.852085" lon="23.600344">
        <ele>359.7</ele>
      </trkpt>
      <trkpt lat="45.851967" lon="23.600491">
        <ele>360.3</ele>
      </trkpt>
      <trkpt lat="45.851671" lon="23.600736">
        <ele>362</ele>
      </trkpt>
      <trkpt lat="45.850716" lon="23.601277">
        <ele>366.3</ele>
      </trkpt>
      <trkpt lat="45.850538" lon="23.60144">
        <ele>365.9</ele>
      </trkpt>
      <trkpt lat="45.850458" lon="23.601557">
        <ele>365.4</ele>
      </trkpt>
      <trkpt lat="45.850418" lon="23.60169">
        <ele>364.8</ele>
      </trkpt>
      <trkpt lat="45.850406" lon="23.602017">
        <ele>363.4</ele>
      </trkpt>
      <trkpt lat="45.850546" lon="23.602953">
        <ele>359.8</ele>
      </trkpt>
      <trkpt lat="45.850574" lon="23.603386">
        <ele>359</ele>
      </trkpt>
      <trkpt lat="45.850522" lon="23.603848">
        <ele>358.2</ele>
      </trkpt>
      <trkpt lat="45.850437" lon="23.604138">
        <ele>357.2</ele>
      </trkpt>
      <trkpt lat="45.850299" lon="23.604382">
        <ele>357.2</ele>
      </trkpt>
      <trkpt lat="45.850165" lon="23.604533">
        <ele>357.3</ele>
      </trkpt>
      <trkpt lat="45.850019" lon="23.604675">
        <ele>357.7</ele>
      </trkpt>
      <trkpt lat="45.849763" lon="23.604835">
        <ele>358.2</ele>
      </trkpt>
      <trkpt lat="45.849302" lon="23.604917">
        <ele>359</ele>
      </trkpt>
      <trkpt lat="45.848913" lon="23.604904">
        <ele>359.1</ele>
      </trkpt>
      <trkpt lat="45.848724" lon="23.604861">
        <ele>359</ele>
      </trkpt>
      <trkpt lat="45.84845" lon="23.604723">
        <ele>359</ele>
      </trkpt>
      <trkpt lat="45.848182" lon="23.604433">
        <ele>359.1</ele>
      </trkpt>
      <trkpt lat="45.848041" lon="23.60418">
        <ele>359.1</ele>
      </trkpt>
      <trkpt lat="45.847218" lon="23.602274">
        <ele>360.5</ele>
      </trkpt>
      <trkpt lat="45.847067" lon="23.602017">
        <ele>360.5</ele>
      </trkpt>
      <trkpt lat="45.846981" lon="23.601912">
        <ele>360.5</ele>
      </trkpt>
      <trkpt lat="45.846742" lon="23.601724">
        <ele>360.4</ele>
      </trkpt>
      <trkpt lat="45.846397" lon="23.60155">
        <ele>359.8</ele>
      </trkpt>
      <trkpt lat="45.845576" lon="23.601316">
        <ele>357.3</ele>
      </trkpt>
      <trkpt lat="45.845039" lon="23.60127">
        <ele>356.1</ele>
      </trkpt>
      <trkpt lat="45.844592" lon="23.601354">
        <ele>355.9</ele>
      </trkpt>
      <trkpt lat="45.844008" lon="23.60166">
        <ele>357.1</ele>
      </trkpt>
      <trkpt lat="45.843183" lon="23.60221">
        <ele>361</ele>
      </trkpt>
      <trkpt lat="45.842781" lon="23.60263">
        <ele>363.3</ele>
      </trkpt>
      <trkpt lat="45.842532" lon="23.602874">
        <ele>364.7</ele>
      </trkpt>
      <trkpt lat="45.842238" lon="23.602994">
        <ele>366.3</ele>
      </trkpt>
      <trkpt lat="45.841218" lon="23.603105">
        <ele>364.7</ele>
      </trkpt>
      <trkpt lat="45.840591" lon="23.603357">
        <ele>364.6</ele>
      </trkpt>
      <trkpt lat="45.839849" lon="23.603487">
        <ele>367.5</ele>
      </trkpt>
      <trkpt lat="45.839659" lon="23.603551">
        <ele>368.4</ele>
      </trkpt>
      <trkpt lat="45.839495" lon="23.603651">
        <ele>368.9</ele>
      </trkpt>
      <trkpt lat="45.839298" lon="23.603857">
        <ele>369.1</ele>
      </trkpt>
      <trkpt lat="45.838821" lon="23.604735">
        <ele>367.7</ele>
      </trkpt>
      <trkpt lat="45.838448" lon="23.605273">
        <ele>367</ele>
      </trkpt>
      <trkpt lat="45.838189" lon="23.605543">
        <ele>367.8</ele>
      </trkpt>
      <trkpt lat="45.837817" lon="23.605864">
        <ele>369.2</ele>
      </trkpt>
      <trkpt lat="45.837388" lon="23.606174">
        <ele>369.8</ele>
      </trkpt>
      <trkpt lat="45.837129" lon="23.606307">
        <ele>369.4</ele>
      </trkpt>
      <trkpt lat="45.836832" lon="23.606403">
        <ele>368.2</ele>
      </trkpt>
      <trkpt lat="45.836554" lon="23.60639">
        <ele>367.2</ele>
      </trkpt>
      <trkpt lat="45.836426" lon="23.60635">
        <ele>367.2</ele>
      </trkpt>
      <trkpt lat="45.836285" lon="23.606253">
        <ele>367.4</ele>
      </trkpt>
      <trkpt lat="45.835746" lon="23.605693">
        <ele>365.9</ele>
      </trkpt>
      <trkpt lat="45.835399" lon="23.605259">
        <ele>365.5</ele>
      </trkpt>
      <trkpt lat="45.834311" lon="23.603579">
        <ele>369.5</ele>
      </trkpt>
      <trkpt lat="45.834077" lon="23.603163">
        <ele>371.5</ele>
      </trkpt>
      <trkpt lat="45.833642" lon="23.602129">
        <ele>379</ele>
      </trkpt>
      <trkpt lat="45.833165" lon="23.601382">
        <ele>381.6</ele>
      </trkpt>
      <trkpt lat="45.832679" lon="23.600717">
        <ele>382.2</ele>
      </trkpt>
      <trkpt lat="45.832548" lon="23.600639">
        <ele>382.4</ele>
      </trkpt>
      <trkpt lat="45.832" lon="23.600597">
        <ele>382.4</ele>
      </trkpt>
      <trkpt lat="45.831205" lon="23.600149">
        <ele>378</ele>
      </trkpt>
      <trkpt lat="45.831013" lon="23.600104">
        <ele>376.3</ele>
      </trkpt>
      <trkpt lat="45.83073" lon="23.60018">
        <ele>377.3</ele>
      </trkpt>
      <trkpt lat="45.830573" lon="23.600353">
        <ele>378.5</ele>
      </trkpt>
      <trkpt lat="45.830507" lon="23.600496">
        <ele>379</ele>
      </trkpt>
      <trkpt lat="45.830427" lon="23.600743">
        <ele>379.4</ele>
      </trkpt>
      <trkpt lat="45.830019" lon="23.602507">
        <ele>379</ele>
      </trkpt>
      <trkpt lat="45.82942" lon="23.604349">
        <ele>378.9</ele>
      </trkpt>
      <trkpt lat="45.829281" lon="23.604735">
        <ele>378.7</ele>
      </trkpt>
      <trkpt lat="45.82916" lon="23.604976">
        <ele>378.8</ele>
      </trkpt>
      <trkpt lat="45.829038" lon="23.605154">
        <ele>378.9</ele>
      </trkpt>
      <trkpt lat="45.828896" lon="23.605305">
        <ele>378.9</ele>
      </trkpt>
      <trkpt lat="45.828588" lon="23.605493">
        <ele>378.6</ele>
      </trkpt>
      <trkpt lat="45.827823" lon="23.605649">
        <ele>378.5</ele>
      </trkpt>
      <trkpt lat="45.82779" lon="23.605661">
        <ele>378.5</ele>
      </trkpt>
      <trkpt lat="45.827564" lon="23.60576">
        <ele>378.3</ele>
      </trkpt>
      <trkpt lat="45.827352" lon="23.60591">
        <ele>377.9</ele>
      </trkpt>
      <trkpt lat="45.827254" lon="23.606024">
        <ele>377.7</ele>
      </trkpt>
      <trkpt lat="45.827073" lon="23.606322">
        <ele>378</ele>
      </trkpt>
      <trkpt lat="45.82605" lon="23.60807">
        <ele>387</ele>
      </trkpt>
      <trkpt lat="45.825562" lon="23.608754">
        <ele>391.1</ele>
      </trkpt>
      <trkpt lat="45.825327" lon="23.60928">
        <ele>390.9</ele>
      </trkpt>
      <trkpt lat="45.825252" lon="23.609559">
        <ele>390.6</ele>
      </trkpt>
      <trkpt lat="45.825191" lon="23.609854">
        <ele>388.2</ele>
      </trkpt>
      <trkpt lat="45.825012" lon="23.610844">
        <ele>384.8</ele>
      </trkpt>
      <trkpt lat="45.824957" lon="23.611068">
        <ele>385.5</ele>
      </trkpt>
      <trkpt lat="45.824896" lon="23.611212">
        <ele>386.2</ele>
      </trkpt>
      <trkpt lat="45.824666" lon="23.611538">
        <ele>389.2</ele>
      </trkpt>
      <trkpt lat="45.824504" lon="23.611681">
        <ele>390.6</ele>
      </trkpt>
      <trkpt lat="45.824219" lon="23.611813">
        <ele>392.7</ele>
      </trkpt>
      <trkpt lat="45.823133" lon="23.61184">
        <ele>399.9</ele>
      </trkpt>
      <trkpt lat="45.822756" lon="23.611817">
        <ele>402.4</ele>
      </trkpt>
      <trkpt lat="45.822184" lon="23.611721">
        <ele>411.3</ele>
      </trkpt>
      <trkpt lat="45.821715" lon="23.6116">
        <ele>420.2</ele>
      </trkpt>
      <trkpt lat="45.821376" lon="23.611475">
        <ele>426.9</ele>
      </trkpt>
      <trkpt lat="45.821184" lon="23.61138">
        <ele>429.6</ele>
      </trkpt>
      <trkpt lat="45.820721" lon="23.611064">
        <ele>430</ele>
      </trkpt>
      <trkpt lat="45.82029" lon="23.610629">
        <ele>427.5</ele>
      </trkpt>
      <trkpt lat="45.819451" lon="23.609608">
        <ele>416.2</ele>
      </trkpt>
      <trkpt lat="45.819157" lon="23.609353">
        <ele>413.3</ele>
      </trkpt>
      <trkpt lat="45.819045" lon="23.609305">
        <ele>412.8</ele>
      </trkpt>
      <trkpt lat="45.818882" lon="23.609297">
        <ele>412.5</ele>
      </trkpt>
      <trkpt lat="45.818762" lon="23.609334">
        <ele>412.5</ele>
      </trkpt>
      <trkpt lat="45.818637" lon="23.609423">
        <ele>412.7</ele>
      </trkpt>
      <trkpt lat="45.818519" lon="23.609568">
        <ele>413</ele>
      </trkpt>
      <trkpt lat="45.818436" lon="23.609727">
        <ele>413.3</ele>
      </trkpt>
      <trkpt lat="45.818392" lon="23.609885">
        <ele>413.6</ele>
      </trkpt>
      <trkpt lat="45.818069" lon="23.611865">
        <ele>416</ele>
      </trkpt>
      <trkpt lat="45.817973" lon="23.612146">
        <ele>415.8</ele>
      </trkpt>
      <trkpt lat="45.817865" lon="23.612358">
        <ele>415.9</ele>
      </trkpt>
      <trkpt lat="45.817712" lon="23.612553">
        <ele>416.3</ele>
      </trkpt>
      <trkpt lat="45.817522" lon="23.612716">
        <ele>417.1</ele>
      </trkpt>
      <trkpt lat="45.817092" lon="23.612973">
        <ele>419</ele>
      </trkpt>
      <trkpt lat="45.81634" lon="23.613327">
        <ele>419.6</ele>
      </trkpt>
      <trkpt lat="45.81612" lon="23.613394">
        <ele>419</ele>
      </trkpt>
      <trkpt lat="45.813907" lon="23.613647">
        <ele>408.9</ele>
      </trkpt>
      <trkpt lat="45.813588" lon="23.613833">
        <ele>408.4</ele>
      </trkpt>
      <trkpt lat="45.81321" lon="23.614278">
        <ele>407.7</ele>
      </trkpt>
      <trkpt lat="45.813018" lon="23.614627">
        <ele>407.7</ele>
      </trkpt>
      <trkpt lat="45.812933" lon="23.614835">
        <ele>407.7</ele>
      </trkpt>
      <trkpt lat="45.812872" lon="23.615248">
        <ele>407.9</ele>
      </trkpt>
      <trkpt lat="45.812878" lon="23.61546">
        <ele>408.3</ele>
      </trkpt>
      <trkpt lat="45.812914" lon="23.615641">
        <ele>409</ele>
      </trkpt>
      <trkpt lat="45.813041" lon="23.615882">
        <ele>410.6</ele>
      </trkpt>
      <trkpt lat="45.813717" lon="23.61648">
        <ele>419.7</ele>
      </trkpt>
      <trkpt lat="45.813923" lon="23.616767">
        <ele>422.3</ele>
      </trkpt>
      <trkpt lat="45.813992" lon="23.616961">
        <ele>423.4</ele>
      </trkpt>
      <trkpt lat="45.814037" lon="23.617184">
        <ele>424</ele>
      </trkpt>
      <trkpt lat="45.81406" lon="23.617447">
        <ele>424</ele>
      </trkpt>
      <trkpt lat="45.814038" lon="23.617865">
        <ele>422.5</ele>
      </trkpt>
      <trkpt lat="45.813998" lon="23.618066">
        <ele>421.9</ele>
      </trkpt>
      <trkpt lat="45.813887" lon="23.618363">
        <ele>421.4</ele>
      </trkpt>
      <trkpt lat="45.813709" lon="23.618668">
        <ele>421.2</ele>
      </trkpt>
      <trkpt lat="45.813314" lon="23.619232">
        <ele>419.8</ele>
      </trkpt>
      <trkpt lat="45.813148" lon="23.619421">
        <ele>419.2</ele>
      </trkpt>
      <trkpt lat="45.812593" lon="23.619934">
        <ele>415.9</ele>
      </trkpt>
      <trkpt lat="45.812088" lon="23.620311">
        <ele>413.6</ele>
      </trkpt>
      <trkpt lat="45.811535" lon="23.620783">
        <ele>413.8</ele>
      </trkpt>
      <trkpt lat="45.810963" lon="23.621508">
        <ele>414.3</ele>
      </trkpt>
      <trkpt lat="45.810674" lon="23.622097">
        <ele>412.5</ele>
      </trkpt>
      <trkpt lat="45.810264" lon="23.623166">
        <ele>413.5</ele>
      </trkpt>
      <trkpt lat="45.81016" lon="23.623372">
        <ele>413.4</ele>
      </trkpt>
      <trkpt lat="45.809885" lon="23.62378">
        <ele>413.1</ele>
      </trkpt>
      <trkpt lat="45.809461" lon="23.624192">
        <ele>412.2</ele>
      </trkpt>
      <trkpt lat="45.809251" lon="23.624338">
        <ele>411.8</ele>
      </trkpt>
      <trkpt lat="45.808464" lon="23.624764">
        <ele>410.6</ele>
      </trkpt>
      <trkpt lat="45.808206" lon="23.624863">
        <ele>411.6</ele>
      </trkpt>
      <trkpt lat="45.808008" lon="23.62491">
        <ele>412.3</ele>
      </trkpt>
      <trkpt lat="45.807416" lon="23.624973">
        <ele>415.5</ele>
      </trkpt>
      <trkpt lat="45.807201" lon="23.624963">
        <ele>417.4</ele>
      </trkpt>
      <trkpt lat="45.806869" lon="23.62489">
        <ele>419.5</ele>
      </trkpt>
      <trkpt lat="45.806711" lon="23.624819">
        <ele>420.7</ele>
      </trkpt>
      <trkpt lat="45.806508" lon="23.62468">
        <ele>421.8</ele>
      </trkpt>
      <trkpt lat="45.806241" lon="23.624406">
        <ele>419.4</ele>
      </trkpt>
      <trkpt lat="45.806004" lon="23.624075">
        <ele>422.9</ele>
      </trkpt>
      <trkpt lat="45.805827" lon="23.623724">
        <ele>425.3</ele>
      </trkpt>
      <trkpt lat="45.805597" lon="23.623206">
        <ele>428.7</ele>
      </trkpt>
      <trkpt lat="45.805071" lon="23.622203">
        <ele>430.9</ele>
      </trkpt>
      <trkpt lat="45.804485" lon="23.620917">
        <ele>426.9</ele>
      </trkpt>
      <trkpt lat="45.804174" lon="23.620386">
        <ele>428</ele>
      </trkpt>
      <trkpt lat="45.803379" lon="23.619229">
        <ele>431.4</ele>
      </trkpt>
      <trkpt lat="45.80325" lon="23.618997">
        <ele>427.8</ele>
      </trkpt>
      <trkpt lat="45.802705" lon="23.617764">
        <ele>423.5</ele>
      </trkpt>
      <trkpt lat="45.802554" lon="23.617471">
        <ele>423</ele>
      </trkpt>
      <trkpt lat="45.802246" lon="23.616995">
        <ele>421.9</ele>
      </trkpt>
      <trkpt lat="45.802006" lon="23.616753">
        <ele>421.4</ele>
      </trkpt>
      <trkpt lat="45.801791" lon="23.616612">
        <ele>421.1</ele>
      </trkpt>
      <trkpt lat="45.801441" lon="23.616445">
        <ele>421.6</ele>
      </trkpt>
      <trkpt lat="45.801127" lon="23.616373">
        <ele>422.6</ele>
      </trkpt>
      <trkpt lat="45.799762" lon="23.616158">
        <ele>426.9</ele>
      </trkpt>
      <trkpt lat="45.798389" lon="23.615849">
        <ele>430.3</ele>
      </trkpt>
      <trkpt lat="45.797767" lon="23.615586">
        <ele>430.5</ele>
      </trkpt>
      <trkpt lat="45.796948" lon="23.615083">
        <ele>428.9</ele>
      </trkpt>
      <trkpt lat="45.796588" lon="23.614908">
        <ele>428.1</ele>
      </trkpt>
      <trkpt lat="45.796137" lon="23.614745">
        <ele>426.6</ele>
      </trkpt>
      <trkpt lat="45.795866" lon="23.614601">
        <ele>427.5</ele>
      </trkpt>
      <trkpt lat="45.795501" lon="23.61433">
        <ele>431.9</ele>
      </trkpt>
      <trkpt lat="45.795346" lon="23.614264">
        <ele>433.2</ele>
      </trkpt>
      <trkpt lat="45.794718" lon="23.614131">
        <ele>435.3</ele>
      </trkpt>
      <trkpt lat="45.794518" lon="23.614048">
        <ele>434.3</ele>
      </trkpt>
      <trkpt lat="45.794426" lon="23.613985">
        <ele>433.6</ele>
      </trkpt>
      <trkpt lat="45.794281" lon="23.613812">
        <ele>432.1</ele>
      </trkpt>
      <trkpt lat="45.794188" lon="23.613585">
        <ele>430.5</ele>
      </trkpt>
      <trkpt lat="45.794087" lon="23.613067">
        <ele>427</ele>
      </trkpt>
      <trkpt lat="45.794045" lon="23.612506">
        <ele>424.7</ele>
      </trkpt>
      <trkpt lat="45.794061" lon="23.611217">
        <ele>422.9</ele>
      </trkpt>
      <trkpt lat="45.794012" lon="23.610952">
        <ele>423.4</ele>
      </trkpt>
      <trkpt lat="45.793881" lon="23.610567">
        <ele>424.8</ele>
      </trkpt>
      <trkpt lat="45.793645" lon="23.609783">
        <ele>425.4</ele>
      </trkpt>
      <trkpt lat="45.793532" lon="23.6092">
        <ele>426.3</ele>
      </trkpt>
      <trkpt lat="45.793463" lon="23.609004">
        <ele>426.5</ele>
      </trkpt>
      <trkpt lat="45.793317" lon="23.608742">
        <ele>426.9</ele>
      </trkpt>
      <trkpt lat="45.793121" lon="23.608545">
        <ele>427.5</ele>
      </trkpt>
      <trkpt lat="45.792821" lon="23.608367">
        <ele>428.5</ele>
      </trkpt>
      <trkpt lat="45.79245" lon="23.608234">
        <ele>429.3</ele>
      </trkpt>
      <trkpt lat="45.7921" lon="23.608168">
        <ele>430.7</ele>
      </trkpt>
      <trkpt lat="45.790991" lon="23.608061">
        <ele>435.4</ele>
      </trkpt>
      <trkpt lat="45.790445" lon="23.607877">
        <ele>436.1</ele>
      </trkpt>
      <trkpt lat="45.790197" lon="23.607888">
        <ele>435.9</ele>
      </trkpt>
      <trkpt lat="45.78991" lon="23.608085">
        <ele>435.7</ele>
      </trkpt>
      <trkpt lat="45.789665" lon="23.608329">
        <ele>435.9</ele>
      </trkpt>
      <trkpt lat="45.789117" lon="23.609316">
        <ele>437.9</ele>
      </trkpt>
      <trkpt lat="45.789007" lon="23.609474">
        <ele>438.1</ele>
      </trkpt>
      <trkpt lat="45.788811" lon="23.609663">
        <ele>438</ele>
      </trkpt>
      <trkpt lat="45.788507" lon="23.60977">
        <ele>437.4</ele>
      </trkpt>
      <trkpt lat="45.788308" lon="23.609772">
        <ele>437.1</ele>
      </trkpt>
      <trkpt lat="45.788031" lon="23.609694">
        <ele>437.1</ele>
      </trkpt>
      <trkpt lat="45.78737" lon="23.609366">
        <ele>437.5</ele>
      </trkpt>
      <trkpt lat="45.787238" lon="23.609352">
        <ele>437.5</ele>
      </trkpt>
      <trkpt lat="45.787125" lon="23.609386">
        <ele>437.4</ele>
      </trkpt>
      <trkpt lat="45.787061" lon="23.609438">
        <ele>437.3</ele>
      </trkpt>
      <trkpt lat="45.786984" lon="23.60957">
        <ele>437.2</ele>
      </trkpt>
      <trkpt lat="45.786735" lon="23.610626">
        <ele>436.7</ele>
      </trkpt>
      <trkpt lat="45.786614" lon="23.610843">
        <ele>436.8</ele>
      </trkpt>
      <trkpt lat="45.786541" lon="23.610898">
        <ele>436.8</ele>
      </trkpt>
      <trkpt lat="45.786373" lon="23.610953">
        <ele>437</ele>
      </trkpt>
      <trkpt lat="45.786229" lon="23.610936">
        <ele>436.8</ele>
      </trkpt>
      <trkpt lat="45.786007" lon="23.610813">
        <ele>435.9</ele>
      </trkpt>
      <trkpt lat="45.785123" lon="23.609943">
        <ele>440.3</ele>
      </trkpt>
      <trkpt lat="45.784878" lon="23.609773">
        <ele>443</ele>
      </trkpt>
      <trkpt lat="45.784683" lon="23.609732">
        <ele>444.9</ele>
      </trkpt>
      <trkpt lat="45.784444" lon="23.609788">
        <ele>447</ele>
      </trkpt>
      <trkpt lat="45.784192" lon="23.60997">
        <ele>450.1</ele>
      </trkpt>
      <trkpt lat="45.783876" lon="23.610403">
        <ele>453.4</ele>
      </trkpt>
      <trkpt lat="45.783698" lon="23.61074">
        <ele>456.8</ele>
      </trkpt>
      <trkpt lat="45.783639" lon="23.610877">
        <ele>458.1</ele>
      </trkpt>
      <trkpt lat="45.783567" lon="23.611118">
        <ele>460</ele>
      </trkpt>
      <trkpt lat="45.783554" lon="23.611371">
        <ele>458.5</ele>
      </trkpt>
      <trkpt lat="45.783571" lon="23.611517">
        <ele>457.1</ele>
      </trkpt>
      <trkpt lat="45.783797" lon="23.612121">
        <ele>452</ele>
      </trkpt>
      <trkpt lat="45.783845" lon="23.61231">
        <ele>450.6</ele>
      </trkpt>
      <trkpt lat="45.783874" lon="23.612866">
        <ele>447.7</ele>
      </trkpt>
      <trkpt lat="45.783856" lon="23.613135">
        <ele>446.7</ele>
      </trkpt>
      <trkpt lat="45.783814" lon="23.613365">
        <ele>445.8</ele>
      </trkpt>
      <trkpt lat="45.783712" lon="23.613669">
        <ele>445</ele>
      </trkpt>
      <trkpt lat="45.78346" lon="23.614168">
        <ele>450</ele>
      </trkpt>
      <trkpt lat="45.78301" lon="23.614916">
        <ele>444.1</ele>
      </trkpt>
      <trkpt lat="45.782705" lon="23.615324">
        <ele>444.8</ele>
      </trkpt>
      <trkpt lat="45.782525" lon="23.615468">
        <ele>444.9</ele>
      </trkpt>
      <trkpt lat="45.782208" lon="23.615578">
        <ele>444.7</ele>
      </trkpt>
      <trkpt lat="45.780805" lon="23.615643">
        <ele>444.2</ele>
      </trkpt>
      <trkpt lat="45.780535" lon="23.615741">
        <ele>444</ele>
      </trkpt>
      <trkpt lat="45.780214" lon="23.616005">
        <ele>443.7</ele>
      </trkpt>
      <trkpt lat="45.780003" lon="23.616314">
        <ele>443.7</ele>
      </trkpt>
      <trkpt lat="45.779582" lon="23.61723">
        <ele>444.2</ele>
      </trkpt>
      <trkpt lat="45.779077" lon="23.61824">
        <ele>444.5</ele>
      </trkpt>
      <trkpt lat="45.778985" lon="23.618471">
        <ele>444.6</ele>
      </trkpt>
      <trkpt lat="45.77891" lon="23.61881">
        <ele>445</ele>
      </trkpt>
      <trkpt lat="45.778802" lon="23.619698">
        <ele>445.9</ele>
      </trkpt>
      <trkpt lat="45.778739" lon="23.620237">
        <ele>446.1</ele>
      </trkpt>
      <trkpt lat="45.778676" lon="23.620552">
        <ele>446.1</ele>
      </trkpt>
      <trkpt lat="45.778562" lon="23.620922">
        <ele>446.1</ele>
      </trkpt>
      <trkpt lat="45.778421" lon="23.621266">
        <ele>446.6</ele>
      </trkpt>
      <trkpt lat="45.777763" lon="23.622341">
        <ele>448.1</ele>
      </trkpt>
      <trkpt lat="45.777469" lon="23.622952">
        <ele>448.9</ele>
      </trkpt>
      <trkpt lat="45.777144" lon="23.623755">
        <ele>449.7</ele>
      </trkpt>
      <trkpt lat="45.777007" lon="23.623956">
        <ele>450</ele>
      </trkpt>
      <trkpt lat="45.776586" lon="23.624428">
        <ele>451</ele>
      </trkpt>
      <trkpt lat="45.776377" lon="23.624805">
        <ele>452</ele>
      </trkpt>
      <trkpt lat="45.775888" lon="23.625927">
        <ele>452.3</ele>
      </trkpt>
      <trkpt lat="45.775601" lon="23.626719">
        <ele>455.4</ele>
      </trkpt>
      <trkpt lat="45.775386" lon="23.627467">
        <ele>456</ele>
      </trkpt>
      <trkpt lat="45.775281" lon="23.627833">
        <ele>455.1</ele>
      </trkpt>
      <trkpt lat="45.774832" lon="23.629118">
        <ele>455.3</ele>
      </trkpt>
      <trkpt lat="45.774323" lon="23.63083">
        <ele>456.1</ele>
      </trkpt>
      <trkpt lat="45.774136" lon="23.631209">
        <ele>456.1</ele>
      </trkpt>
      <trkpt lat="45.773926" lon="23.631533">
        <ele>456.4</ele>
      </trkpt>
      <trkpt lat="45.773413" lon="23.632233">
        <ele>457.4</ele>
      </trkpt>
      <trkpt lat="45.7731" lon="23.632581">
        <ele>457.6</ele>
      </trkpt>
      <trkpt lat="45.772887" lon="23.632851">
        <ele>457.9</ele>
      </trkpt>
      <trkpt lat="45.772744" lon="23.633121">
        <ele>458.2</ele>
      </trkpt>
      <trkpt lat="45.77251" lon="23.633762">
        <ele>458.9</ele>
      </trkpt>
      <trkpt lat="45.772401" lon="23.634269">
        <ele>459</ele>
      </trkpt>
      <trkpt lat="45.772316" lon="23.63505">
        <ele>459.2</ele>
      </trkpt>
      <trkpt lat="45.772269" lon="23.635532">
        <ele>459.6</ele>
      </trkpt>
      <trkpt lat="45.772205" lon="23.635862">
        <ele>460.2</ele>
      </trkpt>
      <trkpt lat="45.77215" lon="23.636011">
        <ele>460.3</ele>
      </trkpt>
      <trkpt lat="45.772019" lon="23.636233">
        <ele>460.5</ele>
      </trkpt>
      <trkpt lat="45.771809" lon="23.636401">
        <ele>460.7</ele>
      </trkpt>
      <trkpt lat="45.770901" lon="23.636629">
        <ele>461.4</ele>
      </trkpt>
      <trkpt lat="45.770406" lon="23.636791">
        <ele>462.2</ele>
      </trkpt>
      <trkpt lat="45.769735" lon="23.637014">
        <ele>471.3</ele>
      </trkpt>
      <trkpt lat="45.768908" lon="23.637424">
        <ele>484.8</ele>
      </trkpt>
      <trkpt lat="45.76852" lon="23.637641">
        <ele>485.7</ele>
      </trkpt>
      <trkpt lat="45.767857" lon="23.638078">
        <ele>482.5</ele>
      </trkpt>
      <trkpt lat="45.767397" lon="23.638315">
        <ele>483.4</ele>
      </trkpt>
      <trkpt lat="45.766194" lon="23.638776">
        <ele>487.5</ele>
      </trkpt>
      <trkpt lat="45.766068" lon="23.638781">
        <ele>487.9</ele>
      </trkpt>
      <trkpt lat="45.765901" lon="23.638584">
        <ele>488.6</ele>
      </trkpt>
      <trkpt lat="45.764759" lon="23.636827">
        <ele>496.8</ele>
      </trkpt>
      <trkpt lat="45.76435" lon="23.636066">
        <ele>497.9</ele>
      </trkpt>
      <trkpt lat="45.764167" lon="23.635803">
        <ele>497.5</ele>
      </trkpt>
      <trkpt lat="45.763933" lon="23.635571">
        <ele>497</ele>
      </trkpt>
      <trkpt lat="45.763694" lon="23.635481">
        <ele>492</ele>
      </trkpt>
      <trkpt lat="45.763306" lon="23.63542">
        <ele>488.4</ele>
      </trkpt>
      <trkpt lat="45.762887" lon="23.635375">
        <ele>488.5</ele>
      </trkpt>
      <trkpt lat="45.762679" lon="23.635411">
        <ele>488.7</ele>
      </trkpt>
      <trkpt lat="45.762527" lon="23.635518">
        <ele>489.1</ele>
      </trkpt>
      <trkpt lat="45.761898" lon="23.636174">
        <ele>491.5</ele>
      </trkpt>
      <trkpt lat="45.76147" lon="23.636538">
        <ele>493.6</ele>
      </trkpt>
      <trkpt lat="45.761376" lon="23.636592">
        <ele>494.7</ele>
      </trkpt>
      <trkpt lat="45.761142" lon="23.636654">
        <ele>498.3</ele>
      </trkpt>
      <trkpt lat="45.761048" lon="23.636647">
        <ele>500</ele>
      </trkpt>
      <trkpt lat="45.760866" lon="23.63657">
        <ele>503.5</ele>
      </trkpt>
      <trkpt lat="45.760693" lon="23.636414">
        <ele>506.6</ele>
      </trkpt>
      <trkpt lat="45.760586" lon="23.636278">
        <ele>508.3</ele>
      </trkpt>
      <trkpt lat="45.760486" lon="23.636112">
        <ele>509.6</ele>
      </trkpt>
      <trkpt lat="45.760406" lon="23.635914">
        <ele>510.2</ele>
      </trkpt>
      <trkpt lat="45.760176" lon="23.635153">
        <ele>506.2</ele>
      </trkpt>
      <trkpt lat="45.759795" lon="23.633627">
        <ele>505.7</ele>
      </trkpt>
      <trkpt lat="45.759639" lon="23.633175">
        <ele>507.1</ele>
      </trkpt>
      <trkpt lat="45.759541" lon="23.632973">
        <ele>507.6</ele>
      </trkpt>
      <trkpt lat="45.758256" lon="23.63094">
        <ele>504.9</ele>
      </trkpt>
      <trkpt lat="45.758021" lon="23.630673">
        <ele>503.3</ele>
      </trkpt>
      <trkpt lat="45.757841" lon="23.63054">
        <ele>502.2</ele>
      </trkpt>
      <trkpt lat="45.757557" lon="23.630433">
        <ele>501.2</ele>
      </trkpt>
      <trkpt lat="45.75646" lon="23.630326">
        <ele>508.7</ele>
      </trkpt>
      <trkpt lat="45.755787" lon="23.63017">
        <ele>514</ele>
      </trkpt>
      <trkpt lat="45.755528" lon="23.63017">
        <ele>516.7</ele>
      </trkpt>
      <trkpt lat="45.755117" lon="23.630249">
        <ele>523.1</ele>
      </trkpt>
      <trkpt lat="45.754782" lon="23.630196">
        <ele>527.8</ele>
      </trkpt>
      <trkpt lat="45.7546" lon="23.630063">
        <ele>529.8</ele>
      </trkpt>
      <trkpt lat="45.754515" lon="23.629925">
        <ele>530.4</ele>
      </trkpt>
      <trkpt lat="45.754445" lon="23.629717">
        <ele>530</ele>
      </trkpt>
      <trkpt lat="45.754101" lon="23.628022">
        <ele>512.7</ele>
      </trkpt>
      <trkpt lat="45.754052" lon="23.627858">
        <ele>511.5</ele>
      </trkpt>
      <trkpt lat="45.753996" lon="23.627754">
        <ele>510.9</ele>
      </trkpt>
      <trkpt lat="45.753945" lon="23.627709">
        <ele>510.6</ele>
      </trkpt>
      <trkpt lat="45.753854" lon="23.627675">
        <ele>510.5</ele>
      </trkpt>
      <trkpt lat="45.753757" lon="23.627692">
        <ele>510.6</ele>
      </trkpt>
      <trkpt lat="45.753238" lon="23.628137">
        <ele>512.9</ele>
      </trkpt>
      <trkpt lat="45.753106" lon="23.628188">
        <ele>513.6</ele>
      </trkpt>
      <trkpt lat="45.752966" lon="23.628168">
        <ele>514.3</ele>
      </trkpt>
      <trkpt lat="45.752747" lon="23.62803">
        <ele>515.1</ele>
      </trkpt>
      <trkpt lat="45.752605" lon="23.627885">
        <ele>515.4</ele>
      </trkpt>
      <trkpt lat="45.752157" lon="23.627105">
        <ele>514.7</ele>
      </trkpt>
      <trkpt lat="45.752011" lon="23.626956">
        <ele>514.9</ele>
      </trkpt>
      <trkpt lat="45.751861" lon="23.626894">
        <ele>515.9</ele>
      </trkpt>
      <trkpt lat="45.750936" lon="23.626875">
        <ele>530</ele>
      </trkpt>
      <trkpt lat="45.750799" lon="23.626824">
        <ele>532.3</ele>
      </trkpt>
      <trkpt lat="45.750698" lon="23.626739">
        <ele>533.8</ele>
      </trkpt>
      <trkpt lat="45.750532" lon="23.626507">
        <ele>535.6</ele>
      </trkpt>
      <trkpt lat="45.750328" lon="23.62604">
        <ele>535.8</ele>
      </trkpt>
      <trkpt lat="45.750081" lon="23.625164">
        <ele>530</ele>
      </trkpt>
      <trkpt lat="45.750033" lon="23.62486">
        <ele>529.3</ele>
      </trkpt>
      <trkpt lat="45.74997" lon="23.623824">
        <ele>531.6</ele>
      </trkpt>
      <trkpt lat="45.749891" lon="23.623057">
        <ele>533.8</ele>
      </trkpt>
      <trkpt lat="45.749728" lon="23.62232">
        <ele>533.3</ele>
      </trkpt>
      <trkpt lat="45.749569" lon="23.621914">
        <ele>532.4</ele>
      </trkpt>
      <trkpt lat="45.74948" lon="23.621764">
        <ele>532.1</ele>
      </trkpt>
      <trkpt lat="45.749279" lon="23.621566">
        <ele>531.5</ele>
      </trkpt>
      <trkpt lat="45.749163" lon="23.621501">
        <ele>531.1</ele>
      </trkpt>
      <trkpt lat="45.748368" lon="23.621222">
        <ele>531.5</ele>
      </trkpt>
      <trkpt lat="45.74775" lon="23.620815">
        <ele>530.4</ele>
      </trkpt>
      <trkpt lat="45.7471" lon="23.620557">
        <ele>530.5</ele>
      </trkpt>
      <trkpt lat="45.74695" lon="23.620451">
        <ele>531.6</ele>
      </trkpt>
      <trkpt lat="45.746793" lon="23.620292">
        <ele>532.9</ele>
      </trkpt>
      <trkpt lat="45.746531" lon="23.619957">
        <ele>534.4</ele>
      </trkpt>
      <trkpt lat="45.74633" lon="23.619619">
        <ele>534.3</ele>
      </trkpt>
      <trkpt lat="45.746156" lon="23.619264">
        <ele>532.2</ele>
      </trkpt>
      <trkpt lat="45.745978" lon="23.618801">
        <ele>529</ele>
      </trkpt>
      <trkpt lat="45.745777" lon="23.618127">
        <ele>525.9</ele>
      </trkpt>
      <trkpt lat="45.745688" lon="23.617961">
        <ele>525.5</ele>
      </trkpt>
      <trkpt lat="45.745453" lon="23.61767">
        <ele>525.6</ele>
      </trkpt>
      <trkpt lat="45.745296" lon="23.617534">
        <ele>525.9</ele>
      </trkpt>
      <trkpt lat="45.744879" lon="23.617306">
        <ele>527</ele>
      </trkpt>
      <trkpt lat="45.744737" lon="23.617296">
        <ele>527.2</ele>
      </trkpt>
      <trkpt lat="45.744617" lon="23.617328">
        <ele>527.2</ele>
      </trkpt>
      <trkpt lat="45.744512" lon="23.617403">
        <ele>527.2</ele>
      </trkpt>
      <trkpt lat="45.744434" lon="23.617523">
        <ele>527.1</ele>
      </trkpt>
      <trkpt lat="45.744294" lon="23.617897">
        <ele>527.1</ele>
      </trkpt>
      <trkpt lat="45.74419" lon="23.618293">
        <ele>527.5</ele>
      </trkpt>
      <trkpt lat="45.744141" lon="23.618386">
        <ele>527.7</ele>
      </trkpt>
      <trkpt lat="45.744016" lon="23.61851">
        <ele>528.4</ele>
      </trkpt>
      <trkpt lat="45.743938" lon="23.618539">
        <ele>528.8</ele>
      </trkpt>
      <trkpt lat="45.743701" lon="23.618521">
        <ele>530.2</ele>
      </trkpt>
      <trkpt lat="45.74334" lon="23.618309">
        <ele>532</ele>
      </trkpt>
      <trkpt lat="45.743059" lon="23.618017">
        <ele>532.5</ele>
      </trkpt>
      <trkpt lat="45.742849" lon="23.617687">
        <ele>532.5</ele>
      </trkpt>
      <trkpt lat="45.742448" lon="23.616789">
        <ele>533.7</ele>
      </trkpt>
      <trkpt lat="45.74235" lon="23.616625">
        <ele>534.2</ele>
      </trkpt>
      <trkpt lat="45.742227" lon="23.616484">
        <ele>534.6</ele>
      </trkpt>
      <trkpt lat="45.74204" lon="23.61637">
        <ele>535</ele>
      </trkpt>
      <trkpt lat="45.741614" lon="23.616239">
        <ele>535.8</ele>
      </trkpt>
      <trkpt lat="45.741387" lon="23.616297">
        <ele>536.8</ele>
      </trkpt>
      <trkpt lat="45.740608" lon="23.616962">
        <ele>547.3</ele>
      </trkpt>
      <trkpt lat="45.740417" lon="23.617064">
        <ele>548.4</ele>
      </trkpt>
      <trkpt lat="45.740328" lon="23.61707">
        <ele>548.6</ele>
      </trkpt>
      <trkpt lat="45.740225" lon="23.617057">
        <ele>548.4</ele>
      </trkpt>
      <trkpt lat="45.740021" lon="23.616941">
        <ele>547.1</ele>
      </trkpt>
      <trkpt lat="45.739351" lon="23.616332">
        <ele>539.3</ele>
      </trkpt>
      <trkpt lat="45.739177" lon="23.616255">
        <ele>538.8</ele>
      </trkpt>
      <trkpt lat="45.739089" lon="23.616274">
        <ele>538.9</ele>
      </trkpt>
      <trkpt lat="45.738959" lon="23.616419">
        <ele>539.7</ele>
      </trkpt>
      <trkpt lat="45.738687" lon="23.617081">
        <ele>542.6</ele>
      </trkpt>
      <trkpt lat="45.738374" lon="23.61756">
        <ele>544.4</ele>
      </trkpt>
      <trkpt lat="45.73827" lon="23.617655">
        <ele>545</ele>
      </trkpt>
      <trkpt lat="45.738029" lon="23.617797">
        <ele>546.3</ele>
      </trkpt>
      <trkpt lat="45.73748" lon="23.617919">
        <ele>549.9</ele>
      </trkpt>
      <trkpt lat="45.737177" lon="23.618029">
        <ele>551.6</ele>
      </trkpt>
      <trkpt lat="45.737005" lon="23.618118">
        <ele>552.5</ele>
      </trkpt>
      <trkpt lat="45.736757" lon="23.618308">
        <ele>552.9</ele>
      </trkpt>
      <trkpt lat="45.736643" lon="23.618471">
        <ele>552.7</ele>
      </trkpt>
      <trkpt lat="45.736564" lon="23.618666">
        <ele>552.4</ele>
      </trkpt>
      <trkpt lat="45.736374" lon="23.619463">
        <ele>552</ele>
      </trkpt>
      <trkpt lat="45.73622" lon="23.619899">
        <ele>553.4</ele>
      </trkpt>
      <trkpt lat="45.736036" lon="23.62008">
        <ele>555.3</ele>
      </trkpt>
      <trkpt lat="45.735925" lon="23.620125">
        <ele>556.4</ele>
      </trkpt>
      <trkpt lat="45.735688" lon="23.620112">
        <ele>558.4</ele>
      </trkpt>
      <trkpt lat="45.735433" lon="23.619994">
        <ele>559.9</ele>
      </trkpt>
      <trkpt lat="45.735332" lon="23.619893">
        <ele>560.4</ele>
      </trkpt>
      <trkpt lat="45.735055" lon="23.619437">
        <ele>561.4</ele>
      </trkpt>
      <trkpt lat="45.7348" lon="23.618883">
        <ele>561</ele>
      </trkpt>
      <trkpt lat="45.734738" lon="23.618685">
        <ele>560.7</ele>
      </trkpt>
      <trkpt lat="45.734709" lon="23.618471">
        <ele>560.6</ele>
      </trkpt>
      <trkpt lat="45.734752" lon="23.617644">
        <ele>559.9</ele>
      </trkpt>
      <trkpt lat="45.734729" lon="23.61743">
        <ele>559.6</ele>
      </trkpt>
      <trkpt lat="45.734669" lon="23.617237">
        <ele>559.6</ele>
      </trkpt>
      <trkpt lat="45.73457" lon="23.617051">
        <ele>560</ele>
      </trkpt>
      <trkpt lat="45.734452" lon="23.616936">
        <ele>560.4</ele>
      </trkpt>
      <trkpt lat="45.73422" lon="23.616856">
        <ele>561.2</ele>
      </trkpt>
      <trkpt lat="45.73366" lon="23.616906">
        <ele>563.2</ele>
      </trkpt>
      <trkpt lat="45.733039" lon="23.617076">
        <ele>567.6</ele>
      </trkpt>
      <trkpt lat="45.732722" lon="23.617124">
        <ele>571.4</ele>
      </trkpt>
      <trkpt lat="45.732505" lon="23.617086">
        <ele>573.5</ele>
      </trkpt>
      <trkpt lat="45.732209" lon="23.616947">
        <ele>574.5</ele>
      </trkpt>
      <trkpt lat="45.731953" lon="23.616656">
        <ele>576</ele>
      </trkpt>
      <trkpt lat="45.731671" lon="23.6161">
        <ele>578.9</ele>
      </trkpt>
      <trkpt lat="45.731369" lon="23.615279">
        <ele>581.9</ele>
      </trkpt>
      <trkpt lat="45.731173" lon="23.61456">
        <ele>578.3</ele>
      </trkpt>
      <trkpt lat="45.731022" lon="23.614222">
        <ele>576.3</ele>
      </trkpt>
      <trkpt lat="45.730789" lon="23.613875">
        <ele>575</ele>
      </trkpt>
      <trkpt lat="45.73052" lon="23.613616">
        <ele>579.3</ele>
      </trkpt>
      <trkpt lat="45.730289" lon="23.613489">
        <ele>580.9</ele>
      </trkpt>
      <trkpt lat="45.730023" lon="23.613417">
        <ele>582.7</ele>
      </trkpt>
      <trkpt lat="45.729838" lon="23.613449">
        <ele>583.7</ele>
      </trkpt>
      <trkpt lat="45.729259" lon="23.613648">
        <ele>584.7</ele>
      </trkpt>
      <trkpt lat="45.728854" lon="23.613653">
        <ele>584.3</ele>
      </trkpt>
      <trkpt lat="45.728663" lon="23.6136">
        <ele>584</ele>
      </trkpt>
      <trkpt lat="45.728219" lon="23.61335">
        <ele>584.9</ele>
      </trkpt>
      <trkpt lat="45.727745" lon="23.612955">
        <ele>590.8</ele>
      </trkpt>
      <trkpt lat="45.727606" lon="23.612776">
        <ele>593.3</ele>
      </trkpt>
      <trkpt lat="45.727522" lon="23.612582">
        <ele>595</ele>
      </trkpt>
      <trkpt lat="45.727477" lon="23.612365">
        <ele>596.2</ele>
      </trkpt>
      <trkpt lat="45.727449" lon="23.612102">
        <ele>596.9</ele>
      </trkpt>
      <trkpt lat="45.727426" lon="23.611021">
        <ele>594.1</ele>
      </trkpt>
      <trkpt lat="45.727386" lon="23.610799">
        <ele>593.4</ele>
      </trkpt>
      <trkpt lat="45.727326" lon="23.610633">
        <ele>593.2</ele>
      </trkpt>
      <trkpt lat="45.727244" lon="23.610494">
        <ele>593.5</ele>
      </trkpt>
      <trkpt lat="45.726845" lon="23.610067">
        <ele>597.2</ele>
      </trkpt>
      <trkpt lat="45.726701" lon="23.60993">
        <ele>598.8</ele>
      </trkpt>
      <trkpt lat="45.726525" lon="23.609823">
        <ele>600.3</ele>
      </trkpt>
      <trkpt lat="45.72636" lon="23.609769">
        <ele>601.2</ele>
      </trkpt>
      <trkpt lat="45.726195" lon="23.609807">
        <ele>601.7</ele>
      </trkpt>
      <trkpt lat="45.726038" lon="23.609882">
        <ele>602</ele>
      </trkpt>
      <trkpt lat="45.725476" lon="23.610386">
        <ele>602</ele>
      </trkpt>
      <trkpt lat="45.725132" lon="23.610563">
        <ele>602.5</ele>
      </trkpt>
      <trkpt lat="45.724888" lon="23.610536">
        <ele>602.3</ele>
      </trkpt>
      <trkpt lat="45.724372" lon="23.610389">
        <ele>600.3</ele>
      </trkpt>
      <trkpt lat="45.723708" lon="23.610303">
        <ele>604</ele>
      </trkpt>
      <trkpt lat="45.723539" lon="23.610241">
        <ele>606.3</ele>
      </trkpt>
      <trkpt lat="45.723381" lon="23.610111">
        <ele>609.8</ele>
      </trkpt>
      <trkpt lat="45.722597" lon="23.6089">
        <ele>635.9</ele>
      </trkpt>
      <trkpt lat="45.722526" lon="23.608638">
        <ele>638.6</ele>
      </trkpt>
      <trkpt lat="45.722529" lon="23.608326">
        <ele>639.8</ele>
      </trkpt>
      <trkpt lat="45.722594" lon="23.608082">
        <ele>639.4</ele>
      </trkpt>
      <trkpt lat="45.722698" lon="23.607833">
        <ele>637.7</ele>
      </trkpt>
      <trkpt lat="45.722865" lon="23.607544">
        <ele>634.1</ele>
      </trkpt>
      <trkpt lat="45.723156" lon="23.60688">
        <ele>627.9</ele>
      </trkpt>
      <trkpt lat="45.723237" lon="23.606594">
        <ele>626.6</ele>
      </trkpt>
      <trkpt lat="45.723271" lon="23.606347">
        <ele>626</ele>
      </trkpt>
      <trkpt lat="45.723271" lon="23.606041">
        <ele>625.4</ele>
      </trkpt>
      <trkpt lat="45.723207" lon="23.605708">
        <ele>624.5</ele>
      </trkpt>
      <trkpt lat="45.722945" lon="23.604963">
        <ele>621.8</ele>
      </trkpt>
      <trkpt lat="45.7229" lon="23.604705">
        <ele>621</ele>
      </trkpt>
      <trkpt lat="45.722885" lon="23.604469">
        <ele>620.4</ele>
      </trkpt>
      <trkpt lat="45.722896" lon="23.604217">
        <ele>619.9</ele>
      </trkpt>
      <trkpt lat="45.722941" lon="23.603997">
        <ele>619.6</ele>
      </trkpt>
      <trkpt lat="45.723229" lon="23.603359">
        <ele>619.1</ele>
      </trkpt>
      <trkpt lat="45.723435" lon="23.602726">
        <ele>617.9</ele>
      </trkpt>
      <trkpt lat="45.723462" lon="23.602452">
        <ele>617.5</ele>
      </trkpt>
      <trkpt lat="45.723454" lon="23.602195">
        <ele>617.4</ele>
      </trkpt>
      <trkpt lat="45.723428" lon="23.602023">
        <ele>617.5</ele>
      </trkpt>
      <trkpt lat="45.723323" lon="23.601676">
        <ele>618.8</ele>
      </trkpt>
      <trkpt lat="45.723184" lon="23.601283">
        <ele>623.1</ele>
      </trkpt>
      <trkpt lat="45.72308" lon="23.60109">
        <ele>626.8</ele>
      </trkpt>
      <trkpt lat="45.722975" lon="23.600999">
        <ele>629.9</ele>
      </trkpt>
      <trkpt lat="45.722829" lon="23.600934">
        <ele>634.1</ele>
      </trkpt>
      <trkpt lat="45.722624" lon="23.600904">
        <ele>640</ele>
      </trkpt>
      <trkpt lat="45.722454" lon="23.600929">
        <ele>644.3</ele>
      </trkpt>
      <trkpt lat="45.722248" lon="23.601036">
        <ele>647.8</ele>
      </trkpt>
      <trkpt lat="45.722122" lon="23.601138">
        <ele>648.8</ele>
      </trkpt>
      <trkpt lat="45.722" lon="23.601285">
        <ele>648.8</ele>
      </trkpt>
      <trkpt lat="45.721884" lon="23.601482">
        <ele>648</ele>
      </trkpt>
      <trkpt lat="45.721317" lon="23.60298">
        <ele>638.2</ele>
      </trkpt>
      <trkpt lat="45.721215" lon="23.603198">
        <ele>637.9</ele>
      </trkpt>
      <trkpt lat="45.721053" lon="23.603364">
        <ele>637.7</ele>
      </trkpt>
      <trkpt lat="45.720943" lon="23.603404">
        <ele>637.6</ele>
      </trkpt>
      <trkpt lat="45.720837" lon="23.603399">
        <ele>637.7</ele>
      </trkpt>
      <trkpt lat="45.720447" lon="23.603117">
        <ele>639.2</ele>
      </trkpt>
      <trkpt lat="45.720308" lon="23.602987">
        <ele>639.7</ele>
      </trkpt>
      <trkpt lat="45.720146" lon="23.602885">
        <ele>640.2</ele>
      </trkpt>
      <trkpt lat="45.720018" lon="23.602844">
        <ele>641.1</ele>
      </trkpt>
      <trkpt lat="45.719863" lon="23.602856">
        <ele>642.3</ele>
      </trkpt>
      <trkpt lat="45.719603" lon="23.602966">
        <ele>643.2</ele>
      </trkpt>
      <trkpt lat="45.718752" lon="23.603472">
        <ele>642.7</ele>
      </trkpt>
      <trkpt lat="45.718569" lon="23.60354">
        <ele>642.9</ele>
      </trkpt>
      <trkpt lat="45.718077" lon="23.603628">
        <ele>644.9</ele>
      </trkpt>
      <trkpt lat="45.717937" lon="23.603687">
        <ele>645.7</ele>
      </trkpt>
      <trkpt lat="45.717567" lon="23.603989">
        <ele>646.1</ele>
      </trkpt>
      <trkpt lat="45.716824" lon="23.604653">
        <ele>643.5</ele>
      </trkpt>
      <trkpt lat="45.716443" lon="23.604935">
        <ele>640.4</ele>
      </trkpt>
      <trkpt lat="45.716108" lon="23.605082">
        <ele>638.3</ele>
      </trkpt>
      <trkpt lat="45.715958" lon="23.605087">
        <ele>637.6</ele>
      </trkpt>
      <trkpt lat="45.715785" lon="23.605031">
        <ele>637</ele>
      </trkpt>
      <trkpt lat="45.715609" lon="23.604905">
        <ele>636.8</ele>
      </trkpt>
      <trkpt lat="45.714921" lon="23.60427">
        <ele>640.1</ele>
      </trkpt>
      <trkpt lat="45.714785" lon="23.604201">
        <ele>642.3</ele>
      </trkpt>
      <trkpt lat="45.714666" lon="23.60418">
        <ele>644.7</ele>
      </trkpt>
      <trkpt lat="45.714222" lon="23.604174">
        <ele>653.9</ele>
      </trkpt>
      <trkpt lat="45.714067" lon="23.60411">
        <ele>656.6</ele>
      </trkpt>
      <trkpt lat="45.71388" lon="23.603976">
        <ele>659</ele>
      </trkpt>
      <trkpt lat="45.713197" lon="23.603311">
        <ele>664</ele>
      </trkpt>
      <trkpt lat="45.712809" lon="23.602881">
        <ele>668</ele>
      </trkpt>
      <trkpt lat="45.71259" lon="23.602541">
        <ele>662.5</ele>
      </trkpt>
      <trkpt lat="45.712416" lon="23.602101">
        <ele>660.7</ele>
      </trkpt>
      <trkpt lat="45.712311" lon="23.601888">
        <ele>659</ele>
      </trkpt>
      <trkpt lat="45.712098" lon="23.601578">
        <ele>660</ele>
      </trkpt>
      <trkpt lat="45.711895" lon="23.601382">
        <ele>661.9</ele>
      </trkpt>
      <trkpt lat="45.711352" lon="23.600954">
        <ele>666</ele>
      </trkpt>
      <trkpt lat="45.711174" lon="23.600753">
        <ele>666.6</ele>
      </trkpt>
      <trkpt lat="45.711036" lon="23.60054">
        <ele>666.5</ele>
      </trkpt>
      <trkpt lat="45.710761" lon="23.600022">
        <ele>665.3</ele>
      </trkpt>
      <trkpt lat="45.710671" lon="23.599791">
        <ele>664.7</ele>
      </trkpt>
      <trkpt lat="45.71042" lon="23.598783">
        <ele>661.3</ele>
      </trkpt>
      <trkpt lat="45.710102" lon="23.597947">
        <ele>660.7</ele>
      </trkpt>
      <trkpt lat="45.709895" lon="23.597554">
        <ele>661.7</ele>
      </trkpt>
      <trkpt lat="45.709457" lon="23.596916">
        <ele>665.2</ele>
      </trkpt>
      <trkpt lat="45.709099" lon="23.596447">
        <ele>671.8</ele>
      </trkpt>
      <trkpt lat="45.708491" lon="23.595747">
        <ele>678.9</ele>
      </trkpt>
      <trkpt lat="45.708286" lon="23.595591">
        <ele>680.3</ele>
      </trkpt>
      <trkpt lat="45.708086" lon="23.595532">
        <ele>680.7</ele>
      </trkpt>
      <trkpt lat="45.707895" lon="23.595575">
        <ele>681</ele>
      </trkpt>
      <trkpt lat="45.707822" lon="23.595631">
        <ele>681.1</ele>
      </trkpt>
      <trkpt lat="45.707745" lon="23.59572">
        <ele>681.3</ele>
      </trkpt>
      <trkpt lat="45.707639" lon="23.595915">
        <ele>681.3</ele>
      </trkpt>
      <trkpt lat="45.707446" lon="23.596605">
        <ele>678.8</ele>
      </trkpt>
      <trkpt lat="45.707187" lon="23.597398">
        <ele>677</ele>
      </trkpt>
      <trkpt lat="45.706945" lon="23.597813">
        <ele>676</ele>
      </trkpt>
      <trkpt lat="45.706847" lon="23.597922">
        <ele>675.8</ele>
      </trkpt>
      <trkpt lat="45.706756" lon="23.597968">
        <ele>675.9</ele>
      </trkpt>
      <trkpt lat="45.706621" lon="23.597973">
        <ele>676.2</ele>
      </trkpt>
      <trkpt lat="45.706464" lon="23.597909">
        <ele>676.8</ele>
      </trkpt>
      <trkpt lat="45.706277" lon="23.597785">
        <ele>677.9</ele>
      </trkpt>
      <trkpt lat="45.705994" lon="23.59752">
        <ele>680.1</ele>
      </trkpt>
      <trkpt lat="45.705355" lon="23.597026">
        <ele>685.5</ele>
      </trkpt>
      <trkpt lat="45.704277" lon="23.596793">
        <ele>691.3</ele>
      </trkpt>
      <trkpt lat="45.703733" lon="23.596578">
        <ele>692.7</ele>
      </trkpt>
      <trkpt lat="45.703547" lon="23.596457">
        <ele>693.8</ele>
      </trkpt>
      <trkpt lat="45.703422" lon="23.596289">
        <ele>695.2</ele>
      </trkpt>
      <trkpt lat="45.70334" lon="23.596069">
        <ele>696.9</ele>
      </trkpt>
      <trkpt lat="45.703327" lon="23.59588">
        <ele>698.4</ele>
      </trkpt>
      <trkpt lat="45.703345" lon="23.595685">
        <ele>699.9</ele>
      </trkpt>
      <trkpt lat="45.703818" lon="23.594322">
        <ele>708.3</ele>
      </trkpt>
      <trkpt lat="45.703912" lon="23.594156">
        <ele>708.3</ele>
      </trkpt>
      <trkpt lat="45.704008" lon="23.594043">
        <ele>708</ele>
      </trkpt>
      <trkpt lat="45.704188" lon="23.59392">
        <ele>707</ele>
      </trkpt>
      <trkpt lat="45.704426" lon="23.593853">
        <ele>705.4</ele>
      </trkpt>
      <trkpt lat="45.704842" lon="23.593912">
        <ele>703.1</ele>
      </trkpt>
      <trkpt lat="45.705177" lon="23.594011">
        <ele>701.9</ele>
      </trkpt>
      <trkpt lat="45.705473" lon="23.59415">
        <ele>700.5</ele>
      </trkpt>
      <trkpt lat="45.705623" lon="23.594177">
        <ele>699.7</ele>
      </trkpt>
      <trkpt lat="45.705737" lon="23.594121">
        <ele>699</ele>
      </trkpt>
      <trkpt lat="45.705854" lon="23.59396">
        <ele>697.8</ele>
      </trkpt>
      <trkpt lat="45.705917" lon="23.593698">
        <ele>696.4</ele>
      </trkpt>
      <trkpt lat="45.705917" lon="23.593424">
        <ele>695.5</ele>
      </trkpt>
      <trkpt lat="45.705861" lon="23.593193">
        <ele>695.5</ele>
      </trkpt>
      <trkpt lat="45.705737" lon="23.593006">
        <ele>696.3</ele>
      </trkpt>
      <trkpt lat="45.704608" lon="23.591865">
        <ele>706.8</ele>
      </trkpt>
      <trkpt lat="45.704396" lon="23.591606">
        <ele>711.3</ele>
      </trkpt>
      <trkpt lat="45.70413" lon="23.591058">
        <ele>712.2</ele>
      </trkpt>
      <trkpt lat="45.70398" lon="23.590635">
        <ele>711.3</ele>
      </trkpt>
      <trkpt lat="45.703799" lon="23.589881">
        <ele>711.4</ele>
      </trkpt>
      <trkpt lat="45.703645" lon="23.589537">
        <ele>712.9</ele>
      </trkpt>
      <trkpt lat="45.703437" lon="23.589245">
        <ele>715.9</ele>
      </trkpt>
      <trkpt lat="45.70316" lon="23.589003">
        <ele>720.3</ele>
      </trkpt>
      <trkpt lat="45.702828" lon="23.588826">
        <ele>725.7</ele>
      </trkpt>
      <trkpt lat="45.702275" lon="23.588658">
        <ele>732.7</ele>
      </trkpt>
      <trkpt lat="45.70122" lon="23.588586">
        <ele>738.1</ele>
      </trkpt>
      <trkpt lat="45.700814" lon="23.588629">
        <ele>739.1</ele>
      </trkpt>
      <trkpt lat="45.700525" lon="23.588783">
        <ele>739.4</ele>
      </trkpt>
      <trkpt lat="45.700363" lon="23.588966">
        <ele>739</ele>
      </trkpt>
      <trkpt lat="45.700189" lon="23.589232">
        <ele>737.5</ele>
      </trkpt>
      <trkpt lat="45.699726" lon="23.590118">
        <ele>732.9</ele>
      </trkpt>
      <trkpt lat="45.6996" lon="23.590288">
        <ele>733</ele>
      </trkpt>
      <trkpt lat="45.699191" lon="23.590614">
        <ele>736</ele>
      </trkpt>
      <trkpt lat="45.698939" lon="23.590761">
        <ele>738.9</ele>
      </trkpt>
      <trkpt lat="45.698656" lon="23.590881">
        <ele>742.2</ele>
      </trkpt>
      <trkpt lat="45.698499" lon="23.591062">
        <ele>743.9</ele>
      </trkpt>
      <trkpt lat="45.697892" lon="23.592389">
        <ele>744.1</ele>
      </trkpt>
      <trkpt lat="45.697349" lon="23.593207">
        <ele>741.8</ele>
      </trkpt>
      <trkpt lat="45.696879" lon="23.593968">
        <ele>745</ele>
      </trkpt>
      <trkpt lat="45.696217" lon="23.595203">
        <ele>739.1</ele>
      </trkpt>
      <trkpt lat="45.695771" lon="23.595863">
        <ele>738.9</ele>
      </trkpt>
      <trkpt lat="45.695257" lon="23.596363">
        <ele>744.5</ele>
      </trkpt>
      <trkpt lat="45.694348" lon="23.596951">
        <ele>754.2</ele>
      </trkpt>
      <trkpt lat="45.694176" lon="23.597132">
        <ele>755.8</ele>
      </trkpt>
      <trkpt lat="45.693797" lon="23.597621">
        <ele>758.2</ele>
      </trkpt>
      <trkpt lat="45.693554" lon="23.598026">
        <ele>758.8</ele>
      </trkpt>
      <trkpt lat="45.693478" lon="23.598233">
        <ele>759.3</ele>
      </trkpt>
      <trkpt lat="45.693335" lon="23.599148">
        <ele>767.9</ele>
      </trkpt>
      <trkpt lat="45.693272" lon="23.599335">
        <ele>771.2</ele>
      </trkpt>
      <trkpt lat="45.693019" lon="23.599804">
        <ele>780.6</ele>
      </trkpt>
      <trkpt lat="45.692956" lon="23.599965">
        <ele>783.1</ele>
      </trkpt>
      <trkpt lat="45.6929" lon="23.600229">
        <ele>786</ele>
      </trkpt>
      <trkpt lat="45.692887" lon="23.600374">
        <ele>786.9</ele>
      </trkpt>
      <trkpt lat="45.692907" lon="23.600841">
        <ele>787</ele>
      </trkpt>
      <trkpt lat="45.6931" lon="23.602562">
        <ele>774.9</ele>
      </trkpt>
      <trkpt lat="45.69311" lon="23.602819">
        <ele>773.8</ele>
      </trkpt>
      <trkpt lat="45.693057" lon="23.603127">
        <ele>773.5</ele>
      </trkpt>
      <trkpt lat="45.692987" lon="23.60326">
        <ele>774</ele>
      </trkpt>
      <trkpt lat="45.692885" lon="23.603347">
        <ele>775.2</ele>
      </trkpt>
      <trkpt lat="45.691801" lon="23.603914">
        <ele>800.7</ele>
      </trkpt>
      <trkpt lat="45.691455" lon="23.604169">
        <ele>809.4</ele>
      </trkpt>
      <trkpt lat="45.691288" lon="23.604362">
        <ele>812.5</ele>
      </trkpt>
      <trkpt lat="45.691123" lon="23.604609">
        <ele>814.6</ele>
      </trkpt>
      <trkpt lat="45.690935" lon="23.605026">
        <ele>815.4</ele>
      </trkpt>
      <trkpt lat="45.690712" lon="23.605758">
        <ele>812.9</ele>
      </trkpt>
      <trkpt lat="45.690548" lon="23.606503">
        <ele>814.8</ele>
      </trkpt>
      <trkpt lat="45.690259" lon="23.607873">
        <ele>806.7</ele>
      </trkpt>
      <trkpt lat="45.690239" lon="23.608092">
        <ele>803</ele>
      </trkpt>
      <trkpt lat="45.690252" lon="23.60857">
        <ele>793.3</ele>
      </trkpt>
      <trkpt lat="45.690218" lon="23.60878">
        <ele>789.1</ele>
      </trkpt>
      <trkpt lat="45.690159" lon="23.608913">
        <ele>787</ele>
      </trkpt>
      <trkpt lat="45.690044" lon="23.608984">
        <ele>786.6</ele>
      </trkpt>
      <trkpt lat="45.689976" lon="23.608964">
        <ele>787.8</ele>
      </trkpt>
      <trkpt lat="45.689885" lon="23.608829">
        <ele>792.1</ele>
      </trkpt>
      <trkpt lat="45.689821" lon="23.608747">
        <ele>795.2</ele>
      </trkpt>
      <trkpt lat="45.689747" lon="23.608711">
        <ele>797.5</ele>
      </trkpt>
      <trkpt lat="45.68938" lon="23.608682">
        <ele>803.1</ele>
      </trkpt>
      <trkpt lat="45.689049" lon="23.608556">
        <ele>804.8</ele>
      </trkpt>
      <trkpt lat="45.688838" lon="23.608521">
        <ele>804.1</ele>
      </trkpt>
      <trkpt lat="45.688425" lon="23.608619">
        <ele>799.4</ele>
      </trkpt>
      <trkpt lat="45.688069" lon="23.608785">
        <ele>794.1</ele>
      </trkpt>
      <trkpt lat="45.68792" lon="23.608793">
        <ele>792.3</ele>
      </trkpt>
      <trkpt lat="45.687796" lon="23.608709">
        <ele>791.2</ele>
      </trkpt>
      <trkpt lat="45.687767" lon="23.608647">
        <ele>790.8</ele>
      </trkpt>
      <trkpt lat="45.687749" lon="23.608496">
        <ele>790.6</ele>
      </trkpt>
      <trkpt lat="45.687825" lon="23.607544">
        <ele>793.4</ele>
      </trkpt>
      <trkpt lat="45.687833" lon="23.606984">
        <ele>796.9</ele>
      </trkpt>
      <trkpt lat="45.687761" lon="23.60644">
        <ele>803.4</ele>
      </trkpt>
      <trkpt lat="45.686201" lon="23.601774">
        <ele>792.8</ele>
      </trkpt>
      <trkpt lat="45.686032" lon="23.601052">
        <ele>791.4</ele>
      </trkpt>
      <trkpt lat="45.686026" lon="23.600566">
        <ele>792.1</ele>
      </trkpt>
      <trkpt lat="45.685964" lon="23.60015">
        <ele>794</ele>
      </trkpt>
      <trkpt lat="45.685804" lon="23.599507">
        <ele>798.1</ele>
      </trkpt>
      <trkpt lat="45.685583" lon="23.598817">
        <ele>802</ele>
      </trkpt>
      <trkpt lat="45.68511" lon="23.597671">
        <ele>799.5</ele>
      </trkpt>
      <trkpt lat="45.68498" lon="23.597436">
        <ele>798.8</ele>
      </trkpt>
      <trkpt lat="45.684751" lon="23.59714">
        <ele>798.7</ele>
      </trkpt>
      <trkpt lat="45.684547" lon="23.596721">
        <ele>799.2</ele>
      </trkpt>
      <trkpt lat="45.684395" lon="23.596289">
        <ele>800</ele>
      </trkpt>
      <trkpt lat="45.684205" lon="23.595434">
        <ele>802.2</ele>
      </trkpt>
      <trkpt lat="45.684043" lon="23.594934">
        <ele>802.8</ele>
      </trkpt>
      <trkpt lat="45.683341" lon="23.59359">
        <ele>815.4</ele>
      </trkpt>
      <trkpt lat="45.683248" lon="23.593487">
        <ele>816.9</ele>
      </trkpt>
      <trkpt lat="45.68304" lon="23.593365">
        <ele>819.2</ele>
      </trkpt>
      <trkpt lat="45.68274" lon="23.593345">
        <ele>820.1</ele>
      </trkpt>
      <trkpt lat="45.682328" lon="23.593426">
        <ele>818.5</ele>
      </trkpt>
      <trkpt lat="45.681727" lon="23.593748">
        <ele>813.6</ele>
      </trkpt>
      <trkpt lat="45.681323" lon="23.593906">
        <ele>810.1</ele>
      </trkpt>
      <trkpt lat="45.680715" lon="23.593956">
        <ele>806.2</ele>
      </trkpt>
      <trkpt lat="45.680335" lon="23.593892">
        <ele>803.7</ele>
      </trkpt>
      <trkpt lat="45.679561" lon="23.593438">
        <ele>798.3</ele>
      </trkpt>
      <trkpt lat="45.679373" lon="23.593261">
        <ele>797.7</ele>
      </trkpt>
      <trkpt lat="45.679298" lon="23.593076">
        <ele>797.6</ele>
      </trkpt>
      <trkpt lat="45.679248" lon="23.592792">
        <ele>797.7</ele>
      </trkpt>
      <trkpt lat="45.679231" lon="23.592191">
        <ele>799.9</ele>
      </trkpt>
      <trkpt lat="45.6792" lon="23.591987">
        <ele>801.1</ele>
      </trkpt>
      <trkpt lat="45.678682" lon="23.590577">
        <ele>810.1</ele>
      </trkpt>
      <trkpt lat="45.678559" lon="23.590397">
        <ele>812.1</ele>
      </trkpt>
      <trkpt lat="45.678405" lon="23.590355">
        <ele>813.4</ele>
      </trkpt>
      <trkpt lat="45.678233" lon="23.590413">
        <ele>812.4</ele>
      </trkpt>
      <trkpt lat="45.678057" lon="23.590602">
        <ele>807.9</ele>
      </trkpt>
      <trkpt lat="45.677781" lon="23.591015">
        <ele>803.9</ele>
      </trkpt>
      <trkpt lat="45.677729" lon="23.591047">
        <ele>803.8</ele>
      </trkpt>
      <trkpt lat="45.677639" lon="23.59105">
        <ele>803.9</ele>
      </trkpt>
      <trkpt lat="45.67753" lon="23.590956">
        <ele>804.8</ele>
      </trkpt>
      <trkpt lat="45.677459" lon="23.590815">
        <ele>806.4</ele>
      </trkpt>
      <trkpt lat="45.677383" lon="23.590291">
        <ele>814.4</ele>
      </trkpt>
      <trkpt lat="45.677317" lon="23.59013">
        <ele>818.4</ele>
      </trkpt>
      <trkpt lat="45.677174" lon="23.59001">
        <ele>823.7</ele>
      </trkpt>
      <trkpt lat="45.676784" lon="23.58985">
        <ele>829.9</ele>
      </trkpt>
      <trkpt lat="45.676673" lon="23.58982">
        <ele>830.2</ele>
      </trkpt>
      <trkpt lat="45.676471" lon="23.589831">
        <ele>828.5</ele>
      </trkpt>
      <trkpt lat="45.675964" lon="23.590015">
        <ele>829.2</ele>
      </trkpt>
      <trkpt lat="45.675619" lon="23.59">
        <ele>830.9</ele>
      </trkpt>
      <trkpt lat="45.675506" lon="23.590027">
        <ele>831.4</ele>
      </trkpt>
      <trkpt lat="45.675331" lon="23.590281">
        <ele>831.9</ele>
      </trkpt>
      <trkpt lat="45.67491" lon="23.591119">
        <ele>825.6</ele>
      </trkpt>
      <trkpt lat="45.674652" lon="23.591478">
        <ele>823</ele>
      </trkpt>
      <trkpt lat="45.674545" lon="23.59154">
        <ele>822.5</ele>
      </trkpt>
      <trkpt lat="45.674321" lon="23.591586">
        <ele>822.1</ele>
      </trkpt>
      <trkpt lat="45.673487" lon="23.592276">
        <ele>824.3</ele>
      </trkpt>
      <trkpt lat="45.6733" lon="23.592503">
        <ele>824.1</ele>
      </trkpt>
      <trkpt lat="45.673124" lon="23.592792">
        <ele>824.4</ele>
      </trkpt>
      <trkpt lat="45.672994" lon="23.593117">
        <ele>822.4</ele>
      </trkpt>
      <trkpt lat="45.672928" lon="23.593386">
        <ele>820.8</ele>
      </trkpt>
      <trkpt lat="45.672918" lon="23.593451">
        <ele>820.1</ele>
      </trkpt>
      <trkpt lat="45.672883" lon="23.593939">
        <ele>813.1</ele>
      </trkpt>
      <trkpt lat="45.672885" lon="23.594601">
        <ele>804.2</ele>
      </trkpt>
      <trkpt lat="45.672841" lon="23.594806">
        <ele>804.6</ele>
      </trkpt>
      <trkpt lat="45.672756" lon="23.59496">
        <ele>805</ele>
      </trkpt>
      <trkpt lat="45.672062" lon="23.595557">
        <ele>804.8</ele>
      </trkpt>
      <trkpt lat="45.67128" lon="23.596108">
        <ele>805.5</ele>
      </trkpt>
      <trkpt lat="45.670906" lon="23.59651">
        <ele>812.3</ele>
      </trkpt>
      <trkpt lat="45.67075" lon="23.596727">
        <ele>818.8</ele>
      </trkpt>
      <trkpt lat="45.670606" lon="23.596976">
        <ele>815</ele>
      </trkpt>
      <trkpt lat="45.670467" lon="23.597283">
        <ele>815.4</ele>
      </trkpt>
      <trkpt lat="45.670291" lon="23.597834">
        <ele>818.9</ele>
      </trkpt>
      <trkpt lat="45.670127" lon="23.598694">
        <ele>827.4</ele>
      </trkpt>
      <trkpt lat="45.67006" lon="23.599333">
        <ele>833.9</ele>
      </trkpt>
      <trkpt lat="45.670055" lon="23.600071">
        <ele>833.7</ele>
      </trkpt>
      <trkpt lat="45.670118" lon="23.600784">
        <ele>832.8</ele>
      </trkpt>
      <trkpt lat="45.670123" lon="23.601102">
        <ele>832.6</ele>
      </trkpt>
      <trkpt lat="45.670096" lon="23.601411">
        <ele>832.3</ele>
      </trkpt>
      <trkpt lat="45.670047" lon="23.601646">
        <ele>832.1</ele>
      </trkpt>
      <trkpt lat="45.669968" lon="23.601881">
        <ele>832.2</ele>
      </trkpt>
      <trkpt lat="45.669869" lon="23.602067">
        <ele>832.3</ele>
      </trkpt>
      <trkpt lat="45.669612" lon="23.602348">
        <ele>831.9</ele>
      </trkpt>
      <trkpt lat="45.669407" lon="23.602516">
        <ele>833.5</ele>
      </trkpt>
      <trkpt lat="45.66921" lon="23.60267">
        <ele>833.2</ele>
      </trkpt>
      <trkpt lat="45.668861" lon="23.602993">
        <ele>837.4</ele>
      </trkpt>
      <trkpt lat="45.668794" lon="23.603108">
        <ele>838</ele>
      </trkpt>
      <trkpt lat="45.668758" lon="23.603286">
        <ele>838.6</ele>
      </trkpt>
      <trkpt lat="45.668777" lon="23.603548">
        <ele>839.4</ele>
      </trkpt>
      <trkpt lat="45.669024" lon="23.60408">
        <ele>840.3</ele>
      </trkpt>
      <trkpt lat="45.669092" lon="23.604276">
        <ele>840.4</ele>
      </trkpt>
      <trkpt lat="45.669134" lon="23.604495">
        <ele>840.6</ele>
      </trkpt>
      <trkpt lat="45.669148" lon="23.604724">
        <ele>841.1</ele>
      </trkpt>
      <trkpt lat="45.669133" lon="23.60492">
        <ele>841.7</ele>
      </trkpt>
      <trkpt lat="45.669055" lon="23.605231">
        <ele>842.8</ele>
      </trkpt>
      <trkpt lat="45.668979" lon="23.605403">
        <ele>843.5</ele>
      </trkpt>
      <trkpt lat="45.668785" lon="23.605698">
        <ele>845.1</ele>
      </trkpt>
      <trkpt lat="45.667805" lon="23.606983">
        <ele>858</ele>
      </trkpt>
      <trkpt lat="45.667614" lon="23.607272">
        <ele>861.3</ele>
      </trkpt>
      <trkpt lat="45.667271" lon="23.607963">
        <ele>858.6</ele>
      </trkpt>
      <trkpt lat="45.666516" lon="23.609168">
        <ele>856.4</ele>
      </trkpt>
      <trkpt lat="45.666229" lon="23.609682">
        <ele>856.8</ele>
      </trkpt>
      <trkpt lat="45.665843" lon="23.610663">
        <ele>862.9</ele>
      </trkpt>
      <trkpt lat="45.665174" lon="23.612111">
        <ele>861</ele>
      </trkpt>
      <trkpt lat="45.664789" lon="23.613079">
        <ele>858.2</ele>
      </trkpt>
      <trkpt lat="45.664498" lon="23.613719">
        <ele>858.5</ele>
      </trkpt>
      <trkpt lat="45.664358" lon="23.61392">
        <ele>859.5</ele>
      </trkpt>
      <trkpt lat="45.664154" lon="23.614105">
        <ele>861.2</ele>
      </trkpt>
      <trkpt lat="45.66398" lon="23.614193">
        <ele>862.8</ele>
      </trkpt>
      <trkpt lat="45.663761" lon="23.614237">
        <ele>864.8</ele>
      </trkpt>
      <trkpt lat="45.663273" lon="23.61422">
        <ele>869.7</ele>
      </trkpt>
      <trkpt lat="45.663036" lon="23.614279">
        <ele>871.3</ele>
      </trkpt>
      <trkpt lat="45.66289" lon="23.61437">
        <ele>871.8</ele>
      </trkpt>
      <trkpt lat="45.662682" lon="23.614581">
        <ele>872</ele>
      </trkpt>
      <trkpt lat="45.662194" lon="23.615387">
        <ele>870.7</ele>
      </trkpt>
      <trkpt lat="45.661968" lon="23.615653">
        <ele>870.9</ele>
      </trkpt>
      <trkpt lat="45.661765" lon="23.61579">
        <ele>871.8</ele>
      </trkpt>
      <trkpt lat="45.661513" lon="23.615886">
        <ele>873.4</ele>
      </trkpt>
      <trkpt lat="45.661206" lon="23.615928">
        <ele>875.4</ele>
      </trkpt>
      <trkpt lat="45.660897" lon="23.615916">
        <ele>880.1</ele>
      </trkpt>
      <trkpt lat="45.660536" lon="23.615837">
        <ele>890.4</ele>
      </trkpt>
      <trkpt lat="45.66033" lon="23.61581">
        <ele>893.8</ele>
      </trkpt>
      <trkpt lat="45.6602" lon="23.615863">
        <ele>896.5</ele>
      </trkpt>
      <trkpt lat="45.660086" lon="23.615989">
        <ele>899.5</ele>
      </trkpt>
      <trkpt lat="45.659988" lon="23.616157">
        <ele>901</ele>
      </trkpt>
      <trkpt lat="45.659886" lon="23.616445">
        <ele>902.5</ele>
      </trkpt>
      <trkpt lat="45.659623" lon="23.61828">
        <ele>904.9</ele>
      </trkpt>
      <trkpt lat="45.659331" lon="23.620063">
        <ele>883.3</ele>
      </trkpt>
      <trkpt lat="45.659287" lon="23.620551">
        <ele>883.6</ele>
      </trkpt>
      <trkpt lat="45.659221" lon="23.620963">
        <ele>885</ele>
      </trkpt>
      <trkpt lat="45.658833" lon="23.62182">
        <ele>888.2</ele>
      </trkpt>
      <trkpt lat="45.65873" lon="23.6222">
        <ele>887.5</ele>
      </trkpt>
      <trkpt lat="45.658721" lon="23.622561">
        <ele>885.9</ele>
      </trkpt>
      <trkpt lat="45.658759" lon="23.622893">
        <ele>884</ele>
      </trkpt>
      <trkpt lat="45.658969" lon="23.623766">
        <ele>881.1</ele>
      </trkpt>
      <trkpt lat="45.659017" lon="23.624223">
        <ele>882.6</ele>
      </trkpt>
      <trkpt lat="45.659016" lon="23.624383">
        <ele>883.4</ele>
      </trkpt>
      <trkpt lat="45.658944" lon="23.624754">
        <ele>885.2</ele>
      </trkpt>
      <trkpt lat="45.658737" lon="23.625274">
        <ele>888.2</ele>
      </trkpt>
      <trkpt lat="45.658475" lon="23.625752">
        <ele>890.8</ele>
      </trkpt>
      <trkpt lat="45.658247" lon="23.626086">
        <ele>892.2</ele>
      </trkpt>
      <trkpt lat="45.657751" lon="23.626572">
        <ele>894.6</ele>
      </trkpt>
      <trkpt lat="45.657314" lon="23.626857">
        <ele>896.9</ele>
      </trkpt>
      <trkpt lat="45.656554" lon="23.627629">
        <ele>904.9</ele>
      </trkpt>
      <trkpt lat="45.656132" lon="23.627934">
        <ele>907.4</ele>
      </trkpt>
      <trkpt lat="45.655852" lon="23.628177">
        <ele>907.6</ele>
      </trkpt>
      <trkpt lat="45.655262" lon="23.628903">
        <ele>903.4</ele>
      </trkpt>
      <trkpt lat="45.655079" lon="23.629021">
        <ele>903.6</ele>
      </trkpt>
      <trkpt lat="45.654744" lon="23.62916">
        <ele>902.9</ele>
      </trkpt>
      <trkpt lat="45.654494" lon="23.629317">
        <ele>902.4</ele>
      </trkpt>
      <trkpt lat="45.65437" lon="23.629417">
        <ele>902</ele>
      </trkpt>
      <trkpt lat="45.654074" lon="23.62976">
        <ele>900.4</ele>
      </trkpt>
      <trkpt lat="45.653985" lon="23.629928">
        <ele>900</ele>
      </trkpt>
      <trkpt lat="45.653923" lon="23.630144">
        <ele>899.6</ele>
      </trkpt>
      <trkpt lat="45.653843" lon="23.63063">
        <ele>898.9</ele>
      </trkpt>
      <trkpt lat="45.653764" lon="23.63094">
        <ele>898.8</ele>
      </trkpt>
      <trkpt lat="45.653641" lon="23.631283">
        <ele>899.4</ele>
      </trkpt>
      <trkpt lat="45.653501" lon="23.631582">
        <ele>900</ele>
      </trkpt>
      <trkpt lat="45.653365" lon="23.631749">
        <ele>900.3</ele>
      </trkpt>
      <trkpt lat="45.653266" lon="23.631785">
        <ele>900.5</ele>
      </trkpt>
      <trkpt lat="45.6531" lon="23.631703">
        <ele>900.8</ele>
      </trkpt>
      <trkpt lat="45.652838" lon="23.631312">
        <ele>901.5</ele>
      </trkpt>
      <trkpt lat="45.652658" lon="23.630972">
        <ele>901.3</ele>
      </trkpt>
      <trkpt lat="45.65258" lon="23.630877">
        <ele>901.1</ele>
      </trkpt>
      <trkpt lat="45.652485" lon="23.630821">
        <ele>900.9</ele>
      </trkpt>
      <trkpt lat="45.652398" lon="23.630823">
        <ele>900.8</ele>
      </trkpt>
      <trkpt lat="45.652331" lon="23.630868">
        <ele>900.7</ele>
      </trkpt>
      <trkpt lat="45.652272" lon="23.630969">
        <ele>900.6</ele>
      </trkpt>
      <trkpt lat="45.652255" lon="23.631113">
        <ele>900.5</ele>
      </trkpt>
      <trkpt lat="45.652357" lon="23.631915">
        <ele>900.9</ele>
      </trkpt>
      <trkpt lat="45.652317" lon="23.632276">
        <ele>901.4</ele>
      </trkpt>
      <trkpt lat="45.652236" lon="23.632485">
        <ele>902.1</ele>
      </trkpt>
      <trkpt lat="45.652035" lon="23.632822">
        <ele>903.4</ele>
      </trkpt>
      <trkpt lat="45.651787" lon="23.633139">
        <ele>905.4</ele>
      </trkpt>
      <trkpt lat="45.651512" lon="23.633378">
        <ele>908</ele>
      </trkpt>
      <trkpt lat="45.651323" lon="23.63346">
        <ele>910.5</ele>
      </trkpt>
      <trkpt lat="45.650562" lon="23.63367">
        <ele>922.2</ele>
      </trkpt>
      <trkpt lat="45.650402" lon="23.633743">
        <ele>924.7</ele>
      </trkpt>
      <trkpt lat="45.650231" lon="23.633866">
        <ele>927.3</ele>
      </trkpt>
      <trkpt lat="45.648968" lon="23.635229">
        <ele>939.2</ele>
      </trkpt>
      <trkpt lat="45.648813" lon="23.635426">
        <ele>938.9</ele>
      </trkpt>
      <trkpt lat="45.648658" lon="23.635744">
        <ele>937.6</ele>
      </trkpt>
      <trkpt lat="45.648437" lon="23.636671">
        <ele>934.6</ele>
      </trkpt>
      <trkpt lat="45.648208" lon="23.637144">
        <ele>934.7</ele>
      </trkpt>
      <trkpt lat="45.647853" lon="23.637603">
        <ele>935.2</ele>
      </trkpt>
      <trkpt lat="45.647257" lon="23.638298">
        <ele>935.3</ele>
      </trkpt>
      <trkpt lat="45.647107" lon="23.638426">
        <ele>936</ele>
      </trkpt>
      <trkpt lat="45.64699" lon="23.638483">
        <ele>936.9</ele>
      </trkpt>
      <trkpt lat="45.646085" lon="23.638602">
        <ele>944.1</ele>
      </trkpt>
      <trkpt lat="45.645725" lon="23.638713">
        <ele>944.7</ele>
      </trkpt>
      <trkpt lat="45.645495" lon="23.638843">
        <ele>944.7</ele>
      </trkpt>
      <trkpt lat="45.645325" lon="23.639087">
        <ele>945.1</ele>
      </trkpt>
      <trkpt lat="45.645115" lon="23.639526">
        <ele>944.8</ele>
      </trkpt>
      <trkpt lat="45.644932" lon="23.639772">
        <ele>944.8</ele>
      </trkpt>
      <trkpt lat="45.644194" lon="23.640364">
        <ele>948.6</ele>
      </trkpt>
      <trkpt lat="45.643589" lon="23.64073">
        <ele>956</ele>
      </trkpt>
      <trkpt lat="45.643502" lon="23.640825">
        <ele>957.1</ele>
      </trkpt>
      <trkpt lat="45.642834" lon="23.641831">
        <ele>962</ele>
      </trkpt>
      <trkpt lat="45.642466" lon="23.642262">
        <ele>964</ele>
      </trkpt>
      <trkpt lat="45.641827" lon="23.642723">
        <ele>968.1</ele>
      </trkpt>
      <trkpt lat="45.641503" lon="23.64282">
        <ele>971.2</ele>
      </trkpt>
      <trkpt lat="45.641108" lon="23.642931">
        <ele>971.4</ele>
      </trkpt>
      <trkpt lat="45.640734" lon="23.643157">
        <ele>973.3</ele>
      </trkpt>
      <trkpt lat="45.640685" lon="23.643228">
        <ele>973.3</ele>
      </trkpt>
      <trkpt lat="45.64062" lon="23.643333">
        <ele>973.1</ele>
      </trkpt>
      <trkpt lat="45.640576" lon="23.643468">
        <ele>972.8</ele>
      </trkpt>
      <trkpt lat="45.640397" lon="23.644614">
        <ele>968.1</ele>
      </trkpt>
      <trkpt lat="45.640342" lon="23.644718">
        <ele>968</ele>
      </trkpt>
      <trkpt lat="45.640148" lon="23.644888">
        <ele>968.6</ele>
      </trkpt>
      <trkpt lat="45.640047" lon="23.644953">
        <ele>970.5</ele>
      </trkpt>
      <trkpt lat="45.639878" lon="23.645026">
        <ele>974.6</ele>
      </trkpt>
      <trkpt lat="45.639547" lon="23.645021">
        <ele>980.7</ele>
      </trkpt>
      <trkpt lat="45.639012" lon="23.644778">
        <ele>991.9</ele>
      </trkpt>
      <trkpt lat="45.638371" lon="23.644411">
        <ele>991.7</ele>
      </trkpt>
      <trkpt lat="45.637481" lon="23.643851">
        <ele>984.7</ele>
      </trkpt>
      <trkpt lat="45.637326" lon="23.643825">
        <ele>984.9</ele>
      </trkpt>
      <trkpt lat="45.63692" lon="23.643857">
        <ele>988.2</ele>
      </trkpt>
      <trkpt lat="45.636532" lon="23.643848">
        <ele>991.2</ele>
      </trkpt>
      <trkpt lat="45.635788" lon="23.643399">
        <ele>993.7</ele>
      </trkpt>
      <trkpt lat="45.635199" lon="23.643246">
        <ele>995.9</ele>
      </trkpt>
      <trkpt lat="45.635053" lon="23.643239">
        <ele>996.7</ele>
      </trkpt>
      <trkpt lat="45.63481" lon="23.643281">
        <ele>998.2</ele>
      </trkpt>
      <trkpt lat="45.634547" lon="23.643398">
        <ele>1000</ele>
      </trkpt>
      <trkpt lat="45.634094" lon="23.643671">
        <ele>1002.3</ele>
      </trkpt>
      <trkpt lat="45.633948" lon="23.643785">
        <ele>1002.6</ele>
      </trkpt>
      <trkpt lat="45.633811" lon="23.643939">
        <ele>1003</ele>
      </trkpt>
      <trkpt lat="45.633679" lon="23.644233">
        <ele>1003.4</ele>
      </trkpt>
      <trkpt lat="45.633562" lon="23.644414">
        <ele>1003.6</ele>
      </trkpt>
      <trkpt lat="45.633059" lon="23.644906">
        <ele>1004.3</ele>
      </trkpt>
      <trkpt lat="45.632661" lon="23.645168">
        <ele>1005.7</ele>
      </trkpt>
      <trkpt lat="45.632521" lon="23.64522">
        <ele>1006.3</ele>
      </trkpt>
      <trkpt lat="45.632287" lon="23.645254">
        <ele>1007.7</ele>
      </trkpt>
      <trkpt lat="45.631991" lon="23.645224">
        <ele>1010.2</ele>
      </trkpt>
      <trkpt lat="45.63135" lon="23.644916">
        <ele>1017.5</ele>
      </trkpt>
      <trkpt lat="45.631125" lon="23.644839">
        <ele>1019.5</ele>
      </trkpt>
      <trkpt lat="45.630271" lon="23.644768">
        <ele>1021.9</ele>
      </trkpt>
      <trkpt lat="45.629728" lon="23.64457">
        <ele>1021.8</ele>
      </trkpt>
      <trkpt lat="45.629438" lon="23.644366">
        <ele>1021.2</ele>
      </trkpt>
      <trkpt lat="45.62899" lon="23.643789">
        <ele>1020.9</ele>
      </trkpt>
      <trkpt lat="45.628638" lon="23.6433">
        <ele>1031.8</ele>
      </trkpt>
      <trkpt lat="45.6285" lon="23.643039">
        <ele>1033</ele>
      </trkpt>
      <trkpt lat="45.628104" lon="23.642233">
        <ele>1036.3</ele>
      </trkpt>
      <trkpt lat="45.627903" lon="23.641717">
        <ele>1036.9</ele>
      </trkpt>
      <trkpt lat="45.6278" lon="23.641125">
        <ele>1040.6</ele>
      </trkpt>
      <trkpt lat="45.627761" lon="23.640474">
        <ele>1044</ele>
      </trkpt>
      <trkpt lat="45.627748" lon="23.639822">
        <ele>1046.8</ele>
      </trkpt>
      <trkpt lat="45.627754" lon="23.639459">
        <ele>1047.1</ele>
      </trkpt>
      <trkpt lat="45.627808" lon="23.638979">
        <ele>1045.8</ele>
      </trkpt>
      <trkpt lat="45.627978" lon="23.638332">
        <ele>1043.5</ele>
      </trkpt>
      <trkpt lat="45.628131" lon="23.638002">
        <ele>1043.4</ele>
      </trkpt>
      <trkpt lat="45.6287" lon="23.637098">
        <ele>1044.7</ele>
      </trkpt>
      <trkpt lat="45.628825" lon="23.636787">
        <ele>1044.6</ele>
      </trkpt>
      <trkpt lat="45.628985" lon="23.636292">
        <ele>1044.4</ele>
      </trkpt>
      <trkpt lat="45.629068" lon="23.635915">
        <ele>1045.1</ele>
      </trkpt>
      <trkpt lat="45.629076" lon="23.635687">
        <ele>1045.7</ele>
      </trkpt>
      <trkpt lat="45.629053" lon="23.635367">
        <ele>1046.4</ele>
      </trkpt>
      <trkpt lat="45.628804" lon="23.634065">
        <ele>1047</ele>
      </trkpt>
      <trkpt lat="45.628715" lon="23.633804">
        <ele>1046.5</ele>
      </trkpt>
      <trkpt lat="45.628604" lon="23.633595">
        <ele>1046.3</ele>
      </trkpt>
      <trkpt lat="45.62845" lon="23.633408">
        <ele>1045.9</ele>
      </trkpt>
      <trkpt lat="45.628098" lon="23.63311">
        <ele>1045.9</ele>
      </trkpt>
      <trkpt lat="45.627636" lon="23.632855">
        <ele>1048.2</ele>
      </trkpt>
      <trkpt lat="45.627298" lon="23.632813">
        <ele>1051.8</ele>
      </trkpt>
      <trkpt lat="45.626958" lon="23.632852">
        <ele>1055.8</ele>
      </trkpt>
      <trkpt lat="45.626756" lon="23.632937">
        <ele>1057.8</ele>
      </trkpt>
      <trkpt lat="45.626568" lon="23.63306">
        <ele>1059.3</ele>
      </trkpt>
      <trkpt lat="45.626476" lon="23.633156">
        <ele>1059.8</ele>
      </trkpt>
      <trkpt lat="45.626393" lon="23.633267">
        <ele>1059.8</ele>
      </trkpt>
      <trkpt lat="45.626082" lon="23.633821">
        <ele>1057.8</ele>
      </trkpt>
      <trkpt lat="45.625856" lon="23.634089">
        <ele>1057.1</ele>
      </trkpt>
      <trkpt lat="45.625715" lon="23.634159">
        <ele>1057</ele>
      </trkpt>
      <trkpt lat="45.625198" lon="23.634239">
        <ele>1058.1</ele>
      </trkpt>
      <trkpt lat="45.62502" lon="23.634201">
        <ele>1058.9</ele>
      </trkpt>
      <trkpt lat="45.624878" lon="23.63413">
        <ele>1059.8</ele>
      </trkpt>
      <trkpt lat="45.622916" lon="23.632926">
        <ele>1070.5</ele>
      </trkpt>
      <trkpt lat="45.622347" lon="23.632616">
        <ele>1074.4</ele>
      </trkpt>
      <trkpt lat="45.622067" lon="23.632513">
        <ele>1076.1</ele>
      </trkpt>
      <trkpt lat="45.621812" lon="23.632497">
        <ele>1077.2</ele>
      </trkpt>
      <trkpt lat="45.620147" lon="23.632808">
        <ele>1080.1</ele>
      </trkpt>
      <trkpt lat="45.619948" lon="23.632901">
        <ele>1080</ele>
      </trkpt>
      <trkpt lat="45.619559" lon="23.633235">
        <ele>1080.8</ele>
      </trkpt>
      <trkpt lat="45.61903" lon="23.63354">
        <ele>1082.8</ele>
      </trkpt>
      <trkpt lat="45.617944" lon="23.634438">
        <ele>1090.2</ele>
      </trkpt>
      <trkpt lat="45.617548" lon="23.634849">
        <ele>1095.3</ele>
      </trkpt>
      <trkpt lat="45.616476" lon="23.636371">
        <ele>1093</ele>
      </trkpt>
      <trkpt lat="45.61602" lon="23.636856">
        <ele>1093.4</ele>
      </trkpt>
      <trkpt lat="45.615745" lon="23.637053">
        <ele>1093.9</ele>
      </trkpt>
      <trkpt lat="45.614722" lon="23.637393">
        <ele>1095.8</ele>
      </trkpt>
      <trkpt lat="45.614469" lon="23.637402">
        <ele>1096.7</ele>
      </trkpt>
      <trkpt lat="45.614118" lon="23.637287">
        <ele>1097.9</ele>
      </trkpt>
      <trkpt lat="45.612894" lon="23.636657">
        <ele>1098.1</ele>
      </trkpt>
      <trkpt lat="45.612389" lon="23.636525">
        <ele>1100.4</ele>
      </trkpt>
      <trkpt lat="45.612013" lon="23.636507">
        <ele>1102.7</ele>
      </trkpt>
      <trkpt lat="45.611846" lon="23.63653">
        <ele>1105.4</ele>
      </trkpt>
      <trkpt lat="45.611746" lon="23.636554">
        <ele>1107.8</ele>
      </trkpt>
      <trkpt lat="45.611513" lon="23.636682">
        <ele>1113.2</ele>
      </trkpt>
      <trkpt lat="45.611336" lon="23.636862">
        <ele>1110.6</ele>
      </trkpt>
      <trkpt lat="45.611196" lon="23.637052">
        <ele>1108.6</ele>
      </trkpt>
      <trkpt lat="45.610722" lon="23.63784">
        <ele>1105.7</ele>
      </trkpt>
      <trkpt lat="45.610661" lon="23.63795">
        <ele>1105</ele>
      </trkpt>
      <trkpt lat="45.610537" lon="23.638225">
        <ele>1107.7</ele>
      </trkpt>
      <trkpt lat="45.61041" lon="23.638623">
        <ele>1114.8</ele>
      </trkpt>
      <trkpt lat="45.61031" lon="23.639192">
        <ele>1116</ele>
      </trkpt>
      <trkpt lat="45.610286" lon="23.639486">
        <ele>1116.7</ele>
      </trkpt>
      <trkpt lat="45.610295" lon="23.640027">
        <ele>1117.1</ele>
      </trkpt>
      <trkpt lat="45.610333" lon="23.640347">
        <ele>1117.1</ele>
      </trkpt>
      <trkpt lat="45.610411" lon="23.640661">
        <ele>1116.5</ele>
      </trkpt>
      <trkpt lat="45.610996" lon="23.642381">
        <ele>1107.8</ele>
      </trkpt>
      <trkpt lat="45.611037" lon="23.642772">
        <ele>1107.8</ele>
      </trkpt>
      <trkpt lat="45.610988" lon="23.642984">
        <ele>1108.3</ele>
      </trkpt>
      <trkpt lat="45.610848" lon="23.643164">
        <ele>1109.6</ele>
      </trkpt>
      <trkpt lat="45.610203" lon="23.643485">
        <ele>1114.5</ele>
      </trkpt>
      <trkpt lat="45.60968" lon="23.643708">
        <ele>1115.7</ele>
      </trkpt>
      <trkpt lat="45.609334" lon="23.643828">
        <ele>1115</ele>
      </trkpt>
      <trkpt lat="45.608595" lon="23.643545">
        <ele>1113.8</ele>
      </trkpt>
      <trkpt lat="45.608261" lon="23.643478">
        <ele>1114.8</ele>
      </trkpt>
      <trkpt lat="45.608047" lon="23.643538">
        <ele>1115.9</ele>
      </trkpt>
      <trkpt lat="45.607799" lon="23.643782">
        <ele>1118.4</ele>
      </trkpt>
      <trkpt lat="45.607644" lon="23.644114">
        <ele>1121</ele>
      </trkpt>
      <trkpt lat="45.607601" lon="23.644301">
        <ele>1121.9</ele>
      </trkpt>
      <trkpt lat="45.607574" lon="23.644518">
        <ele>1122.3</ele>
      </trkpt>
      <trkpt lat="45.607497" lon="23.646083">
        <ele>1118.4</ele>
      </trkpt>
      <trkpt lat="45.607444" lon="23.646476">
        <ele>1116.5</ele>
      </trkpt>
      <trkpt lat="45.607326" lon="23.646825">
        <ele>1115.2</ele>
      </trkpt>
      <trkpt lat="45.607245" lon="23.646966">
        <ele>1115.1</ele>
      </trkpt>
      <trkpt lat="45.607026" lon="23.647172">
        <ele>1115.8</ele>
      </trkpt>
      <trkpt lat="45.606888" lon="23.647247">
        <ele>1116.5</ele>
      </trkpt>
      <trkpt lat="45.606497" lon="23.647328">
        <ele>1119</ele>
      </trkpt>
      <trkpt lat="45.606221" lon="23.647289">
        <ele>1121.2</ele>
      </trkpt>
      <trkpt lat="45.605934" lon="23.647168">
        <ele>1122.9</ele>
      </trkpt>
      <trkpt lat="45.604992" lon="23.646662">
        <ele>1124.2</ele>
      </trkpt>
      <trkpt lat="45.604594" lon="23.646548">
        <ele>1125.1</ele>
      </trkpt>
      <trkpt lat="45.604016" lon="23.646446">
        <ele>1128.5</ele>
      </trkpt>
      <trkpt lat="45.603856" lon="23.646446">
        <ele>1129.2</ele>
      </trkpt>
      <trkpt lat="45.603649" lon="23.646496">
        <ele>1129.8</ele>
      </trkpt>
      <trkpt lat="45.603559" lon="23.646536">
        <ele>1130.1</ele>
      </trkpt>
      <trkpt lat="45.603333" lon="23.646726">
        <ele>1130.8</ele>
      </trkpt>
      <trkpt lat="45.603211" lon="23.646869">
        <ele>1131.2</ele>
      </trkpt>
      <trkpt lat="45.603073" lon="23.647096">
        <ele>1131.6</ele>
      </trkpt>
      <trkpt lat="45.602893" lon="23.647527">
        <ele>1133.2</ele>
      </trkpt>
      <trkpt lat="45.602812" lon="23.647779">
        <ele>1134.6</ele>
      </trkpt>
      <trkpt lat="45.60261" lon="23.648761">
        <ele>1140.3</ele>
      </trkpt>
      <trkpt lat="45.602488" lon="23.649226">
        <ele>1141.4</ele>
      </trkpt>
      <trkpt lat="45.602025" lon="23.650357">
        <ele>1135.3</ele>
      </trkpt>
      <trkpt lat="45.601886" lon="23.650881">
        <ele>1137</ele>
      </trkpt>
      <trkpt lat="45.601792" lon="23.6519">
        <ele>1131.4</ele>
      </trkpt>
      <trkpt lat="45.601701" lon="23.652388">
        <ele>1128.4</ele>
      </trkpt>
      <trkpt lat="45.601596" lon="23.652606">
        <ele>1127.3</ele>
      </trkpt>
      <trkpt lat="45.601475" lon="23.65273">
        <ele>1127.8</ele>
      </trkpt>
      <trkpt lat="45.601404" lon="23.652766">
        <ele>1128.6</ele>
      </trkpt>
      <trkpt lat="45.601299" lon="23.652787">
        <ele>1130</ele>
      </trkpt>
      <trkpt lat="45.601161" lon="23.652774">
        <ele>1131</ele>
      </trkpt>
      <trkpt lat="45.601033" lon="23.652695">
        <ele>1131.6</ele>
      </trkpt>
      <trkpt lat="45.600952" lon="23.652628">
        <ele>1132</ele>
      </trkpt>
      <trkpt lat="45.599961" lon="23.651431">
        <ele>1137.6</ele>
      </trkpt>
      <trkpt lat="45.599772" lon="23.651331">
        <ele>1138.1</ele>
      </trkpt>
      <trkpt lat="45.599288" lon="23.651277">
        <ele>1140.6</ele>
      </trkpt>
      <trkpt lat="45.599133" lon="23.651228">
        <ele>1142.8</ele>
      </trkpt>
      <trkpt lat="45.598957" lon="23.651081">
        <ele>1146.1</ele>
      </trkpt>
      <trkpt lat="45.598827" lon="23.650914">
        <ele>1148.9</ele>
      </trkpt>
      <trkpt lat="45.598728" lon="23.650716">
        <ele>1151.2</ele>
      </trkpt>
      <trkpt lat="45.5986" lon="23.650389">
        <ele>1153.2</ele>
      </trkpt>
      <trkpt lat="45.598347" lon="23.649533">
        <ele>1148.5</ele>
      </trkpt>
      <trkpt lat="45.598213" lon="23.649182">
        <ele>1145.2</ele>
      </trkpt>
      <trkpt lat="45.59814" lon="23.649024">
        <ele>1143.7</ele>
      </trkpt>
      <trkpt lat="45.597956" lon="23.64882">
        <ele>1141.8</ele>
      </trkpt>
      <trkpt lat="45.597741" lon="23.648702">
        <ele>1140.9</ele>
      </trkpt>
      <trkpt lat="45.597602" lon="23.64868">
        <ele>1140.7</ele>
      </trkpt>
      <trkpt lat="45.597147" lon="23.648728">
        <ele>1140.9</ele>
      </trkpt>
      <trkpt lat="45.596688" lon="23.64886">
        <ele>1141.8</ele>
      </trkpt>
      <trkpt lat="45.596341" lon="23.648842">
        <ele>1144.4</ele>
      </trkpt>
      <trkpt lat="45.59615" lon="23.648779">
        <ele>1147.2</ele>
      </trkpt>
      <trkpt lat="45.595976" lon="23.648674">
        <ele>1149.4</ele>
      </trkpt>
      <trkpt lat="45.595743" lon="23.64851">
        <ele>1147.3</ele>
      </trkpt>
      <trkpt lat="45.595629" lon="23.648468">
        <ele>1147.4</ele>
      </trkpt>
      <trkpt lat="45.594839" lon="23.648535">
        <ele>1149.9</ele>
      </trkpt>
      <trkpt lat="45.594524" lon="23.648484">
        <ele>1149</ele>
      </trkpt>
      <trkpt lat="45.59442" lon="23.648441">
        <ele>1148.7</ele>
      </trkpt>
      <trkpt lat="45.594324" lon="23.648357">
        <ele>1148.5</ele>
      </trkpt>
      <trkpt lat="45.594231" lon="23.648219">
        <ele>1148.5</ele>
      </trkpt>
      <trkpt lat="45.594171" lon="23.647996">
        <ele>1149</ele>
      </trkpt>
      <trkpt lat="45.594116" lon="23.647446">
        <ele>1151.9</ele>
      </trkpt>
      <trkpt lat="45.593987" lon="23.647055">
        <ele>1155.6</ele>
      </trkpt>
      <trkpt lat="45.593615" lon="23.646591">
        <ele>1160.5</ele>
      </trkpt>
      <trkpt lat="45.593313" lon="23.646352">
        <ele>1163.2</ele>
      </trkpt>
      <trkpt lat="45.591733" lon="23.645614">
        <ele>1170.2</ele>
      </trkpt>
      <trkpt lat="45.590368" lon="23.645298">
        <ele>1174.5</ele>
      </trkpt>
      <trkpt lat="45.58985" lon="23.645129">
        <ele>1173.4</ele>
      </trkpt>
      <trkpt lat="45.589649" lon="23.644901">
        <ele>1172.7</ele>
      </trkpt>
      <trkpt lat="45.589571" lon="23.644718">
        <ele>1172.6</ele>
      </trkpt>
      <trkpt lat="45.58916" lon="23.643369">
        <ele>1180.1</ele>
      </trkpt>
      <trkpt lat="45.588974" lon="23.642881">
        <ele>1181.7</ele>
      </trkpt>
      <trkpt lat="45.588782" lon="23.642578">
        <ele>1180.6</ele>
      </trkpt>
      <trkpt lat="45.58846" lon="23.642154">
        <ele>1177.5</ele>
      </trkpt>
      <trkpt lat="45.588403" lon="23.64203">
        <ele>1176.8</ele>
      </trkpt>
      <trkpt lat="45.588331" lon="23.641708">
        <ele>1175.8</ele>
      </trkpt>
      <trkpt lat="45.588163" lon="23.640141">
        <ele>1180.3</ele>
      </trkpt>
      <trkpt lat="45.588139" lon="23.639742">
        <ele>1181.4</ele>
      </trkpt>
      <trkpt lat="45.58815" lon="23.639533">
        <ele>1182.3</ele>
      </trkpt>
      <trkpt lat="45.588223" lon="23.639147">
        <ele>1184.4</ele>
      </trkpt>
      <trkpt lat="45.588284" lon="23.638977">
        <ele>1185.9</ele>
      </trkpt>
      <trkpt lat="45.588756" lon="23.638177">
        <ele>1194.8</ele>
      </trkpt>
      <trkpt lat="45.588807" lon="23.63798">
        <ele>1196</ele>
      </trkpt>
      <trkpt lat="45.588812" lon="23.637632">
        <ele>1197.9</ele>
      </trkpt>
      <trkpt lat="45.588775" lon="23.637047">
        <ele>1198.7</ele>
      </trkpt>
      <trkpt lat="45.58879" lon="23.636795">
        <ele>1199.3</ele>
      </trkpt>
      <trkpt lat="45.58891" lon="23.636232">
        <ele>1202</ele>
      </trkpt>
      <trkpt lat="45.589246" lon="23.635304">
        <ele>1205.1</ele>
      </trkpt>
      <trkpt lat="45.589341" lon="23.634936">
        <ele>1205.1</ele>
      </trkpt>
      <trkpt lat="45.589389" lon="23.633817">
        <ele>1204.1</ele>
      </trkpt>
      <trkpt lat="45.589469" lon="23.633077">
        <ele>1207.6</ele>
      </trkpt>
      <trkpt lat="45.589591" lon="23.632242">
        <ele>1212.8</ele>
      </trkpt>
      <trkpt lat="45.589567" lon="23.631984">
        <ele>1213.1</ele>
      </trkpt>
      <trkpt lat="45.589447" lon="23.631425">
        <ele>1215.8</ele>
      </trkpt>
      <trkpt lat="45.589459" lon="23.631312">
        <ele>1216.6</ele>
      </trkpt>
      <trkpt lat="45.589508" lon="23.631194">
        <ele>1217.8</ele>
      </trkpt>
      <trkpt lat="45.589601" lon="23.631093">
        <ele>1219.4</ele>
      </trkpt>
      <trkpt lat="45.589955" lon="23.630774">
        <ele>1226.3</ele>
      </trkpt>
      <trkpt lat="45.590049" lon="23.630606">
        <ele>1228.5</ele>
      </trkpt>
      <trkpt lat="45.590064" lon="23.630506">
        <ele>1229.5</ele>
      </trkpt>
      <trkpt lat="45.590037" lon="23.63024">
        <ele>1231.7</ele>
      </trkpt>
      <trkpt lat="45.589932" lon="23.630008">
        <ele>1233.5</ele>
      </trkpt>
      <trkpt lat="45.589875" lon="23.629757">
        <ele>1235.1</ele>
      </trkpt>
      <trkpt lat="45.589944" lon="23.629394">
        <ele>1237.6</ele>
      </trkpt>
      <trkpt lat="45.590075" lon="23.628958">
        <ele>1243</ele>
      </trkpt>
      <trkpt lat="45.590154" lon="23.628602">
        <ele>1248.3</ele>
      </trkpt>
      <trkpt lat="45.590166" lon="23.628372">
        <ele>1251</ele>
      </trkpt>
      <trkpt lat="45.590136" lon="23.628021">
        <ele>1253.9</ele>
      </trkpt>
      <trkpt lat="45.590043" lon="23.627784">
        <ele>1255</ele>
      </trkpt>
      <trkpt lat="45.589942" lon="23.627681">
        <ele>1255.2</ele>
      </trkpt>
      <trkpt lat="45.589391" lon="23.62733">
        <ele>1255</ele>
      </trkpt>
      <trkpt lat="45.588859" lon="23.626852">
        <ele>1254.2</ele>
      </trkpt>
      <trkpt lat="45.588733" lon="23.62684">
        <ele>1252.3</ele>
      </trkpt>
      <trkpt lat="45.588596" lon="23.62689">
        <ele>1250.2</ele>
      </trkpt>
      <trkpt lat="45.588437" lon="23.627029">
        <ele>1248.2</ele>
      </trkpt>
      <trkpt lat="45.588251" lon="23.627272">
        <ele>1246.3</ele>
      </trkpt>
      <trkpt lat="45.587011" lon="23.629304">
        <ele>1254.1</ele>
      </trkpt>
      <trkpt lat="45.586869" lon="23.629447">
        <ele>1257.6</ele>
      </trkpt>
      <trkpt lat="45.586822" lon="23.62946">
        <ele>1259.3</ele>
      </trkpt>
      <trkpt lat="45.586708" lon="23.629414">
        <ele>1264.3</ele>
      </trkpt>
      <trkpt lat="45.586498" lon="23.629192">
        <ele>1272.3</ele>
      </trkpt>
      <trkpt lat="45.585875" lon="23.628456">
        <ele>1272.3</ele>
      </trkpt>
      <trkpt lat="45.58572" lon="23.628234">
        <ele>1273.2</ele>
      </trkpt>
      <trkpt lat="45.585362" lon="23.627474">
        <ele>1278.9</ele>
      </trkpt>
      <trkpt lat="45.585298" lon="23.627267">
        <ele>1280</ele>
      </trkpt>
      <trkpt lat="45.585238" lon="23.62684">
        <ele>1280.4</ele>
      </trkpt>
      <trkpt lat="45.585211" lon="23.625674">
        <ele>1271.8</ele>
      </trkpt>
      <trkpt lat="45.585191" lon="23.625515">
        <ele>1270.2</ele>
      </trkpt>
      <trkpt lat="45.585106" lon="23.625303">
        <ele>1267.4</ele>
      </trkpt>
      <trkpt lat="45.58502" lon="23.625179">
        <ele>1265.4</ele>
      </trkpt>
      <trkpt lat="45.584654" lon="23.624912">
        <ele>1260.1</ele>
      </trkpt>
      <trkpt lat="45.584362" lon="23.624808">
        <ele>1257.2</ele>
      </trkpt>
      <trkpt lat="45.584241" lon="23.624803">
        <ele>1256.4</ele>
      </trkpt>
      <trkpt lat="45.584008" lon="23.624879">
        <ele>1255.5</ele>
      </trkpt>
      <trkpt lat="45.583733" lon="23.625063">
        <ele>1255.2</ele>
      </trkpt>
      <trkpt lat="45.582746" lon="23.625916">
        <ele>1257.5</ele>
      </trkpt>
      <trkpt lat="45.582575" lon="23.626028">
        <ele>1257.8</ele>
      </trkpt>
      <trkpt lat="45.582327" lon="23.626054">
        <ele>1258</ele>
      </trkpt>
      <trkpt lat="45.581917" lon="23.626002">
        <ele>1256.8</ele>
      </trkpt>
      <trkpt lat="45.58161" lon="23.62595">
        <ele>1255</ele>
      </trkpt>
      <trkpt lat="45.581483" lon="23.625879">
        <ele>1253.3</ele>
      </trkpt>
      <trkpt lat="45.58118" lon="23.625573">
        <ele>1254.5</ele>
      </trkpt>
      <trkpt lat="45.580988" lon="23.625227">
        <ele>1256.5</ele>
      </trkpt>
      <trkpt lat="45.580826" lon="23.624799">
        <ele>1258.7</ele>
      </trkpt>
      <trkpt lat="45.580472" lon="23.623496">
        <ele>1265.4</ele>
      </trkpt>
      <trkpt lat="45.580428" lon="23.623349">
        <ele>1266.2</ele>
      </trkpt>
      <trkpt lat="45.580241" lon="23.622774">
        <ele>1268.4</ele>
      </trkpt>
      <trkpt lat="45.580195" lon="23.622665">
        <ele>1268.4</ele>
      </trkpt>
      <trkpt lat="45.58015" lon="23.622571">
        <ele>1268.1</ele>
      </trkpt>
      <trkpt lat="45.580101" lon="23.62248">
        <ele>1267.8</ele>
      </trkpt>
      <trkpt lat="45.580036" lon="23.622374">
        <ele>1267.5</ele>
      </trkpt>
      <trkpt lat="45.57999" lon="23.622314">
        <ele>1267.5</ele>
      </trkpt>
      <trkpt lat="45.579934" lon="23.622252">
        <ele>1267.3</ele>
      </trkpt>
      <trkpt lat="45.579811" lon="23.622151">
        <ele>1266.3</ele>
      </trkpt>
      <trkpt lat="45.579734" lon="23.622106">
        <ele>1265.5</ele>
      </trkpt>
      <trkpt lat="45.579668" lon="23.622071">
        <ele>1264.8</ele>
      </trkpt>
      <trkpt lat="45.579596" lon="23.622043">
        <ele>1264.5</ele>
      </trkpt>
      <trkpt lat="45.579455" lon="23.622008">
        <ele>1265.6</ele>
      </trkpt>
      <trkpt lat="45.579214" lon="23.62198">
        <ele>1267.8</ele>
      </trkpt>
      <trkpt lat="45.578845" lon="23.621968">
        <ele>1267.9</ele>
      </trkpt>
      <trkpt lat="45.578693" lon="23.621948">
        <ele>1267.6</ele>
      </trkpt>
      <trkpt lat="45.578172" lon="23.621752">
        <ele>1265.8</ele>
      </trkpt>
      <trkpt lat="45.577458" lon="23.621392">
        <ele>1267.7</ele>
      </trkpt>
      <trkpt lat="45.577237" lon="23.621222">
        <ele>1267.5</ele>
      </trkpt>
      <trkpt lat="45.576893" lon="23.620791">
        <ele>1263.7</ele>
      </trkpt>
      <trkpt lat="45.576746" lon="23.62065">
        <ele>1262.3</ele>
      </trkpt>
      <trkpt lat="45.576513" lon="23.62054">
        <ele>1260.4</ele>
      </trkpt>
      <trkpt lat="45.576108" lon="23.620469">
        <ele>1258.6</ele>
      </trkpt>
      <trkpt lat="45.575863" lon="23.620498">
        <ele>1258.6</ele>
      </trkpt>
      <trkpt lat="45.575175" lon="23.620965">
        <ele>1261.1</ele>
      </trkpt>
      <trkpt lat="45.57495" lon="23.621067">
        <ele>1262</ele>
      </trkpt>
      <trkpt lat="45.574762" lon="23.621074">
        <ele>1262.5</ele>
      </trkpt>
      <trkpt lat="45.574214" lon="23.620937">
        <ele>1262.6</ele>
      </trkpt>
      <trkpt lat="45.573774" lon="23.620968">
        <ele>1261.7</ele>
      </trkpt>
      <trkpt lat="45.573497" lon="23.621043">
        <ele>1263.1</ele>
      </trkpt>
      <trkpt lat="45.57285" lon="23.621434">
        <ele>1269.5</ele>
      </trkpt>
      <trkpt lat="45.572697" lon="23.621436">
        <ele>1270.9</ele>
      </trkpt>
      <trkpt lat="45.572546" lon="23.621393">
        <ele>1271.8</ele>
      </trkpt>
      <trkpt lat="45.572108" lon="23.621155">
        <ele>1270.1</ele>
      </trkpt>
      <trkpt lat="45.571421" lon="23.620727">
        <ele>1263.4</ele>
      </trkpt>
      <trkpt lat="45.571204" lon="23.620631">
        <ele>1261.5</ele>
      </trkpt>
      <trkpt lat="45.570837" lon="23.620553">
        <ele>1258.9</ele>
      </trkpt>
      <trkpt lat="45.570323" lon="23.620578">
        <ele>1257</ele>
      </trkpt>
      <trkpt lat="45.569307" lon="23.620784">
        <ele>1259.2</ele>
      </trkpt>
      <trkpt lat="45.569092" lon="23.620773">
        <ele>1259.9</ele>
      </trkpt>
      <trkpt lat="45.568975" lon="23.620727">
        <ele>1261.6</ele>
      </trkpt>
      <trkpt lat="45.568832" lon="23.620622">
        <ele>1264.5</ele>
      </trkpt>
      <trkpt lat="45.568719" lon="23.620468">
        <ele>1267.7</ele>
      </trkpt>
      <trkpt lat="45.568654" lon="23.620331">
        <ele>1269.8</ele>
      </trkpt>
      <trkpt lat="45.568576" lon="23.620036">
        <ele>1271.6</ele>
      </trkpt>
      <trkpt lat="45.568493" lon="23.619337">
        <ele>1272.8</ele>
      </trkpt>
      <trkpt lat="45.56843" lon="23.619042">
        <ele>1272.6</ele>
      </trkpt>
      <trkpt lat="45.568228" lon="23.618527">
        <ele>1270</ele>
      </trkpt>
      <trkpt lat="45.568048" lon="23.618234">
        <ele>1266.6</ele>
      </trkpt>
      <trkpt lat="45.567943" lon="23.618109">
        <ele>1264.9</ele>
      </trkpt>
      <trkpt lat="45.567724" lon="23.617939">
        <ele>1262.4</ele>
      </trkpt>
      <trkpt lat="45.567479" lon="23.617846">
        <ele>1260.6</ele>
      </trkpt>
      <trkpt lat="45.56719" lon="23.617825">
        <ele>1259.6</ele>
      </trkpt>
      <trkpt lat="45.566701" lon="23.617876">
        <ele>1259.7</ele>
      </trkpt>
      <trkpt lat="45.566247" lon="23.618029">
        <ele>1260.8</ele>
      </trkpt>
      <trkpt lat="45.565958" lon="23.618189">
        <ele>1261.2</ele>
      </trkpt>
      <trkpt lat="45.565635" lon="23.618429">
        <ele>1262.8</ele>
      </trkpt>
      <trkpt lat="45.564779" lon="23.619244">
        <ele>1266.9</ele>
      </trkpt>
      <trkpt lat="45.564562" lon="23.619587">
        <ele>1265.7</ele>
      </trkpt>
      <trkpt lat="45.56444" lon="23.619916">
        <ele>1263.6</ele>
      </trkpt>
      <trkpt lat="45.564176" lon="23.621176">
        <ele>1255.1</ele>
      </trkpt>
      <trkpt lat="45.564121" lon="23.621352">
        <ele>1255.6</ele>
      </trkpt>
      <trkpt lat="45.564006" lon="23.621552">
        <ele>1257.3</ele>
      </trkpt>
      <trkpt lat="45.563809" lon="23.621733">
        <ele>1259.4</ele>
      </trkpt>
      <trkpt lat="45.563641" lon="23.62181">
        <ele>1260.8</ele>
      </trkpt>
      <trkpt lat="45.563339" lon="23.621845">
        <ele>1262.8</ele>
      </trkpt>
      <trkpt lat="45.562291" lon="23.62187">
        <ele>1255.4</ele>
      </trkpt>
      <trkpt lat="45.56189" lon="23.621867">
        <ele>1261.2</ele>
      </trkpt>
      <trkpt lat="45.561605" lon="23.621781">
        <ele>1265.8</ele>
      </trkpt>
      <trkpt lat="45.561357" lon="23.621578">
        <ele>1270.7</ele>
      </trkpt>
      <trkpt lat="45.561219" lon="23.621361">
        <ele>1274.1</ele>
      </trkpt>
      <trkpt lat="45.561156" lon="23.621171">
        <ele>1274.1</ele>
      </trkpt>
      <trkpt lat="45.561138" lon="23.620953">
        <ele>1273.5</ele>
      </trkpt>
      <trkpt lat="45.561152" lon="23.618853">
        <ele>1267.2</ele>
      </trkpt>
      <trkpt lat="45.561129" lon="23.618414">
        <ele>1265.7</ele>
      </trkpt>
      <trkpt lat="45.561083" lon="23.61822">
        <ele>1265</ele>
      </trkpt>
      <trkpt lat="45.56102" lon="23.618086">
        <ele>1264.3</ele>
      </trkpt>
      <trkpt lat="45.560922" lon="23.617943">
        <ele>1263.3</ele>
      </trkpt>
      <trkpt lat="45.560824" lon="23.617855">
        <ele>1262.4</ele>
      </trkpt>
      <trkpt lat="45.560657" lon="23.617769">
        <ele>1260.9</ele>
      </trkpt>
      <trkpt lat="45.560446" lon="23.61773">
        <ele>1259.5</ele>
      </trkpt>
      <trkpt lat="45.560205" lon="23.617776">
        <ele>1258.4</ele>
      </trkpt>
      <trkpt lat="45.560023" lon="23.617877">
        <ele>1257.5</ele>
      </trkpt>
      <trkpt lat="45.559727" lon="23.618223">
        <ele>1256.8</ele>
      </trkpt>
      <trkpt lat="45.559646" lon="23.618386">
        <ele>1256.9</ele>
      </trkpt>
      <trkpt lat="45.559348" lon="23.619292">
        <ele>1256.6</ele>
      </trkpt>
      <trkpt lat="45.559241" lon="23.619436">
        <ele>1255.8</ele>
      </trkpt>
      <trkpt lat="45.559056" lon="23.619542">
        <ele>1254.1</ele>
      </trkpt>
      <trkpt lat="45.558778" lon="23.619619">
        <ele>1253.6</ele>
      </trkpt>
      <trkpt lat="45.558216" lon="23.619659">
        <ele>1253.5</ele>
      </trkpt>
      <trkpt lat="45.558055" lon="23.619695">
        <ele>1254.2</ele>
      </trkpt>
      <trkpt lat="45.557864" lon="23.619787">
        <ele>1257.1</ele>
      </trkpt>
      <trkpt lat="45.557405" lon="23.620193">
        <ele>1265.8</ele>
      </trkpt>
      <trkpt lat="45.557254" lon="23.620307">
        <ele>1267.3</ele>
      </trkpt>
      <trkpt lat="45.557132" lon="23.620357">
        <ele>1267.8</ele>
      </trkpt>
      <trkpt lat="45.556933" lon="23.620364">
        <ele>1267.4</ele>
      </trkpt>
      <trkpt lat="45.556592" lon="23.620207">
        <ele>1264.9</ele>
      </trkpt>
      <trkpt lat="45.556291" lon="23.620134">
        <ele>1262.3</ele>
      </trkpt>
      <trkpt lat="45.556039" lon="23.620151">
        <ele>1260.2</ele>
      </trkpt>
      <trkpt lat="45.555873" lon="23.620247">
        <ele>1259</ele>
      </trkpt>
      <trkpt lat="45.555809" lon="23.62032">
        <ele>1258.5</ele>
      </trkpt>
      <trkpt lat="45.555218" lon="23.621277">
        <ele>1254.7</ele>
      </trkpt>
      <trkpt lat="45.554684" lon="23.622245">
        <ele>1254</ele>
      </trkpt>
      <trkpt lat="45.554286" lon="23.623106">
        <ele>1253.2</ele>
      </trkpt>
      <trkpt lat="45.553999" lon="23.62386">
        <ele>1255.4</ele>
      </trkpt>
      <trkpt lat="45.55386" lon="23.624116">
        <ele>1255.6</ele>
      </trkpt>
      <trkpt lat="45.552825" lon="23.625265">
        <ele>1257.3</ele>
      </trkpt>
      <trkpt lat="45.55278" lon="23.625361">
        <ele>1257.8</ele>
      </trkpt>
      <trkpt lat="45.552734" lon="23.625558">
        <ele>1258.7</ele>
      </trkpt>
      <trkpt lat="45.552704" lon="23.626231">
        <ele>1261.4</ele>
      </trkpt>
      <trkpt lat="45.55263" lon="23.626449">
        <ele>1262.3</ele>
      </trkpt>
      <trkpt lat="45.552367" lon="23.626749">
        <ele>1263.6</ele>
      </trkpt>
      <trkpt lat="45.552134" lon="23.626855">
        <ele>1262.8</ele>
      </trkpt>
      <trkpt lat="45.55196" lon="23.626853">
        <ele>1261.8</ele>
      </trkpt>
      <trkpt lat="45.551245" lon="23.626695">
        <ele>1255.3</ele>
      </trkpt>
      <trkpt lat="45.551065" lon="23.626766">
        <ele>1254.2</ele>
      </trkpt>
      <trkpt lat="45.550932" lon="23.62691">
        <ele>1254</ele>
      </trkpt>
      <trkpt lat="45.55085" lon="23.627129">
        <ele>1254.4</ele>
      </trkpt>
      <trkpt lat="45.550824" lon="23.627526">
        <ele>1256.1</ele>
      </trkpt>
      <trkpt lat="45.550754" lon="23.627925">
        <ele>1257.5</ele>
      </trkpt>
      <trkpt lat="45.550203" lon="23.629107">
        <ele>1257.1</ele>
      </trkpt>
      <trkpt lat="45.550138" lon="23.629295">
        <ele>1257.3</ele>
      </trkpt>
      <trkpt lat="45.549948" lon="23.630118">
        <ele>1260.1</ele>
      </trkpt>
      <trkpt lat="45.54987" lon="23.630563">
        <ele>1261.2</ele>
      </trkpt>
      <trkpt lat="45.549797" lon="23.630728">
        <ele>1261.6</ele>
      </trkpt>
      <trkpt lat="45.549607" lon="23.630902">
        <ele>1262.1</ele>
      </trkpt>
      <trkpt lat="45.549199" lon="23.631026">
        <ele>1263.2</ele>
      </trkpt>
      <trkpt lat="45.548963" lon="23.631191">
        <ele>1262.9</ele>
      </trkpt>
      <trkpt lat="45.548619" lon="23.631698">
        <ele>1262.8</ele>
      </trkpt>
      <trkpt lat="45.548483" lon="23.631854">
        <ele>1262</ele>
      </trkpt>
      <trkpt lat="45.547958" lon="23.632264">
        <ele>1258.8</ele>
      </trkpt>
      <trkpt lat="45.547381" lon="23.632883">
        <ele>1259.4</ele>
      </trkpt>
      <trkpt lat="45.546823" lon="23.633536">
        <ele>1259.2</ele>
      </trkpt>
      <trkpt lat="45.546402" lon="23.634158">
        <ele>1255.6</ele>
      </trkpt>
      <trkpt lat="45.546103" lon="23.634745">
        <ele>1252.9</ele>
      </trkpt>
      <trkpt lat="45.545626" lon="23.635556">
        <ele>1252.1</ele>
      </trkpt>
      <trkpt lat="45.544939" lon="23.6372">
        <ele>1261.8</ele>
      </trkpt>
      <trkpt lat="45.544776" lon="23.637453">
        <ele>1262.7</ele>
      </trkpt>
      <trkpt lat="45.544585" lon="23.637563">
        <ele>1263</ele>
      </trkpt>
      <trkpt lat="45.544224" lon="23.63761">
        <ele>1261.4</ele>
      </trkpt>
      <trkpt lat="45.543154" lon="23.637443">
        <ele>1256.7</ele>
      </trkpt>
      <trkpt lat="45.542657" lon="23.637463">
        <ele>1255.9</ele>
      </trkpt>
      <trkpt lat="45.542338" lon="23.637552">
        <ele>1256.4</ele>
      </trkpt>
      <trkpt lat="45.541573" lon="23.637839">
        <ele>1256.8</ele>
      </trkpt>
      <trkpt lat="45.541037" lon="23.638127">
        <ele>1254.1</ele>
      </trkpt>
      <trkpt lat="45.540313" lon="23.638541">
        <ele>1256.5</ele>
      </trkpt>
      <trkpt lat="45.539857" lon="23.638763">
        <ele>1257.8</ele>
      </trkpt>
      <trkpt lat="45.539842" lon="23.638769">
        <ele>1257.8</ele>
      </trkpt>
      <trkpt lat="45.539559" lon="23.638828">
        <ele>1256.7</ele>
      </trkpt>
      <trkpt lat="45.539149" lon="23.63906">
        <ele>1258.5</ele>
      </trkpt>
      <trkpt lat="45.538828" lon="23.639157">
        <ele>1259.3</ele>
      </trkpt>
      <trkpt lat="45.536787" lon="23.639497">
        <ele>1264.1</ele>
      </trkpt>
      <trkpt lat="45.53578" lon="23.639473">
        <ele>1262.3</ele>
      </trkpt>
      <trkpt lat="45.535508" lon="23.639539">
        <ele>1260.9</ele>
      </trkpt>
      <trkpt lat="45.535344" lon="23.639628">
        <ele>1259.8</ele>
      </trkpt>
      <trkpt lat="45.53504" lon="23.639865">
        <ele>1257.8</ele>
      </trkpt>
      <trkpt lat="45.534839" lon="23.640062">
        <ele>1257.1</ele>
      </trkpt>
      <trkpt lat="45.533388" lon="23.641719">
        <ele>1261</ele>
      </trkpt>
      <trkpt lat="45.532989" lon="23.642216">
        <ele>1262</ele>
      </trkpt>
      <trkpt lat="45.532556" lon="23.642823">
        <ele>1262.6</ele>
      </trkpt>
      <trkpt lat="45.532418" lon="23.642946">
        <ele>1262.7</ele>
      </trkpt>
      <trkpt lat="45.532172" lon="23.643084">
        <ele>1262.8</ele>
      </trkpt>
      <trkpt lat="45.531304" lon="23.643385">
        <ele>1262.8</ele>
      </trkpt>
      <trkpt lat="45.531161" lon="23.643481">
        <ele>1263.1</ele>
      </trkpt>
      <trkpt lat="45.53076" lon="23.644237">
        <ele>1265.2</ele>
      </trkpt>
      <trkpt lat="45.530314" lon="23.644875">
        <ele>1266.5</ele>
      </trkpt>
      <trkpt lat="45.530105" lon="23.64513">
        <ele>1266.4</ele>
      </trkpt>
      <trkpt lat="45.529891" lon="23.645333">
        <ele>1266.7</ele>
      </trkpt>
      <trkpt lat="45.52913" lon="23.645812">
        <ele>1270</ele>
      </trkpt>
      <trkpt lat="45.528679" lon="23.646214">
        <ele>1274.1</ele>
      </trkpt>
      <trkpt lat="45.527863" lon="23.647047">
        <ele>1280.1</ele>
      </trkpt>
      <trkpt lat="45.527524" lon="23.647468">
        <ele>1280.3</ele>
      </trkpt>
      <trkpt lat="45.527297" lon="23.647671">
        <ele>1280.4</ele>
      </trkpt>
      <trkpt lat="45.526994" lon="23.647829">
        <ele>1280.2</ele>
      </trkpt>
      <trkpt lat="45.526861" lon="23.647863">
        <ele>1280.2</ele>
      </trkpt>
      <trkpt lat="45.526716" lon="23.647846">
        <ele>1280.5</ele>
      </trkpt>
      <trkpt lat="45.526485" lon="23.647702">
        <ele>1281.3</ele>
      </trkpt>
      <trkpt lat="45.526164" lon="23.647317">
        <ele>1281.3</ele>
      </trkpt>
      <trkpt lat="45.525874" lon="23.646823">
        <ele>1280.9</ele>
      </trkpt>
      <trkpt lat="45.525698" lon="23.646382">
        <ele>1280.5</ele>
      </trkpt>
      <trkpt lat="45.525509" lon="23.646009">
        <ele>1280.4</ele>
      </trkpt>
      <trkpt lat="45.525321" lon="23.645781">
        <ele>1280.7</ele>
      </trkpt>
      <trkpt lat="45.525068" lon="23.645572">
        <ele>1281.2</ele>
      </trkpt>
      <trkpt lat="45.524754" lon="23.645368">
        <ele>1282.2</ele>
      </trkpt>
      <trkpt lat="45.524033" lon="23.645216">
        <ele>1288.2</ele>
      </trkpt>
      <trkpt lat="45.523811" lon="23.645253">
        <ele>1290.2</ele>
      </trkpt>
      <trkpt lat="45.523618" lon="23.645433">
        <ele>1291.7</ele>
      </trkpt>
      <trkpt lat="45.523539" lon="23.645622">
        <ele>1292.2</ele>
      </trkpt>
      <trkpt lat="45.523476" lon="23.646464">
        <ele>1291.8</ele>
      </trkpt>
      <trkpt lat="45.523396" lon="23.646718">
        <ele>1291.3</ele>
      </trkpt>
      <trkpt lat="45.523317" lon="23.646858">
        <ele>1291</ele>
      </trkpt>
      <trkpt lat="45.522684" lon="23.647638">
        <ele>1288.6</ele>
      </trkpt>
      <trkpt lat="45.522226" lon="23.648363">
        <ele>1287.5</ele>
      </trkpt>
      <trkpt lat="45.521919" lon="23.648764">
        <ele>1287.5</ele>
      </trkpt>
      <trkpt lat="45.521773" lon="23.648884">
        <ele>1287.8</ele>
      </trkpt>
      <trkpt lat="45.521548" lon="23.648986">
        <ele>1288.2</ele>
      </trkpt>
      <trkpt lat="45.520752" lon="23.649271">
        <ele>1292.3</ele>
      </trkpt>
      <trkpt lat="45.520302" lon="23.649378">
        <ele>1298.5</ele>
      </trkpt>
      <trkpt lat="45.520125" lon="23.649548">
        <ele>1301.2</ele>
      </trkpt>
      <trkpt lat="45.520024" lon="23.649811">
        <ele>1303.4</ele>
      </trkpt>
      <trkpt lat="45.520006" lon="23.650093">
        <ele>1305</ele>
      </trkpt>
      <trkpt lat="45.520136" lon="23.650896">
        <ele>1301.3</ele>
      </trkpt>
      <trkpt lat="45.520158" lon="23.6514">
        <ele>1302.7</ele>
      </trkpt>
      <trkpt lat="45.520138" lon="23.651664">
        <ele>1302.7</ele>
      </trkpt>
      <trkpt lat="45.520096" lon="23.651805">
        <ele>1302.6</ele>
      </trkpt>
      <trkpt lat="45.519973" lon="23.652003">
        <ele>1302.7</ele>
      </trkpt>
      <trkpt lat="45.519746" lon="23.652148">
        <ele>1303.3</ele>
      </trkpt>
      <trkpt lat="45.519496" lon="23.652229">
        <ele>1304.2</ele>
      </trkpt>
      <trkpt lat="45.519274" lon="23.652206">
        <ele>1305.1</ele>
      </trkpt>
      <trkpt lat="45.518792" lon="23.651892">
        <ele>1307.9</ele>
      </trkpt>
      <trkpt lat="45.5185" lon="23.651642">
        <ele>1309.5</ele>
      </trkpt>
      <trkpt lat="45.517829" lon="23.650784">
        <ele>1308.9</ele>
      </trkpt>
      <trkpt lat="45.517565" lon="23.650513">
        <ele>1310.7</ele>
      </trkpt>
      <trkpt lat="45.517316" lon="23.650395">
        <ele>1312.1</ele>
      </trkpt>
      <trkpt lat="45.516865" lon="23.650318">
        <ele>1314.5</ele>
      </trkpt>
      <trkpt lat="45.516433" lon="23.650315">
        <ele>1318</ele>
      </trkpt>
      <trkpt lat="45.516068" lon="23.650461">
        <ele>1319.9</ele>
      </trkpt>
      <trkpt lat="45.515809" lon="23.650715">
        <ele>1320.4</ele>
      </trkpt>
      <trkpt lat="45.515542" lon="23.65112">
        <ele>1318.8</ele>
      </trkpt>
      <trkpt lat="45.51539" lon="23.651248">
        <ele>1317</ele>
      </trkpt>
      <trkpt lat="45.515285" lon="23.651296">
        <ele>1315.8</ele>
      </trkpt>
      <trkpt lat="45.514674" lon="23.651376">
        <ele>1311.1</ele>
      </trkpt>
      <trkpt lat="45.514409" lon="23.651414">
        <ele>1313.5</ele>
      </trkpt>
      <trkpt lat="45.514341" lon="23.65136">
        <ele>1314.5</ele>
      </trkpt>
      <trkpt lat="45.514235" lon="23.651031">
        <ele>1316.9</ele>
      </trkpt>
      <trkpt lat="45.514168" lon="23.650914">
        <ele>1317.3</ele>
      </trkpt>
      <trkpt lat="45.513965" lon="23.650658">
        <ele>1318.2</ele>
      </trkpt>
      <trkpt lat="45.513693" lon="23.650501">
        <ele>1319.8</ele>
      </trkpt>
      <trkpt lat="45.513183" lon="23.65041">
        <ele>1322.9</ele>
      </trkpt>
      <trkpt lat="45.51301" lon="23.650306">
        <ele>1323.9</ele>
      </trkpt>
      <trkpt lat="45.512616" lon="23.649771">
        <ele>1326.6</ele>
      </trkpt>
      <trkpt lat="45.512406" lon="23.649439">
        <ele>1327.5</ele>
      </trkpt>
      <trkpt lat="45.512097" lon="23.649041">
        <ele>1329</ele>
      </trkpt>
      <trkpt lat="45.511984" lon="23.64895">
        <ele>1329.6</ele>
      </trkpt>
      <trkpt lat="45.511714" lon="23.648891">
        <ele>1330.8</ele>
      </trkpt>
      <trkpt lat="45.510801" lon="23.648944">
        <ele>1333.2</ele>
      </trkpt>
      <trkpt lat="45.510586" lon="23.648982">
        <ele>1333.3</ele>
      </trkpt>
      <trkpt lat="45.509997" lon="23.649325">
        <ele>1332.7</ele>
      </trkpt>
      <trkpt lat="45.509286" lon="23.649825">
        <ele>1336.2</ele>
      </trkpt>
      <trkpt lat="45.509177" lon="23.649892">
        <ele>1335.5</ele>
      </trkpt>
      <trkpt lat="45.508954" lon="23.649964">
        <ele>1335.1</ele>
      </trkpt>
      <trkpt lat="45.508837" lon="23.649991">
        <ele>1336.2</ele>
      </trkpt>
      <trkpt lat="45.508633" lon="23.649983">
        <ele>1338.3</ele>
      </trkpt>
      <trkpt lat="45.507899" lon="23.649752">
        <ele>1344.8</ele>
      </trkpt>
      <trkpt lat="45.507622" lon="23.649624">
        <ele>1345.7</ele>
      </trkpt>
      <trkpt lat="45.507265" lon="23.649383">
        <ele>1342.2</ele>
      </trkpt>
      <trkpt lat="45.506445" lon="23.648967">
        <ele>1348.9</ele>
      </trkpt>
      <trkpt lat="45.506352" lon="23.648868">
        <ele>1350</ele>
      </trkpt>
      <trkpt lat="45.506228" lon="23.648226">
        <ele>1355.6</ele>
      </trkpt>
      <trkpt lat="45.506023" lon="23.64738">
        <ele>1366</ele>
      </trkpt>
      <trkpt lat="45.505848" lon="23.646836">
        <ele>1373</ele>
      </trkpt>
      <trkpt lat="45.505772" lon="23.646666">
        <ele>1374.9</ele>
      </trkpt>
      <trkpt lat="45.505647" lon="23.646559">
        <ele>1376.3</ele>
      </trkpt>
      <trkpt lat="45.505599" lon="23.646572">
        <ele>1376.6</ele>
      </trkpt>
      <trkpt lat="45.505547" lon="23.646691">
        <ele>1376.8</ele>
      </trkpt>
      <trkpt lat="45.505382" lon="23.648626">
        <ele>1366.2</ele>
      </trkpt>
      <trkpt lat="45.505342" lon="23.648823">
        <ele>1365.2</ele>
      </trkpt>
      <trkpt lat="45.505263" lon="23.648999">
        <ele>1364.4</ele>
      </trkpt>
      <trkpt lat="45.505036" lon="23.649152">
        <ele>1363.4</ele>
      </trkpt>
      <trkpt lat="45.504751" lon="23.649193">
        <ele>1362.3</ele>
      </trkpt>
      <trkpt lat="45.504472" lon="23.649121">
        <ele>1361.9</ele>
      </trkpt>
      <trkpt lat="45.504174" lon="23.649125">
        <ele>1362.7</ele>
      </trkpt>
      <trkpt lat="45.50409" lon="23.649008">
        <ele>1363.2</ele>
      </trkpt>
      <trkpt lat="45.504027" lon="23.648788">
        <ele>1364.1</ele>
      </trkpt>
      <trkpt lat="45.504028" lon="23.64796">
        <ele>1368.3</ele>
      </trkpt>
      <trkpt lat="45.504044" lon="23.647335">
        <ele>1370.9</ele>
      </trkpt>
      <trkpt lat="45.504114" lon="23.646434">
        <ele>1374.1</ele>
      </trkpt>
      <trkpt lat="45.504197" lon="23.644165">
        <ele>1389.7</ele>
      </trkpt>
      <trkpt lat="45.504278" lon="23.643958">
        <ele>1391.7</ele>
      </trkpt>
      <trkpt lat="45.504617" lon="23.643481">
        <ele>1397.8</ele>
      </trkpt>
      <trkpt lat="45.504735" lon="23.643266">
        <ele>1400.2</ele>
      </trkpt>
      <trkpt lat="45.504778" lon="23.643095">
        <ele>1401.5</ele>
      </trkpt>
      <trkpt lat="45.50481" lon="23.642541">
        <ele>1403.9</ele>
      </trkpt>
      <trkpt lat="45.504794" lon="23.642462">
        <ele>1404.1</ele>
      </trkpt>
      <trkpt lat="45.504734" lon="23.642366">
        <ele>1404.4</ele>
      </trkpt>
      <trkpt lat="45.504652" lon="23.642346">
        <ele>1404.5</ele>
      </trkpt>
      <trkpt lat="45.504558" lon="23.642405">
        <ele>1404.5</ele>
      </trkpt>
      <trkpt lat="45.504416" lon="23.642647">
        <ele>1404</ele>
      </trkpt>
      <trkpt lat="45.504292" lon="23.642769">
        <ele>1403.8</ele>
      </trkpt>
      <trkpt lat="45.504174" lon="23.64279">
        <ele>1403.8</ele>
      </trkpt>
      <trkpt lat="45.504066" lon="23.64273">
        <ele>1403.8</ele>
      </trkpt>
      <trkpt lat="45.504007" lon="23.642585">
        <ele>1404.1</ele>
      </trkpt>
      <trkpt lat="45.503884" lon="23.641871">
        <ele>1407.2</ele>
      </trkpt>
      <trkpt lat="45.503653" lon="23.641367">
        <ele>1410.3</ele>
      </trkpt>
      <trkpt lat="45.503358" lon="23.640722">
        <ele>1417.1</ele>
      </trkpt>
      <trkpt lat="45.502769" lon="23.640098">
        <ele>1422</ele>
      </trkpt>
      <trkpt lat="45.50258" lon="23.639996">
        <ele>1423</ele>
      </trkpt>
      <trkpt lat="45.501807" lon="23.6398">
        <ele>1426.1</ele>
      </trkpt>
      <trkpt lat="45.501604" lon="23.63968">
        <ele>1427.7</ele>
      </trkpt>
      <trkpt lat="45.501265" lon="23.639313">
        <ele>1431.6</ele>
      </trkpt>
      <trkpt lat="45.501136" lon="23.639299">
        <ele>1432.9</ele>
      </trkpt>
      <trkpt lat="45.500807" lon="23.639523">
        <ele>1436.5</ele>
      </trkpt>
      <trkpt lat="45.500411" lon="23.639493">
        <ele>1439.6</ele>
      </trkpt>
      <trkpt lat="45.500268" lon="23.639512">
        <ele>1440.6</ele>
      </trkpt>
      <trkpt lat="45.500034" lon="23.63978">
        <ele>1442</ele>
      </trkpt>
      <trkpt lat="45.499597" lon="23.639861">
        <ele>1441.7</ele>
      </trkpt>
      <trkpt lat="45.499533" lon="23.639905">
        <ele>1441.7</ele>
      </trkpt>
      <trkpt lat="45.499504" lon="23.639961">
        <ele>1441.6</ele>
      </trkpt>
      <trkpt lat="45.499459" lon="23.640283">
        <ele>1441.4</ele>
      </trkpt>
      <trkpt lat="45.499337" lon="23.640466">
        <ele>1440.8</ele>
      </trkpt>
      <trkpt lat="45.499131" lon="23.640556">
        <ele>1440.2</ele>
      </trkpt>
      <trkpt lat="45.498945" lon="23.640566">
        <ele>1440.5</ele>
      </trkpt>
      <trkpt lat="45.498727" lon="23.640474">
        <ele>1442.1</ele>
      </trkpt>
      <trkpt lat="45.498537" lon="23.640058">
        <ele>1445.2</ele>
      </trkpt>
      <trkpt lat="45.498447" lon="23.639954">
        <ele>1446.4</ele>
      </trkpt>
      <trkpt lat="45.498002" lon="23.639894">
        <ele>1451.3</ele>
      </trkpt>
      <trkpt lat="45.497856" lon="23.639789">
        <ele>1453</ele>
      </trkpt>
      <trkpt lat="45.497679" lon="23.639588">
        <ele>1455.1</ele>
      </trkpt>
      <trkpt lat="45.497257" lon="23.639224">
        <ele>1459.7</ele>
      </trkpt>
      <trkpt lat="45.497012" lon="23.638814">
        <ele>1463.1</ele>
      </trkpt>
      <trkpt lat="45.496948" lon="23.638754">
        <ele>1463.8</ele>
      </trkpt>
      <trkpt lat="45.49688" lon="23.638721">
        <ele>1464.4</ele>
      </trkpt>
      <trkpt lat="45.496325" lon="23.638673">
        <ele>1469.3</ele>
      </trkpt>
      <trkpt lat="45.495872" lon="23.638486">
        <ele>1472.8</ele>
      </trkpt>
      <trkpt lat="45.495655" lon="23.638465">
        <ele>1474.7</ele>
      </trkpt>
      <trkpt lat="45.494842" lon="23.638369">
        <ele>1479.5</ele>
      </trkpt>
      <trkpt lat="45.494646" lon="23.638304">
        <ele>1480.6</ele>
      </trkpt>
      <trkpt lat="45.494471" lon="23.638201">
        <ele>1481.6</ele>
      </trkpt>
      <trkpt lat="45.49342" lon="23.637408">
        <ele>1490.5</ele>
      </trkpt>
      <trkpt lat="45.493289" lon="23.637343">
        <ele>1492.3</ele>
      </trkpt>
      <trkpt lat="45.492932" lon="23.637271">
        <ele>1497.3</ele>
      </trkpt>
      <trkpt lat="45.492197" lon="23.63723">
        <ele>1505.5</ele>
      </trkpt>
      <trkpt lat="45.491617" lon="23.637028">
        <ele>1511</ele>
      </trkpt>
      <trkpt lat="45.491329" lon="23.637017">
        <ele>1514.2</ele>
      </trkpt>
      <trkpt lat="45.491002" lon="23.637126">
        <ele>1518.1</ele>
      </trkpt>
      <trkpt lat="45.490564" lon="23.637394">
        <ele>1522.5</ele>
      </trkpt>
      <trkpt lat="45.489758" lon="23.637555">
        <ele>1526.7</ele>
      </trkpt>
      <trkpt lat="45.488118" lon="23.638125">
        <ele>1544.4</ele>
      </trkpt>
      <trkpt lat="45.487924" lon="23.638257">
        <ele>1546.9</ele>
      </trkpt>
      <trkpt lat="45.487512" lon="23.63867">
        <ele>1552.5</ele>
      </trkpt>
      <trkpt lat="45.486473" lon="23.639528">
        <ele>1561.3</ele>
      </trkpt>
      <trkpt lat="45.486182" lon="23.639729">
        <ele>1563.4</ele>
      </trkpt>
      <trkpt lat="45.486031" lon="23.639792">
        <ele>1564.3</ele>
      </trkpt>
      <trkpt lat="45.485886" lon="23.639834">
        <ele>1565.1</ele>
      </trkpt>
      <trkpt lat="45.485554" lon="23.639862">
        <ele>1566.6</ele>
      </trkpt>
      <trkpt lat="45.484163" lon="23.639735">
        <ele>1570.1</ele>
      </trkpt>
      <trkpt lat="45.483948" lon="23.639597">
        <ele>1570.6</ele>
      </trkpt>
      <trkpt lat="45.483841" lon="23.639375">
        <ele>1571.1</ele>
      </trkpt>
      <trkpt lat="45.483658" lon="23.63832">
        <ele>1574.3</ele>
      </trkpt>
      <trkpt lat="45.483392" lon="23.637533">
        <ele>1577.7</ele>
      </trkpt>
      <trkpt lat="45.483226" lon="23.637216">
        <ele>1579.6</ele>
      </trkpt>
      <trkpt lat="45.482876" lon="23.636836">
        <ele>1582.3</ele>
      </trkpt>
      <trkpt lat="45.482079" lon="23.63613">
        <ele>1589.3</ele>
      </trkpt>
      <trkpt lat="45.481888" lon="23.63583">
        <ele>1592.2</ele>
      </trkpt>
      <trkpt lat="45.481686" lon="23.635292">
        <ele>1597.4</ele>
      </trkpt>
      <trkpt lat="45.48152" lon="23.634991">
        <ele>1601</ele>
      </trkpt>
      <trkpt lat="45.480581" lon="23.633889">
        <ele>1617.3</ele>
      </trkpt>
      <trkpt lat="45.480313" lon="23.63366">
        <ele>1620.9</ele>
      </trkpt>
      <trkpt lat="45.480236" lon="23.63362">
        <ele>1621.8</ele>
      </trkpt>
      <trkpt lat="45.48016" lon="23.633621">
        <ele>1622.6</ele>
      </trkpt>
      <trkpt lat="45.480063" lon="23.633722">
        <ele>1623.8</ele>
      </trkpt>
      <trkpt lat="45.479949" lon="23.634086">
        <ele>1625.5</ele>
      </trkpt>
      <trkpt lat="45.479877" lon="23.634318">
        <ele>1626.7</ele>
      </trkpt>
      <trkpt lat="45.479571" lon="23.635044">
        <ele>1630.9</ele>
      </trkpt>
      <trkpt lat="45.47942" lon="23.63578">
        <ele>1632.7</ele>
      </trkpt>
      <trkpt lat="45.479366" lon="23.636279">
        <ele>1633.3</ele>
      </trkpt>
      <trkpt lat="45.479338" lon="23.637591">
        <ele>1637.7</ele>
      </trkpt>
      <trkpt lat="45.47929" lon="23.638019">
        <ele>1640.5</ele>
      </trkpt>
      <trkpt lat="45.479168" lon="23.638375">
        <ele>1643</ele>
      </trkpt>
      <trkpt lat="45.478859" lon="23.638933">
        <ele>1646.5</ele>
      </trkpt>
      <trkpt lat="45.478606" lon="23.639218">
        <ele>1649.1</ele>
      </trkpt>
      <trkpt lat="45.478074" lon="23.639658">
        <ele>1655.2</ele>
      </trkpt>
      <trkpt lat="45.477589" lon="23.640256">
        <ele>1661.4</ele>
      </trkpt>
      <trkpt lat="45.477348" lon="23.640438">
        <ele>1663</ele>
      </trkpt>
      <trkpt lat="45.477032" lon="23.640528">
        <ele>1665.1</ele>
      </trkpt>
      <trkpt lat="45.475569" lon="23.640544">
        <ele>1677.2</ele>
      </trkpt>
      <trkpt lat="45.475191" lon="23.640414">
        <ele>1679.6</ele>
      </trkpt>
      <trkpt lat="45.474918" lon="23.640234">
        <ele>1681.6</ele>
      </trkpt>
      <trkpt lat="45.474801" lon="23.640107">
        <ele>1682.6</ele>
      </trkpt>
      <trkpt lat="45.474703" lon="23.639834">
        <ele>1684.2</ele>
      </trkpt>
      <trkpt lat="45.474692" lon="23.639338">
        <ele>1686.6</ele>
      </trkpt>
      <trkpt lat="45.474758" lon="23.638857">
        <ele>1688.5</ele>
      </trkpt>
      <trkpt lat="45.474963" lon="23.637883">
        <ele>1691.3</ele>
      </trkpt>
      <trkpt lat="45.474982" lon="23.637328">
        <ele>1692.4</ele>
      </trkpt>
      <trkpt lat="45.47489" lon="23.636874">
        <ele>1692.9</ele>
      </trkpt>
      <trkpt lat="45.474716" lon="23.636278">
        <ele>1694.2</ele>
      </trkpt>
      <trkpt lat="45.474609" lon="23.635711">
        <ele>1695.2</ele>
      </trkpt>
      <trkpt lat="45.474539" lon="23.635481">
        <ele>1695.4</ele>
      </trkpt>
      <trkpt lat="45.474456" lon="23.635336">
        <ele>1695.6</ele>
      </trkpt>
      <trkpt lat="45.474102" lon="23.635102">
        <ele>1696.3</ele>
      </trkpt>
      <trkpt lat="45.473556" lon="23.634522">
        <ele>1695.5</ele>
      </trkpt>
      <trkpt lat="45.47331" lon="23.634391">
        <ele>1694.9</ele>
      </trkpt>
      <trkpt lat="45.473056" lon="23.634348">
        <ele>1694.2</ele>
      </trkpt>
      <trkpt lat="45.472913" lon="23.634248">
        <ele>1693.8</ele>
      </trkpt>
      <trkpt lat="45.472766" lon="23.633955">
        <ele>1693.7</ele>
      </trkpt>
      <trkpt lat="45.472509" lon="23.633043">
        <ele>1697.5</ele>
      </trkpt>
      <trkpt lat="45.472365" lon="23.632414">
        <ele>1701.9</ele>
      </trkpt>
      <trkpt lat="45.472335" lon="23.632329">
        <ele>1702.4</ele>
      </trkpt>
      <trkpt lat="45.472254" lon="23.632253">
        <ele>1702.7</ele>
      </trkpt>
      <trkpt lat="45.472204" lon="23.632246">
        <ele>1702.8</ele>
      </trkpt>
      <trkpt lat="45.472069" lon="23.632303">
        <ele>1703.1</ele>
      </trkpt>
      <trkpt lat="45.471474" lon="23.632889">
        <ele>1701.8</ele>
      </trkpt>
      <trkpt lat="45.471165" lon="23.633235">
        <ele>1698.6</ele>
      </trkpt>
      <trkpt lat="45.470894" lon="23.633487">
        <ele>1698</ele>
      </trkpt>
      <trkpt lat="45.470573" lon="23.633704">
        <ele>1697.5</ele>
      </trkpt>
      <trkpt lat="45.470297" lon="23.633746">
        <ele>1697</ele>
      </trkpt>
      <trkpt lat="45.469911" lon="23.633646">
        <ele>1695.7</ele>
      </trkpt>
      <trkpt lat="45.469697" lon="23.633536">
        <ele>1694.8</ele>
      </trkpt>
      <trkpt lat="45.469382" lon="23.633319">
        <ele>1692.9</ele>
      </trkpt>
      <trkpt lat="45.469044" lon="23.633004">
        <ele>1689.3</ele>
      </trkpt>
      <trkpt lat="45.468581" lon="23.632874">
        <ele>1685.3</ele>
      </trkpt>
      <trkpt lat="45.468479" lon="23.632765">
        <ele>1684.4</ele>
      </trkpt>
      <trkpt lat="45.468406" lon="23.632549">
        <ele>1683.3</ele>
      </trkpt>
      <trkpt lat="45.468385" lon="23.632403">
        <ele>1682.9</ele>
      </trkpt>
      <trkpt lat="45.468401" lon="23.631729">
        <ele>1682.5</ele>
      </trkpt>
      <trkpt lat="45.468281" lon="23.63133">
        <ele>1682.2</ele>
      </trkpt>
      <trkpt lat="45.46815" lon="23.630705">
        <ele>1681.6</ele>
      </trkpt>
      <trkpt lat="45.468065" lon="23.630592">
        <ele>1681</ele>
      </trkpt>
      <trkpt lat="45.467911" lon="23.63059">
        <ele>1680.1</ele>
      </trkpt>
      <trkpt lat="45.467627" lon="23.63076">
        <ele>1678.7</ele>
      </trkpt>
      <trkpt lat="45.467424" lon="23.630813">
        <ele>1677.5</ele>
      </trkpt>
      <trkpt lat="45.467083" lon="23.630696">
        <ele>1675.6</ele>
      </trkpt>
      <trkpt lat="45.466762" lon="23.630447">
        <ele>1674.1</ele>
      </trkpt>
      <trkpt lat="45.466634" lon="23.630277">
        <ele>1673.2</ele>
      </trkpt>
      <trkpt lat="45.466591" lon="23.630072">
        <ele>1671.7</ele>
      </trkpt>
      <trkpt lat="45.466627" lon="23.62986">
        <ele>1670.8</ele>
      </trkpt>
      <trkpt lat="45.466771" lon="23.629625">
        <ele>1670.5</ele>
      </trkpt>
      <trkpt lat="45.467083" lon="23.629284">
        <ele>1669.5</ele>
      </trkpt>
      <trkpt lat="45.467125" lon="23.629201">
        <ele>1669.1</ele>
      </trkpt>
      <trkpt lat="45.467138" lon="23.629013">
        <ele>1668.1</ele>
      </trkpt>
      <trkpt lat="45.467061" lon="23.628865">
        <ele>1666.8</ele>
      </trkpt>
      <trkpt lat="45.466634" lon="23.628506">
        <ele>1661.1</ele>
      </trkpt>
      <trkpt lat="45.466517" lon="23.628352">
        <ele>1658.6</ele>
      </trkpt>
      <trkpt lat="45.466377" lon="23.628057">
        <ele>1656</ele>
      </trkpt>
      <trkpt lat="45.46631" lon="23.627693">
        <ele>1655.4</ele>
      </trkpt>
      <trkpt lat="45.466139" lon="23.625538">
        <ele>1642.5</ele>
      </trkpt>
      <trkpt lat="45.465905" lon="23.6244">
        <ele>1632.5</ele>
      </trkpt>
      <trkpt lat="45.465747" lon="23.623325">
        <ele>1624.7</ele>
      </trkpt>
      <trkpt lat="45.465707" lon="23.622722">
        <ele>1622.1</ele>
      </trkpt>
      <trkpt lat="45.465716" lon="23.622121">
        <ele>1620</ele>
      </trkpt>
      <trkpt lat="45.465686" lon="23.621921">
        <ele>1618.9</ele>
      </trkpt>
      <trkpt lat="45.465617" lon="23.6218">
        <ele>1618.1</ele>
      </trkpt>
      <trkpt lat="45.465369" lon="23.621559">
        <ele>1615.9</ele>
      </trkpt>
      <trkpt lat="45.465208" lon="23.621295">
        <ele>1613.5</ele>
      </trkpt>
      <trkpt lat="45.464814" lon="23.620474">
        <ele>1603.6</ele>
      </trkpt>
      <trkpt lat="45.464585" lon="23.619936">
        <ele>1600.5</ele>
      </trkpt>
      <trkpt lat="45.464231" lon="23.618857">
        <ele>1598.2</ele>
      </trkpt>
      <trkpt lat="45.463941" lon="23.618415">
        <ele>1594.5</ele>
      </trkpt>
      <trkpt lat="45.463619" lon="23.617988">
        <ele>1589.7</ele>
      </trkpt>
      <trkpt lat="45.463476" lon="23.617707">
        <ele>1589</ele>
      </trkpt>
      <trkpt lat="45.463394" lon="23.617482">
        <ele>1589.2</ele>
      </trkpt>
      <trkpt lat="45.463129" lon="23.61646">
        <ele>1585</ele>
      </trkpt>
      <trkpt lat="45.463017" lon="23.616236">
        <ele>1583.7</ele>
      </trkpt>
      <trkpt lat="45.46278" lon="23.615974">
        <ele>1581.7</ele>
      </trkpt>
      <trkpt lat="45.462657" lon="23.615782">
        <ele>1580.6</ele>
      </trkpt>
      <trkpt lat="45.462379" lon="23.614855">
        <ele>1578</ele>
      </trkpt>
      <trkpt lat="45.462276" lon="23.614645">
        <ele>1577.1</ele>
      </trkpt>
      <trkpt lat="45.462194" lon="23.614591">
        <ele>1576.8</ele>
      </trkpt>
      <trkpt lat="45.462115" lon="23.614593">
        <ele>1576.4</ele>
      </trkpt>
      <trkpt lat="45.462023" lon="23.614669">
        <ele>1575.5</ele>
      </trkpt>
      <trkpt lat="45.461973" lon="23.614825">
        <ele>1574</ele>
      </trkpt>
      <trkpt lat="45.461947" lon="23.61524">
        <ele>1570.4</ele>
      </trkpt>
      <trkpt lat="45.461958" lon="23.615665">
        <ele>1567.5</ele>
      </trkpt>
      <trkpt lat="45.462081" lon="23.616329">
        <ele>1564.4</ele>
      </trkpt>
      <trkpt lat="45.462184" lon="23.616649">
        <ele>1563.5</ele>
      </trkpt>
      <trkpt lat="45.46248" lon="23.617051">
        <ele>1561.5</ele>
      </trkpt>
      <trkpt lat="45.462637" lon="23.617801">
        <ele>1559</ele>
      </trkpt>
      <trkpt lat="45.462783" lon="23.618216">
        <ele>1559.3</ele>
      </trkpt>
      <trkpt lat="45.462876" lon="23.618391">
        <ele>1559.6</ele>
      </trkpt>
      <trkpt lat="45.463271" lon="23.618898">
        <ele>1561.7</ele>
      </trkpt>
      <trkpt lat="45.463528" lon="23.619377">
        <ele>1563.2</ele>
      </trkpt>
      <trkpt lat="45.463592" lon="23.619571">
        <ele>1563.5</ele>
      </trkpt>
      <trkpt lat="45.463698" lon="23.620164">
        <ele>1565.1</ele>
      </trkpt>
      <trkpt lat="45.463713" lon="23.620496">
        <ele>1565.7</ele>
      </trkpt>
      <trkpt lat="45.463692" lon="23.620595">
        <ele>1565.8</ele>
      </trkpt>
      <trkpt lat="45.46361" lon="23.620691">
        <ele>1565.7</ele>
      </trkpt>
      <trkpt lat="45.463501" lon="23.62067">
        <ele>1565.6</ele>
      </trkpt>
      <trkpt lat="45.463411" lon="23.620521">
        <ele>1565.3</ele>
      </trkpt>
      <trkpt lat="45.463264" lon="23.62014">
        <ele>1564.1</ele>
      </trkpt>
      <trkpt lat="45.463141" lon="23.619895">
        <ele>1562.2</ele>
      </trkpt>
      <trkpt lat="45.462891" lon="23.619598">
        <ele>1559</ele>
      </trkpt>
      <trkpt lat="45.461788" lon="23.61858">
        <ele>1545.6</ele>
      </trkpt>
      <trkpt lat="45.461551" lon="23.618401">
        <ele>1544.3</ele>
      </trkpt>
      <trkpt lat="45.46111" lon="23.61822">
        <ele>1543</ele>
      </trkpt>
      <trkpt lat="45.461017" lon="23.618146">
        <ele>1542.5</ele>
      </trkpt>
      <trkpt lat="45.460224" lon="23.61709">
        <ele>1533.9</ele>
      </trkpt>
      <trkpt lat="45.460033" lon="23.616903">
        <ele>1532.4</ele>
      </trkpt>
      <trkpt lat="45.459066" lon="23.616287">
        <ele>1530.3</ele>
      </trkpt>
      <trkpt lat="45.458533" lon="23.615787">
        <ele>1534.6</ele>
      </trkpt>
      <trkpt lat="45.457932" lon="23.615068">
        <ele>1535.5</ele>
      </trkpt>
      <trkpt lat="45.457527" lon="23.614253">
        <ele>1529.8</ele>
      </trkpt>
      <trkpt lat="45.457126" lon="23.613511">
        <ele>1525.1</ele>
      </trkpt>
      <trkpt lat="45.456946" lon="23.613291">
        <ele>1523</ele>
      </trkpt>
      <trkpt lat="45.456639" lon="23.613063">
        <ele>1519.7</ele>
      </trkpt>
      <trkpt lat="45.456444" lon="23.613007">
        <ele>1517.6</ele>
      </trkpt>
      <trkpt lat="45.456193" lon="23.612983">
        <ele>1514.9</ele>
      </trkpt>
      <trkpt lat="45.456041" lon="23.612999">
        <ele>1513.2</ele>
      </trkpt>
      <trkpt lat="45.455796" lon="23.613083">
        <ele>1510.6</ele>
      </trkpt>
      <trkpt lat="45.455617" lon="23.613246">
        <ele>1509</ele>
      </trkpt>
      <trkpt lat="45.455247" lon="23.613756">
        <ele>1506.2</ele>
      </trkpt>
      <trkpt lat="45.45495" lon="23.61428">
        <ele>1505.3</ele>
      </trkpt>
      <trkpt lat="45.454889" lon="23.614443">
        <ele>1505.3</ele>
      </trkpt>
      <trkpt lat="45.454764" lon="23.615024">
        <ele>1505</ele>
      </trkpt>
      <trkpt lat="45.454709" lon="23.615132">
        <ele>1504.8</ele>
      </trkpt>
      <trkpt lat="45.454071" lon="23.615955">
        <ele>1503.4</ele>
      </trkpt>
      <trkpt lat="45.453888" lon="23.616283">
        <ele>1504.6</ele>
      </trkpt>
      <trkpt lat="45.453865" lon="23.616492">
        <ele>1506.5</ele>
      </trkpt>
      <trkpt lat="45.453874" lon="23.616747">
        <ele>1506.1</ele>
      </trkpt>
      <trkpt lat="45.453817" lon="23.616836">
        <ele>1505.5</ele>
      </trkpt>
      <trkpt lat="45.453773" lon="23.616854">
        <ele>1505.2</ele>
      </trkpt>
      <trkpt lat="45.453687" lon="23.616812">
        <ele>1504.5</ele>
      </trkpt>
      <trkpt lat="45.453488" lon="23.61657">
        <ele>1501.8</ele>
      </trkpt>
      <trkpt lat="45.453336" lon="23.616477">
        <ele>1498.8</ele>
      </trkpt>
      <trkpt lat="45.453089" lon="23.616495">
        <ele>1492.5</ele>
      </trkpt>
      <trkpt lat="45.45274" lon="23.61666">
        <ele>1485.9</ele>
      </trkpt>
      <trkpt lat="45.45174" lon="23.61739">
        <ele>1489.1</ele>
      </trkpt>
      <trkpt lat="45.451324" lon="23.617785">
        <ele>1484.9</ele>
      </trkpt>
      <trkpt lat="45.451108" lon="23.618119">
        <ele>1482.6</ele>
      </trkpt>
      <trkpt lat="45.450898" lon="23.61859">
        <ele>1481.6</ele>
      </trkpt>
      <trkpt lat="45.450832" lon="23.618825">
        <ele>1480.5</ele>
      </trkpt>
      <trkpt lat="45.450804" lon="23.619235">
        <ele>1480.9</ele>
      </trkpt>
      <trkpt lat="45.450826" lon="23.619425">
        <ele>1482.6</ele>
      </trkpt>
      <trkpt lat="45.450898" lon="23.619731">
        <ele>1485.9</ele>
      </trkpt>
      <trkpt lat="45.451056" lon="23.620098">
        <ele>1486.6</ele>
      </trkpt>
      <trkpt lat="45.451069" lon="23.620167">
        <ele>1486.5</ele>
      </trkpt>
      <trkpt lat="45.451024" lon="23.620279">
        <ele>1486.2</ele>
      </trkpt>
      <trkpt lat="45.450989" lon="23.620301">
        <ele>1486</ele>
      </trkpt>
      <trkpt lat="45.450883" lon="23.620276">
        <ele>1485</ele>
      </trkpt>
      <trkpt lat="45.450066" lon="23.619813">
        <ele>1468.7</ele>
      </trkpt>
      <trkpt lat="45.449729" lon="23.619645">
        <ele>1458.8</ele>
      </trkpt>
      <trkpt lat="45.449513" lon="23.619596">
        <ele>1455.1</ele>
      </trkpt>
      <trkpt lat="45.449197" lon="23.619632">
        <ele>1450.1</ele>
      </trkpt>
      <trkpt lat="45.44888" lon="23.619741">
        <ele>1446.1</ele>
      </trkpt>
      <trkpt lat="45.448598" lon="23.619953">
        <ele>1442.9</ele>
      </trkpt>
      <trkpt lat="45.446909" lon="23.621463">
        <ele>1429.7</ele>
      </trkpt>
      <trkpt lat="45.446133" lon="23.622053">
        <ele>1422.4</ele>
      </trkpt>
      <trkpt lat="45.446025" lon="23.622176">
        <ele>1421.7</ele>
      </trkpt>
      <trkpt lat="45.445927" lon="23.622418">
        <ele>1420.8</ele>
      </trkpt>
      <trkpt lat="45.44569" lon="23.623624">
        <ele>1416.3</ele>
      </trkpt>
      <trkpt lat="45.445579" lon="23.624072">
        <ele>1412.8</ele>
      </trkpt>
      <trkpt lat="45.445514" lon="23.62424">
        <ele>1411.9</ele>
      </trkpt>
      <trkpt lat="45.445435" lon="23.62436">
        <ele>1411.3</ele>
      </trkpt>
      <trkpt lat="45.445128" lon="23.624621">
        <ele>1408.7</ele>
      </trkpt>
      <trkpt lat="45.444902" lon="23.624734">
        <ele>1407.1</ele>
      </trkpt>
      <trkpt lat="45.444756" lon="23.624755">
        <ele>1406.2</ele>
      </trkpt>
      <trkpt lat="45.444601" lon="23.624738">
        <ele>1405</ele>
      </trkpt>
      <trkpt lat="45.443981" lon="23.624447">
        <ele>1399.3</ele>
      </trkpt>
      <trkpt lat="45.443605" lon="23.624376">
        <ele>1396.5</ele>
      </trkpt>
      <trkpt lat="45.4433" lon="23.624373">
        <ele>1394.6</ele>
      </trkpt>
      <trkpt lat="45.442991" lon="23.624408">
        <ele>1393</ele>
      </trkpt>
      <trkpt lat="45.442763" lon="23.624477">
        <ele>1391.8</ele>
      </trkpt>
      <trkpt lat="45.442571" lon="23.624589">
        <ele>1390.7</ele>
      </trkpt>
      <trkpt lat="45.44224" lon="23.624881">
        <ele>1388.6</ele>
      </trkpt>
      <trkpt lat="45.441993" lon="23.625216">
        <ele>1386.5</ele>
      </trkpt>
      <trkpt lat="45.44157" lon="23.625909">
        <ele>1383.6</ele>
      </trkpt>
      <trkpt lat="45.441074" lon="23.626522">
        <ele>1381.2</ele>
      </trkpt>
      <trkpt lat="45.440624" lon="23.627247">
        <ele>1378.9</ele>
      </trkpt>
      <trkpt lat="45.440395" lon="23.62748">
        <ele>1377.5</ele>
      </trkpt>
      <trkpt lat="45.44009" lon="23.627714">
        <ele>1375.4</ele>
      </trkpt>
      <trkpt lat="45.43963" lon="23.628124">
        <ele>1371</ele>
      </trkpt>
      <trkpt lat="45.439015" lon="23.628713">
        <ele>1366</ele>
      </trkpt>
      <trkpt lat="45.438578" lon="23.629314">
        <ele>1358.8</ele>
      </trkpt>
      <trkpt lat="45.438476" lon="23.629398">
        <ele>1357.4</ele>
      </trkpt>
      <trkpt lat="45.438294" lon="23.629417">
        <ele>1355.7</ele>
      </trkpt>
      <trkpt lat="45.437983" lon="23.6293">
        <ele>1356</ele>
      </trkpt>
      <trkpt lat="45.437859" lon="23.629277">
        <ele>1356.3</ele>
      </trkpt>
      <trkpt lat="45.437592" lon="23.629355">
        <ele>1354.6</ele>
      </trkpt>
      <trkpt lat="45.437187" lon="23.629575">
        <ele>1350</ele>
      </trkpt>
      <trkpt lat="45.43689" lon="23.629696">
        <ele>1348.2</ele>
      </trkpt>
      <trkpt lat="45.43643" lon="23.629814">
        <ele>1345.3</ele>
      </trkpt>
      <trkpt lat="45.435884" lon="23.630018">
        <ele>1341.9</ele>
      </trkpt>
      <trkpt lat="45.435742" lon="23.630083">
        <ele>1341.3</ele>
      </trkpt>
      <trkpt lat="45.435145" lon="23.630374">
        <ele>1339.3</ele>
      </trkpt>
      <trkpt lat="45.435027" lon="23.630129">
        <ele>1339.1</ele>
      </trkpt>
      <trkpt lat="45.434924" lon="23.629843">
        <ele>1339.1</ele>
      </trkpt>
      <trkpt lat="45.434785" lon="23.629115">
        <ele>1338.3</ele>
      </trkpt>
      <trkpt lat="45.43471" lon="23.62889">
        <ele>1337.6</ele>
      </trkpt>
      <trkpt lat="45.434315" lon="23.627954">
        <ele>1336.8</ele>
      </trkpt>
      <trkpt lat="45.433973" lon="23.626842">
        <ele>1336.1</ele>
      </trkpt>
      <trkpt lat="45.433695" lon="23.625993">
        <ele>1337</ele>
      </trkpt>
      <trkpt lat="45.43352" lon="23.625543">
        <ele>1338.1</ele>
      </trkpt>
      <trkpt lat="45.433341" lon="23.625111">
        <ele>1338.6</ele>
      </trkpt>
      <trkpt lat="45.433086" lon="23.62453">
        <ele>1340.3</ele>
      </trkpt>
      <trkpt lat="45.432754" lon="23.62392">
        <ele>1341.6</ele>
      </trkpt>
      <trkpt lat="45.431558" lon="23.622001">
        <ele>1342.7</ele>
      </trkpt>
      <trkpt lat="45.43112" lon="23.621326">
        <ele>1344</ele>
      </trkpt>
      <trkpt lat="45.430914" lon="23.621079">
        <ele>1345.1</ele>
      </trkpt>
      <trkpt lat="45.430739" lon="23.620928">
        <ele>1346.1</ele>
      </trkpt>
      <trkpt lat="45.430477" lon="23.620764">
        <ele>1346.6</ele>
      </trkpt>
      <trkpt lat="45.429878" lon="23.620494">
        <ele>1347.7</ele>
      </trkpt>
      <trkpt lat="45.429432" lon="23.620281">
        <ele>1348.4</ele>
      </trkpt>
      <trkpt lat="45.428508" lon="23.619841">
        <ele>1352.4</ele>
      </trkpt>
      <trkpt lat="45.428284" lon="23.619762">
        <ele>1353.7</ele>
      </trkpt>
      <trkpt lat="45.428202" lon="23.619756">
        <ele>1354</ele>
      </trkpt>
      <trkpt lat="45.428154" lon="23.619757">
        <ele>1354.2</ele>
      </trkpt>
      <trkpt lat="45.427519" lon="23.619826">
        <ele>1355.7</ele>
      </trkpt>
      <trkpt lat="45.427075" lon="23.619946">
        <ele>1353</ele>
      </trkpt>
      <trkpt lat="45.426547" lon="23.620115">
        <ele>1357.6</ele>
      </trkpt>
      <trkpt lat="45.426453" lon="23.620131">
        <ele>1358</ele>
      </trkpt>
      <trkpt lat="45.426293" lon="23.620711">
        <ele>1355.3</ele>
      </trkpt>
      <trkpt lat="45.426205" lon="23.62102">
        <ele>1354.2</ele>
      </trkpt>
      <trkpt lat="45.426094" lon="23.621201">
        <ele>1353.8</ele>
      </trkpt>
      <trkpt lat="45.425714" lon="23.621424">
        <ele>1353.7</ele>
      </trkpt>
      <trkpt lat="45.425245" lon="23.621989">
        <ele>1353.6</ele>
      </trkpt>
      <trkpt lat="45.424852" lon="23.622311">
        <ele>1353.6</ele>
      </trkpt>
      <trkpt lat="45.423318" lon="23.62328">
        <ele>1355.2</ele>
      </trkpt>
      <trkpt lat="45.423134" lon="23.623371">
        <ele>1355.5</ele>
      </trkpt>
      <trkpt lat="45.422507" lon="23.623532">
        <ele>1356.2</ele>
      </trkpt>
      <trkpt lat="45.422281" lon="23.623618">
        <ele>1356.6</ele>
      </trkpt>
      <trkpt lat="45.421535" lon="23.623982">
        <ele>1358.9</ele>
      </trkpt>
      <trkpt lat="45.420758" lon="23.624189">
        <ele>1362.2</ele>
      </trkpt>
      <trkpt lat="45.420027" lon="23.62439">
        <ele>1370.5</ele>
      </trkpt>
      <trkpt lat="45.419385" lon="23.624693">
        <ele>1372.4</ele>
      </trkpt>
      <trkpt lat="45.419154" lon="23.624763">
        <ele>1371.8</ele>
      </trkpt>
      <trkpt lat="45.418352" lon="23.624926">
        <ele>1371.8</ele>
      </trkpt>
      <trkpt lat="45.417996" lon="23.624953">
        <ele>1372.6</ele>
      </trkpt>
      <trkpt lat="45.416844" lon="23.625157">
        <ele>1373.6</ele>
      </trkpt>
      <trkpt lat="45.415723" lon="23.625399">
        <ele>1374.3</ele>
      </trkpt>
      <trkpt lat="45.414556" lon="23.625707">
        <ele>1376.3</ele>
      </trkpt>
      <trkpt lat="45.413481" lon="23.626192">
        <ele>1374.6</ele>
      </trkpt>
      <trkpt lat="45.412585" lon="23.626742">
        <ele>1376.5</ele>
      </trkpt>
      <trkpt lat="45.412313" lon="23.62685">
        <ele>1376.8</ele>
      </trkpt>
      <trkpt lat="45.412089" lon="23.626893">
        <ele>1377.3</ele>
      </trkpt>
      <trkpt lat="45.410418" lon="23.626879">
        <ele>1379.7</ele>
      </trkpt>
      <trkpt lat="45.410226" lon="23.626919">
        <ele>1379.5</ele>
      </trkpt>
      <trkpt lat="45.410085" lon="23.627006">
        <ele>1379.4</ele>
      </trkpt>
      <trkpt lat="45.409866" lon="23.627211">
        <ele>1379.2</ele>
      </trkpt>
      <trkpt lat="45.4097" lon="23.627313">
        <ele>1379.2</ele>
      </trkpt>
      <trkpt lat="45.409481" lon="23.627382">
        <ele>1379.2</ele>
      </trkpt>
      <trkpt lat="45.408655" lon="23.627392">
        <ele>1381.3</ele>
      </trkpt>
      <trkpt lat="45.406919" lon="23.627484">
        <ele>1384.7</ele>
      </trkpt>
      <trkpt lat="45.406559" lon="23.627415">
        <ele>1386.1</ele>
      </trkpt>
      <trkpt lat="45.405903" lon="23.627187">
        <ele>1389.2</ele>
      </trkpt>
      <trkpt lat="45.405429" lon="23.627067">
        <ele>1391.5</ele>
      </trkpt>
      <trkpt lat="45.404751" lon="23.626812">
        <ele>1395.3</ele>
      </trkpt>
      <trkpt lat="45.40455" lon="23.626774">
        <ele>1396.1</ele>
      </trkpt>
      <trkpt lat="45.404407" lon="23.62678">
        <ele>1396.5</ele>
      </trkpt>
      <trkpt lat="45.403635" lon="23.626976">
        <ele>1396.6</ele>
      </trkpt>
      <trkpt lat="45.403327" lon="23.626981">
        <ele>1397</ele>
      </trkpt>
      <trkpt lat="45.403181" lon="23.626933">
        <ele>1397.4</ele>
      </trkpt>
      <trkpt lat="45.402561" lon="23.626557">
        <ele>1401.4</ele>
      </trkpt>
      <trkpt lat="45.402382" lon="23.626551">
        <ele>1402.1</ele>
      </trkpt>
      <trkpt lat="45.402303" lon="23.626591">
        <ele>1401.8</ele>
      </trkpt>
      <trkpt lat="45.402147" lon="23.626758">
        <ele>1399.9</ele>
      </trkpt>
      <trkpt lat="45.401969" lon="23.626967">
        <ele>1398.2</ele>
      </trkpt>
      <trkpt lat="45.401746" lon="23.627293">
        <ele>1396.6</ele>
      </trkpt>
      <trkpt lat="45.401595" lon="23.627574">
        <ele>1395.6</ele>
      </trkpt>
      <trkpt lat="45.401324" lon="23.628221">
        <ele>1394.1</ele>
      </trkpt>
      <trkpt lat="45.401152" lon="23.628638">
        <ele>1394.6</ele>
      </trkpt>
      <trkpt lat="45.40097" lon="23.62902">
        <ele>1396.6</ele>
      </trkpt>
      <trkpt lat="45.40088" lon="23.629132">
        <ele>1397.7</ele>
      </trkpt>
      <trkpt lat="45.400792" lon="23.629218">
        <ele>1398.8</ele>
      </trkpt>
      <trkpt lat="45.400605" lon="23.629273">
        <ele>1401</ele>
      </trkpt>
      <trkpt lat="45.400068" lon="23.629274">
        <ele>1404.7</ele>
      </trkpt>
      <trkpt lat="45.4" lon="23.629242">
        <ele>1405</ele>
      </trkpt>
      <trkpt lat="45.399678" lon="23.628907">
        <ele>1405.7</ele>
      </trkpt>
      <trkpt lat="45.39945" lon="23.628817">
        <ele>1405.2</ele>
      </trkpt>
      <trkpt lat="45.399007" lon="23.628824">
        <ele>1404.1</ele>
      </trkpt>
      <trkpt lat="45.398282" lon="23.62866">
        <ele>1403.2</ele>
      </trkpt>
      <trkpt lat="45.398062" lon="23.628687">
        <ele>1404.1</ele>
      </trkpt>
      <trkpt lat="45.397848" lon="23.628865">
        <ele>1406.2</ele>
      </trkpt>
      <trkpt lat="45.397556" lon="23.62933">
        <ele>1411.5</ele>
      </trkpt>
      <trkpt lat="45.397509" lon="23.629471">
        <ele>1413.1</ele>
      </trkpt>
      <trkpt lat="45.397417" lon="23.630117">
        <ele>1420.2</ele>
      </trkpt>
      <trkpt lat="45.397366" lon="23.630343">
        <ele>1422.4</ele>
      </trkpt>
      <trkpt lat="45.397287" lon="23.630477">
        <ele>1423.7</ele>
      </trkpt>
      <trkpt lat="45.397229" lon="23.630516">
        <ele>1424.4</ele>
      </trkpt>
      <trkpt lat="45.397153" lon="23.63052">
        <ele>1425.2</ele>
      </trkpt>
      <trkpt lat="45.396766" lon="23.630432">
        <ele>1428.9</ele>
      </trkpt>
      <trkpt lat="45.396622" lon="23.630444">
        <ele>1430</ele>
      </trkpt>
      <trkpt lat="45.396369" lon="23.630519">
        <ele>1431.4</ele>
      </trkpt>
      <trkpt lat="45.396074" lon="23.630719">
        <ele>1433.1</ele>
      </trkpt>
      <trkpt lat="45.395958" lon="23.63068">
        <ele>1433.6</ele>
      </trkpt>
      <trkpt lat="45.395551" lon="23.630326">
        <ele>1435</ele>
      </trkpt>
      <trkpt lat="45.395149" lon="23.629897">
        <ele>1436.3</ele>
      </trkpt>
      <trkpt lat="45.395008" lon="23.629904">
        <ele>1435.9</ele>
      </trkpt>
      <trkpt lat="45.394912" lon="23.629965">
        <ele>1435.2</ele>
      </trkpt>
      <trkpt lat="45.394776" lon="23.630106">
        <ele>1433.9</ele>
      </trkpt>
      <trkpt lat="45.394721" lon="23.630122">
        <ele>1433.5</ele>
      </trkpt>
      <trkpt lat="45.394627" lon="23.630062">
        <ele>1433</ele>
      </trkpt>
      <trkpt lat="45.3945" lon="23.629764">
        <ele>1432.3</ele>
      </trkpt>
      <trkpt lat="45.394422" lon="23.629687">
        <ele>1432.2</ele>
      </trkpt>
      <trkpt lat="45.394293" lon="23.629664">
        <ele>1432.2</ele>
      </trkpt>
      <trkpt lat="45.394122" lon="23.629687">
        <ele>1432.8</ele>
      </trkpt>
      <trkpt lat="45.39381" lon="23.629773">
        <ele>1437</ele>
      </trkpt>
      <trkpt lat="45.393739" lon="23.62983">
        <ele>1438.7</ele>
      </trkpt>
      <trkpt lat="45.393681" lon="23.62992">
        <ele>1440.8</ele>
      </trkpt>
      <trkpt lat="45.393635" lon="23.630049">
        <ele>1443.5</ele>
      </trkpt>
      <trkpt lat="45.393613" lon="23.630207">
        <ele>1446.4</ele>
      </trkpt>
      <trkpt lat="45.393615" lon="23.630374">
        <ele>1449.4</ele>
      </trkpt>
      <trkpt lat="45.3937" lon="23.630619">
        <ele>1453.9</ele>
      </trkpt>
      <trkpt lat="45.393801" lon="23.630751">
        <ele>1456.4</ele>
      </trkpt>
      <trkpt lat="45.3943" lon="23.631248">
        <ele>1463.2</ele>
      </trkpt>
      <trkpt lat="45.394881" lon="23.631985">
        <ele>1466.9</ele>
      </trkpt>
      <trkpt lat="45.394999" lon="23.632054">
        <ele>1467.2</ele>
      </trkpt>
      <trkpt lat="45.395275" lon="23.632077">
        <ele>1467.6</ele>
      </trkpt>
      <trkpt lat="45.395361" lon="23.632125">
        <ele>1467.9</ele>
      </trkpt>
      <trkpt lat="45.395681" lon="23.632412">
        <ele>1469.8</ele>
      </trkpt>
      <trkpt lat="45.39572" lon="23.632535">
        <ele>1470.3</ele>
      </trkpt>
      <trkpt lat="45.395666" lon="23.632626">
        <ele>1470.7</ele>
      </trkpt>
      <trkpt lat="45.395553" lon="23.632627">
        <ele>1471.4</ele>
      </trkpt>
      <trkpt lat="45.394769" lon="23.632472">
        <ele>1477.1</ele>
      </trkpt>
      <trkpt lat="45.394171" lon="23.632004">
        <ele>1479.8</ele>
      </trkpt>
      <trkpt lat="45.393944" lon="23.63191">
        <ele>1480.3</ele>
      </trkpt>
      <trkpt lat="45.393698" lon="23.631856">
        <ele>1480.6</ele>
      </trkpt>
      <trkpt lat="45.393385" lon="23.631631">
        <ele>1481.7</ele>
      </trkpt>
      <trkpt lat="45.393269" lon="23.631645">
        <ele>1482.3</ele>
      </trkpt>
      <trkpt lat="45.393209" lon="23.631691">
        <ele>1482.7</ele>
      </trkpt>
      <trkpt lat="45.392957" lon="23.632085">
        <ele>1486.3</ele>
      </trkpt>
      <trkpt lat="45.392891" lon="23.632376">
        <ele>1489.2</ele>
      </trkpt>
      <trkpt lat="45.392863" lon="23.632781">
        <ele>1493.2</ele>
      </trkpt>
      <trkpt lat="45.392787" lon="23.632878">
        <ele>1494.6</ele>
      </trkpt>
      <trkpt lat="45.392719" lon="23.63287">
        <ele>1495.4</ele>
      </trkpt>
      <trkpt lat="45.392109" lon="23.632594">
        <ele>1500</ele>
      </trkpt>
      <trkpt lat="45.391747" lon="23.632287">
        <ele>1499.8</ele>
      </trkpt>
      <trkpt lat="45.391463" lon="23.631998">
        <ele>1501.2</ele>
      </trkpt>
      <trkpt lat="45.391343" lon="23.63201">
        <ele>1502.2</ele>
      </trkpt>
      <trkpt lat="45.391291" lon="23.632067">
        <ele>1502.9</ele>
      </trkpt>
      <trkpt lat="45.391255" lon="23.632143">
        <ele>1503.7</ele>
      </trkpt>
      <trkpt lat="45.391247" lon="23.632247">
        <ele>1504.8</ele>
      </trkpt>
      <trkpt lat="45.391476" lon="23.633063">
        <ele>1516.2</ele>
      </trkpt>
      <trkpt lat="45.391565" lon="23.633197">
        <ele>1518.3</ele>
      </trkpt>
      <trkpt lat="45.391636" lon="23.633236">
        <ele>1519.4</ele>
      </trkpt>
      <trkpt lat="45.391849" lon="23.633267">
        <ele>1522.2</ele>
      </trkpt>
      <trkpt lat="45.39194" lon="23.633309">
        <ele>1523.2</ele>
      </trkpt>
      <trkpt lat="45.391975" lon="23.633397">
        <ele>1523.9</ele>
      </trkpt>
      <trkpt lat="45.391973" lon="23.63346">
        <ele>1524.3</ele>
      </trkpt>
      <trkpt lat="45.391911" lon="23.633554">
        <ele>1524.8</ele>
      </trkpt>
      <trkpt lat="45.391826" lon="23.633575">
        <ele>1525.1</ele>
      </trkpt>
      <trkpt lat="45.391444" lon="23.633439">
        <ele>1524.8</ele>
      </trkpt>
      <trkpt lat="45.391337" lon="23.633361">
        <ele>1524.9</ele>
      </trkpt>
      <trkpt lat="45.391047" lon="23.633">
        <ele>1525.8</ele>
      </trkpt>
      <trkpt lat="45.390997" lon="23.632997">
        <ele>1526</ele>
      </trkpt>
      <trkpt lat="45.39094" lon="23.633046">
        <ele>1526.2</ele>
      </trkpt>
      <trkpt lat="45.390949" lon="23.633166">
        <ele>1526.8</ele>
      </trkpt>
      <trkpt lat="45.391383" lon="23.633691">
        <ele>1534</ele>
      </trkpt>
      <trkpt lat="45.392567" lon="23.634914">
        <ele>1549.8</ele>
      </trkpt>
      <trkpt lat="45.392699" lon="23.635122">
        <ele>1551.4</ele>
      </trkpt>
      <trkpt lat="45.392711" lon="23.635199">
        <ele>1552</ele>
      </trkpt>
      <trkpt lat="45.392693" lon="23.635275">
        <ele>1552.7</ele>
      </trkpt>
      <trkpt lat="45.392626" lon="23.635317">
        <ele>1553.6</ele>
      </trkpt>
      <trkpt lat="45.392175" lon="23.63507">
        <ele>1558.3</ele>
      </trkpt>
      <trkpt lat="45.392069" lon="23.634996">
        <ele>1559</ele>
      </trkpt>
      <trkpt lat="45.391799" lon="23.634721">
        <ele>1559.6</ele>
      </trkpt>
      <trkpt lat="45.39141" lon="23.634533">
        <ele>1558.6</ele>
      </trkpt>
      <trkpt lat="45.390645" lon="23.634255">
        <ele>1559.6</ele>
      </trkpt>
      <trkpt lat="45.390505" lon="23.634252">
        <ele>1560.1</ele>
      </trkpt>
      <trkpt lat="45.390358" lon="23.634293">
        <ele>1560.6</ele>
      </trkpt>
      <trkpt lat="45.390256" lon="23.634371">
        <ele>1561.1</ele>
      </trkpt>
      <trkpt lat="45.390229" lon="23.634534">
        <ele>1561.7</ele>
      </trkpt>
      <trkpt lat="45.390266" lon="23.634597">
        <ele>1562.1</ele>
      </trkpt>
      <trkpt lat="45.390608" lon="23.634622">
        <ele>1565.3</ele>
      </trkpt>
      <trkpt lat="45.390773" lon="23.634745">
        <ele>1567</ele>
      </trkpt>
      <trkpt lat="45.391961" lon="23.635886">
        <ele>1582.8</ele>
      </trkpt>
      <trkpt lat="45.391999" lon="23.63594">
        <ele>1583.4</ele>
      </trkpt>
      <trkpt lat="45.392015" lon="23.636037">
        <ele>1584.2</ele>
      </trkpt>
      <trkpt lat="45.391985" lon="23.636137">
        <ele>1585</ele>
      </trkpt>
      <trkpt lat="45.391928" lon="23.636173">
        <ele>1585.6</ele>
      </trkpt>
      <trkpt lat="45.391726" lon="23.636165">
        <ele>1587.4</ele>
      </trkpt>
      <trkpt lat="45.391442" lon="23.636107">
        <ele>1588.9</ele>
      </trkpt>
      <trkpt lat="45.39088" lon="23.635905">
        <ele>1589.9</ele>
      </trkpt>
      <trkpt lat="45.390653" lon="23.635855">
        <ele>1590.9</ele>
      </trkpt>
      <trkpt lat="45.390408" lon="23.635861">
        <ele>1592.7</ele>
      </trkpt>
      <trkpt lat="45.390298" lon="23.635895">
        <ele>1593.8</ele>
      </trkpt>
      <trkpt lat="45.390113" lon="23.636051">
        <ele>1596.3</ele>
      </trkpt>
      <trkpt lat="45.390014" lon="23.636287">
        <ele>1598.4</ele>
      </trkpt>
      <trkpt lat="45.389974" lon="23.636597">
        <ele>1600.3</ele>
      </trkpt>
      <trkpt lat="45.390008" lon="23.636864">
        <ele>1601.3</ele>
      </trkpt>
      <trkpt lat="45.390053" lon="23.636944">
        <ele>1601.5</ele>
      </trkpt>
      <trkpt lat="45.390115" lon="23.636971">
        <ele>1601.6</ele>
      </trkpt>
      <trkpt lat="45.390215" lon="23.636947">
        <ele>1601.6</ele>
      </trkpt>
      <trkpt lat="45.390639" lon="23.636748">
        <ele>1600.6</ele>
      </trkpt>
      <trkpt lat="45.390908" lon="23.636729">
        <ele>1599.9</ele>
      </trkpt>
      <trkpt lat="45.391111" lon="23.636752">
        <ele>1599.9</ele>
      </trkpt>
      <trkpt lat="45.391588" lon="23.63693">
        <ele>1602.7</ele>
      </trkpt>
      <trkpt lat="45.391745" lon="23.637062">
        <ele>1604.7</ele>
      </trkpt>
      <trkpt lat="45.39179" lon="23.637186">
        <ele>1606</ele>
      </trkpt>
      <trkpt lat="45.391778" lon="23.637331">
        <ele>1607.4</ele>
      </trkpt>
      <trkpt lat="45.391684" lon="23.637617">
        <ele>1610.3</ele>
      </trkpt>
      <trkpt lat="45.39163" lon="23.637884">
        <ele>1612.7</ele>
      </trkpt>
      <trkpt lat="45.391589" lon="23.637934">
        <ele>1613.3</ele>
      </trkpt>
      <trkpt lat="45.391503" lon="23.637969">
        <ele>1614.3</ele>
      </trkpt>
      <trkpt lat="45.391179" lon="23.637962">
        <ele>1617.6</ele>
      </trkpt>
      <trkpt lat="45.390334" lon="23.638053">
        <ele>1625.1</ele>
      </trkpt>
      <trkpt lat="45.389922" lon="23.638198">
        <ele>1629.9</ele>
      </trkpt>
      <trkpt lat="45.38973" lon="23.638335">
        <ele>1632.2</ele>
      </trkpt>
      <trkpt lat="45.389641" lon="23.638435">
        <ele>1633.3</ele>
      </trkpt>
      <trkpt lat="45.389611" lon="23.638492">
        <ele>1633.7</ele>
      </trkpt>
      <trkpt lat="45.389601" lon="23.638627">
        <ele>1634.5</ele>
      </trkpt>
      <trkpt lat="45.389651" lon="23.63872">
        <ele>1635.1</ele>
      </trkpt>
      <trkpt lat="45.389699" lon="23.638745">
        <ele>1635.5</ele>
      </trkpt>
      <trkpt lat="45.390274" lon="23.638845">
        <ele>1638.4</ele>
      </trkpt>
      <trkpt lat="45.391056" lon="23.639173">
        <ele>1643.2</ele>
      </trkpt>
      <trkpt lat="45.391103" lon="23.639223">
        <ele>1643.7</ele>
      </trkpt>
      <trkpt lat="45.391179" lon="23.639383">
        <ele>1645.1</ele>
      </trkpt>
      <trkpt lat="45.391219" lon="23.639529">
        <ele>1646.3</ele>
      </trkpt>
      <trkpt lat="45.39122" lon="23.639706">
        <ele>1647.6</ele>
      </trkpt>
      <trkpt lat="45.39115" lon="23.639924">
        <ele>1649.4</ele>
      </trkpt>
      <trkpt lat="45.391045" lon="23.639974">
        <ele>1650.5</ele>
      </trkpt>
      <trkpt lat="45.390913" lon="23.639936">
        <ele>1651.7</ele>
      </trkpt>
      <trkpt lat="45.390759" lon="23.639818">
        <ele>1653</ele>
      </trkpt>
      <trkpt lat="45.390626" lon="23.639762">
        <ele>1654.1</ele>
      </trkpt>
      <trkpt lat="45.390043" lon="23.639736">
        <ele>1658.7</ele>
      </trkpt>
      <trkpt lat="45.389956" lon="23.639755">
        <ele>1659.4</ele>
      </trkpt>
      <trkpt lat="45.389756" lon="23.639946">
        <ele>1661.7</ele>
      </trkpt>
      <trkpt lat="45.389341" lon="23.640581">
        <ele>1668.9</ele>
      </trkpt>
      <trkpt lat="45.389275" lon="23.640721">
        <ele>1670.5</ele>
      </trkpt>
      <trkpt lat="45.389251" lon="23.640853">
        <ele>1671.8</ele>
      </trkpt>
      <trkpt lat="45.389287" lon="23.641115">
        <ele>1674.1</ele>
      </trkpt>
      <trkpt lat="45.389338" lon="23.641222">
        <ele>1675.2</ele>
      </trkpt>
      <trkpt lat="45.38941" lon="23.641288">
        <ele>1676.1</ele>
      </trkpt>
      <trkpt lat="45.389512" lon="23.64132">
        <ele>1677.1</ele>
      </trkpt>
      <trkpt lat="45.389681" lon="23.641269">
        <ele>1678.5</ele>
      </trkpt>
      <trkpt lat="45.390125" lon="23.640982">
        <ele>1680.2</ele>
      </trkpt>
      <trkpt lat="45.390332" lon="23.640958">
        <ele>1680.5</ele>
      </trkpt>
      <trkpt lat="45.390403" lon="23.640996">
        <ele>1680.7</ele>
      </trkpt>
      <trkpt lat="45.390615" lon="23.641271">
        <ele>1681.8</ele>
      </trkpt>
      <trkpt lat="45.390922" lon="23.64159">
        <ele>1685</ele>
      </trkpt>
      <trkpt lat="45.391085" lon="23.641866">
        <ele>1687.3</ele>
      </trkpt>
      <trkpt lat="45.391129" lon="23.642129">
        <ele>1689</ele>
      </trkpt>
      <trkpt lat="45.391079" lon="23.642712">
        <ele>1692.2</ele>
      </trkpt>
      <trkpt lat="45.390968" lon="23.642971">
        <ele>1694.3</ele>
      </trkpt>
      <trkpt lat="45.390783" lon="23.64323">
        <ele>1697.5</ele>
      </trkpt>
      <trkpt lat="45.390243" lon="23.643739">
        <ele>1704.7</ele>
      </trkpt>
      <trkpt lat="45.390008" lon="23.643844">
        <ele>1706.7</ele>
      </trkpt>
      <trkpt lat="45.389596" lon="23.643879">
        <ele>1708.9</ele>
      </trkpt>
      <trkpt lat="45.389296" lon="23.643978">
        <ele>1709.7</ele>
      </trkpt>
      <trkpt lat="45.389021" lon="23.643976">
        <ele>1710.4</ele>
      </trkpt>
      <trkpt lat="45.38849" lon="23.643796">
        <ele>1712.6</ele>
      </trkpt>
      <trkpt lat="45.388017" lon="23.643487">
        <ele>1715.5</ele>
      </trkpt>
      <trkpt lat="45.386932" lon="23.643106">
        <ele>1725</ele>
      </trkpt>
      <trkpt lat="45.386811" lon="23.64298">
        <ele>1726.2</ele>
      </trkpt>
      <trkpt lat="45.386674" lon="23.642711">
        <ele>1727.5</ele>
      </trkpt>
      <trkpt lat="45.386352" lon="23.642297">
        <ele>1727.9</ele>
      </trkpt>
      <trkpt lat="45.386133" lon="23.641827">
        <ele>1727.8</ele>
      </trkpt>
      <trkpt lat="45.385883" lon="23.641567">
        <ele>1727.6</ele>
      </trkpt>
      <trkpt lat="45.385691" lon="23.641305">
        <ele>1728</ele>
      </trkpt>
      <trkpt lat="45.385493" lon="23.641219">
        <ele>1728.7</ele>
      </trkpt>
      <trkpt lat="45.385281" lon="23.641244">
        <ele>1729.9</ele>
      </trkpt>
      <trkpt lat="45.385128" lon="23.641335">
        <ele>1730.6</ele>
      </trkpt>
      <trkpt lat="45.385089" lon="23.641403">
        <ele>1730.8</ele>
      </trkpt>
      <trkpt lat="45.385074" lon="23.641509">
        <ele>1731.1</ele>
      </trkpt>
      <trkpt lat="45.385093" lon="23.641587">
        <ele>1731.4</ele>
      </trkpt>
      <trkpt lat="45.385132" lon="23.641636">
        <ele>1731.6</ele>
      </trkpt>
      <trkpt lat="45.385353" lon="23.641708">
        <ele>1733.2</ele>
      </trkpt>
      <trkpt lat="45.385472" lon="23.641821">
        <ele>1734.6</ele>
      </trkpt>
      <trkpt lat="45.385489" lon="23.641898">
        <ele>1735.2</ele>
      </trkpt>
      <trkpt lat="45.385477" lon="23.641992">
        <ele>1735.8</ele>
      </trkpt>
      <trkpt lat="45.385436" lon="23.642072">
        <ele>1736.4</ele>
      </trkpt>
      <trkpt lat="45.384674" lon="23.642852">
        <ele>1744.1</ele>
      </trkpt>
      <trkpt lat="45.384195" lon="23.643033">
        <ele>1749.2</ele>
      </trkpt>
      <trkpt lat="45.383893" lon="23.643235">
        <ele>1754.1</ele>
      </trkpt>
      <trkpt lat="45.383709" lon="23.643291">
        <ele>1756.8</ele>
      </trkpt>
      <trkpt lat="45.383625" lon="23.643261">
        <ele>1757.9</ele>
      </trkpt>
      <trkpt lat="45.383163" lon="23.642935">
        <ele>1763.8</ele>
      </trkpt>
      <trkpt lat="45.38288" lon="23.642558">
        <ele>1769.2</ele>
      </trkpt>
      <trkpt lat="45.382603" lon="23.642571">
        <ele>1771.8</ele>
      </trkpt>
      <trkpt lat="45.382456" lon="23.64249">
        <ele>1773.4</ele>
      </trkpt>
      <trkpt lat="45.382249" lon="23.64209">
        <ele>1776.9</ele>
      </trkpt>
      <trkpt lat="45.382115" lon="23.641953">
        <ele>1777.5</ele>
      </trkpt>
      <trkpt lat="45.381941" lon="23.6419">
        <ele>1777</ele>
      </trkpt>
      <trkpt lat="45.381653" lon="23.641871">
        <ele>1775.7</ele>
      </trkpt>
      <trkpt lat="45.381362" lon="23.641703">
        <ele>1774.4</ele>
      </trkpt>
      <trkpt lat="45.381309" lon="23.641699">
        <ele>1774.1</ele>
      </trkpt>
      <trkpt lat="45.381207" lon="23.641782">
        <ele>1773.9</ele>
      </trkpt>
      <trkpt lat="45.381084" lon="23.641958">
        <ele>1775.6</ele>
      </trkpt>
      <trkpt lat="45.38089" lon="23.642354">
        <ele>1779.5</ele>
      </trkpt>
      <trkpt lat="45.380759" lon="23.642985">
        <ele>1785.7</ele>
      </trkpt>
      <trkpt lat="45.38071" lon="23.643133">
        <ele>1786.9</ele>
      </trkpt>
      <trkpt lat="45.380408" lon="23.64352">
        <ele>1787.9</ele>
      </trkpt>
      <trkpt lat="45.379573" lon="23.645268">
        <ele>1802.5</ele>
      </trkpt>
      <trkpt lat="45.37938" lon="23.645586">
        <ele>1805.7</ele>
      </trkpt>
      <trkpt lat="45.378975" lon="23.646139">
        <ele>1812.6</ele>
      </trkpt>
      <trkpt lat="45.378497" lon="23.646715">
        <ele>1821.8</ele>
      </trkpt>
      <trkpt lat="45.37782" lon="23.647402">
        <ele>1831.2</ele>
      </trkpt>
      <trkpt lat="45.377404" lon="23.64796">
        <ele>1837.3</ele>
      </trkpt>
      <trkpt lat="45.377068" lon="23.648472">
        <ele>1845</ele>
      </trkpt>
      <trkpt lat="45.37637" lon="23.649505">
        <ele>1863.9</ele>
      </trkpt>
      <trkpt lat="45.375437" lon="23.650526">
        <ele>1884</ele>
      </trkpt>
      <trkpt lat="45.37536" lon="23.65069">
        <ele>1885.5</ele>
      </trkpt>
      <trkpt lat="45.375357" lon="23.650801">
        <ele>1886.2</ele>
      </trkpt>
      <trkpt lat="45.375383" lon="23.650894">
        <ele>1886.8</ele>
      </trkpt>
      <trkpt lat="45.375429" lon="23.650942">
        <ele>1887.1</ele>
      </trkpt>
      <trkpt lat="45.375506" lon="23.650945">
        <ele>1887.5</ele>
      </trkpt>
      <trkpt lat="45.375905" lon="23.650657">
        <ele>1887.8</ele>
      </trkpt>
      <trkpt lat="45.376407" lon="23.65039">
        <ele>1886.4</ele>
      </trkpt>
      <trkpt lat="45.376668" lon="23.65015">
        <ele>1884.9</ele>
      </trkpt>
      <trkpt lat="45.376834" lon="23.649923">
        <ele>1883.7</ele>
      </trkpt>
      <trkpt lat="45.37711" lon="23.649738">
        <ele>1882.3</ele>
      </trkpt>
      <trkpt lat="45.377859" lon="23.649361">
        <ele>1884</ele>
      </trkpt>
      <trkpt lat="45.378002" lon="23.649332">
        <ele>1884.9</ele>
      </trkpt>
      <trkpt lat="45.378114" lon="23.649345">
        <ele>1885.7</ele>
      </trkpt>
      <trkpt lat="45.378236" lon="23.649386">
        <ele>1886.6</ele>
      </trkpt>
      <trkpt lat="45.3784" lon="23.649513">
        <ele>1888.3</ele>
      </trkpt>
      <trkpt lat="45.378723" lon="23.649921">
        <ele>1893.3</ele>
      </trkpt>
      <trkpt lat="45.378948" lon="23.650315">
        <ele>1897.6</ele>
      </trkpt>
      <trkpt lat="45.37914" lon="23.650743">
        <ele>1902.1</ele>
      </trkpt>
      <trkpt lat="45.379346" lon="23.651008">
        <ele>1904.8</ele>
      </trkpt>
      <trkpt lat="45.379585" lon="23.651134">
        <ele>1906.2</ele>
      </trkpt>
      <trkpt lat="45.37992" lon="23.651208">
        <ele>1907.5</ele>
      </trkpt>
      <trkpt lat="45.380034" lon="23.651266">
        <ele>1907.8</ele>
      </trkpt>
      <trkpt lat="45.380127" lon="23.651353">
        <ele>1908</ele>
      </trkpt>
      <trkpt lat="45.380189" lon="23.651466">
        <ele>1908.2</ele>
      </trkpt>
      <trkpt lat="45.380221" lon="23.651584">
        <ele>1908.4</ele>
      </trkpt>
      <trkpt lat="45.380233" lon="23.651813">
        <ele>1908.8</ele>
      </trkpt>
      <trkpt lat="45.38017" lon="23.652016">
        <ele>1909.7</ele>
      </trkpt>
      <trkpt lat="45.379752" lon="23.652504">
        <ele>1914.3</ele>
      </trkpt>
      <trkpt lat="45.379649" lon="23.652565">
        <ele>1915.4</ele>
      </trkpt>
      <trkpt lat="45.379516" lon="23.652595">
        <ele>1916.9</ele>
      </trkpt>
      <trkpt lat="45.379135" lon="23.652576">
        <ele>1920.6</ele>
      </trkpt>
      <trkpt lat="45.379041" lon="23.652533">
        <ele>1921.5</ele>
      </trkpt>
      <trkpt lat="45.378714" lon="23.652117">
        <ele>1925.3</ele>
      </trkpt>
      <trkpt lat="45.37861" lon="23.652025">
        <ele>1926</ele>
      </trkpt>
      <trkpt lat="45.378485" lon="23.651981">
        <ele>1926.7</ele>
      </trkpt>
      <trkpt lat="45.377716" lon="23.651966">
        <ele>1931.1</ele>
      </trkpt>
      <trkpt lat="45.377431" lon="23.652072">
        <ele>1934.2</ele>
      </trkpt>
      <trkpt lat="45.377254" lon="23.652251">
        <ele>1936.9</ele>
      </trkpt>
      <trkpt lat="45.376799" lon="23.652984">
        <ele>1946.9</ele>
      </trkpt>
      <trkpt lat="45.376581" lon="23.653218">
        <ele>1948.9</ele>
      </trkpt>
      <trkpt lat="45.376425" lon="23.653338">
        <ele>1949.6</ele>
      </trkpt>
      <trkpt lat="45.375797" lon="23.653552">
        <ele>1952.5</ele>
      </trkpt>
      <trkpt lat="45.375456" lon="23.653756">
        <ele>1956.9</ele>
      </trkpt>
      <trkpt lat="45.375185" lon="23.654012">
        <ele>1962.8</ele>
      </trkpt>
      <trkpt lat="45.374919" lon="23.654458">
        <ele>1970.6</ele>
      </trkpt>
      <trkpt lat="45.374831" lon="23.654547">
        <ele>1972.7</ele>
      </trkpt>
      <trkpt lat="45.374412" lon="23.65482">
        <ele>1979.8</ele>
      </trkpt>
      <trkpt lat="45.374382" lon="23.654875">
        <ele>1980.4</ele>
      </trkpt>
      <trkpt lat="45.374363" lon="23.655028">
        <ele>1981.4</ele>
      </trkpt>
      <trkpt lat="45.374453" lon="23.65563">
        <ele>1984.5</ele>
      </trkpt>
      <trkpt lat="45.374439" lon="23.655797">
        <ele>1985.1</ele>
      </trkpt>
      <trkpt lat="45.374367" lon="23.655939">
        <ele>1985.7</ele>
      </trkpt>
      <trkpt lat="45.374152" lon="23.6561">
        <ele>1987.2</ele>
      </trkpt>
      <trkpt lat="45.374018" lon="23.656097">
        <ele>1988.2</ele>
      </trkpt>
      <trkpt lat="45.373941" lon="23.656015">
        <ele>1989</ele>
      </trkpt>
      <trkpt lat="45.373869" lon="23.655883">
        <ele>1990.1</ele>
      </trkpt>
      <trkpt lat="45.373739" lon="23.655197">
        <ele>1996.7</ele>
      </trkpt>
      <trkpt lat="45.373672" lon="23.654957">
        <ele>1999.3</ele>
      </trkpt>
      <trkpt lat="45.373523" lon="23.654635">
        <ele>2002.5</ele>
      </trkpt>
      <trkpt lat="45.373393" lon="23.654432">
        <ele>2004.7</ele>
      </trkpt>
      <trkpt lat="45.373316" lon="23.65436">
        <ele>2005.8</ele>
      </trkpt>
      <trkpt lat="45.373084" lon="23.654298">
        <ele>2008.6</ele>
      </trkpt>
      <trkpt lat="45.372584" lon="23.654297">
        <ele>2014.2</ele>
      </trkpt>
      <trkpt lat="45.37244" lon="23.654254">
        <ele>2016.3</ele>
      </trkpt>
      <trkpt lat="45.372036" lon="23.654086">
        <ele>2023.1</ele>
      </trkpt>
      <trkpt lat="45.371459" lon="23.653782">
        <ele>2029.8</ele>
      </trkpt>
      <trkpt lat="45.370873" lon="23.653438">
        <ele>2033.9</ele>
      </trkpt>
      <trkpt lat="45.370655" lon="23.653241">
        <ele>2035.1</ele>
      </trkpt>
      <trkpt lat="45.369548" lon="23.651583">
        <ele>2048.8</ele>
      </trkpt>
      <trkpt lat="45.369391" lon="23.651304">
        <ele>2051.6</ele>
      </trkpt>
      <trkpt lat="45.36914" lon="23.650745">
        <ele>2057</ele>
      </trkpt>
      <trkpt lat="45.36884" lon="23.650424">
        <ele>2061.6</ele>
      </trkpt>
      <trkpt lat="45.368659" lon="23.650373">
        <ele>2063.3</ele>
      </trkpt>
      <trkpt lat="45.368566" lon="23.650412">
        <ele>2063.8</ele>
      </trkpt>
      <trkpt lat="45.367955" lon="23.650984">
        <ele>2064.5</ele>
      </trkpt>
      <trkpt lat="45.367821" lon="23.651054">
        <ele>2064.3</ele>
      </trkpt>
      <trkpt lat="45.367579" lon="23.65112">
        <ele>2064.4</ele>
      </trkpt>
      <trkpt lat="45.367354" lon="23.651107">
        <ele>2065.4</ele>
      </trkpt>
      <trkpt lat="45.36727" lon="23.651081">
        <ele>2066.2</ele>
      </trkpt>
      <trkpt lat="45.367112" lon="23.650953">
        <ele>2068.6</ele>
      </trkpt>
      <trkpt lat="45.366622" lon="23.650189">
        <ele>2083.1</ele>
      </trkpt>
      <trkpt lat="45.366429" lon="23.649766">
        <ele>2088.2</ele>
      </trkpt>
      <trkpt lat="45.366372" lon="23.649687">
        <ele>2089</ele>
      </trkpt>
      <trkpt lat="45.366307" lon="23.649659">
        <ele>2089.6</ele>
      </trkpt>
      <trkpt lat="45.366235" lon="23.649655">
        <ele>2090.2</ele>
      </trkpt>
      <trkpt lat="45.366165" lon="23.649692">
        <ele>2090.7</ele>
      </trkpt>
      <trkpt lat="45.365995" lon="23.650023">
        <ele>2091.1</ele>
      </trkpt>
      <trkpt lat="45.365815" lon="23.650262">
        <ele>2088.9</ele>
      </trkpt>
      <trkpt lat="45.365688" lon="23.65039">
        <ele>2086.6</ele>
      </trkpt>
      <trkpt lat="45.365221" lon="23.650731">
        <ele>2089.5</ele>
      </trkpt>
      <trkpt lat="45.364723" lon="23.651168">
        <ele>2091.6</ele>
      </trkpt>
      <trkpt lat="45.364476" lon="23.651432">
        <ele>2091.5</ele>
      </trkpt>
      <trkpt lat="45.363769" lon="23.652321">
        <ele>2095.1</ele>
      </trkpt>
      <trkpt lat="45.363545" lon="23.652622">
        <ele>2094.9</ele>
      </trkpt>
      <trkpt lat="45.363408" lon="23.652851">
        <ele>2095</ele>
      </trkpt>
      <trkpt lat="45.363322" lon="23.653002">
        <ele>2094.8</ele>
      </trkpt>
      <trkpt lat="45.363204" lon="23.653399">
        <ele>2095.1</ele>
      </trkpt>
      <trkpt lat="45.363104" lon="23.654425">
        <ele>2096.4</ele>
      </trkpt>
      <trkpt lat="45.362833" lon="23.65565">
        <ele>2098.1</ele>
      </trkpt>
      <trkpt lat="45.362649" lon="23.656416">
        <ele>2096.3</ele>
      </trkpt>
      <trkpt lat="45.3624" lon="23.656965">
        <ele>2092.6</ele>
      </trkpt>
      <trkpt lat="45.362278" lon="23.657136">
        <ele>2090.9</ele>
      </trkpt>
      <trkpt lat="45.362195" lon="23.657227">
        <ele>2089.8</ele>
      </trkpt>
      <trkpt lat="45.362109" lon="23.657271">
        <ele>2088.8</ele>
      </trkpt>
      <trkpt lat="45.362038" lon="23.657287">
        <ele>2088</ele>
      </trkpt>
      <trkpt lat="45.361943" lon="23.65724">
        <ele>2086.8</ele>
      </trkpt>
      <trkpt lat="45.361909" lon="23.657092">
        <ele>2085.4</ele>
      </trkpt>
      <trkpt lat="45.361924" lon="23.656781">
        <ele>2082.4</ele>
      </trkpt>
      <trkpt lat="45.361905" lon="23.656585">
        <ele>2080.6</ele>
      </trkpt>
      <trkpt lat="45.361846" lon="23.656493">
        <ele>2079.4</ele>
      </trkpt>
      <trkpt lat="45.361755" lon="23.656496">
        <ele>2078.1</ele>
      </trkpt>
      <trkpt lat="45.361699" lon="23.65653">
        <ele>2077.3</ele>
      </trkpt>
      <trkpt lat="45.361647" lon="23.656622">
        <ele>2076</ele>
      </trkpt>
      <trkpt lat="45.361572" lon="23.656894">
        <ele>2072.9</ele>
      </trkpt>
      <trkpt lat="45.361283" lon="23.657448">
        <ele>2064.8</ele>
      </trkpt>
      <trkpt lat="45.361175" lon="23.657766">
        <ele>2060.5</ele>
      </trkpt>
      <trkpt lat="45.361005" lon="23.658627">
        <ele>2056.6</ele>
      </trkpt>
      <trkpt lat="45.360923" lon="23.658899">
        <ele>2054.6</ele>
      </trkpt>
      <trkpt lat="45.360757" lon="23.659125">
        <ele>2051.6</ele>
      </trkpt>
      <trkpt lat="45.360376" lon="23.659457">
        <ele>2044.4</ele>
      </trkpt>
      <trkpt lat="45.360302" lon="23.659618">
        <ele>2041.6</ele>
      </trkpt>
      <trkpt lat="45.360233" lon="23.659994">
        <ele>2036.9</ele>
      </trkpt>
      <trkpt lat="45.360158" lon="23.660642">
        <ele>2027.7</ele>
      </trkpt>
      <trkpt lat="45.360115" lon="23.660815">
        <ele>2024.9</ele>
      </trkpt>
      <trkpt lat="45.360061" lon="23.660981">
        <ele>2022.6</ele>
      </trkpt>
      <trkpt lat="45.359871" lon="23.66139">
        <ele>2017.7</ele>
      </trkpt>
      <trkpt lat="45.359696" lon="23.661905">
        <ele>2014.1</ele>
      </trkpt>
      <trkpt lat="45.359329" lon="23.662685">
        <ele>2014.1</ele>
      </trkpt>
      <trkpt lat="45.359241" lon="23.663038">
        <ele>2014.8</ele>
      </trkpt>
      <trkpt lat="45.359124" lon="23.663867">
        <ele>2015.6</ele>
      </trkpt>
      <trkpt lat="45.359037" lon="23.66414">
        <ele>2014.9</ele>
      </trkpt>
      <trkpt lat="45.358969" lon="23.66428">
        <ele>2014.2</ele>
      </trkpt>
      <trkpt lat="45.358819" lon="23.664803">
        <ele>2010.8</ele>
      </trkpt>
      <trkpt lat="45.358747" lon="23.665207">
        <ele>2008.4</ele>
      </trkpt>
      <trkpt lat="45.358542" lon="23.666849">
        <ele>2004.1</ele>
      </trkpt>
      <trkpt lat="45.35844" lon="23.667893">
        <ele>2002.9</ele>
      </trkpt>
      <trkpt lat="45.35842" lon="23.668323">
        <ele>2001.7</ele>
      </trkpt>
      <trkpt lat="45.358432" lon="23.668911">
        <ele>2000.7</ele>
      </trkpt>
      <trkpt lat="45.358411" lon="23.669163">
        <ele>1999.6</ele>
      </trkpt>
      <trkpt lat="45.358367" lon="23.669278">
        <ele>1998.6</ele>
      </trkpt>
      <trkpt lat="45.358328" lon="23.669307">
        <ele>1997.9</ele>
      </trkpt>
      <trkpt lat="45.35825" lon="23.669345">
        <ele>1996.4</ele>
      </trkpt>
      <trkpt lat="45.35815" lon="23.669294">
        <ele>1994.4</ele>
      </trkpt>
      <trkpt lat="45.358097" lon="23.669126">
        <ele>1992.7</ele>
      </trkpt>
      <trkpt lat="45.358051" lon="23.668731">
        <ele>1990.7</ele>
      </trkpt>
      <trkpt lat="45.358053" lon="23.668159">
        <ele>1988.9</ele>
      </trkpt>
      <trkpt lat="45.35793" lon="23.667579">
        <ele>1985.4</ele>
      </trkpt>
      <trkpt lat="45.3579" lon="23.667002">
        <ele>1982.1</ele>
      </trkpt>
      <trkpt lat="45.357941" lon="23.666535">
        <ele>1980.4</ele>
      </trkpt>
      <trkpt lat="45.358212" lon="23.665152">
        <ele>1979.6</ele>
      </trkpt>
      <trkpt lat="45.358072" lon="23.663182">
        <ele>1969.9</ele>
      </trkpt>
      <trkpt lat="45.358109" lon="23.662921">
        <ele>1968.6</ele>
      </trkpt>
      <trkpt lat="45.358203" lon="23.662732">
        <ele>1969.4</ele>
      </trkpt>
      <trkpt lat="45.358316" lon="23.662574">
        <ele>1967.5</ele>
      </trkpt>
      <trkpt lat="45.358331" lon="23.662515">
        <ele>1966.7</ele>
      </trkpt>
      <trkpt lat="45.358327" lon="23.662457">
        <ele>1966</ele>
      </trkpt>
      <trkpt lat="45.358288" lon="23.6624">
        <ele>1965.3</ele>
      </trkpt>
      <trkpt lat="45.358112" lon="23.662341">
        <ele>1964</ele>
      </trkpt>
      <trkpt lat="45.358068" lon="23.662296">
        <ele>1963.5</ele>
      </trkpt>
      <trkpt lat="45.358053" lon="23.662114">
        <ele>1961.5</ele>
      </trkpt>
      <trkpt lat="45.358144" lon="23.661948">
        <ele>1959.4</ele>
      </trkpt>
      <trkpt lat="45.358395" lon="23.661641">
        <ele>1964.2</ele>
      </trkpt>
      <trkpt lat="45.358503" lon="23.661494">
        <ele>1966.1</ele>
      </trkpt>
      <trkpt lat="45.358579" lon="23.661146">
        <ele>1965</ele>
      </trkpt>
      <trkpt lat="45.358564" lon="23.6609">
        <ele>1962.2</ele>
      </trkpt>
      <trkpt lat="45.358434" lon="23.660518">
        <ele>1957.4</ele>
      </trkpt>
      <trkpt lat="45.358399" lon="23.660338">
        <ele>1955.2</ele>
      </trkpt>
      <trkpt lat="45.358412" lon="23.659889">
        <ele>1949.5</ele>
      </trkpt>
      <trkpt lat="45.358324" lon="23.659366">
        <ele>1943.7</ele>
      </trkpt>
      <trkpt lat="45.358319" lon="23.659149">
        <ele>1941.9</ele>
      </trkpt>
      <trkpt lat="45.358433" lon="23.658159">
        <ele>1936.8</ele>
      </trkpt>
      <trkpt lat="45.358586" lon="23.657542">
        <ele>1936.3</ele>
      </trkpt>
      <trkpt lat="45.358598" lon="23.657242">
        <ele>1936.3</ele>
      </trkpt>
      <trkpt lat="45.358506" lon="23.656083">
        <ele>1934.1</ele>
      </trkpt>
      <trkpt lat="45.358451" lon="23.655715">
        <ele>1931.9</ele>
      </trkpt>
      <trkpt lat="45.358403" lon="23.655541">
        <ele>1930.5</ele>
      </trkpt>
      <trkpt lat="45.358242" lon="23.655197">
        <ele>1926.8</ele>
      </trkpt>
      <trkpt lat="45.357948" lon="23.654185">
        <ele>1919.1</ele>
      </trkpt>
      <trkpt lat="45.357932" lon="23.653929">
        <ele>1918.3</ele>
      </trkpt>
      <trkpt lat="45.35801" lon="23.653319">
        <ele>1919.8</ele>
      </trkpt>
      <trkpt lat="45.358016" lon="23.653135">
        <ele>1920.7</ele>
      </trkpt>
      <trkpt lat="45.357958" lon="23.65294">
        <ele>1920.8</ele>
      </trkpt>
      <trkpt lat="45.357797" lon="23.652658">
        <ele>1922.8</ele>
      </trkpt>
      <trkpt lat="45.357692" lon="23.652417">
        <ele>1927.5</ele>
      </trkpt>
      <trkpt lat="45.357588" lon="23.651881">
        <ele>1932.9</ele>
      </trkpt>
      <trkpt lat="45.35749" lon="23.651709">
        <ele>1934.4</ele>
      </trkpt>
      <trkpt lat="45.357413" lon="23.651655">
        <ele>1935.1</ele>
      </trkpt>
      <trkpt lat="45.356966" lon="23.651526">
        <ele>1937.4</ele>
      </trkpt>
      <trkpt lat="45.356877" lon="23.65145">
        <ele>1937.4</ele>
      </trkpt>
      <trkpt lat="45.356645" lon="23.651126">
        <ele>1937.2</ele>
      </trkpt>
      <trkpt lat="45.3564" lon="23.650897">
        <ele>1938.9</ele>
      </trkpt>
      <trkpt lat="45.355821" lon="23.650613">
        <ele>1943.3</ele>
      </trkpt>
      <trkpt lat="45.355634" lon="23.650556">
        <ele>1944.4</ele>
      </trkpt>
      <trkpt lat="45.355258" lon="23.650657">
        <ele>1946.2</ele>
      </trkpt>
      <trkpt lat="45.354925" lon="23.650708">
        <ele>1946.4</ele>
      </trkpt>
      <trkpt lat="45.354582" lon="23.65087">
        <ele>1947.3</ele>
      </trkpt>
      <trkpt lat="45.354172" lon="23.650873">
        <ele>1948.8</ele>
      </trkpt>
      <trkpt lat="45.354055" lon="23.650903">
        <ele>1949.3</ele>
      </trkpt>
      <trkpt lat="45.353952" lon="23.651044">
        <ele>1949.9</ele>
      </trkpt>
      <trkpt lat="45.353825" lon="23.651562">
        <ele>1951.8</ele>
      </trkpt>
      <trkpt lat="45.35374" lon="23.65174">
        <ele>1952.4</ele>
      </trkpt>
      <trkpt lat="45.353326" lon="23.65225">
        <ele>1954.6</ele>
      </trkpt>
      <trkpt lat="45.353063" lon="23.652453">
        <ele>1956.1</ele>
      </trkpt>
      <trkpt lat="45.352776" lon="23.652864">
        <ele>1958.6</ele>
      </trkpt>
      <trkpt lat="45.352393" lon="23.653157">
        <ele>1961.2</ele>
      </trkpt>
      <trkpt lat="45.352197" lon="23.653366">
        <ele>1963.8</ele>
      </trkpt>
      <trkpt lat="45.351903" lon="23.653514">
        <ele>1966.8</ele>
      </trkpt>
      <trkpt lat="45.351701" lon="23.653573">
        <ele>1968.6</ele>
      </trkpt>
      <trkpt lat="45.351556" lon="23.653576">
        <ele>1969.9</ele>
      </trkpt>
      <trkpt lat="45.351495" lon="23.653522">
        <ele>1970.5</ele>
      </trkpt>
      <trkpt lat="45.351481" lon="23.653471">
        <ele>1970.8</ele>
      </trkpt>
      <trkpt lat="45.351494" lon="23.653303">
        <ele>1971.8</ele>
      </trkpt>
      <trkpt lat="45.351542" lon="23.653115">
        <ele>1973</ele>
      </trkpt>
      <trkpt lat="45.35154" lon="23.653021">
        <ele>1973.7</ele>
      </trkpt>
      <trkpt lat="45.351487" lon="23.652945">
        <ele>1974.8</ele>
      </trkpt>
      <trkpt lat="45.351416" lon="23.652948">
        <ele>1975.9</ele>
      </trkpt>
      <trkpt lat="45.351259" lon="23.653091">
        <ele>1978.3</ele>
      </trkpt>
      <trkpt lat="45.350979" lon="23.653528">
        <ele>1981.2</ele>
      </trkpt>
      <trkpt lat="45.350886" lon="23.653764">
        <ele>1982.1</ele>
      </trkpt>
      <trkpt lat="45.350513" lon="23.655011">
        <ele>1987</ele>
      </trkpt>
      <trkpt lat="45.350476" lon="23.655218">
        <ele>1988</ele>
      </trkpt>
      <trkpt lat="45.350478" lon="23.655337">
        <ele>1988.6</ele>
      </trkpt>
      <trkpt lat="45.350567" lon="23.655943">
        <ele>1992</ele>
      </trkpt>
      <trkpt lat="45.350425" lon="23.656263">
        <ele>1994.2</ele>
      </trkpt>
      <trkpt lat="45.350421" lon="23.656376">
        <ele>1995.2</ele>
      </trkpt>
      <trkpt lat="45.35048" lon="23.656779">
        <ele>2000</ele>
      </trkpt>
      <trkpt lat="45.350472" lon="23.656897">
        <ele>2001.6</ele>
      </trkpt>
      <trkpt lat="45.350394" lon="23.656998">
        <ele>2003.6</ele>
      </trkpt>
      <trkpt lat="45.350332" lon="23.657007">
        <ele>2004.8</ele>
      </trkpt>
      <trkpt lat="45.350265" lon="23.656945">
        <ele>2006.5</ele>
      </trkpt>
      <trkpt lat="45.350082" lon="23.656429">
        <ele>2015.5</ele>
      </trkpt>
      <trkpt lat="45.349866" lon="23.655595">
        <ele>2023.8</ele>
      </trkpt>
      <trkpt lat="45.349677" lon="23.654685">
        <ele>2027.1</ele>
      </trkpt>
      <trkpt lat="45.349505" lon="23.654128">
        <ele>2028.3</ele>
      </trkpt>
      <trkpt lat="45.349448" lon="23.653386">
        <ele>2032.6</ele>
      </trkpt>
      <trkpt lat="45.349309" lon="23.652632">
        <ele>2036.4</ele>
      </trkpt>
      <trkpt lat="45.349198" lon="23.652266">
        <ele>2034.9</ele>
      </trkpt>
      <trkpt lat="45.349035" lon="23.651912">
        <ele>2031.6</ele>
      </trkpt>
      <trkpt lat="45.348869" lon="23.651692">
        <ele>2032.7</ele>
      </trkpt>
      <trkpt lat="45.348796" lon="23.651671">
        <ele>2033.4</ele>
      </trkpt>
      <trkpt lat="45.348731" lon="23.651703">
        <ele>2034</ele>
      </trkpt>
      <trkpt lat="45.348703" lon="23.651797">
        <ele>2034.6</ele>
      </trkpt>
      <trkpt lat="45.348711" lon="23.651859">
        <ele>2035</ele>
      </trkpt>
      <trkpt lat="45.348846" lon="23.652242">
        <ele>2038.2</ele>
      </trkpt>
      <trkpt lat="45.348852" lon="23.652391">
        <ele>2040.1</ele>
      </trkpt>
      <trkpt lat="45.348813" lon="23.652438">
        <ele>2041.2</ele>
      </trkpt>
      <trkpt lat="45.348734" lon="23.652428">
        <ele>2043</ele>
      </trkpt>
      <trkpt lat="45.348594" lon="23.652262">
        <ele>2046.7</ele>
      </trkpt>
      <trkpt lat="45.348514" lon="23.652217">
        <ele>2048.3</ele>
      </trkpt>
      <trkpt lat="45.348448" lon="23.652266">
        <ele>2049.5</ele>
      </trkpt>
      <trkpt lat="45.348436" lon="23.652343">
        <ele>2050.4</ele>
      </trkpt>
      <trkpt lat="45.348694" lon="23.65325">
        <ele>2059.9</ele>
      </trkpt>
      <trkpt lat="45.348678" lon="23.653417">
        <ele>2060.6</ele>
      </trkpt>
      <trkpt lat="45.348614" lon="23.653449">
        <ele>2060.6</ele>
      </trkpt>
      <trkpt lat="45.34854" lon="23.653397">
        <ele>2060.5</ele>
      </trkpt>
      <trkpt lat="45.348316" lon="23.652919">
        <ele>2059.2</ele>
      </trkpt>
      <trkpt lat="45.348181" lon="23.652751">
        <ele>2059.5</ele>
      </trkpt>
      <trkpt lat="45.34802" lon="23.652666">
        <ele>2060.5</ele>
      </trkpt>
      <trkpt lat="45.347969" lon="23.65269">
        <ele>2060.9</ele>
      </trkpt>
      <trkpt lat="45.347936" lon="23.652757">
        <ele>2061.3</ele>
      </trkpt>
      <trkpt lat="45.347945" lon="23.652844">
        <ele>2061.9</ele>
      </trkpt>
      <trkpt lat="45.348076" lon="23.653106">
        <ele>2064.9</ele>
      </trkpt>
      <trkpt lat="45.348197" lon="23.65342">
        <ele>2070.2</ele>
      </trkpt>
      <trkpt lat="45.348332" lon="23.653913">
        <ele>2079.1</ele>
      </trkpt>
      <trkpt lat="45.348382" lon="23.65435">
        <ele>2083.7</ele>
      </trkpt>
      <trkpt lat="45.348375" lon="23.654507">
        <ele>2085.1</ele>
      </trkpt>
      <trkpt lat="45.348352" lon="23.654571">
        <ele>2085.7</ele>
      </trkpt>
      <trkpt lat="45.348284" lon="23.654589">
        <ele>2086.6</ele>
      </trkpt>
      <trkpt lat="45.34823" lon="23.654558">
        <ele>2087.2</ele>
      </trkpt>
      <trkpt lat="45.347977" lon="23.654177">
        <ele>2090.8</ele>
      </trkpt>
      <trkpt lat="45.347904" lon="23.654134">
        <ele>2091.5</ele>
      </trkpt>
      <trkpt lat="45.347809" lon="23.654142">
        <ele>2092.3</ele>
      </trkpt>
      <trkpt lat="45.347727" lon="23.654243">
        <ele>2093.2</ele>
      </trkpt>
      <trkpt lat="45.347699" lon="23.654349">
        <ele>2093.8</ele>
      </trkpt>
      <trkpt lat="45.347722" lon="23.654694">
        <ele>2095.7</ele>
      </trkpt>
      <trkpt lat="45.347691" lon="23.65484">
        <ele>2096.5</ele>
      </trkpt>
      <trkpt lat="45.347616" lon="23.654867">
        <ele>2097.1</ele>
      </trkpt>
      <trkpt lat="45.347185" lon="23.654789">
        <ele>2099.6</ele>
      </trkpt>
      <trkpt lat="45.346997" lon="23.65485">
        <ele>2100.5</ele>
      </trkpt>
      <trkpt lat="45.346774" lon="23.655023">
        <ele>2101</ele>
      </trkpt>
      <trkpt lat="45.345767" lon="23.655987">
        <ele>2103.8</ele>
      </trkpt>
      <trkpt lat="45.345467" lon="23.656363">
        <ele>2110</ele>
      </trkpt>
      <trkpt lat="45.345039" lon="23.65681">
        <ele>2109.4</ele>
      </trkpt>
      <trkpt lat="45.344581" lon="23.657469">
        <ele>2108</ele>
      </trkpt>
      <trkpt lat="45.344356" lon="23.657853">
        <ele>2109.3</ele>
      </trkpt>
      <trkpt lat="45.344189" lon="23.658359">
        <ele>2108.6</ele>
      </trkpt>
      <trkpt lat="45.344092" lon="23.658975">
        <ele>2108</ele>
      </trkpt>
      <trkpt lat="45.343965" lon="23.660431">
        <ele>2101.5</ele>
      </trkpt>
      <trkpt lat="45.343972" lon="23.661343">
        <ele>2103.9</ele>
      </trkpt>
      <trkpt lat="45.343995" lon="23.661671">
        <ele>2106.1</ele>
      </trkpt>
      <trkpt lat="45.344087" lon="23.662374">
        <ele>2108.2</ele>
      </trkpt>
      <trkpt lat="45.344153" lon="23.662651">
        <ele>2108.9</ele>
      </trkpt>
      <trkpt lat="45.344357" lon="23.66316">
        <ele>2107.4</ele>
      </trkpt>
      <trkpt lat="45.34437" lon="23.663242">
        <ele>2107</ele>
      </trkpt>
      <trkpt lat="45.344346" lon="23.663392">
        <ele>2106.2</ele>
      </trkpt>
      <trkpt lat="45.344307" lon="23.663454">
        <ele>2105.8</ele>
      </trkpt>
      <trkpt lat="45.344161" lon="23.663513">
        <ele>2104.5</ele>
      </trkpt>
      <trkpt lat="45.34384" lon="23.663504">
        <ele>2101.3</ele>
      </trkpt>
      <trkpt lat="45.343652" lon="23.663546">
        <ele>2099.5</ele>
      </trkpt>
      <trkpt lat="45.343522" lon="23.663631">
        <ele>2098.1</ele>
      </trkpt>
      <trkpt lat="45.343442" lon="23.663743">
        <ele>2096.9</ele>
      </trkpt>
      <trkpt lat="45.343413" lon="23.663904">
        <ele>2095.6</ele>
      </trkpt>
      <trkpt lat="45.343427" lon="23.664374">
        <ele>2091.7</ele>
      </trkpt>
      <trkpt lat="45.343396" lon="23.664522">
        <ele>2090.4</ele>
      </trkpt>
      <trkpt lat="45.34328" lon="23.664623">
        <ele>2088.7</ele>
      </trkpt>
      <trkpt lat="45.343006" lon="23.664681">
        <ele>2085.6</ele>
      </trkpt>
      <trkpt lat="45.342936" lon="23.664748">
        <ele>2084.6</ele>
      </trkpt>
      <trkpt lat="45.342918" lon="23.664812">
        <ele>2084</ele>
      </trkpt>
      <trkpt lat="45.342921" lon="23.66492">
        <ele>2083.1</ele>
      </trkpt>
      <trkpt lat="45.343016" lon="23.665249">
        <ele>2080</ele>
      </trkpt>
      <trkpt lat="45.342993" lon="23.665415">
        <ele>2078.6</ele>
      </trkpt>
      <trkpt lat="45.342926" lon="23.665498">
        <ele>2077.7</ele>
      </trkpt>
      <trkpt lat="45.342864" lon="23.665522">
        <ele>2077.1</ele>
      </trkpt>
      <trkpt lat="45.342572" lon="23.665524">
        <ele>2074.8</ele>
      </trkpt>
      <trkpt lat="45.342498" lon="23.665587">
        <ele>2074.2</ele>
      </trkpt>
      <trkpt lat="45.34248" lon="23.665645">
        <ele>2073.8</ele>
      </trkpt>
      <trkpt lat="45.342475" lon="23.665876">
        <ele>2072.7</ele>
      </trkpt>
      <trkpt lat="45.342537" lon="23.666143">
        <ele>2071.4</ele>
      </trkpt>
      <trkpt lat="45.342645" lon="23.666394">
        <ele>2070.3</ele>
      </trkpt>
      <trkpt lat="45.342796" lon="23.66663">
        <ele>2069.3</ele>
      </trkpt>
      <trkpt lat="45.342811" lon="23.666743">
        <ele>2069</ele>
      </trkpt>
      <trkpt lat="45.34278" lon="23.666874">
        <ele>2068.4</ele>
      </trkpt>
      <trkpt lat="45.342677" lon="23.667015">
        <ele>2067.3</ele>
      </trkpt>
      <trkpt lat="45.342363" lon="23.667271">
        <ele>2063.6</ele>
      </trkpt>
      <trkpt lat="45.342187" lon="23.667364">
        <ele>2061.6</ele>
      </trkpt>
      <trkpt lat="45.341861" lon="23.667456">
        <ele>2058.5</ele>
      </trkpt>
      <trkpt lat="45.341793" lon="23.667488">
        <ele>2058</ele>
      </trkpt>
      <trkpt lat="45.341707" lon="23.667579">
        <ele>2057.3</ele>
      </trkpt>
      <trkpt lat="45.341676" lon="23.667646">
        <ele>2057</ele>
      </trkpt>
      <trkpt lat="45.34164" lon="23.667847">
        <ele>2056.3</ele>
      </trkpt>
      <trkpt lat="45.341569" lon="23.668649">
        <ele>2056</ele>
      </trkpt>
      <trkpt lat="45.341513" lon="23.668834">
        <ele>2055.9</ele>
      </trkpt>
      <trkpt lat="45.341411" lon="23.669006">
        <ele>2055.7</ele>
      </trkpt>
      <trkpt lat="45.34107" lon="23.669319">
        <ele>2055.1</ele>
      </trkpt>
      <trkpt lat="45.340221" lon="23.670019">
        <ele>2052.9</ele>
      </trkpt>
      <trkpt lat="45.339922" lon="23.670343">
        <ele>2052.4</ele>
      </trkpt>
      <trkpt lat="45.339598" lon="23.670859">
        <ele>2051.9</ele>
      </trkpt>
      <trkpt lat="45.339267" lon="23.671581">
        <ele>2050</ele>
      </trkpt>
      <trkpt lat="45.339113" lon="23.671802">
        <ele>2048.8</ele>
      </trkpt>
      <trkpt lat="45.338757" lon="23.6722">
        <ele>2043.9</ele>
      </trkpt>
      <trkpt lat="45.338024" lon="23.672978">
        <ele>2044.6</ele>
      </trkpt>
      <trkpt lat="45.336971" lon="23.673633">
        <ele>2034.6</ele>
      </trkpt>
      <trkpt lat="45.336624" lon="23.674006">
        <ele>2031</ele>
      </trkpt>
      <trkpt lat="45.336135" lon="23.674411">
        <ele>2027.5</ele>
      </trkpt>
      <trkpt lat="45.336037" lon="23.674541">
        <ele>2026.5</ele>
      </trkpt>
      <trkpt lat="45.33585" lon="23.67499">
        <ele>2023.4</ele>
      </trkpt>
      <trkpt lat="45.335763" lon="23.675121">
        <ele>2022.4</ele>
      </trkpt>
      <trkpt lat="45.334803" lon="23.675591">
        <ele>2014</ele>
      </trkpt>
      <trkpt lat="45.334439" lon="23.675841">
        <ele>2009.3</ele>
      </trkpt>
      <trkpt lat="45.333814" lon="23.676123">
        <ele>1997</ele>
      </trkpt>
      <trkpt lat="45.333712" lon="23.676251">
        <ele>1997.1</ele>
      </trkpt>
      <trkpt lat="45.333557" lon="23.676674">
        <ele>2005.1</ele>
      </trkpt>
      <trkpt lat="45.33352" lon="23.676744">
        <ele>2005.3</ele>
      </trkpt>
      <trkpt lat="45.333437" lon="23.676813">
        <ele>2004.1</ele>
      </trkpt>
      <trkpt lat="45.332978" lon="23.676905">
        <ele>1995.3</ele>
      </trkpt>
      <trkpt lat="45.332663" lon="23.67701">
        <ele>1990.7</ele>
      </trkpt>
      <trkpt lat="45.332162" lon="23.677064">
        <ele>1986.6</ele>
      </trkpt>
      <trkpt lat="45.331845" lon="23.677137">
        <ele>1983.4</ele>
      </trkpt>
      <trkpt lat="45.331095" lon="23.677215">
        <ele>1976.2</ele>
      </trkpt>
      <trkpt lat="45.329774" lon="23.677443">
        <ele>1958.5</ele>
      </trkpt>
      <trkpt lat="45.329599" lon="23.677509">
        <ele>1954.6</ele>
      </trkpt>
      <trkpt lat="45.328849" lon="23.678187">
        <ele>1940.7</ele>
      </trkpt>
      <trkpt lat="45.328737" lon="23.678351">
        <ele>1940.2</ele>
      </trkpt>
      <trkpt lat="45.328361" lon="23.679319">
        <ele>1941.9</ele>
      </trkpt>
      <trkpt lat="45.328243" lon="23.68">
        <ele>1940.2</ele>
      </trkpt>
      <trkpt lat="45.328143" lon="23.680373">
        <ele>1938.7</ele>
      </trkpt>
      <trkpt lat="45.32775" lon="23.681384">
        <ele>1942.8</ele>
      </trkpt>
      <trkpt lat="45.327551" lon="23.681618">
        <ele>1944.5</ele>
      </trkpt>
      <trkpt lat="45.326913" lon="23.682226">
        <ele>1947</ele>
      </trkpt>
      <trkpt lat="45.326798" lon="23.682317">
        <ele>1946.7</ele>
      </trkpt>
      <trkpt lat="45.326609" lon="23.682404">
        <ele>1945.7</ele>
      </trkpt>
      <trkpt lat="45.32592" lon="23.682399">
        <ele>1940</ele>
      </trkpt>
      <trkpt lat="45.325681" lon="23.682333">
        <ele>1935.8</ele>
      </trkpt>
      <trkpt lat="45.325353" lon="23.682114">
        <ele>1929.6</ele>
      </trkpt>
      <trkpt lat="45.324429" lon="23.682086">
        <ele>1914.5</ele>
      </trkpt>
      <trkpt lat="45.324007" lon="23.682127">
        <ele>1909.4</ele>
      </trkpt>
      <trkpt lat="45.323715" lon="23.682306">
        <ele>1906.8</ele>
      </trkpt>
      <trkpt lat="45.32267" lon="23.68326">
        <ele>1896.5</ele>
      </trkpt>
      <trkpt lat="45.322006" lon="23.683519">
        <ele>1892.2</ele>
      </trkpt>
      <trkpt lat="45.321156" lon="23.683976">
        <ele>1883</ele>
      </trkpt>
      <trkpt lat="45.320977" lon="23.684188">
        <ele>1881.4</ele>
      </trkpt>
      <trkpt lat="45.320648" lon="23.684795">
        <ele>1883.6</ele>
      </trkpt>
      <trkpt lat="45.320148" lon="23.68554">
        <ele>1877.1</ele>
      </trkpt>
      <trkpt lat="45.320029" lon="23.685599">
        <ele>1873.6</ele>
      </trkpt>
      <trkpt lat="45.319983" lon="23.685536">
        <ele>1871.8</ele>
      </trkpt>
      <trkpt lat="45.319964" lon="23.68543">
        <ele>1870.2</ele>
      </trkpt>
      <trkpt lat="45.320018" lon="23.684935">
        <ele>1867.8</ele>
      </trkpt>
      <trkpt lat="45.320103" lon="23.684602">
        <ele>1866.7</ele>
      </trkpt>
      <trkpt lat="45.320183" lon="23.684399">
        <ele>1866</ele>
      </trkpt>
      <trkpt lat="45.320474" lon="23.683876">
        <ele>1863.2</ele>
      </trkpt>
      <trkpt lat="45.320505" lon="23.683713">
        <ele>1862</ele>
      </trkpt>
      <trkpt lat="45.320452" lon="23.683587">
        <ele>1860.6</ele>
      </trkpt>
      <trkpt lat="45.320344" lon="23.683577">
        <ele>1859.1</ele>
      </trkpt>
      <trkpt lat="45.320055" lon="23.68391">
        <ele>1854.2</ele>
      </trkpt>
      <trkpt lat="45.319707" lon="23.684133">
        <ele>1849.1</ele>
      </trkpt>
      <trkpt lat="45.31947" lon="23.684334">
        <ele>1845.4</ele>
      </trkpt>
      <trkpt lat="45.319284" lon="23.684621">
        <ele>1842.9</ele>
      </trkpt>
      <trkpt lat="45.31915" lon="23.684964">
        <ele>1838.7</ele>
      </trkpt>
      <trkpt lat="45.319091" lon="23.685035">
        <ele>1837</ele>
      </trkpt>
      <trkpt lat="45.319028" lon="23.685046">
        <ele>1835.6</ele>
      </trkpt>
      <trkpt lat="45.318967" lon="23.685002">
        <ele>1834.4</ele>
      </trkpt>
      <trkpt lat="45.318936" lon="23.684915">
        <ele>1833.5</ele>
      </trkpt>
      <trkpt lat="45.31893" lon="23.684799">
        <ele>1832.9</ele>
      </trkpt>
      <trkpt lat="45.318982" lon="23.683863">
        <ele>1826.9</ele>
      </trkpt>
      <trkpt lat="45.318957" lon="23.683772">
        <ele>1826.2</ele>
      </trkpt>
      <trkpt lat="45.318908" lon="23.683712">
        <ele>1825.4</ele>
      </trkpt>
      <trkpt lat="45.318616" lon="23.683604">
        <ele>1821.1</ele>
      </trkpt>
      <trkpt lat="45.318558" lon="23.683435">
        <ele>1819.3</ele>
      </trkpt>
      <trkpt lat="45.318571" lon="23.683122">
        <ele>1817</ele>
      </trkpt>
      <trkpt lat="45.318625" lon="23.682917">
        <ele>1816.1</ele>
      </trkpt>
      <trkpt lat="45.318753" lon="23.68275">
        <ele>1815.3</ele>
      </trkpt>
      <trkpt lat="45.319413" lon="23.682337">
        <ele>1811</ele>
      </trkpt>
      <trkpt lat="45.319446" lon="23.682271">
        <ele>1810.6</ele>
      </trkpt>
      <trkpt lat="45.319444" lon="23.682193">
        <ele>1810</ele>
      </trkpt>
      <trkpt lat="45.319407" lon="23.682128">
        <ele>1809.3</ele>
      </trkpt>
      <trkpt lat="45.318649" lon="23.681961">
        <ele>1797.8</ele>
      </trkpt>
      <trkpt lat="45.318024" lon="23.681652">
        <ele>1789.4</ele>
      </trkpt>
      <trkpt lat="45.317861" lon="23.681634">
        <ele>1787.5</ele>
      </trkpt>
      <trkpt lat="45.317706" lon="23.681659">
        <ele>1785.7</ele>
      </trkpt>
      <trkpt lat="45.317475" lon="23.681767">
        <ele>1782.9</ele>
      </trkpt>
      <trkpt lat="45.317282" lon="23.681967">
        <ele>1780.1</ele>
      </trkpt>
      <trkpt lat="45.317142" lon="23.682203">
        <ele>1777.6</ele>
      </trkpt>
      <trkpt lat="45.317089" lon="23.682341">
        <ele>1776.3</ele>
      </trkpt>
      <trkpt lat="45.316986" lon="23.682751">
        <ele>1771.7</ele>
      </trkpt>
      <trkpt lat="45.316929" lon="23.682805">
        <ele>1769.9</ele>
      </trkpt>
      <trkpt lat="45.316893" lon="23.682797">
        <ele>1769</ele>
      </trkpt>
      <trkpt lat="45.316843" lon="23.682718">
        <ele>1767.5</ele>
      </trkpt>
      <trkpt lat="45.316827" lon="23.682516">
        <ele>1767</ele>
      </trkpt>
      <trkpt lat="45.316892" lon="23.682138">
        <ele>1767.9</ele>
      </trkpt>
      <trkpt lat="45.317034" lon="23.68167">
        <ele>1768.7</ele>
      </trkpt>
      <trkpt lat="45.317165" lon="23.681361">
        <ele>1768.4</ele>
      </trkpt>
      <trkpt lat="45.31725" lon="23.681226">
        <ele>1768.1</ele>
      </trkpt>
      <trkpt lat="45.317563" lon="23.680868">
        <ele>1766.2</ele>
      </trkpt>
      <trkpt lat="45.317595" lon="23.680775">
        <ele>1765.8</ele>
      </trkpt>
      <trkpt lat="45.317589" lon="23.680691">
        <ele>1765.3</ele>
      </trkpt>
      <trkpt lat="45.317555" lon="23.680632">
        <ele>1764.8</ele>
      </trkpt>
      <trkpt lat="45.317501" lon="23.680608">
        <ele>1764.3</ele>
      </trkpt>
      <trkpt lat="45.316936" lon="23.680837">
        <ele>1758.6</ele>
      </trkpt>
      <trkpt lat="45.316145" lon="23.681041">
        <ele>1748.5</ele>
      </trkpt>
      <trkpt lat="45.315944" lon="23.681148">
        <ele>1746.1</ele>
      </trkpt>
      <trkpt lat="45.315853" lon="23.681234">
        <ele>1745</ele>
      </trkpt>
      <trkpt lat="45.31577" lon="23.681345">
        <ele>1744</ele>
      </trkpt>
      <trkpt lat="45.315652" lon="23.681592">
        <ele>1742.3</ele>
      </trkpt>
      <trkpt lat="45.315516" lon="23.682055">
        <ele>1740.1</ele>
      </trkpt>
      <trkpt lat="45.315453" lon="23.682415">
        <ele>1738.9</ele>
      </trkpt>
      <trkpt lat="45.315458" lon="23.682858">
        <ele>1736.7</ele>
      </trkpt>
      <trkpt lat="45.315422" lon="23.68299">
        <ele>1735.7</ele>
      </trkpt>
      <trkpt lat="45.315326" lon="23.68298">
        <ele>1734.5</ele>
      </trkpt>
      <trkpt lat="45.315221" lon="23.682848">
        <ele>1733.1</ele>
      </trkpt>
      <trkpt lat="45.315117" lon="23.682587">
        <ele>1731.3</ele>
      </trkpt>
      <trkpt lat="45.31504" lon="23.682276">
        <ele>1729.3</ele>
      </trkpt>
      <trkpt lat="45.315001" lon="23.681917">
        <ele>1727.3</ele>
      </trkpt>
      <trkpt lat="45.315066" lon="23.681055">
        <ele>1721.2</ele>
      </trkpt>
      <trkpt lat="45.315035" lon="23.68091">
        <ele>1720.1</ele>
      </trkpt>
      <trkpt lat="45.314937" lon="23.680865">
        <ele>1719</ele>
      </trkpt>
      <trkpt lat="45.314826" lon="23.680974">
        <ele>1717.8</ele>
      </trkpt>
      <trkpt lat="45.314568" lon="23.681373">
        <ele>1714.1</ele>
      </trkpt>
      <trkpt lat="45.314289" lon="23.681957">
        <ele>1712.1</ele>
      </trkpt>
      <trkpt lat="45.314025" lon="23.682729">
        <ele>1706.8</ele>
      </trkpt>
      <trkpt lat="45.313944" lon="23.682837">
        <ele>1705.5</ele>
      </trkpt>
      <trkpt lat="45.313824" lon="23.682869">
        <ele>1703.8</ele>
      </trkpt>
      <trkpt lat="45.313306" lon="23.682879">
        <ele>1698.6</ele>
      </trkpt>
      <trkpt lat="45.313113" lon="23.682842">
        <ele>1696</ele>
      </trkpt>
      <trkpt lat="45.312638" lon="23.682581">
        <ele>1689.8</ele>
      </trkpt>
      <trkpt lat="45.312482" lon="23.682526">
        <ele>1688.5</ele>
      </trkpt>
      <trkpt lat="45.312329" lon="23.682564">
        <ele>1687.3</ele>
      </trkpt>
      <trkpt lat="45.311879" lon="23.682873">
        <ele>1684</ele>
      </trkpt>
      <trkpt lat="45.311747" lon="23.682896">
        <ele>1683.2</ele>
      </trkpt>
      <trkpt lat="45.311149" lon="23.682353">
        <ele>1679.6</ele>
      </trkpt>
      <trkpt lat="45.310887" lon="23.682145">
        <ele>1673.8</ele>
      </trkpt>
      <trkpt lat="45.31037" lon="23.681864">
        <ele>1663.1</ele>
      </trkpt>
      <trkpt lat="45.310225" lon="23.681845">
        <ele>1661.6</ele>
      </trkpt>
      <trkpt lat="45.310109" lon="23.6819">
        <ele>1660.7</ele>
      </trkpt>
      <trkpt lat="45.309692" lon="23.68253">
        <ele>1657.8</ele>
      </trkpt>
      <trkpt lat="45.308758" lon="23.683653">
        <ele>1655.5</ele>
      </trkpt>
      <trkpt lat="45.308537" lon="23.684053">
        <ele>1654.2</ele>
      </trkpt>
      <trkpt lat="45.308387" lon="23.684233">
        <ele>1652.7</ele>
      </trkpt>
      <trkpt lat="45.308235" lon="23.684322">
        <ele>1651.3</ele>
      </trkpt>
      <trkpt lat="45.307836" lon="23.684398">
        <ele>1648.5</ele>
      </trkpt>
      <trkpt lat="45.307349" lon="23.684371">
        <ele>1645.6</ele>
      </trkpt>
      <trkpt lat="45.307234" lon="23.68438">
        <ele>1644.6</ele>
      </trkpt>
      <trkpt lat="45.305882" lon="23.684791">
        <ele>1639.7</ele>
      </trkpt>
      <trkpt lat="45.30565" lon="23.684748">
        <ele>1639.3</ele>
      </trkpt>
      <trkpt lat="45.305417" lon="23.684603">
        <ele>1639.2</ele>
      </trkpt>
      <trkpt lat="45.305329" lon="23.684541">
        <ele>1639.6</ele>
      </trkpt>
      <trkpt lat="45.30467" lon="23.684051">
        <ele>1640.1</ele>
      </trkpt>
      <trkpt lat="45.304367" lon="23.683686">
        <ele>1639.6</ele>
      </trkpt>
      <trkpt lat="45.303909" lon="23.683224">
        <ele>1639.1</ele>
      </trkpt>
      <trkpt lat="45.303261" lon="23.682482">
        <ele>1634.5</ele>
      </trkpt>
      <trkpt lat="45.303086" lon="23.682334">
        <ele>1632.7</ele>
      </trkpt>
      <trkpt lat="45.302069" lon="23.681939">
        <ele>1629.1</ele>
      </trkpt>
      <trkpt lat="45.301532" lon="23.681652">
        <ele>1627.9</ele>
      </trkpt>
      <trkpt lat="45.301127" lon="23.68135">
        <ele>1625</ele>
      </trkpt>
      <trkpt lat="45.300881" lon="23.681219">
        <ele>1622.7</ele>
      </trkpt>
      <trkpt lat="45.299758" lon="23.680795">
        <ele>1615.2</ele>
      </trkpt>
      <trkpt lat="45.29903" lon="23.680421">
        <ele>1612.4</ele>
      </trkpt>
      <trkpt lat="45.298945" lon="23.680409">
        <ele>1612.2</ele>
      </trkpt>
      <trkpt lat="45.298798" lon="23.680441">
        <ele>1611.5</ele>
      </trkpt>
      <trkpt lat="45.298429" lon="23.680684">
        <ele>1605.7</ele>
      </trkpt>
      <trkpt lat="45.297918" lon="23.681178">
        <ele>1605.7</ele>
      </trkpt>
      <trkpt lat="45.296819" lon="23.682865">
        <ele>1606</ele>
      </trkpt>
      <trkpt lat="45.295367" lon="23.684609">
        <ele>1604.3</ele>
      </trkpt>
      <trkpt lat="45.295115" lon="23.684829">
        <ele>1602.9</ele>
      </trkpt>
      <trkpt lat="45.293865" lon="23.685495">
        <ele>1594.9</ele>
      </trkpt>
      <trkpt lat="45.29315" lon="23.686264">
        <ele>1588.8</ele>
      </trkpt>
      <trkpt lat="45.29293" lon="23.686597">
        <ele>1587.5</ele>
      </trkpt>
      <trkpt lat="45.292842" lon="23.686792">
        <ele>1587.5</ele>
      </trkpt>
      <trkpt lat="45.292598" lon="23.687696">
        <ele>1589.6</ele>
      </trkpt>
      <trkpt lat="45.29249" lon="23.687959">
        <ele>1590.2</ele>
      </trkpt>
      <trkpt lat="45.292396" lon="23.688092">
        <ele>1590.2</ele>
      </trkpt>
      <trkpt lat="45.292361" lon="23.688129">
        <ele>1590.2</ele>
      </trkpt>
      <trkpt lat="45.291556" lon="23.688903">
        <ele>1587.9</ele>
      </trkpt>
      <trkpt lat="45.290825" lon="23.689164">
        <ele>1588.3</ele>
      </trkpt>
      <trkpt lat="45.290465" lon="23.689268">
        <ele>1588.2</ele>
      </trkpt>
      <trkpt lat="45.290105" lon="23.68943">
        <ele>1587.9</ele>
      </trkpt>
      <trkpt lat="45.288898" lon="23.690391">
        <ele>1585.3</ele>
      </trkpt>
      <trkpt lat="45.2884" lon="23.690986">
        <ele>1585.3</ele>
      </trkpt>
      <trkpt lat="45.287652" lon="23.692111">
        <ele>1591.6</ele>
      </trkpt>
      <trkpt lat="45.287544" lon="23.692232">
        <ele>1591.9</ele>
      </trkpt>
      <trkpt lat="45.287309" lon="23.692382">
        <ele>1592.1</ele>
      </trkpt>
      <trkpt lat="45.287066" lon="23.692433">
        <ele>1591.6</ele>
      </trkpt>
      <trkpt lat="45.286771" lon="23.692378">
        <ele>1589</ele>
      </trkpt>
      <trkpt lat="45.286305" lon="23.69218">
        <ele>1584</ele>
      </trkpt>
      <trkpt lat="45.28578" lon="23.691885">
        <ele>1582.6</ele>
      </trkpt>
      <trkpt lat="45.285183" lon="23.691599">
        <ele>1578.6</ele>
      </trkpt>
      <trkpt lat="45.284273" lon="23.691275">
        <ele>1573.6</ele>
      </trkpt>
      <trkpt lat="45.284056" lon="23.691161">
        <ele>1570.7</ele>
      </trkpt>
      <trkpt lat="45.283848" lon="23.690988">
        <ele>1568.2</ele>
      </trkpt>
      <trkpt lat="45.28318" lon="23.690262">
        <ele>1562.4</ele>
      </trkpt>
      <trkpt lat="45.282869" lon="23.68981">
        <ele>1559.1</ele>
      </trkpt>
      <trkpt lat="45.282734" lon="23.689592">
        <ele>1556.8</ele>
      </trkpt>
      <trkpt lat="45.282544" lon="23.689354">
        <ele>1551.9</ele>
      </trkpt>
      <trkpt lat="45.282286" lon="23.689177">
        <ele>1546.5</ele>
      </trkpt>
      <trkpt lat="45.281168" lon="23.688649">
        <ele>1545.5</ele>
      </trkpt>
      <trkpt lat="45.280636" lon="23.688468">
        <ele>1543.5</ele>
      </trkpt>
      <trkpt lat="45.280157" lon="23.688395">
        <ele>1544.4</ele>
      </trkpt>
      <trkpt lat="45.279534" lon="23.688386">
        <ele>1540.6</ele>
      </trkpt>
      <trkpt lat="45.278822" lon="23.688491">
        <ele>1537.2</ele>
      </trkpt>
      <trkpt lat="45.278357" lon="23.688602">
        <ele>1534.5</ele>
      </trkpt>
      <trkpt lat="45.277923" lon="23.688767">
        <ele>1530.3</ele>
      </trkpt>
      <trkpt lat="45.277343" lon="23.689082">
        <ele>1526.7</ele>
      </trkpt>
      <trkpt lat="45.276245" lon="23.689877">
        <ele>1527.6</ele>
      </trkpt>
      <trkpt lat="45.275906" lon="23.690112">
        <ele>1527.2</ele>
      </trkpt>
      <trkpt lat="45.275687" lon="23.69023">
        <ele>1528.2</ele>
      </trkpt>
      <trkpt lat="45.275499" lon="23.690265">
        <ele>1529.3</ele>
      </trkpt>
      <trkpt lat="45.275132" lon="23.690226">
        <ele>1531.2</ele>
      </trkpt>
      <trkpt lat="45.274842" lon="23.690115">
        <ele>1533.7</ele>
      </trkpt>
      <trkpt lat="45.274411" lon="23.689859">
        <ele>1536.5</ele>
      </trkpt>
      <trkpt lat="45.274053" lon="23.68954">
        <ele>1539.5</ele>
      </trkpt>
      <trkpt lat="45.273067" lon="23.688372">
        <ele>1548.8</ele>
      </trkpt>
      <trkpt lat="45.272358" lon="23.687418">
        <ele>1551.8</ele>
      </trkpt>
      <trkpt lat="45.271978" lon="23.686951">
        <ele>1552.6</ele>
      </trkpt>
      <trkpt lat="45.27002" lon="23.684931">
        <ele>1571.4</ele>
      </trkpt>
      <trkpt lat="45.269909" lon="23.684716">
        <ele>1573.9</ele>
      </trkpt>
      <trkpt lat="45.269726" lon="23.684138">
        <ele>1580.3</ele>
      </trkpt>
      <trkpt lat="45.269641" lon="23.684014">
        <ele>1581.8</ele>
      </trkpt>
      <trkpt lat="45.269524" lon="23.68397">
        <ele>1583.1</ele>
      </trkpt>
      <trkpt lat="45.269035" lon="23.683951">
        <ele>1587.1</ele>
      </trkpt>
      <trkpt lat="45.268703" lon="23.683785">
        <ele>1588.3</ele>
      </trkpt>
      <trkpt lat="45.26862" lon="23.683773">
        <ele>1588.3</ele>
      </trkpt>
      <trkpt lat="45.26699" lon="23.683772">
        <ele>1586.7</ele>
      </trkpt>
      <trkpt lat="45.266212" lon="23.68385">
        <ele>1585.5</ele>
      </trkpt>
      <trkpt lat="45.264941" lon="23.68413">
        <ele>1579.5</ele>
      </trkpt>
      <trkpt lat="45.264492" lon="23.684187">
        <ele>1576</ele>
      </trkpt>
      <trkpt lat="45.264243" lon="23.684248">
        <ele>1573.8</ele>
      </trkpt>
      <trkpt lat="45.263995" lon="23.684358">
        <ele>1571.5</ele>
      </trkpt>
      <trkpt lat="45.263528" lon="23.684678">
        <ele>1567.2</ele>
      </trkpt>
      <trkpt lat="45.263318" lon="23.684887">
        <ele>1565.1</ele>
      </trkpt>
      <trkpt lat="45.263162" lon="23.685182">
        <ele>1562.9</ele>
      </trkpt>
      <trkpt lat="45.262542" lon="23.68713">
        <ele>1550.4</ele>
      </trkpt>
      <trkpt lat="45.261944" lon="23.688898">
        <ele>1543</ele>
      </trkpt>
      <trkpt lat="45.261615" lon="23.68987">
        <ele>1543.1</ele>
      </trkpt>
      <trkpt lat="45.261322" lon="23.690595">
        <ele>1543.2</ele>
      </trkpt>
      <trkpt lat="45.260867" lon="23.691622">
        <ele>1540.4</ele>
      </trkpt>
      <trkpt lat="45.259932" lon="23.694008">
        <ele>1529.8</ele>
      </trkpt>
      <trkpt lat="45.2597" lon="23.694443">
        <ele>1528.6</ele>
      </trkpt>
      <trkpt lat="45.259334" lon="23.694821">
        <ele>1526.3</ele>
      </trkpt>
      <trkpt lat="45.258394" lon="23.695536">
        <ele>1519.6</ele>
      </trkpt>
      <trkpt lat="45.258223" lon="23.695674">
        <ele>1520.6</ele>
      </trkpt>
      <trkpt lat="45.257881" lon="23.696024">
        <ele>1516.2</ele>
      </trkpt>
      <trkpt lat="45.257106" lon="23.69704">
        <ele>1513.6</ele>
      </trkpt>
      <trkpt lat="45.256846" lon="23.697324">
        <ele>1515.2</ele>
      </trkpt>
      <trkpt lat="45.256585" lon="23.697487">
        <ele>1516.2</ele>
      </trkpt>
      <trkpt lat="45.256206" lon="23.697565">
        <ele>1515.9</ele>
      </trkpt>
      <trkpt lat="45.254427" lon="23.697452">
        <ele>1500</ele>
      </trkpt>
      <trkpt lat="45.254103" lon="23.69735">
        <ele>1496.7</ele>
      </trkpt>
      <trkpt lat="45.253402" lon="23.69701">
        <ele>1490.8</ele>
      </trkpt>
      <trkpt lat="45.253132" lon="23.696838">
        <ele>1489.1</ele>
      </trkpt>
      <trkpt lat="45.252875" lon="23.696583">
        <ele>1486.8</ele>
      </trkpt>
      <trkpt lat="45.252173" lon="23.695591">
        <ele>1476.8</ele>
      </trkpt>
      <trkpt lat="45.251803" lon="23.695004">
        <ele>1469.9</ele>
      </trkpt>
      <trkpt lat="45.251631" lon="23.694609">
        <ele>1465.4</ele>
      </trkpt>
      <trkpt lat="45.251517" lon="23.694486">
        <ele>1463.5</ele>
      </trkpt>
      <trkpt lat="45.251441" lon="23.694443">
        <ele>1462.5</ele>
      </trkpt>
      <trkpt lat="45.250897" lon="23.69437">
        <ele>1455.3</ele>
      </trkpt>
      <trkpt lat="45.24987" lon="23.693966">
        <ele>1439.6</ele>
      </trkpt>
      <trkpt lat="45.249673" lon="23.693933">
        <ele>1436.4</ele>
      </trkpt>
      <trkpt lat="45.24938" lon="23.693968">
        <ele>1433.1</ele>
      </trkpt>
      <trkpt lat="45.249239" lon="23.694034">
        <ele>1432.1</ele>
      </trkpt>
      <trkpt lat="45.248881" lon="23.694311">
        <ele>1429.7</ele>
      </trkpt>
      <trkpt lat="45.248652" lon="23.69434">
        <ele>1428.6</ele>
      </trkpt>
      <trkpt lat="45.248255" lon="23.694172">
        <ele>1424.7</ele>
      </trkpt>
      <trkpt lat="45.24706" lon="23.693492">
        <ele>1406.5</ele>
      </trkpt>
      <trkpt lat="45.246897" lon="23.693423">
        <ele>1404</ele>
      </trkpt>
      <trkpt lat="45.246722" lon="23.693408">
        <ele>1401.4</ele>
      </trkpt>
      <trkpt lat="45.245646" lon="23.693634">
        <ele>1387.1</ele>
      </trkpt>
      <trkpt lat="45.245554" lon="23.693707">
        <ele>1386.5</ele>
      </trkpt>
      <trkpt lat="45.245514" lon="23.693804">
        <ele>1386.2</ele>
      </trkpt>
      <trkpt lat="45.245505" lon="23.693922">
        <ele>1385.9</ele>
      </trkpt>
      <trkpt lat="45.245526" lon="23.694076">
        <ele>1385.7</ele>
      </trkpt>
      <trkpt lat="45.24574" lon="23.694757">
        <ele>1385.3</ele>
      </trkpt>
      <trkpt lat="45.245754" lon="23.694889">
        <ele>1385.3</ele>
      </trkpt>
      <trkpt lat="45.245719" lon="23.6951">
        <ele>1385</ele>
      </trkpt>
      <trkpt lat="45.245677" lon="23.695186">
        <ele>1384.8</ele>
      </trkpt>
      <trkpt lat="45.245599" lon="23.695246">
        <ele>1384.2</ele>
      </trkpt>
      <trkpt lat="45.245477" lon="23.69526">
        <ele>1382.9</ele>
      </trkpt>
      <trkpt lat="45.244888" lon="23.695168">
        <ele>1374</ele>
      </trkpt>
      <trkpt lat="45.244694" lon="23.695192">
        <ele>1371</ele>
      </trkpt>
      <trkpt lat="45.243978" lon="23.695471">
        <ele>1360.6</ele>
      </trkpt>
      <trkpt lat="45.243628" lon="23.69569">
        <ele>1356.5</ele>
      </trkpt>
      <trkpt lat="45.243406" lon="23.695877">
        <ele>1354.1</ele>
      </trkpt>
      <trkpt lat="45.242708" lon="23.696577">
        <ele>1350.4</ele>
      </trkpt>
      <trkpt lat="45.242462" lon="23.696757">
        <ele>1349.4</ele>
      </trkpt>
      <trkpt lat="45.242006" lon="23.696956">
        <ele>1345.7</ele>
      </trkpt>
      <trkpt lat="45.241823" lon="23.696931">
        <ele>1343.1</ele>
      </trkpt>
      <trkpt lat="45.241753" lon="23.696877">
        <ele>1341.8</ele>
      </trkpt>
      <trkpt lat="45.241713" lon="23.696765">
        <ele>1340.5</ele>
      </trkpt>
      <trkpt lat="45.241716" lon="23.696657">
        <ele>1340</ele>
      </trkpt>
      <trkpt lat="45.241754" lon="23.696551">
        <ele>1339.8</ele>
      </trkpt>
      <trkpt lat="45.241929" lon="23.696389">
        <ele>1339.9</ele>
      </trkpt>
      <trkpt lat="45.242457" lon="23.696094">
        <ele>1338.8</ele>
      </trkpt>
      <trkpt lat="45.242543" lon="23.696013">
        <ele>1338.3</ele>
      </trkpt>
      <trkpt lat="45.242589" lon="23.695916">
        <ele>1337.8</ele>
      </trkpt>
      <trkpt lat="45.242604" lon="23.695788">
        <ele>1337.2</ele>
      </trkpt>
      <trkpt lat="45.242579" lon="23.695671">
        <ele>1336.5</ele>
      </trkpt>
      <trkpt lat="45.242523" lon="23.695601">
        <ele>1335.8</ele>
      </trkpt>
      <trkpt lat="45.242429" lon="23.695549">
        <ele>1334.8</ele>
      </trkpt>
      <trkpt lat="45.242219" lon="23.69556">
        <ele>1332.2</ele>
      </trkpt>
      <trkpt lat="45.24187" lon="23.695659">
        <ele>1327.1</ele>
      </trkpt>
      <trkpt lat="45.241598" lon="23.695774">
        <ele>1323.6</ele>
      </trkpt>
      <trkpt lat="45.240866" lon="23.696167">
        <ele>1314</ele>
      </trkpt>
      <trkpt lat="45.240132" lon="23.696411">
        <ele>1306</ele>
      </trkpt>
      <trkpt lat="45.239735" lon="23.696526">
        <ele>1303</ele>
      </trkpt>
      <trkpt lat="45.239431" lon="23.696542">
        <ele>1298.3</ele>
      </trkpt>
      <trkpt lat="45.239289" lon="23.696498">
        <ele>1295.9</ele>
      </trkpt>
      <trkpt lat="45.239044" lon="23.696283">
        <ele>1291.2</ele>
      </trkpt>
      <trkpt lat="45.238834" lon="23.695944">
        <ele>1286.4</ele>
      </trkpt>
      <trkpt lat="45.238755" lon="23.695721">
        <ele>1284.2</ele>
      </trkpt>
      <trkpt lat="45.238701" lon="23.69548">
        <ele>1282.4</ele>
      </trkpt>
      <trkpt lat="45.238646" lon="23.694916">
        <ele>1279.5</ele>
      </trkpt>
      <trkpt lat="45.238629" lon="23.694248">
        <ele>1276.8</ele>
      </trkpt>
      <trkpt lat="45.238602" lon="23.694044">
        <ele>1276</ele>
      </trkpt>
      <trkpt lat="45.238061" lon="23.693051">
        <ele>1269.9</ele>
      </trkpt>
      <trkpt lat="45.237934" lon="23.692745">
        <ele>1267.8</ele>
      </trkpt>
      <trkpt lat="45.237628" lon="23.691862">
        <ele>1260.7</ele>
      </trkpt>
      <trkpt lat="45.237446" lon="23.691485">
        <ele>1257.3</ele>
      </trkpt>
      <trkpt lat="45.237365" lon="23.691386">
        <ele>1256.1</ele>
      </trkpt>
      <trkpt lat="45.237141" lon="23.691291">
        <ele>1253.4</ele>
      </trkpt>
      <trkpt lat="45.236454" lon="23.69136">
        <ele>1244</ele>
      </trkpt>
      <trkpt lat="45.236194" lon="23.691298">
        <ele>1240.5</ele>
      </trkpt>
      <trkpt lat="45.235247" lon="23.690777">
        <ele>1229.4</ele>
      </trkpt>
      <trkpt lat="45.234914" lon="23.69052">
        <ele>1226</ele>
      </trkpt>
      <trkpt lat="45.23457" lon="23.690171">
        <ele>1222</ele>
      </trkpt>
      <trkpt lat="45.234284" lon="23.689777">
        <ele>1217.9</ele>
      </trkpt>
      <trkpt lat="45.23417" lon="23.68947">
        <ele>1215.4</ele>
      </trkpt>
      <trkpt lat="45.234051" lon="23.688998">
        <ele>1211.8</ele>
      </trkpt>
      <trkpt lat="45.233917" lon="23.688064">
        <ele>1205.5</ele>
      </trkpt>
      <trkpt lat="45.233841" lon="23.687755">
        <ele>1203.3</ele>
      </trkpt>
      <trkpt lat="45.233765" lon="23.687629">
        <ele>1202.2</ele>
      </trkpt>
      <trkpt lat="45.233639" lon="23.687496">
        <ele>1200.7</ele>
      </trkpt>
      <trkpt lat="45.233504" lon="23.687479">
        <ele>1199.3</ele>
      </trkpt>
      <trkpt lat="45.233447" lon="23.687515">
        <ele>1198.6</ele>
      </trkpt>
      <trkpt lat="45.233162" lon="23.687893">
        <ele>1194.2</ele>
      </trkpt>
      <trkpt lat="45.233086" lon="23.687939">
        <ele>1193.3</ele>
      </trkpt>
      <trkpt lat="45.232945" lon="23.687917">
        <ele>1191.6</ele>
      </trkpt>
      <trkpt lat="45.232892" lon="23.687846">
        <ele>1190.8</ele>
      </trkpt>
      <trkpt lat="45.232844" lon="23.687712">
        <ele>1189.6</ele>
      </trkpt>
      <trkpt lat="45.232627" lon="23.687007">
        <ele>1183.4</ele>
      </trkpt>
      <trkpt lat="45.232588" lon="23.686819">
        <ele>1181.8</ele>
      </trkpt>
      <trkpt lat="45.232589" lon="23.686574">
        <ele>1179.8</ele>
      </trkpt>
      <trkpt lat="45.232634" lon="23.686259">
        <ele>1177.4</ele>
      </trkpt>
      <trkpt lat="45.232619" lon="23.686131">
        <ele>1176.6</ele>
      </trkpt>
      <trkpt lat="45.232585" lon="23.686018">
        <ele>1175.8</ele>
      </trkpt>
      <trkpt lat="45.232516" lon="23.685939">
        <ele>1175.1</ele>
      </trkpt>
      <trkpt lat="45.232447" lon="23.685891">
        <ele>1174.5</ele>
      </trkpt>
      <trkpt lat="45.232347" lon="23.685876">
        <ele>1173.7</ele>
      </trkpt>
      <trkpt lat="45.232134" lon="23.685986">
        <ele>1172.3</ele>
      </trkpt>
      <trkpt lat="45.231428" lon="23.687068">
        <ele>1168</ele>
      </trkpt>
      <trkpt lat="45.230321" lon="23.68829">
        <ele>1159.4</ele>
      </trkpt>
      <trkpt lat="45.23019" lon="23.688386">
        <ele>1158.2</ele>
      </trkpt>
      <trkpt lat="45.230035" lon="23.68841">
        <ele>1157</ele>
      </trkpt>
      <trkpt lat="45.229645" lon="23.688273">
        <ele>1154.9</ele>
      </trkpt>
      <trkpt lat="45.229547" lon="23.688297">
        <ele>1154.5</ele>
      </trkpt>
      <trkpt lat="45.229461" lon="23.688362">
        <ele>1154.3</ele>
      </trkpt>
      <trkpt lat="45.229395" lon="23.688459">
        <ele>1154.1</ele>
      </trkpt>
      <trkpt lat="45.229352" lon="23.688612">
        <ele>1154</ele>
      </trkpt>
      <trkpt lat="45.22934" lon="23.688774">
        <ele>1153.7</ele>
      </trkpt>
      <trkpt lat="45.229411" lon="23.689674">
        <ele>1150.6</ele>
      </trkpt>
      <trkpt lat="45.229363" lon="23.690704">
        <ele>1144.5</ele>
      </trkpt>
      <trkpt lat="45.229365" lon="23.691266">
        <ele>1140.4</ele>
      </trkpt>
      <trkpt lat="45.229429" lon="23.692361">
        <ele>1129.1</ele>
      </trkpt>
      <trkpt lat="45.229356" lon="23.692718">
        <ele>1124.6</ele>
      </trkpt>
      <trkpt lat="45.229287" lon="23.692853">
        <ele>1122.5</ele>
      </trkpt>
      <trkpt lat="45.229207" lon="23.692947">
        <ele>1120.6</ele>
      </trkpt>
      <trkpt lat="45.228983" lon="23.693074">
        <ele>1116.4</ele>
      </trkpt>
      <trkpt lat="45.22874" lon="23.693165">
        <ele>1113.3</ele>
      </trkpt>
      <trkpt lat="45.228535" lon="23.693174">
        <ele>1111.8</ele>
      </trkpt>
      <trkpt lat="45.228413" lon="23.693087">
        <ele>1111.3</ele>
      </trkpt>
      <trkpt lat="45.228217" lon="23.692666">
        <ele>1111.3</ele>
      </trkpt>
      <trkpt lat="45.228128" lon="23.692569">
        <ele>1111.6</ele>
      </trkpt>
      <trkpt lat="45.228019" lon="23.692523">
        <ele>1111.9</ele>
      </trkpt>
      <trkpt lat="45.227809" lon="23.692569">
        <ele>1112.2</ele>
      </trkpt>
      <trkpt lat="45.227616" lon="23.692711">
        <ele>1111.4</ele>
      </trkpt>
      <trkpt lat="45.226821" lon="23.693477">
        <ele>1098.7</ele>
      </trkpt>
      <trkpt lat="45.226761" lon="23.693641">
        <ele>1097</ele>
      </trkpt>
      <trkpt lat="45.226761" lon="23.693737">
        <ele>1096.3</ele>
      </trkpt>
      <trkpt lat="45.226798" lon="23.693845">
        <ele>1095.5</ele>
      </trkpt>
      <trkpt lat="45.226856" lon="23.693913">
        <ele>1094.9</ele>
      </trkpt>
      <trkpt lat="45.226939" lon="23.693949">
        <ele>1094.4</ele>
      </trkpt>
      <trkpt lat="45.227103" lon="23.693932">
        <ele>1094</ele>
      </trkpt>
      <trkpt lat="45.227359" lon="23.693784">
        <ele>1094.3</ele>
      </trkpt>
      <trkpt lat="45.227598" lon="23.693527">
        <ele>1094.6</ele>
      </trkpt>
      <trkpt lat="45.22771" lon="23.693368">
        <ele>1094.5</ele>
      </trkpt>
      <trkpt lat="45.227789" lon="23.693294">
        <ele>1094.3</ele>
      </trkpt>
      <trkpt lat="45.227853" lon="23.693287">
        <ele>1094.1</ele>
      </trkpt>
      <trkpt lat="45.227952" lon="23.693354">
        <ele>1093.6</ele>
      </trkpt>
      <trkpt lat="45.227989" lon="23.693431">
        <ele>1093.1</ele>
      </trkpt>
      <trkpt lat="45.228001" lon="23.693525">
        <ele>1092.5</ele>
      </trkpt>
      <trkpt lat="45.227921" lon="23.693689">
        <ele>1090.7</ele>
      </trkpt>
      <trkpt lat="45.227684" lon="23.693891">
        <ele>1085.9</ele>
      </trkpt>
      <trkpt lat="45.227204" lon="23.694389">
        <ele>1074.6</ele>
      </trkpt>
      <trkpt lat="45.226987" lon="23.694567">
        <ele>1069.9</ele>
      </trkpt>
      <trkpt lat="45.226769" lon="23.694668">
        <ele>1066</ele>
      </trkpt>
      <trkpt lat="45.226166" lon="23.694842">
        <ele>1057.7</ele>
      </trkpt>
      <trkpt lat="45.225817" lon="23.695033">
        <ele>1052.2</ele>
      </trkpt>
      <trkpt lat="45.225565" lon="23.695135">
        <ele>1047.8</ele>
      </trkpt>
      <trkpt lat="45.22531" lon="23.695174">
        <ele>1043.7</ele>
      </trkpt>
      <trkpt lat="45.225237" lon="23.695151">
        <ele>1042.5</ele>
      </trkpt>
      <trkpt lat="45.225156" lon="23.695077">
        <ele>1041.1</ele>
      </trkpt>
      <trkpt lat="45.225068" lon="23.694838">
        <ele>1038.3</ele>
      </trkpt>
      <trkpt lat="45.224975" lon="23.694398">
        <ele>1034.3</ele>
      </trkpt>
      <trkpt lat="45.224922" lon="23.694335">
        <ele>1033.7</ele>
      </trkpt>
      <trkpt lat="45.224801" lon="23.694337">
        <ele>1032.9</ele>
      </trkpt>
      <trkpt lat="45.224716" lon="23.694502">
        <ele>1032.2</ele>
      </trkpt>
      <trkpt lat="45.224692" lon="23.694692">
        <ele>1031.5</ele>
      </trkpt>
      <trkpt lat="45.224691" lon="23.695263">
        <ele>1029.4</ele>
      </trkpt>
      <trkpt lat="45.224643" lon="23.695491">
        <ele>1028.5</ele>
      </trkpt>
      <trkpt lat="45.224594" lon="23.695585">
        <ele>1028</ele>
      </trkpt>
      <trkpt lat="45.224384" lon="23.69583">
        <ele>1026</ele>
      </trkpt>
      <trkpt lat="45.224122" lon="23.696242">
        <ele>1022.7</ele>
      </trkpt>
      <trkpt lat="45.224021" lon="23.696347">
        <ele>1021.7</ele>
      </trkpt>
      <trkpt lat="45.223938" lon="23.696395">
        <ele>1021.1</ele>
      </trkpt>
      <trkpt lat="45.22369" lon="23.696409">
        <ele>1019.6</ele>
      </trkpt>
      <trkpt lat="45.223445" lon="23.6963">
        <ele>1018.1</ele>
      </trkpt>
      <trkpt lat="45.223195" lon="23.696092">
        <ele>1015.8</ele>
      </trkpt>
      <trkpt lat="45.222959" lon="23.695742">
        <ele>1012</ele>
      </trkpt>
      <trkpt lat="45.222873" lon="23.695651">
        <ele>1010.9</ele>
      </trkpt>
      <trkpt lat="45.222714" lon="23.695557">
        <ele>1009.1</ele>
      </trkpt>
      <trkpt lat="45.222556" lon="23.695514">
        <ele>1007.5</ele>
      </trkpt>
      <trkpt lat="45.222463" lon="23.695525">
        <ele>1006.7</ele>
      </trkpt>
      <trkpt lat="45.220812" lon="23.696175">
        <ele>995.9</ele>
      </trkpt>
      <trkpt lat="45.220408" lon="23.696529">
        <ele>991.7</ele>
      </trkpt>
      <trkpt lat="45.220272" lon="23.696687">
        <ele>990.1</ele>
      </trkpt>
      <trkpt lat="45.220049" lon="23.697036">
        <ele>986.6</ele>
      </trkpt>
      <trkpt lat="45.219798" lon="23.69755">
        <ele>982.3</ele>
      </trkpt>
      <trkpt lat="45.219756" lon="23.697684">
        <ele>981.5</ele>
      </trkpt>
      <trkpt lat="45.219718" lon="23.697946">
        <ele>980.1</ele>
      </trkpt>
      <trkpt lat="45.21978" lon="23.698521">
        <ele>976.5</ele>
      </trkpt>
      <trkpt lat="45.219747" lon="23.698649">
        <ele>975.7</ele>
      </trkpt>
      <trkpt lat="45.219649" lon="23.698691">
        <ele>974.8</ele>
      </trkpt>
      <trkpt lat="45.219539" lon="23.698621">
        <ele>973.8</ele>
      </trkpt>
      <trkpt lat="45.219356" lon="23.69831">
        <ele>971.3</ele>
      </trkpt>
      <trkpt lat="45.219068" lon="23.69773">
        <ele>967</ele>
      </trkpt>
      <trkpt lat="45.219001" lon="23.697658">
        <ele>966.4</ele>
      </trkpt>
      <trkpt lat="45.21891" lon="23.697616">
        <ele>965.7</ele>
      </trkpt>
      <trkpt lat="45.218821" lon="23.697629">
        <ele>965.1</ele>
      </trkpt>
      <trkpt lat="45.218742" lon="23.697679">
        <ele>964.5</ele>
      </trkpt>
      <trkpt lat="45.218675" lon="23.697778">
        <ele>963.9</ele>
      </trkpt>
      <trkpt lat="45.218628" lon="23.697921">
        <ele>963.2</ele>
      </trkpt>
      <trkpt lat="45.218609" lon="23.698091">
        <ele>962.4</ele>
      </trkpt>
      <trkpt lat="45.218619" lon="23.698258">
        <ele>961.5</ele>
      </trkpt>
      <trkpt lat="45.218689" lon="23.698722">
        <ele>959.1</ele>
      </trkpt>
      <trkpt lat="45.218668" lon="23.698875">
        <ele>958.3</ele>
      </trkpt>
      <trkpt lat="45.218595" lon="23.699002">
        <ele>957.6</ele>
      </trkpt>
      <trkpt lat="45.218408" lon="23.699079">
        <ele>956.4</ele>
      </trkpt>
      <trkpt lat="45.218143" lon="23.699013">
        <ele>954.5</ele>
      </trkpt>
      <trkpt lat="45.217609" lon="23.698572">
        <ele>949.8</ele>
      </trkpt>
      <trkpt lat="45.217312" lon="23.698412">
        <ele>947</ele>
      </trkpt>
      <trkpt lat="45.216935" lon="23.698353">
        <ele>943.2</ele>
      </trkpt>
      <trkpt lat="45.216084" lon="23.698403">
        <ele>936.9</ele>
      </trkpt>
      <trkpt lat="45.215954" lon="23.698369">
        <ele>936.2</ele>
      </trkpt>
      <trkpt lat="45.215778" lon="23.698238">
        <ele>935.1</ele>
      </trkpt>
      <trkpt lat="45.21572" lon="23.698143">
        <ele>934.6</ele>
      </trkpt>
      <trkpt lat="45.215584" lon="23.6977">
        <ele>932.7</ele>
      </trkpt>
      <trkpt lat="45.21548" lon="23.697518">
        <ele>931.8</ele>
      </trkpt>
      <trkpt lat="45.215175" lon="23.697236">
        <ele>929.2</ele>
      </trkpt>
      <trkpt lat="45.214595" lon="23.696856">
        <ele>923.1</ele>
      </trkpt>
      <trkpt lat="45.214435" lon="23.696879">
        <ele>921.2</ele>
      </trkpt>
      <trkpt lat="45.214287" lon="23.696976">
        <ele>919</ele>
      </trkpt>
      <trkpt lat="45.213175" lon="23.698104">
        <ele>899.3</ele>
      </trkpt>
      <trkpt lat="45.212333" lon="23.698811">
        <ele>887.6</ele>
      </trkpt>
      <trkpt lat="45.21206" lon="23.698994">
        <ele>884.3</ele>
      </trkpt>
      <trkpt lat="45.211898" lon="23.698982">
        <ele>883</ele>
      </trkpt>
      <trkpt lat="45.211842" lon="23.698909">
        <ele>882.5</ele>
      </trkpt>
      <trkpt lat="45.211801" lon="23.698657">
        <ele>881.6</ele>
      </trkpt>
      <trkpt lat="45.211823" lon="23.698509">
        <ele>881.1</ele>
      </trkpt>
      <trkpt lat="45.211878" lon="23.698374">
        <ele>881.1</ele>
      </trkpt>
      <trkpt lat="45.212073" lon="23.698128">
        <ele>882.2</ele>
      </trkpt>
      <trkpt lat="45.212119" lon="23.698025">
        <ele>882.2</ele>
      </trkpt>
      <trkpt lat="45.212126" lon="23.697887">
        <ele>881.5</ele>
      </trkpt>
      <trkpt lat="45.212079" lon="23.697757">
        <ele>880.1</ele>
      </trkpt>
      <trkpt lat="45.212001" lon="23.697701">
        <ele>879.1</ele>
      </trkpt>
      <trkpt lat="45.211931" lon="23.697708">
        <ele>878.4</ele>
      </trkpt>
      <trkpt lat="45.211707" lon="23.697854">
        <ele>875.9</ele>
      </trkpt>
      <trkpt lat="45.211469" lon="23.698183">
        <ele>871.5</ele>
      </trkpt>
      <trkpt lat="45.211262" lon="23.698568">
        <ele>867</ele>
      </trkpt>
      <trkpt lat="45.211155" lon="23.69862">
        <ele>865.4</ele>
      </trkpt>
      <trkpt lat="45.210235" lon="23.698568">
        <ele>851.7</ele>
      </trkpt>
      <trkpt lat="45.210118" lon="23.698549">
        <ele>850.1</ele>
      </trkpt>
      <trkpt lat="45.210005" lon="23.698489">
        <ele>848.5</ele>
      </trkpt>
      <trkpt lat="45.209934" lon="23.698414">
        <ele>847.4</ele>
      </trkpt>
      <trkpt lat="45.209867" lon="23.698286">
        <ele>846.2</ele>
      </trkpt>
      <trkpt lat="45.209743" lon="23.697875">
        <ele>843.4</ele>
      </trkpt>
      <trkpt lat="45.209562" lon="23.69677">
        <ele>838.6</ele>
      </trkpt>
      <trkpt lat="45.209491" lon="23.696595">
        <ele>837.3</ele>
      </trkpt>
      <trkpt lat="45.209351" lon="23.69653">
        <ele>835.5</ele>
      </trkpt>
      <trkpt lat="45.208655" lon="23.696386">
        <ele>823.4</ele>
      </trkpt>
      <trkpt lat="45.208445" lon="23.69629">
        <ele>819.4</ele>
      </trkpt>
      <trkpt lat="45.208253" lon="23.69613">
        <ele>816</ele>
      </trkpt>
      <trkpt lat="45.208119" lon="23.695854">
        <ele>813.2</ele>
      </trkpt>
      <trkpt lat="45.207981" lon="23.695416">
        <ele>810.6</ele>
      </trkpt>
      <trkpt lat="45.207852" lon="23.694875">
        <ele>809.4</ele>
      </trkpt>
      <trkpt lat="45.207761" lon="23.69411">
        <ele>806.8</ele>
      </trkpt>
      <trkpt lat="45.207731" lon="23.693928">
        <ele>805.7</ele>
      </trkpt>
      <trkpt lat="45.207673" lon="23.69376">
        <ele>804.3</ele>
      </trkpt>
      <trkpt lat="45.207595" lon="23.693603">
        <ele>803</ele>
      </trkpt>
      <trkpt lat="45.207433" lon="23.693424">
        <ele>801</ele>
      </trkpt>
      <trkpt lat="45.207227" lon="23.693382">
        <ele>799.1</ele>
      </trkpt>
      <trkpt lat="45.207116" lon="23.693416">
        <ele>798.1</ele>
      </trkpt>
      <trkpt lat="45.207023" lon="23.69349">
        <ele>797.4</ele>
      </trkpt>
      <trkpt lat="45.206931" lon="23.693689">
        <ele>796.4</ele>
      </trkpt>
      <trkpt lat="45.206924" lon="23.693837">
        <ele>796.1</ele>
      </trkpt>
      <trkpt lat="45.206954" lon="23.693993">
        <ele>795.9</ele>
      </trkpt>
      <trkpt lat="45.207232" lon="23.694395">
        <ele>795.5</ele>
      </trkpt>
      <trkpt lat="45.207262" lon="23.694494">
        <ele>795.4</ele>
      </trkpt>
      <trkpt lat="45.207214" lon="23.694882">
        <ele>795</ele>
      </trkpt>
      <trkpt lat="45.207234" lon="23.69515">
        <ele>794.6</ele>
      </trkpt>
      <trkpt lat="45.207467" lon="23.695856">
        <ele>790.7</ele>
      </trkpt>
      <trkpt lat="45.207516" lon="23.696455">
        <ele>787.9</ele>
      </trkpt>
      <trkpt lat="45.20764" lon="23.696825">
        <ele>786.8</ele>
      </trkpt>
      <trkpt lat="45.207623" lon="23.697248">
        <ele>786.3</ele>
      </trkpt>
      <trkpt lat="45.207656" lon="23.697361">
        <ele>786.3</ele>
      </trkpt>
      <trkpt lat="45.207838" lon="23.697699">
        <ele>786.3</ele>
      </trkpt>
      <trkpt lat="45.207867" lon="23.697844">
        <ele>786.1</ele>
      </trkpt>
      <trkpt lat="45.207843" lon="23.697962">
        <ele>785.6</ele>
      </trkpt>
      <trkpt lat="45.207785" lon="23.698049">
        <ele>785</ele>
      </trkpt>
      <trkpt lat="45.207666" lon="23.698101">
        <ele>783.9</ele>
      </trkpt>
      <trkpt lat="45.206911" lon="23.698089">
        <ele>776.3</ele>
      </trkpt>
      <trkpt lat="45.20601" lon="23.698327">
        <ele>768.3</ele>
      </trkpt>
      <trkpt lat="45.205242" lon="23.698221">
        <ele>762.3</ele>
      </trkpt>
      <trkpt lat="45.204964" lon="23.69813">
        <ele>760.8</ele>
      </trkpt>
      <trkpt lat="45.204845" lon="23.698056">
        <ele>760.3</ele>
      </trkpt>
      <trkpt lat="45.2045" lon="23.697699">
        <ele>759.3</ele>
      </trkpt>
      <trkpt lat="45.203966" lon="23.696998">
        <ele>758.8</ele>
      </trkpt>
      <trkpt lat="45.203634" lon="23.696451">
        <ele>757.2</ele>
      </trkpt>
      <trkpt lat="45.203266" lon="23.695716">
        <ele>751.8</ele>
      </trkpt>
      <trkpt lat="45.203018" lon="23.695345">
        <ele>748.1</ele>
      </trkpt>
      <trkpt lat="45.202394" lon="23.694595">
        <ele>737.9</ele>
      </trkpt>
      <trkpt lat="45.201943" lon="23.694223">
        <ele>730.3</ele>
      </trkpt>
      <trkpt lat="45.201696" lon="23.693948">
        <ele>725.7</ele>
      </trkpt>
      <trkpt lat="45.201469" lon="23.693516">
        <ele>720.8</ele>
      </trkpt>
      <trkpt lat="45.200711" lon="23.691747">
        <ele>707.4</ele>
      </trkpt>
      <trkpt lat="45.20059" lon="23.691537">
        <ele>705.7</ele>
      </trkpt>
      <trkpt lat="45.200428" lon="23.691356">
        <ele>703.6</ele>
      </trkpt>
      <trkpt lat="45.199843" lon="23.690832">
        <ele>696.7</ele>
      </trkpt>
      <trkpt lat="45.199333" lon="23.690244">
        <ele>690.5</ele>
      </trkpt>
      <trkpt lat="45.198013" lon="23.689218">
        <ele>678.6</ele>
      </trkpt>
      <trkpt lat="45.196859" lon="23.688206">
        <ele>671.3</ele>
      </trkpt>
      <trkpt lat="45.196496" lon="23.687919">
        <ele>669.4</ele>
      </trkpt>
      <trkpt lat="45.195422" lon="23.687221">
        <ele>662.3</ele>
      </trkpt>
      <trkpt lat="45.192766" lon="23.685333">
        <ele>635.2</ele>
      </trkpt>
      <trkpt lat="45.191218" lon="23.684372">
        <ele>624.5</ele>
      </trkpt>
      <trkpt lat="45.190192" lon="23.683738">
        <ele>616.7</ele>
      </trkpt>
      <trkpt lat="45.190046" lon="23.683589">
        <ele>615.6</ele>
      </trkpt>
      <trkpt lat="45.189547" lon="23.682951">
        <ele>610.2</ele>
      </trkpt>
      <trkpt lat="45.189311" lon="23.682751">
        <ele>609</ele>
      </trkpt>
      <trkpt lat="45.188743" lon="23.682409">
        <ele>607.6</ele>
      </trkpt>
      <trkpt lat="45.188061" lon="23.681927">
        <ele>603.7</ele>
      </trkpt>
      <trkpt lat="45.187887" lon="23.681862">
        <ele>602.9</ele>
      </trkpt>
      <trkpt lat="45.18754" lon="23.68185">
        <ele>603.8</ele>
      </trkpt>
      <trkpt lat="45.18646" lon="23.681831">
        <ele>599.4</ele>
      </trkpt>
      <trkpt lat="45.186284" lon="23.681868">
        <ele>597.6</ele>
      </trkpt>
      <trkpt lat="45.18595" lon="23.682006">
        <ele>592.2</ele>
      </trkpt>
      <trkpt lat="45.18562" lon="23.682045">
        <ele>588.3</ele>
      </trkpt>
      <trkpt lat="45.185327" lon="23.682029">
        <ele>584.4</ele>
      </trkpt>
      <trkpt lat="45.185267" lon="23.681991">
        <ele>583.6</ele>
      </trkpt>
      <trkpt lat="45.185053" lon="23.681695">
        <ele>579.7</ele>
      </trkpt>
      <trkpt lat="45.184978" lon="23.681639">
        <ele>578.7</ele>
      </trkpt>
      <trkpt lat="45.184481" lon="23.681473">
        <ele>572</ele>
      </trkpt>
      <trkpt lat="45.184267" lon="23.681456">
        <ele>569.2</ele>
      </trkpt>
      <trkpt lat="45.183138" lon="23.68176">
        <ele>553.5</ele>
      </trkpt>
      <trkpt lat="45.182476" lon="23.681994">
        <ele>544.1</ele>
      </trkpt>
      <trkpt lat="45.181559" lon="23.68202">
        <ele>531.7</ele>
      </trkpt>
      <trkpt lat="45.181389" lon="23.68196">
        <ele>529.8</ele>
      </trkpt>
      <trkpt lat="45.181302" lon="23.681867">
        <ele>529</ele>
      </trkpt>
      <trkpt lat="45.181085" lon="23.681337">
        <ele>527.9</ele>
      </trkpt>
      <trkpt lat="45.180999" lon="23.681088">
        <ele>528.3</ele>
      </trkpt>
      <trkpt lat="45.180982" lon="23.680928">
        <ele>528.7</ele>
      </trkpt>
      <trkpt lat="45.180997" lon="23.680795">
        <ele>529.2</ele>
      </trkpt>
      <trkpt lat="45.181082" lon="23.680578">
        <ele>530.1</ele>
      </trkpt>
      <trkpt lat="45.181735" lon="23.679391">
        <ele>532.2</ele>
      </trkpt>
      <trkpt lat="45.182573" lon="23.678286">
        <ele>529.4</ele>
      </trkpt>
      <trkpt lat="45.182618" lon="23.678157">
        <ele>528.8</ele>
      </trkpt>
      <trkpt lat="45.182614" lon="23.678087">
        <ele>528.3</ele>
      </trkpt>
      <trkpt lat="45.182579" lon="23.678022">
        <ele>527.8</ele>
      </trkpt>
      <trkpt lat="45.182489" lon="23.677943">
        <ele>526.7</ele>
      </trkpt>
      <trkpt lat="45.181403" lon="23.677182">
        <ele>518.4</ele>
      </trkpt>
      <trkpt lat="45.180734" lon="23.676716">
        <ele>515</ele>
      </trkpt>
      <trkpt lat="45.180092" lon="23.676454">
        <ele>512.3</ele>
      </trkpt>
      <trkpt lat="45.179858" lon="23.676358">
        <ele>510.5</ele>
      </trkpt>
      <trkpt lat="45.179707" lon="23.676257">
        <ele>509.1</ele>
      </trkpt>
      <trkpt lat="45.179392" lon="23.675796">
        <ele>505.1</ele>
      </trkpt>
      <trkpt lat="45.17912" lon="23.67555">
        <ele>502.3</ele>
      </trkpt>
      <trkpt lat="45.178727" lon="23.675231">
        <ele>498.3</ele>
      </trkpt>
      <trkpt lat="45.17862" lon="23.675079">
        <ele>496.6</ele>
      </trkpt>
      <trkpt lat="45.178584" lon="23.674886">
        <ele>495.2</ele>
      </trkpt>
      <trkpt lat="45.178553" lon="23.674374">
        <ele>492.8</ele>
      </trkpt>
      <trkpt lat="45.178377" lon="23.673882">
        <ele>489.7</ele>
      </trkpt>
      <trkpt lat="45.177993" lon="23.673">
        <ele>483.5</ele>
      </trkpt>
      <trkpt lat="45.17773" lon="23.672463">
        <ele>479.5</ele>
      </trkpt>
      <trkpt lat="45.177481" lon="23.671951">
        <ele>476.2</ele>
      </trkpt>
      <trkpt lat="45.177412" lon="23.671714">
        <ele>475.4</ele>
      </trkpt>
      <trkpt lat="45.177404" lon="23.671402">
        <ele>473.9</ele>
      </trkpt>
      <trkpt lat="45.177406" lon="23.671035">
        <ele>471.6</ele>
      </trkpt>
      <trkpt lat="45.177405" lon="23.670731">
        <ele>469.8</ele>
      </trkpt>
      <trkpt lat="45.177395" lon="23.670171">
        <ele>467.5</ele>
      </trkpt>
      <trkpt lat="45.177366" lon="23.669864">
        <ele>467</ele>
      </trkpt>
      <trkpt lat="45.177307" lon="23.669574">
        <ele>466.6</ele>
      </trkpt>
      <trkpt lat="45.177115" lon="23.669073">
        <ele>465.9</ele>
      </trkpt>
      <trkpt lat="45.176745" lon="23.668353">
        <ele>467.2</ele>
      </trkpt>
      <trkpt lat="45.176215" lon="23.667324">
        <ele>465.8</ele>
      </trkpt>
      <trkpt lat="45.17607" lon="23.667036">
        <ele>465.6</ele>
      </trkpt>
      <trkpt lat="45.175759" lon="23.666575">
        <ele>466</ele>
      </trkpt>
      <trkpt lat="45.175524" lon="23.666281">
        <ele>466.2</ele>
      </trkpt>
      <trkpt lat="45.17521" lon="23.665989">
        <ele>465.8</ele>
      </trkpt>
      <trkpt lat="45.174551" lon="23.66561">
        <ele>464.8</ele>
      </trkpt>
      <trkpt lat="45.173919" lon="23.665257">
        <ele>462.6</ele>
      </trkpt>
      <trkpt lat="45.173194" lon="23.664856">
        <ele>462.9</ele>
      </trkpt>
      <trkpt lat="45.172817" lon="23.664558">
        <ele>462.4</ele>
      </trkpt>
      <trkpt lat="45.172689" lon="23.664441">
        <ele>462.3</ele>
      </trkpt>
      <trkpt lat="45.171998" lon="23.663723">
        <ele>458.8</ele>
      </trkpt>
      <trkpt lat="45.171778" lon="23.663491">
        <ele>458.5</ele>
      </trkpt>
      <trkpt lat="45.171154" lon="23.662879">
        <ele>457.4</ele>
      </trkpt>
      <trkpt lat="45.171009" lon="23.662776">
        <ele>457.1</ele>
      </trkpt>
      </trkseg>
    </trk>
</gpx>