<?xml version="1.0" encoding="UTF-8"?>
<gpx version="1.1"
     creator="Komoot GPX Exporter"
     xmlns="http://www.topografix.com/GPX/1/1">
  <metadata>
    <name>D2 from Albac to Beliș</name>
  </metadata>
    <trk>
      <name>D2 from Albac to Beliș</name>
      <trkseg>
      <trkpt lat="46.447149" lon="22.955883">
        <ele>810</ele>
      </trkpt>
      <trkpt lat="46.447007" lon="22.956097">
        <ele>809.2</ele>
      </trkpt>
      <trkpt lat="46.446804" lon="22.956338">
        <ele>808</ele>
      </trkpt>
      <trkpt lat="46.446753" lon="22.956442">
        <ele>807.5</ele>
      </trkpt>
      <trkpt lat="46.446617" lon="22.956892">
        <ele>805.7</ele>
      </trkpt>
      <trkpt lat="46.446405" lon="22.957324">
        <ele>803.1</ele>
      </trkpt>
      <trkpt lat="46.445959" lon="22.958094">
        <ele>797.7</ele>
      </trkpt>
      <trkpt lat="46.445386" lon="22.958803">
        <ele>789.3</ele>
      </trkpt>
      <trkpt lat="46.445067" lon="22.959252">
        <ele>783.7</ele>
      </trkpt>
      <trkpt lat="46.444931" lon="22.959345">
        <ele>781.8</ele>
      </trkpt>
      <trkpt lat="46.444723" lon="22.959412">
        <ele>778.5</ele>
      </trkpt>
      <trkpt lat="46.444218" lon="22.959647">
        <ele>769.7</ele>
      </trkpt>
      <trkpt lat="46.443989" lon="22.959807">
        <ele>765.1</ele>
      </trkpt>
      <trkpt lat="46.443938" lon="22.959893">
        <ele>763.6</ele>
      </trkpt>
      <trkpt lat="46.443908" lon="22.960072">
        <ele>761.2</ele>
      </trkpt>
      <trkpt lat="46.443793" lon="22.960269">
        <ele>758</ele>
      </trkpt>
      <trkpt lat="46.443547" lon="22.960565">
        <ele>751.6</ele>
      </trkpt>
      <trkpt lat="46.443492" lon="22.960707">
        <ele>749.1</ele>
      </trkpt>
      <trkpt lat="46.443449" lon="22.96091">
        <ele>745.9</ele>
      </trkpt>
      <trkpt lat="46.443432" lon="22.961298">
        <ele>739.7</ele>
      </trkpt>
      <trkpt lat="46.443488" lon="22.961545">
        <ele>735.5</ele>
      </trkpt>
      <trkpt lat="46.443483" lon="22.961625">
        <ele>734.3</ele>
      </trkpt>
      <trkpt lat="46.443212" lon="22.962592">
        <ele>717.3</ele>
      </trkpt>
      <trkpt lat="46.443084" lon="22.963208">
        <ele>706.7</ele>
      </trkpt>
      <trkpt lat="46.443135" lon="22.963344">
        <ele>704.2</ele>
      </trkpt>
      <trkpt lat="46.443199" lon="22.963387">
        <ele>702.6</ele>
      </trkpt>
      <trkpt lat="46.443314" lon="22.963406">
        <ele>699.9</ele>
      </trkpt>
      <trkpt lat="46.443853" lon="22.963381">
        <ele>687.8</ele>
      </trkpt>
      <trkpt lat="46.444371" lon="22.963239">
        <ele>676.8</ele>
      </trkpt>
      <trkpt lat="46.444409" lon="22.963258">
        <ele>676</ele>
      </trkpt>
      <trkpt lat="46.444422" lon="22.963307">
        <ele>675.3</ele>
      </trkpt>
      <trkpt lat="46.44418" lon="22.963868">
        <ele>666.6</ele>
      </trkpt>
      <trkpt lat="46.444108" lon="22.96396">
        <ele>664.8</ele>
      </trkpt>
      <trkpt lat="46.443921" lon="22.964096">
        <ele>661</ele>
      </trkpt>
      <trkpt lat="46.443849" lon="22.964194">
        <ele>659.3</ele>
      </trkpt>
      <trkpt lat="46.443696" lon="22.964693">
        <ele>653.1</ele>
      </trkpt>
      <trkpt lat="46.443619" lon="22.964767">
        <ele>651.6</ele>
      </trkpt>
      <trkpt lat="46.443432" lon="22.964841">
        <ele>648.6</ele>
      </trkpt>
      <trkpt lat="46.443373" lon="22.964903">
        <ele>647.5</ele>
      </trkpt>
      <trkpt lat="46.443263" lon="22.965162">
        <ele>644.4</ele>
      </trkpt>
      <trkpt lat="46.442991" lon="22.965273">
        <ele>640.4</ele>
      </trkpt>
      <trkpt lat="46.442341" lon="22.965772">
        <ele>630.7</ele>
      </trkpt>
      <trkpt lat="46.442205" lon="22.966043">
        <ele>628.6</ele>
      </trkpt>
      <trkpt lat="46.441938" lon="22.96632">
        <ele>626.2</ele>
      </trkpt>
      <trkpt lat="46.441881" lon="22.966643">
        <ele>624.9</ele>
      </trkpt>
      <trkpt lat="46.443321" lon="22.965891">
        <ele>625.1</ele>
      </trkpt>
      <trkpt lat="46.444086" lon="22.965401">
        <ele>625.8</ele>
      </trkpt>
      <trkpt lat="46.444598" lon="22.965178">
        <ele>625</ele>
      </trkpt>
      <trkpt lat="46.444714" lon="22.965133">
        <ele>624.6</ele>
      </trkpt>
      <trkpt lat="46.445656" lon="22.964703">
        <ele>621.5</ele>
      </trkpt>
      <trkpt lat="46.446207" lon="22.964502">
        <ele>620.6</ele>
      </trkpt>
      <trkpt lat="46.447165" lon="22.964266">
        <ele>619.9</ele>
      </trkpt>
      <trkpt lat="46.447309" lon="22.964235">
        <ele>619.8</ele>
      </trkpt>
      <trkpt lat="46.447674" lon="22.96408">
        <ele>619.6</ele>
      </trkpt>
      <trkpt lat="46.448175" lon="22.963884">
        <ele>619.4</ele>
      </trkpt>
      <trkpt lat="46.44838" lon="22.964591">
        <ele>619.3</ele>
      </trkpt>
      <trkpt lat="46.448692" lon="22.965285">
        <ele>619.7</ele>
      </trkpt>
      <trkpt lat="46.448831" lon="22.965651">
        <ele>620.2</ele>
      </trkpt>
      <trkpt lat="46.448889" lon="22.965888">
        <ele>620.5</ele>
      </trkpt>
      <trkpt lat="46.448972" lon="22.966497">
        <ele>621.6</ele>
      </trkpt>
      <trkpt lat="46.449075" lon="22.966768">
        <ele>622.3</ele>
      </trkpt>
      <trkpt lat="46.449357" lon="22.967201">
        <ele>623.5</ele>
      </trkpt>
      <trkpt lat="46.449832" lon="22.967808">
        <ele>626</ele>
      </trkpt>
      <trkpt lat="46.450003" lon="22.96803">
        <ele>627</ele>
      </trkpt>
      <trkpt lat="46.450119" lon="22.968227">
        <ele>627.8</ele>
      </trkpt>
      <trkpt lat="46.45042" lon="22.968912">
        <ele>630</ele>
      </trkpt>
      <trkpt lat="46.450701" lon="22.96942">
        <ele>631.4</ele>
      </trkpt>
      <trkpt lat="46.450904" lon="22.969709">
        <ele>632.3</ele>
      </trkpt>
      <trkpt lat="46.451371" lon="22.970283">
        <ele>633.7</ele>
      </trkpt>
      <trkpt lat="46.451541" lon="22.97042">
        <ele>633.9</ele>
      </trkpt>
      <trkpt lat="46.452207" lon="22.970645">
        <ele>634.3</ele>
      </trkpt>
      <trkpt lat="46.45245" lon="22.970773">
        <ele>634.3</ele>
      </trkpt>
      <trkpt lat="46.452655" lon="22.970983">
        <ele>634.3</ele>
      </trkpt>
      <trkpt lat="46.452929" lon="22.971363">
        <ele>634.2</ele>
      </trkpt>
      <trkpt lat="46.453342" lon="22.972032">
        <ele>634.5</ele>
      </trkpt>
      <trkpt lat="46.453707" lon="22.972525">
        <ele>635.6</ele>
      </trkpt>
      <trkpt lat="46.453928" lon="22.97292">
        <ele>636.8</ele>
      </trkpt>
      <trkpt lat="46.454064" lon="22.973293">
        <ele>638.1</ele>
      </trkpt>
      <trkpt lat="46.454171" lon="22.973478">
        <ele>638.8</ele>
      </trkpt>
      <trkpt lat="46.454365" lon="22.973677">
        <ele>640</ele>
      </trkpt>
      <trkpt lat="46.455019" lon="22.97409">
        <ele>642.7</ele>
      </trkpt>
      <trkpt lat="46.455477" lon="22.974318">
        <ele>643.4</ele>
      </trkpt>
      <trkpt lat="46.456066" lon="22.974529">
        <ele>643.1</ele>
      </trkpt>
      <trkpt lat="46.456286" lon="22.974642">
        <ele>642.6</ele>
      </trkpt>
      <trkpt lat="46.456701" lon="22.975005">
        <ele>641.8</ele>
      </trkpt>
      <trkpt lat="46.456916" lon="22.975175">
        <ele>641.4</ele>
      </trkpt>
      <trkpt lat="46.457179" lon="22.975268">
        <ele>641.2</ele>
      </trkpt>
      <trkpt lat="46.458637" lon="22.975568">
        <ele>642.7</ele>
      </trkpt>
      <trkpt lat="46.458899" lon="22.975541">
        <ele>643.1</ele>
      </trkpt>
      <trkpt lat="46.459642" lon="22.975241">
        <ele>643.9</ele>
      </trkpt>
      <trkpt lat="46.459803" lon="22.975126">
        <ele>644</ele>
      </trkpt>
      <trkpt lat="46.459958" lon="22.974925">
        <ele>644.1</ele>
      </trkpt>
      <trkpt lat="46.461184" lon="22.972866">
        <ele>644.5</ele>
      </trkpt>
      <trkpt lat="46.461516" lon="22.97257">
        <ele>645</ele>
      </trkpt>
      <trkpt lat="46.461565" lon="22.972492">
        <ele>645.2</ele>
      </trkpt>
      <trkpt lat="46.461599" lon="22.97237">
        <ele>645.3</ele>
      </trkpt>
      <trkpt lat="46.461685" lon="22.971715">
        <ele>646.2</ele>
      </trkpt>
      <trkpt lat="46.461834" lon="22.970994">
        <ele>647.3</ele>
      </trkpt>
      <trkpt lat="46.461929" lon="22.97073">
        <ele>647.8</ele>
      </trkpt>
      <trkpt lat="46.46217" lon="22.970478">
        <ele>648.3</ele>
      </trkpt>
      <trkpt lat="46.462668" lon="22.970145">
        <ele>648.9</ele>
      </trkpt>
      <trkpt lat="46.465894" lon="22.967342">
        <ele>652.8</ele>
      </trkpt>
      <trkpt lat="46.466227" lon="22.967091">
        <ele>654.3</ele>
      </trkpt>
      <trkpt lat="46.466383" lon="22.967016">
        <ele>655</ele>
      </trkpt>
      <trkpt lat="46.466534" lon="22.966992">
        <ele>655.6</ele>
      </trkpt>
      <trkpt lat="46.466704" lon="22.967091">
        <ele>656.3</ele>
      </trkpt>
      <trkpt lat="46.46689" lon="22.967283">
        <ele>657.2</ele>
      </trkpt>
      <trkpt lat="46.467154" lon="22.967693">
        <ele>658.7</ele>
      </trkpt>
      <trkpt lat="46.467345" lon="22.96789">
        <ele>659.6</ele>
      </trkpt>
      <trkpt lat="46.467566" lon="22.968049">
        <ele>660.5</ele>
      </trkpt>
      <trkpt lat="46.469183" lon="22.968612">
        <ele>662.6</ele>
      </trkpt>
      <trkpt lat="46.469512" lon="22.968596">
        <ele>662.9</ele>
      </trkpt>
      <trkpt lat="46.469737" lon="22.96848">
        <ele>663.3</ele>
      </trkpt>
      <trkpt lat="46.470216" lon="22.96809">
        <ele>664.7</ele>
      </trkpt>
      <trkpt lat="46.470394" lon="22.96784">
        <ele>665.6</ele>
      </trkpt>
      <trkpt lat="46.470513" lon="22.967566">
        <ele>666.7</ele>
      </trkpt>
      <trkpt lat="46.470606" lon="22.967227">
        <ele>668.2</ele>
      </trkpt>
      <trkpt lat="46.470866" lon="22.966519">
        <ele>671.4</ele>
      </trkpt>
      <trkpt lat="46.471063" lon="22.966139">
        <ele>673.1</ele>
      </trkpt>
      <trkpt lat="46.471218" lon="22.965962">
        <ele>674.1</ele>
      </trkpt>
      <trkpt lat="46.471657" lon="22.965619">
        <ele>676.5</ele>
      </trkpt>
      <trkpt lat="46.472064" lon="22.965227">
        <ele>678.7</ele>
      </trkpt>
      <trkpt lat="46.472633" lon="22.964852">
        <ele>681.9</ele>
      </trkpt>
      <trkpt lat="46.472788" lon="22.964712">
        <ele>682.8</ele>
      </trkpt>
      <trkpt lat="46.472924" lon="22.964524">
        <ele>683.7</ele>
      </trkpt>
      <trkpt lat="46.473213" lon="22.96394">
        <ele>685.3</ele>
      </trkpt>
      <trkpt lat="46.473357" lon="22.96372">
        <ele>685.6</ele>
      </trkpt>
      <trkpt lat="46.473704" lon="22.963441">
        <ele>685.8</ele>
      </trkpt>
      <trkpt lat="46.474126" lon="22.963201">
        <ele>685.5</ele>
      </trkpt>
      <trkpt lat="46.474325" lon="22.963142">
        <ele>685.2</ele>
      </trkpt>
      <trkpt lat="46.474621" lon="22.963158">
        <ele>684.8</ele>
      </trkpt>
      <trkpt lat="46.474802" lon="22.963073">
        <ele>684.5</ele>
      </trkpt>
      <trkpt lat="46.475219" lon="22.962622">
        <ele>684</ele>
      </trkpt>
      <trkpt lat="46.475297" lon="22.962466">
        <ele>683.9</ele>
      </trkpt>
      <trkpt lat="46.475419" lon="22.962016">
        <ele>683.6</ele>
      </trkpt>
      <trkpt lat="46.475489" lon="22.961839">
        <ele>683.5</ele>
      </trkpt>
      <trkpt lat="46.475792" lon="22.961426">
        <ele>683</ele>
      </trkpt>
      <trkpt lat="46.477447" lon="22.960739">
        <ele>679.8</ele>
      </trkpt>
      <trkpt lat="46.477853" lon="22.960696">
        <ele>679.3</ele>
      </trkpt>
      <trkpt lat="46.478093" lon="22.960739">
        <ele>679.2</ele>
      </trkpt>
      <trkpt lat="46.478396" lon="22.960841">
        <ele>679.2</ele>
      </trkpt>
      <trkpt lat="46.478747" lon="22.960787">
        <ele>679.6</ele>
      </trkpt>
      <trkpt lat="46.478943" lon="22.960771">
        <ele>679.8</ele>
      </trkpt>
      <trkpt lat="46.479109" lon="22.96082">
        <ele>680</ele>
      </trkpt>
      <trkpt lat="46.47963" lon="22.961249">
        <ele>680.6</ele>
      </trkpt>
      <trkpt lat="46.479815" lon="22.961447">
        <ele>681</ele>
      </trkpt>
      <trkpt lat="46.480051" lon="22.961646">
        <ele>681.6</ele>
      </trkpt>
      <trkpt lat="46.48028" lon="22.961613">
        <ele>682.1</ele>
      </trkpt>
      <trkpt lat="46.481706" lon="22.960938">
        <ele>685.5</ele>
      </trkpt>
      <trkpt lat="46.481913" lon="22.960884">
        <ele>686.1</ele>
      </trkpt>
      <trkpt lat="46.482179" lon="22.960916">
        <ele>687</ele>
      </trkpt>
      <trkpt lat="46.482378" lon="22.960986">
        <ele>687.7</ele>
      </trkpt>
      <trkpt lat="46.482818" lon="22.961308">
        <ele>689.1</ele>
      </trkpt>
      <trkpt lat="46.482977" lon="22.961474">
        <ele>689.6</ele>
      </trkpt>
      <trkpt lat="46.483209" lon="22.961844">
        <ele>690.3</ele>
      </trkpt>
      <trkpt lat="46.483372" lon="22.962021">
        <ele>690.7</ele>
      </trkpt>
      <trkpt lat="46.483571" lon="22.962155">
        <ele>691.1</ele>
      </trkpt>
      <trkpt lat="46.483719" lon="22.962177">
        <ele>691.4</ele>
      </trkpt>
      <trkpt lat="46.484184" lon="22.962145">
        <ele>692.4</ele>
      </trkpt>
      <trkpt lat="46.484369" lon="22.962096">
        <ele>692.8</ele>
      </trkpt>
      <trkpt lat="46.48506" lon="22.961651">
        <ele>694.2</ele>
      </trkpt>
      <trkpt lat="46.486844" lon="22.960374">
        <ele>694.4</ele>
      </trkpt>
      <trkpt lat="46.486958" lon="22.96031">
        <ele>694.4</ele>
      </trkpt>
      <trkpt lat="46.487158" lon="22.960289">
        <ele>694.6</ele>
      </trkpt>
      <trkpt lat="46.487516" lon="22.960358">
        <ele>695.2</ele>
      </trkpt>
      <trkpt lat="46.487616" lon="22.960466">
        <ele>695.5</ele>
      </trkpt>
      <trkpt lat="46.487668" lon="22.960669">
        <ele>695.9</ele>
      </trkpt>
      <trkpt lat="46.487675" lon="22.961077">
        <ele>696.8</ele>
      </trkpt>
      <trkpt lat="46.487719" lon="22.961345">
        <ele>697.6</ele>
      </trkpt>
      <trkpt lat="46.487786" lon="22.961479">
        <ele>698</ele>
      </trkpt>
      <trkpt lat="46.487874" lon="22.961587">
        <ele>698.6</ele>
      </trkpt>
      <trkpt lat="46.488018" lon="22.961699">
        <ele>699.3</ele>
      </trkpt>
      <trkpt lat="46.488572" lon="22.96178">
        <ele>701.8</ele>
      </trkpt>
      <trkpt lat="46.489097" lon="22.961742">
        <ele>703.6</ele>
      </trkpt>
      <trkpt lat="46.489924" lon="22.961453">
        <ele>704.8</ele>
      </trkpt>
      <trkpt lat="46.490083" lon="22.961447">
        <ele>704.9</ele>
      </trkpt>
      <trkpt lat="46.490234" lon="22.961469">
        <ele>705</ele>
      </trkpt>
      <trkpt lat="46.490423" lon="22.961554">
        <ele>705.1</ele>
      </trkpt>
      <trkpt lat="46.490585" lon="22.96171">
        <ele>705.3</ele>
      </trkpt>
      <trkpt lat="46.490763" lon="22.961828">
        <ele>705.6</ele>
      </trkpt>
      <trkpt lat="46.491342" lon="22.962037">
        <ele>706.9</ele>
      </trkpt>
      <trkpt lat="46.491457" lon="22.962043">
        <ele>707.2</ele>
      </trkpt>
      <trkpt lat="46.492107" lon="22.961914">
        <ele>709.1</ele>
      </trkpt>
      <trkpt lat="46.492487" lon="22.961876">
        <ele>709.8</ele>
      </trkpt>
      <trkpt lat="46.492779" lon="22.961801">
        <ele>710.1</ele>
      </trkpt>
      <trkpt lat="46.49296" lon="22.961721">
        <ele>710.1</ele>
      </trkpt>
      <trkpt lat="46.493303" lon="22.961426">
        <ele>709.7</ele>
      </trkpt>
      <trkpt lat="46.493551" lon="22.961115">
        <ele>709</ele>
      </trkpt>
      <trkpt lat="46.494263" lon="22.960604">
        <ele>707.5</ele>
      </trkpt>
      <trkpt lat="46.494516" lon="22.960303">
        <ele>707.2</ele>
      </trkpt>
      <trkpt lat="46.494806" lon="22.959938">
        <ele>707.1</ele>
      </trkpt>
      <trkpt lat="46.495035" lon="22.959597">
        <ele>707.3</ele>
      </trkpt>
      <trkpt lat="46.495992" lon="22.957985">
        <ele>709.3</ele>
      </trkpt>
      <trkpt lat="46.496084" lon="22.957878">
        <ele>709.4</ele>
      </trkpt>
      <trkpt lat="46.496896" lon="22.956982">
        <ele>710.4</ele>
      </trkpt>
      <trkpt lat="46.497184" lon="22.956719">
        <ele>711.1</ele>
      </trkpt>
      <trkpt lat="46.497413" lon="22.956387">
        <ele>712</ele>
      </trkpt>
      <trkpt lat="46.497483" lon="22.956204">
        <ele>712.5</ele>
      </trkpt>
      <trkpt lat="46.497598" lon="22.955459">
        <ele>714.4</ele>
      </trkpt>
      <trkpt lat="46.497734" lon="22.955019">
        <ele>715.5</ele>
      </trkpt>
      <trkpt lat="46.49789" lon="22.954734">
        <ele>716.3</ele>
      </trkpt>
      <trkpt lat="46.498403" lon="22.95401">
        <ele>717.5</ele>
      </trkpt>
      <trkpt lat="46.498573" lon="22.953731">
        <ele>717.5</ele>
      </trkpt>
      <trkpt lat="46.498872" lon="22.953141">
        <ele>717</ele>
      </trkpt>
      <trkpt lat="46.499045" lon="22.952728">
        <ele>716.7</ele>
      </trkpt>
      <trkpt lat="46.499433" lon="22.951462">
        <ele>716.4</ele>
      </trkpt>
      <trkpt lat="46.499684" lon="22.950759">
        <ele>716.6</ele>
      </trkpt>
      <trkpt lat="46.499773" lon="22.950636">
        <ele>716.7</ele>
      </trkpt>
      <trkpt lat="46.500002" lon="22.950448">
        <ele>716.9</ele>
      </trkpt>
      <trkpt lat="46.500087" lon="22.950298">
        <ele>717</ele>
      </trkpt>
      <trkpt lat="46.500124" lon="22.950132">
        <ele>717.1</ele>
      </trkpt>
      <trkpt lat="46.500137" lon="22.949643">
        <ele>717.6</ele>
      </trkpt>
      <trkpt lat="46.500126" lon="22.94944">
        <ele>717.8</ele>
      </trkpt>
      <trkpt lat="46.50012" lon="22.949291">
        <ele>718</ele>
      </trkpt>
      <trkpt lat="46.500179" lon="22.948184">
        <ele>720</ele>
      </trkpt>
      <trkpt lat="46.500168" lon="22.947482">
        <ele>722</ele>
      </trkpt>
      <trkpt lat="46.500042" lon="22.946055">
        <ele>726.9</ele>
      </trkpt>
      <trkpt lat="46.500083" lon="22.944869">
        <ele>731.7</ele>
      </trkpt>
      <trkpt lat="46.500053" lon="22.944703">
        <ele>732.5</ele>
      </trkpt>
      <trkpt lat="46.499884" lon="22.944193">
        <ele>735.2</ele>
      </trkpt>
      <trkpt lat="46.499854" lon="22.944043">
        <ele>736</ele>
      </trkpt>
      <trkpt lat="46.49981" lon="22.943383">
        <ele>739.5</ele>
      </trkpt>
      <trkpt lat="46.499802" lon="22.942664">
        <ele>743.2</ele>
      </trkpt>
      <trkpt lat="46.499684" lon="22.941838">
        <ele>746.2</ele>
      </trkpt>
      <trkpt lat="46.499681" lon="22.94139">
        <ele>747.1</ele>
      </trkpt>
      <trkpt lat="46.499748" lon="22.940939">
        <ele>747.4</ele>
      </trkpt>
      <trkpt lat="46.499847" lon="22.940521">
        <ele>747.2</ele>
      </trkpt>
      <trkpt lat="46.500239" lon="22.939104">
        <ele>745.5</ele>
      </trkpt>
      <trkpt lat="46.500445" lon="22.938552">
        <ele>745.5</ele>
      </trkpt>
      <trkpt lat="46.500563" lon="22.938046">
        <ele>745.9</ele>
      </trkpt>
      <trkpt lat="46.500626" lon="22.937638">
        <ele>746.4</ele>
      </trkpt>
      <trkpt lat="46.500652" lon="22.937214">
        <ele>747</ele>
      </trkpt>
      <trkpt lat="46.500486" lon="22.936495">
        <ele>747.7</ele>
      </trkpt>
      <trkpt lat="46.500456" lon="22.936308">
        <ele>747.8</ele>
      </trkpt>
      <trkpt lat="46.500475" lon="22.936136">
        <ele>747.9</ele>
      </trkpt>
      <trkpt lat="46.500567" lon="22.935725">
        <ele>747.9</ele>
      </trkpt>
      <trkpt lat="46.500796" lon="22.935004">
        <ele>747.5</ele>
      </trkpt>
      <trkpt lat="46.501062" lon="22.933475">
        <ele>747.2</ele>
      </trkpt>
      <trkpt lat="46.50118" lon="22.933137">
        <ele>747.1</ele>
      </trkpt>
      <trkpt lat="46.501398" lon="22.932697">
        <ele>747</ele>
      </trkpt>
      <trkpt lat="46.501768" lon="22.93194">
        <ele>747</ele>
      </trkpt>
      <trkpt lat="46.502037" lon="22.931365">
        <ele>747.4</ele>
      </trkpt>
      <trkpt lat="46.502151" lon="22.931256">
        <ele>747.5</ele>
      </trkpt>
      <trkpt lat="46.502221" lon="22.931232">
        <ele>747.6</ele>
      </trkpt>
      <trkpt lat="46.502336" lon="22.93122">
        <ele>747.9</ele>
      </trkpt>
      <trkpt lat="46.502551" lon="22.931263">
        <ele>748.5</ele>
      </trkpt>
      <trkpt lat="46.502654" lon="22.931215">
        <ele>748.9</ele>
      </trkpt>
      <trkpt lat="46.503186" lon="22.93077">
        <ele>751.8</ele>
      </trkpt>
      <trkpt lat="46.503363" lon="22.930695">
        <ele>752.9</ele>
      </trkpt>
      <trkpt lat="46.504227" lon="22.930534">
        <ele>757.6</ele>
      </trkpt>
      <trkpt lat="46.505357" lon="22.930239">
        <ele>762.8</ele>
      </trkpt>
      <trkpt lat="46.505549" lon="22.930271">
        <ele>763.4</ele>
      </trkpt>
      <trkpt lat="46.505781" lon="22.930378">
        <ele>764.2</ele>
      </trkpt>
      <trkpt lat="46.506047" lon="22.930545">
        <ele>765.2</ele>
      </trkpt>
      <trkpt lat="46.506631" lon="22.930995">
        <ele>768.5</ele>
      </trkpt>
      <trkpt lat="46.506727" lon="22.931">
        <ele>769.1</ele>
      </trkpt>
      <trkpt lat="46.506819" lon="22.930963">
        <ele>769.7</ele>
      </trkpt>
      <trkpt lat="46.506893" lon="22.930856">
        <ele>770.4</ele>
      </trkpt>
      <trkpt lat="46.506952" lon="22.930548">
        <ele>771.9</ele>
      </trkpt>
      <trkpt lat="46.506981" lon="22.930406">
        <ele>772.7</ele>
      </trkpt>
      <trkpt lat="46.507022" lon="22.929698">
        <ele>776.7</ele>
      </trkpt>
      <trkpt lat="46.506896" lon="22.929054">
        <ele>780.8</ele>
      </trkpt>
      <trkpt lat="46.506938" lon="22.928858">
        <ele>781.9</ele>
      </trkpt>
      <trkpt lat="46.507143" lon="22.928359">
        <ele>784.8</ele>
      </trkpt>
      <trkpt lat="46.507232" lon="22.928065">
        <ele>786.2</ele>
      </trkpt>
      <trkpt lat="46.507328" lon="22.927598">
        <ele>788.2</ele>
      </trkpt>
      <trkpt lat="46.50743" lon="22.927327">
        <ele>789.6</ele>
      </trkpt>
      <trkpt lat="46.507535" lon="22.927219">
        <ele>790.4</ele>
      </trkpt>
      <trkpt lat="46.507907" lon="22.926982">
        <ele>793.2</ele>
      </trkpt>
      <trkpt lat="46.508039" lon="22.92679">
        <ele>794.6</ele>
      </trkpt>
      <trkpt lat="46.508063" lon="22.926693">
        <ele>795.2</ele>
      </trkpt>
      <trkpt lat="46.508094" lon="22.925986">
        <ele>799.2</ele>
      </trkpt>
      <trkpt lat="46.508126" lon="22.925867">
        <ele>800</ele>
      </trkpt>
      <trkpt lat="46.50826" lon="22.925554">
        <ele>802.4</ele>
      </trkpt>
      <trkpt lat="46.508563" lon="22.925144">
        <ele>806.7</ele>
      </trkpt>
      <trkpt lat="46.508655" lon="22.92494">
        <ele>808.5</ele>
      </trkpt>
      <trkpt lat="46.508691" lon="22.924654">
        <ele>810.4</ele>
      </trkpt>
      <trkpt lat="46.508757" lon="22.923612">
        <ele>817.1</ele>
      </trkpt>
      <trkpt lat="46.508961" lon="22.922929">
        <ele>821</ele>
      </trkpt>
      <trkpt lat="46.509069" lon="22.922703">
        <ele>822.2</ele>
      </trkpt>
      <trkpt lat="46.509197" lon="22.922519">
        <ele>823.1</ele>
      </trkpt>
      <trkpt lat="46.509644" lon="22.922029">
        <ele>825.3</ele>
      </trkpt>
      <trkpt lat="46.510953" lon="22.920217">
        <ele>830.8</ele>
      </trkpt>
      <trkpt lat="46.511316" lon="22.919577">
        <ele>833.7</ele>
      </trkpt>
      <trkpt lat="46.511651" lon="22.919128">
        <ele>836.3</ele>
      </trkpt>
      <trkpt lat="46.511787" lon="22.918907">
        <ele>837.5</ele>
      </trkpt>
      <trkpt lat="46.512342" lon="22.917908">
        <ele>842</ele>
      </trkpt>
      <trkpt lat="46.512487" lon="22.917697">
        <ele>843.2</ele>
      </trkpt>
      <trkpt lat="46.512813" lon="22.917329">
        <ele>845.3</ele>
      </trkpt>
      <trkpt lat="46.512833" lon="22.91726">
        <ele>845.4</ele>
      </trkpt>
      <trkpt lat="46.512826" lon="22.917186">
        <ele>845.6</ele>
      </trkpt>
      <trkpt lat="46.512772" lon="22.917088">
        <ele>846</ele>
      </trkpt>
      <trkpt lat="46.512683" lon="22.917078">
        <ele>846.3</ele>
      </trkpt>
      <trkpt lat="46.512487" lon="22.917215">
        <ele>847</ele>
      </trkpt>
      <trkpt lat="46.512144" lon="22.917609">
        <ele>848</ele>
      </trkpt>
      <trkpt lat="46.51204" lon="22.917768">
        <ele>848.4</ele>
      </trkpt>
      <trkpt lat="46.511777" lon="22.918343">
        <ele>849.3</ele>
      </trkpt>
      <trkpt lat="46.511649" lon="22.918495">
        <ele>849.4</ele>
      </trkpt>
      <trkpt lat="46.511124" lon="22.918866">
        <ele>850.2</ele>
      </trkpt>
      <trkpt lat="46.51092" lon="22.91905">
        <ele>850.8</ele>
      </trkpt>
      <trkpt lat="46.50953" lon="22.92078">
        <ele>861.2</ele>
      </trkpt>
      <trkpt lat="46.508644" lon="22.921485">
        <ele>866.4</ele>
      </trkpt>
      <trkpt lat="46.508317" lon="22.921955">
        <ele>867.5</ele>
      </trkpt>
      <trkpt lat="46.507945" lon="22.92285">
        <ele>867.6</ele>
      </trkpt>
      <trkpt lat="46.507502" lon="22.923655">
        <ele>866.4</ele>
      </trkpt>
      <trkpt lat="46.507073" lon="22.924356">
        <ele>865.5</ele>
      </trkpt>
      <trkpt lat="46.506745" lon="22.92485">
        <ele>865.8</ele>
      </trkpt>
      <trkpt lat="46.506545" lon="22.925011">
        <ele>866.3</ele>
      </trkpt>
      <trkpt lat="46.506454" lon="22.924996">
        <ele>866.5</ele>
      </trkpt>
      <trkpt lat="46.50639" lon="22.924963">
        <ele>866.7</ele>
      </trkpt>
      <trkpt lat="46.506338" lon="22.924839">
        <ele>866.9</ele>
      </trkpt>
      <trkpt lat="46.506346" lon="22.924614">
        <ele>867.4</ele>
      </trkpt>
      <trkpt lat="46.506375" lon="22.924448">
        <ele>867.8</ele>
      </trkpt>
      <trkpt lat="46.50656" lon="22.923976">
        <ele>869.2</ele>
      </trkpt>
      <trkpt lat="46.506538" lon="22.923804">
        <ele>869.7</ele>
      </trkpt>
      <trkpt lat="46.506456" lon="22.923611">
        <ele>870.5</ele>
      </trkpt>
      <trkpt lat="46.506172" lon="22.923139">
        <ele>872.7</ele>
      </trkpt>
      <trkpt lat="46.50608" lon="22.922779">
        <ele>873.8</ele>
      </trkpt>
      <trkpt lat="46.50605" lon="22.922248">
        <ele>875.4</ele>
      </trkpt>
      <trkpt lat="46.506002" lon="22.922039">
        <ele>876.1</ele>
      </trkpt>
      <trkpt lat="46.505807" lon="22.921567">
        <ele>877.9</ele>
      </trkpt>
      <trkpt lat="46.505652" lon="22.921304">
        <ele>879.1</ele>
      </trkpt>
      <trkpt lat="46.505522" lon="22.92102">
        <ele>880.3</ele>
      </trkpt>
      <trkpt lat="46.505437" lon="22.920757">
        <ele>881.3</ele>
      </trkpt>
      <trkpt lat="46.505367" lon="22.920054">
        <ele>883.6</ele>
      </trkpt>
      <trkpt lat="46.505142" lon="22.919351">
        <ele>885.8</ele>
      </trkpt>
      <trkpt lat="46.504791" lon="22.917597">
        <ele>889.3</ele>
      </trkpt>
      <trkpt lat="46.504765" lon="22.917233">
        <ele>890</ele>
      </trkpt>
      <trkpt lat="46.504799" lon="22.916685">
        <ele>891.1</ele>
      </trkpt>
      <trkpt lat="46.504791" lon="22.916444">
        <ele>891.7</ele>
      </trkpt>
      <trkpt lat="46.504725" lon="22.916117">
        <ele>892.5</ele>
      </trkpt>
      <trkpt lat="46.504581" lon="22.915838">
        <ele>893.4</ele>
      </trkpt>
      <trkpt lat="46.50457" lon="22.915671">
        <ele>893.9</ele>
      </trkpt>
      <trkpt lat="46.504577" lon="22.915564">
        <ele>894.3</ele>
      </trkpt>
      <trkpt lat="46.504677" lon="22.915232">
        <ele>895.5</ele>
      </trkpt>
      <trkpt lat="46.504682" lon="22.91513">
        <ele>896</ele>
      </trkpt>
      <trkpt lat="46.504633" lon="22.914953">
        <ele>896.8</ele>
      </trkpt>
      <trkpt lat="46.5044" lon="22.914666">
        <ele>899.2</ele>
      </trkpt>
      <trkpt lat="46.504334" lon="22.914362">
        <ele>901.1</ele>
      </trkpt>
      <trkpt lat="46.504352" lon="22.914126">
        <ele>902.6</ele>
      </trkpt>
      <trkpt lat="46.504441" lon="22.913923">
        <ele>904.3</ele>
      </trkpt>
      <trkpt lat="46.504511" lon="22.913853">
        <ele>905.1</ele>
      </trkpt>
      <trkpt lat="46.504618" lon="22.913794">
        <ele>906.2</ele>
      </trkpt>
      <trkpt lat="46.504954" lon="22.913775">
        <ele>909.5</ele>
      </trkpt>
      <trkpt lat="46.50512" lon="22.913727">
        <ele>911</ele>
      </trkpt>
      <trkpt lat="46.505362" lon="22.913544">
        <ele>913.5</ele>
      </trkpt>
      <trkpt lat="46.505441" lon="22.913424">
        <ele>914.5</ele>
      </trkpt>
      <trkpt lat="46.505489" lon="22.913231">
        <ele>915.7</ele>
      </trkpt>
      <trkpt lat="46.505458" lon="22.913043">
        <ele>916.7</ele>
      </trkpt>
      <trkpt lat="46.505345" lon="22.912874">
        <ele>917.9</ele>
      </trkpt>
      <trkpt lat="46.505251" lon="22.912654">
        <ele>918.9</ele>
      </trkpt>
      <trkpt lat="46.505238" lon="22.912388">
        <ele>919.8</ele>
      </trkpt>
      <trkpt lat="46.50526" lon="22.911946">
        <ele>920.8</ele>
      </trkpt>
      <trkpt lat="46.505122" lon="22.911066">
        <ele>921.7</ele>
      </trkpt>
      <trkpt lat="46.504834" lon="22.910387">
        <ele>922.3</ele>
      </trkpt>
      <trkpt lat="46.504686" lon="22.910186">
        <ele>922.8</ele>
      </trkpt>
      <trkpt lat="46.504502" lon="22.910028">
        <ele>923.4</ele>
      </trkpt>
      <trkpt lat="46.504445" lon="22.90992">
        <ele>923.6</ele>
      </trkpt>
      <trkpt lat="46.504415" lon="22.909741">
        <ele>923.9</ele>
      </trkpt>
      <trkpt lat="46.504428" lon="22.909634">
        <ele>924.1</ele>
      </trkpt>
      <trkpt lat="46.504474" lon="22.909529">
        <ele>924.3</ele>
      </trkpt>
      <trkpt lat="46.504553" lon="22.909481">
        <ele>924.5</ele>
      </trkpt>
      <trkpt lat="46.504657" lon="22.909468">
        <ele>924.9</ele>
      </trkpt>
      <trkpt lat="46.504756" lon="22.909524">
        <ele>925.2</ele>
      </trkpt>
      <trkpt lat="46.504902" lon="22.90972">
        <ele>925.9</ele>
      </trkpt>
      <trkpt lat="46.504967" lon="22.909862">
        <ele>926.4</ele>
      </trkpt>
      <trkpt lat="46.505083" lon="22.910264">
        <ele>927.9</ele>
      </trkpt>
      <trkpt lat="46.505604" lon="22.911393">
        <ele>932.7</ele>
      </trkpt>
      <trkpt lat="46.505757" lon="22.911597">
        <ele>933.7</ele>
      </trkpt>
      <trkpt lat="46.506178" lon="22.911879">
        <ele>935.8</ele>
      </trkpt>
      <trkpt lat="46.506408" lon="22.912109">
        <ele>936.9</ele>
      </trkpt>
      <trkpt lat="46.506543" lon="22.912313">
        <ele>937.6</ele>
      </trkpt>
      <trkpt lat="46.50668" lon="22.912675">
        <ele>938.5</ele>
      </trkpt>
      <trkpt lat="46.506696" lon="22.913435">
        <ele>940.1</ele>
      </trkpt>
      <trkpt lat="46.506639" lon="22.913684">
        <ele>940.8</ele>
      </trkpt>
      <trkpt lat="46.506455" lon="22.914089">
        <ele>942.6</ele>
      </trkpt>
      <trkpt lat="46.506272" lon="22.914572">
        <ele>945.2</ele>
      </trkpt>
      <trkpt lat="46.506237" lon="22.914845">
        <ele>946.8</ele>
      </trkpt>
      <trkpt lat="46.506259" lon="22.914985">
        <ele>947.7</ele>
      </trkpt>
      <trkpt lat="46.506312" lon="22.915127">
        <ele>948.8</ele>
      </trkpt>
      <trkpt lat="46.506385" lon="22.915234">
        <ele>949.9</ele>
      </trkpt>
      <trkpt lat="46.506466" lon="22.915299">
        <ele>950.9</ele>
      </trkpt>
      <trkpt lat="46.506652" lon="22.915296">
        <ele>952.9</ele>
      </trkpt>
      <trkpt lat="46.506826" lon="22.915103">
        <ele>955.3</ele>
      </trkpt>
      <trkpt lat="46.507175" lon="22.914585">
        <ele>960.3</ele>
      </trkpt>
      <trkpt lat="46.507309" lon="22.914518">
        <ele>961.4</ele>
      </trkpt>
      <trkpt lat="46.507435" lon="22.914631">
        <ele>962.3</ele>
      </trkpt>
      <trkpt lat="46.507461" lon="22.91473">
        <ele>962.7</ele>
      </trkpt>
      <trkpt lat="46.507448" lon="22.91492">
        <ele>963.4</ele>
      </trkpt>
      <trkpt lat="46.507389" lon="22.915025">
        <ele>963.8</ele>
      </trkpt>
      <trkpt lat="46.507201" lon="22.915186">
        <ele>964.4</ele>
      </trkpt>
      <trkpt lat="46.507143" lon="22.91528">
        <ele>964.6</ele>
      </trkpt>
      <trkpt lat="46.507055" lon="22.915543">
        <ele>964.8</ele>
      </trkpt>
      <trkpt lat="46.506781" lon="22.916782">
        <ele>965</ele>
      </trkpt>
      <trkpt lat="46.50678" lon="22.917149">
        <ele>965.4</ele>
      </trkpt>
      <trkpt lat="46.506813" lon="22.917332">
        <ele>965.8</ele>
      </trkpt>
      <trkpt lat="46.50687" lon="22.917471">
        <ele>966.1</ele>
      </trkpt>
      <trkpt lat="46.50697" lon="22.917589">
        <ele>966.6</ele>
      </trkpt>
      <trkpt lat="46.507066" lon="22.917645">
        <ele>967.1</ele>
      </trkpt>
      <trkpt lat="46.507149" lon="22.917656">
        <ele>967.5</ele>
      </trkpt>
      <trkpt lat="46.507252" lon="22.917621">
        <ele>968</ele>
      </trkpt>
      <trkpt lat="46.507343" lon="22.917546">
        <ele>968.6</ele>
      </trkpt>
      <trkpt lat="46.507531" lon="22.917238">
        <ele>970.3</ele>
      </trkpt>
      <trkpt lat="46.507747" lon="22.916831">
        <ele>972.6</ele>
      </trkpt>
      <trkpt lat="46.507924" lon="22.916363">
        <ele>975</ele>
      </trkpt>
      <trkpt lat="46.508113" lon="22.915545">
        <ele>978.6</ele>
      </trkpt>
      <trkpt lat="46.508245" lon="22.915374">
        <ele>979.6</ele>
      </trkpt>
      <trkpt lat="46.508659" lon="22.914998">
        <ele>981.6</ele>
      </trkpt>
      <trkpt lat="46.508718" lon="22.914886">
        <ele>982</ele>
      </trkpt>
      <trkpt lat="46.508775" lon="22.914647">
        <ele>982.7</ele>
      </trkpt>
      <trkpt lat="46.508768" lon="22.914467">
        <ele>983.3</ele>
      </trkpt>
      <trkpt lat="46.508725" lon="22.914364">
        <ele>983.7</ele>
      </trkpt>
      <trkpt lat="46.508559" lon="22.914081">
        <ele>984.8</ele>
      </trkpt>
      <trkpt lat="46.508485" lon="22.913877">
        <ele>985.5</ele>
      </trkpt>
      <trkpt lat="46.508443" lon="22.913633">
        <ele>986.2</ele>
      </trkpt>
      <trkpt lat="46.50846" lon="22.913209">
        <ele>987.1</ele>
      </trkpt>
      <trkpt lat="46.508412" lon="22.912506">
        <ele>987.7</ele>
      </trkpt>
      <trkpt lat="46.508151" lon="22.911895">
        <ele>988.6</ele>
      </trkpt>
      <trkpt lat="46.507993" lon="22.91123">
        <ele>988.8</ele>
      </trkpt>
      <trkpt lat="46.507553" lon="22.91032">
        <ele>989.7</ele>
      </trkpt>
      <trkpt lat="46.507479" lon="22.909985">
        <ele>990.3</ele>
      </trkpt>
      <trkpt lat="46.507476" lon="22.909526">
        <ele>991.5</ele>
      </trkpt>
      <trkpt lat="46.507529" lon="22.90925">
        <ele>992.5</ele>
      </trkpt>
      <trkpt lat="46.507662" lon="22.9088">
        <ele>994.5</ele>
      </trkpt>
      <trkpt lat="46.50768" lon="22.908633">
        <ele>995.3</ele>
      </trkpt>
      <trkpt lat="46.507657" lon="22.907649">
        <ele>999.7</ele>
      </trkpt>
      <trkpt lat="46.507728" lon="22.907206">
        <ele>1001.4</ele>
      </trkpt>
      <trkpt lat="46.507721" lon="22.907107">
        <ele>1001.7</ele>
      </trkpt>
      <trkpt lat="46.507653" lon="22.906895">
        <ele>1002.5</ele>
      </trkpt>
      <trkpt lat="46.507487" lon="22.906673">
        <ele>1003.5</ele>
      </trkpt>
      <trkpt lat="46.507389" lon="22.906496">
        <ele>1004.1</ele>
      </trkpt>
      <trkpt lat="46.507324" lon="22.906251">
        <ele>1004.8</ele>
      </trkpt>
      <trkpt lat="46.50726" lon="22.90575">
        <ele>1006.2</ele>
      </trkpt>
      <trkpt lat="46.507201" lon="22.905476">
        <ele>1007.1</ele>
      </trkpt>
      <trkpt lat="46.50696" lon="22.904983">
        <ele>1009.1</ele>
      </trkpt>
      <trkpt lat="46.506853" lon="22.904701">
        <ele>1010.3</ele>
      </trkpt>
      <trkpt lat="46.506809" lon="22.904417">
        <ele>1011.4</ele>
      </trkpt>
      <trkpt lat="46.506833" lon="22.903931">
        <ele>1013.4</ele>
      </trkpt>
      <trkpt lat="46.50682" lon="22.903776">
        <ele>1014</ele>
      </trkpt>
      <trkpt lat="46.506713" lon="22.903298">
        <ele>1015.8</ele>
      </trkpt>
      <trkpt lat="46.506639" lon="22.902622">
        <ele>1017.8</ele>
      </trkpt>
      <trkpt lat="46.506597" lon="22.902432">
        <ele>1018.3</ele>
      </trkpt>
      <trkpt lat="46.506244" lon="22.901458">
        <ele>1020.8</ele>
      </trkpt>
      <trkpt lat="46.506124" lon="22.901239">
        <ele>1021.6</ele>
      </trkpt>
      <trkpt lat="46.505956" lon="22.901005">
        <ele>1022.6</ele>
      </trkpt>
      <trkpt lat="46.505886" lon="22.900788">
        <ele>1023.4</ele>
      </trkpt>
      <trkpt lat="46.505881" lon="22.900458">
        <ele>1024.5</ele>
      </trkpt>
      <trkpt lat="46.505899" lon="22.900345">
        <ele>1024.9</ele>
      </trkpt>
      <trkpt lat="46.506115" lon="22.899782">
        <ele>1026.8</ele>
      </trkpt>
      <trkpt lat="46.506183" lon="22.899203">
        <ele>1028.2</ele>
      </trkpt>
      <trkpt lat="46.506342" lon="22.898661">
        <ele>1029.3</ele>
      </trkpt>
      <trkpt lat="46.506414" lon="22.898151">
        <ele>1030.1</ele>
      </trkpt>
      <trkpt lat="46.506422" lon="22.898004">
        <ele>1030.3</ele>
      </trkpt>
      <trkpt lat="46.506397" lon="22.897864">
        <ele>1030.5</ele>
      </trkpt>
      <trkpt lat="46.506276" lon="22.8974">
        <ele>1031.3</ele>
      </trkpt>
      <trkpt lat="46.506244" lon="22.897186">
        <ele>1031.6</ele>
      </trkpt>
      <trkpt lat="46.506235" lon="22.896378">
        <ele>1032.4</ele>
      </trkpt>
      <trkpt lat="46.506172" lon="22.895794">
        <ele>1031.9</ele>
      </trkpt>
      <trkpt lat="46.506207" lon="22.895557">
        <ele>1031.4</ele>
      </trkpt>
      <trkpt lat="46.506206" lon="22.89537">
        <ele>1031.1</ele>
      </trkpt>
      <trkpt lat="46.50611" lon="22.895238">
        <ele>1030.9</ele>
      </trkpt>
      <trkpt lat="46.506041" lon="22.895238">
        <ele>1030.8</ele>
      </trkpt>
      <trkpt lat="46.505786" lon="22.895348">
        <ele>1030.4</ele>
      </trkpt>
      <trkpt lat="46.505624" lon="22.8953">
        <ele>1030.2</ele>
      </trkpt>
      <trkpt lat="46.505517" lon="22.895233">
        <ele>1030</ele>
      </trkpt>
      <trkpt lat="46.505445" lon="22.895156">
        <ele>1029.8</ele>
      </trkpt>
      <trkpt lat="46.505397" lon="22.895043">
        <ele>1029.6</ele>
      </trkpt>
      <trkpt lat="46.505395" lon="22.894767">
        <ele>1029.3</ele>
      </trkpt>
      <trkpt lat="46.505414" lon="22.894634">
        <ele>1029.2</ele>
      </trkpt>
      <trkpt lat="46.505574" lon="22.893924">
        <ele>1029.2</ele>
      </trkpt>
      <trkpt lat="46.505724" lon="22.89291">
        <ele>1032.5</ele>
      </trkpt>
      <trkpt lat="46.505772" lon="22.892709">
        <ele>1033.1</ele>
      </trkpt>
      <trkpt lat="46.505962" lon="22.892291">
        <ele>1034.5</ele>
      </trkpt>
      <trkpt lat="46.505993" lon="22.892135">
        <ele>1035</ele>
      </trkpt>
      <trkpt lat="46.506158" lon="22.891046">
        <ele>1038.8</ele>
      </trkpt>
      <trkpt lat="46.506133" lon="22.890504">
        <ele>1041.3</ele>
      </trkpt>
      <trkpt lat="46.506172" lon="22.89022">
        <ele>1042.6</ele>
      </trkpt>
      <trkpt lat="46.506318" lon="22.889903">
        <ele>1044.4</ele>
      </trkpt>
      <trkpt lat="46.506787" lon="22.889217">
        <ele>1049</ele>
      </trkpt>
      <trkpt lat="46.506948" lon="22.888798">
        <ele>1051.3</ele>
      </trkpt>
      <trkpt lat="46.507147" lon="22.88801">
        <ele>1055.4</ele>
      </trkpt>
      <trkpt lat="46.507243" lon="22.887809">
        <ele>1056.4</ele>
      </trkpt>
      <trkpt lat="46.50752" lon="22.887435">
        <ele>1058.8</ele>
      </trkpt>
      <trkpt lat="46.507791" lon="22.887152">
        <ele>1060.8</ele>
      </trkpt>
      <trkpt lat="46.508543" lon="22.886541">
        <ele>1066</ele>
      </trkpt>
      <trkpt lat="46.508716" lon="22.886246">
        <ele>1067.6</ele>
      </trkpt>
      <trkpt lat="46.508875" lon="22.886037">
        <ele>1069</ele>
      </trkpt>
      <trkpt lat="46.509379" lon="22.885489">
        <ele>1073.1</ele>
      </trkpt>
      <trkpt lat="46.509517" lon="22.885406">
        <ele>1074</ele>
      </trkpt>
      <trkpt lat="46.509663" lon="22.885377">
        <ele>1074.9</ele>
      </trkpt>
      <trkpt lat="46.509922" lon="22.885441">
        <ele>1076.4</ele>
      </trkpt>
      <trkpt lat="46.510034" lon="22.885431">
        <ele>1077</ele>
      </trkpt>
      <trkpt lat="46.510076" lon="22.885397">
        <ele>1077.3</ele>
      </trkpt>
      <trkpt lat="46.510134" lon="22.885248">
        <ele>1077.9</ele>
      </trkpt>
      <trkpt lat="46.510152" lon="22.884983">
        <ele>1079</ele>
      </trkpt>
      <trkpt lat="46.510217" lon="22.88476">
        <ele>1079.9</ele>
      </trkpt>
      <trkpt lat="46.510315" lon="22.88465">
        <ele>1080.5</ele>
      </trkpt>
      <trkpt lat="46.510575" lon="22.884505">
        <ele>1081.9</ele>
      </trkpt>
      <trkpt lat="46.511345" lon="22.883934">
        <ele>1085.7</ele>
      </trkpt>
      <trkpt lat="46.511627" lon="22.883675">
        <ele>1086.9</ele>
      </trkpt>
      <trkpt lat="46.511829" lon="22.883446">
        <ele>1087.9</ele>
      </trkpt>
      <trkpt lat="46.511902" lon="22.883304">
        <ele>1088.5</ele>
      </trkpt>
      <trkpt lat="46.512065" lon="22.882681">
        <ele>1090.9</ele>
      </trkpt>
      <trkpt lat="46.512183" lon="22.882526">
        <ele>1091.9</ele>
      </trkpt>
      <trkpt lat="46.512353" lon="22.882413">
        <ele>1093.2</ele>
      </trkpt>
      <trkpt lat="46.512925" lon="22.882176">
        <ele>1097.7</ele>
      </trkpt>
      <trkpt lat="46.51349" lon="22.881823">
        <ele>1103.1</ele>
      </trkpt>
      <trkpt lat="46.513663" lon="22.881775">
        <ele>1104.7</ele>
      </trkpt>
      <trkpt lat="46.51384" lon="22.881838">
        <ele>1106.4</ele>
      </trkpt>
      <trkpt lat="46.514719" lon="22.882519">
        <ele>1114.7</ele>
      </trkpt>
      <trkpt lat="46.515059" lon="22.882896">
        <ele>1118.1</ele>
      </trkpt>
      <trkpt lat="46.515365" lon="22.883298">
        <ele>1121.5</ele>
      </trkpt>
      <trkpt lat="46.515915" lon="22.883894">
        <ele>1126.2</ele>
      </trkpt>
      <trkpt lat="46.516052" lon="22.883969">
        <ele>1127</ele>
      </trkpt>
      <trkpt lat="46.516402" lon="22.884033">
        <ele>1128.7</ele>
      </trkpt>
      <trkpt lat="46.516715" lon="22.884202">
        <ele>1130</ele>
      </trkpt>
      <trkpt lat="46.517256" lon="22.884654">
        <ele>1132.1</ele>
      </trkpt>
      <trkpt lat="46.518467" lon="22.885805">
        <ele>1137.8</ele>
      </trkpt>
      <trkpt lat="46.520113" lon="22.887106">
        <ele>1153.2</ele>
      </trkpt>
      <trkpt lat="46.520256" lon="22.887397">
        <ele>1156.6</ele>
      </trkpt>
      <trkpt lat="46.520249" lon="22.887724">
        <ele>1159.8</ele>
      </trkpt>
      <trkpt lat="46.52" lon="22.888413">
        <ele>1166.1</ele>
      </trkpt>
      <trkpt lat="46.519953" lon="22.888722">
        <ele>1168.1</ele>
      </trkpt>
      <trkpt lat="46.519976" lon="22.888851">
        <ele>1168.7</ele>
      </trkpt>
      <trkpt lat="46.520037" lon="22.888896">
        <ele>1169.2</ele>
      </trkpt>
      <trkpt lat="46.520229" lon="22.888928">
        <ele>1170</ele>
      </trkpt>
      <trkpt lat="46.52083" lon="22.888907">
        <ele>1169.2</ele>
      </trkpt>
      <trkpt lat="46.521358" lon="22.888848">
        <ele>1165.5</ele>
      </trkpt>
      <trkpt lat="46.521548" lon="22.888751">
        <ele>1164.2</ele>
      </trkpt>
      <trkpt lat="46.521682" lon="22.888641">
        <ele>1163.3</ele>
      </trkpt>
      <trkpt lat="46.521851" lon="22.88859">
        <ele>1162.5</ele>
      </trkpt>
      <trkpt lat="46.522032" lon="22.888582">
        <ele>1162</ele>
      </trkpt>
      <trkpt lat="46.522888" lon="22.88877">
        <ele>1166.2</ele>
      </trkpt>
      <trkpt lat="46.523272" lon="22.889234">
        <ele>1171.8</ele>
      </trkpt>
      <trkpt lat="46.5233" lon="22.889532">
        <ele>1174.5</ele>
      </trkpt>
      <trkpt lat="46.523347" lon="22.889709">
        <ele>1176.2</ele>
      </trkpt>
      <trkpt lat="46.523497" lon="22.889902">
        <ele>1178.8</ele>
      </trkpt>
      <trkpt lat="46.523981" lon="22.890009">
        <ele>1185.1</ele>
      </trkpt>
      <trkpt lat="46.524132" lon="22.890117">
        <ele>1187</ele>
      </trkpt>
      <trkpt lat="46.524178" lon="22.8902">
        <ele>1187.7</ele>
      </trkpt>
      <trkpt lat="46.52414" lon="22.890484">
        <ele>1189.5</ele>
      </trkpt>
      <trkpt lat="46.524154" lon="22.89087">
        <ele>1191.4</ele>
      </trkpt>
      <trkpt lat="46.524189" lon="22.89101">
        <ele>1192.1</ele>
      </trkpt>
      <trkpt lat="46.524278" lon="22.8912">
        <ele>1193.2</ele>
      </trkpt>
      <trkpt lat="46.52444" lon="22.891267">
        <ele>1194.4</ele>
      </trkpt>
      <trkpt lat="46.524907" lon="22.891257">
        <ele>1197.7</ele>
      </trkpt>
      <trkpt lat="46.525044" lon="22.891353">
        <ele>1198.8</ele>
      </trkpt>
      <trkpt lat="46.52546" lon="22.891935">
        <ele>1203.1</ele>
      </trkpt>
      <trkpt lat="46.525916" lon="22.892845">
        <ele>1210.4</ele>
      </trkpt>
      <trkpt lat="46.526112" lon="22.893322">
        <ele>1214.1</ele>
      </trkpt>
      <trkpt lat="46.526564" lon="22.893909">
        <ele>1218.5</ele>
      </trkpt>
      <trkpt lat="46.526965" lon="22.894255">
        <ele>1220.2</ele>
      </trkpt>
      <trkpt lat="46.527125" lon="22.894328">
        <ele>1220.5</ele>
      </trkpt>
      <trkpt lat="46.527212" lon="22.89429">
        <ele>1220.6</ele>
      </trkpt>
      <trkpt lat="46.527265" lon="22.894212">
        <ele>1220.6</ele>
      </trkpt>
      <trkpt lat="46.52731" lon="22.894027">
        <ele>1220.6</ele>
      </trkpt>
      <trkpt lat="46.527291" lon="22.892963">
        <ele>1219.1</ele>
      </trkpt>
      <trkpt lat="46.527337" lon="22.892729">
        <ele>1218.6</ele>
      </trkpt>
      <trkpt lat="46.527396" lon="22.89256">
        <ele>1218.2</ele>
      </trkpt>
      <trkpt lat="46.527516" lon="22.892323">
        <ele>1217.7</ele>
      </trkpt>
      <trkpt lat="46.527546" lon="22.892179">
        <ele>1217.5</ele>
      </trkpt>
      <trkpt lat="46.527546" lon="22.892045">
        <ele>1217.4</ele>
      </trkpt>
      <trkpt lat="46.527496" lon="22.891908">
        <ele>1217.3</ele>
      </trkpt>
      <trkpt lat="46.527256" lon="22.89171">
        <ele>1217.2</ele>
      </trkpt>
      <trkpt lat="46.527136" lon="22.891503">
        <ele>1217.4</ele>
      </trkpt>
      <trkpt lat="46.527061" lon="22.891106">
        <ele>1217.7</ele>
      </trkpt>
      <trkpt lat="46.527029" lon="22.890114">
        <ele>1219</ele>
      </trkpt>
      <trkpt lat="46.526988" lon="22.889808">
        <ele>1219.8</ele>
      </trkpt>
      <trkpt lat="46.526762" lon="22.889194">
        <ele>1222.4</ele>
      </trkpt>
      <trkpt lat="46.526706" lon="22.888684">
        <ele>1224.9</ele>
      </trkpt>
      <trkpt lat="46.526714" lon="22.888459">
        <ele>1226.1</ele>
      </trkpt>
      <trkpt lat="46.526776" lon="22.88829">
        <ele>1227.1</ele>
      </trkpt>
      <trkpt lat="46.527169" lon="22.887898">
        <ele>1231.1</ele>
      </trkpt>
      <trkpt lat="46.52748" lon="22.887286">
        <ele>1235.8</ele>
      </trkpt>
      <trkpt lat="46.527675" lon="22.886968">
        <ele>1238.2</ele>
      </trkpt>
      <trkpt lat="46.527908" lon="22.886775">
        <ele>1240.2</ele>
      </trkpt>
      <trkpt lat="46.528734" lon="22.886399">
        <ele>1245.7</ele>
      </trkpt>
      <trkpt lat="46.529114" lon="22.886335">
        <ele>1248.8</ele>
      </trkpt>
      <trkpt lat="46.529472" lon="22.886459">
        <ele>1252.4</ele>
      </trkpt>
      <trkpt lat="46.529653" lon="22.886592">
        <ele>1254.7</ele>
      </trkpt>
      <trkpt lat="46.53058" lon="22.887792">
        <ele>1268.7</ele>
      </trkpt>
      <trkpt lat="46.531368" lon="22.888486">
        <ele>1276.9</ele>
      </trkpt>
      <trkpt lat="46.531908" lon="22.888825">
        <ele>1280</ele>
      </trkpt>
      <trkpt lat="46.532288" lon="22.889011">
        <ele>1282.1</ele>
      </trkpt>
      <trkpt lat="46.532397" lon="22.889019">
        <ele>1282.8</ele>
      </trkpt>
      <trkpt lat="46.533025" lon="22.888845">
        <ele>1287.2</ele>
      </trkpt>
      <trkpt lat="46.533209" lon="22.888998">
        <ele>1288.6</ele>
      </trkpt>
      <trkpt lat="46.533434" lon="22.889738">
        <ele>1291.9</ele>
      </trkpt>
      <trkpt lat="46.53349" lon="22.889789">
        <ele>1292.4</ele>
      </trkpt>
      <trkpt lat="46.533668" lon="22.889832">
        <ele>1293.5</ele>
      </trkpt>
      <trkpt lat="46.535947" lon="22.890135">
        <ele>1299.6</ele>
      </trkpt>
      <trkpt lat="46.536224" lon="22.890041">
        <ele>1299.7</ele>
      </trkpt>
      <trkpt lat="46.536546" lon="22.889714">
        <ele>1299.9</ele>
      </trkpt>
      <trkpt lat="46.536654" lon="22.889333">
        <ele>1300.3</ele>
      </trkpt>
      <trkpt lat="46.536931" lon="22.888755">
        <ele>1301.5</ele>
      </trkpt>
      <trkpt lat="46.537333" lon="22.888188">
        <ele>1302.9</ele>
      </trkpt>
      <trkpt lat="46.537572" lon="22.88785">
        <ele>1303.6</ele>
      </trkpt>
      <trkpt lat="46.537731" lon="22.887551">
        <ele>1304.2</ele>
      </trkpt>
      <trkpt lat="46.53797" lon="22.886495">
        <ele>1304.3</ele>
      </trkpt>
      <trkpt lat="46.538224" lon="22.885999">
        <ele>1303</ele>
      </trkpt>
      <trkpt lat="46.538436" lon="22.885686">
        <ele>1301.8</ele>
      </trkpt>
      <trkpt lat="46.538552" lon="22.885624">
        <ele>1301.3</ele>
      </trkpt>
      <trkpt lat="46.539193" lon="22.885525">
        <ele>1298.8</ele>
      </trkpt>
      <trkpt lat="46.539698" lon="22.885291">
        <ele>1298.2</ele>
      </trkpt>
      <trkpt lat="46.539872" lon="22.885243">
        <ele>1298.3</ele>
      </trkpt>
      <trkpt lat="46.540038" lon="22.885262">
        <ele>1298.6</ele>
      </trkpt>
      <trkpt lat="46.540189" lon="22.885447">
        <ele>1299.2</ele>
      </trkpt>
      <trkpt lat="46.54079" lon="22.886707">
        <ele>1301.7</ele>
      </trkpt>
      <trkpt lat="46.540896" lon="22.887198">
        <ele>1301.5</ele>
      </trkpt>
      <trkpt lat="46.541012" lon="22.887456">
        <ele>1301</ele>
      </trkpt>
      <trkpt lat="46.541657" lon="22.888421">
        <ele>1297.8</ele>
      </trkpt>
      <trkpt lat="46.54182" lon="22.88892">
        <ele>1296.9</ele>
      </trkpt>
      <trkpt lat="46.541855" lon="22.88917">
        <ele>1296.6</ele>
      </trkpt>
      <trkpt lat="46.541851" lon="22.889374">
        <ele>1296.5</ele>
      </trkpt>
      <trkpt lat="46.541992" lon="22.890415">
        <ele>1296.9</ele>
      </trkpt>
      <trkpt lat="46.541801" lon="22.893035">
        <ele>1297.1</ele>
      </trkpt>
      <trkpt lat="46.541838" lon="22.893582">
        <ele>1296</ele>
      </trkpt>
      <trkpt lat="46.542049" lon="22.89458">
        <ele>1293.8</ele>
      </trkpt>
      <trkpt lat="46.542063" lon="22.894805">
        <ele>1293.3</ele>
      </trkpt>
      <trkpt lat="46.542042" lon="22.895032">
        <ele>1292.8</ele>
      </trkpt>
      <trkpt lat="46.541928" lon="22.895603">
        <ele>1291.8</ele>
      </trkpt>
      <trkpt lat="46.541891" lon="22.895993">
        <ele>1291.3</ele>
      </trkpt>
      <trkpt lat="46.54206" lon="22.897342">
        <ele>1288.1</ele>
      </trkpt>
      <trkpt lat="46.542186" lon="22.897727">
        <ele>1286.3</ele>
      </trkpt>
      <trkpt lat="46.542358" lon="22.897925">
        <ele>1284.7</ele>
      </trkpt>
      <trkpt lat="46.542546" lon="22.898061">
        <ele>1283.1</ele>
      </trkpt>
      <trkpt lat="46.543213" lon="22.898872">
        <ele>1274.9</ele>
      </trkpt>
      <trkpt lat="46.543421" lon="22.899013">
        <ele>1272.6</ele>
      </trkpt>
      <trkpt lat="46.543621" lon="22.89903">
        <ele>1270.5</ele>
      </trkpt>
      <trkpt lat="46.544643" lon="22.898826">
        <ele>1258.5</ele>
      </trkpt>
      <trkpt lat="46.544758" lon="22.89878">
        <ele>1257</ele>
      </trkpt>
      <trkpt lat="46.544844" lon="22.898708">
        <ele>1255.8</ele>
      </trkpt>
      <trkpt lat="46.545086" lon="22.898279">
        <ele>1251.3</ele>
      </trkpt>
      <trkpt lat="46.545226" lon="22.89812">
        <ele>1249.4</ele>
      </trkpt>
      <trkpt lat="46.545379" lon="22.897988">
        <ele>1247.7</ele>
      </trkpt>
      <trkpt lat="46.545849" lon="22.897699">
        <ele>1243.8</ele>
      </trkpt>
      <trkpt lat="46.545934" lon="22.897675">
        <ele>1243.3</ele>
      </trkpt>
      <trkpt lat="46.546119" lon="22.897698">
        <ele>1242.2</ele>
      </trkpt>
      <trkpt lat="46.546201" lon="22.897747">
        <ele>1241.7</ele>
      </trkpt>
      <trkpt lat="46.546719" lon="22.898296">
        <ele>1238.9</ele>
      </trkpt>
      <trkpt lat="46.547556" lon="22.898565">
        <ele>1237.1</ele>
      </trkpt>
      <trkpt lat="46.547813" lon="22.898748">
        <ele>1236.2</ele>
      </trkpt>
      <trkpt lat="46.548061" lon="22.89913">
        <ele>1234.8</ele>
      </trkpt>
      <trkpt lat="46.54832" lon="22.899594">
        <ele>1233</ele>
      </trkpt>
      <trkpt lat="46.548466" lon="22.899697">
        <ele>1232.4</ele>
      </trkpt>
      <trkpt lat="46.548645" lon="22.899706">
        <ele>1231.7</ele>
      </trkpt>
      <trkpt lat="46.549016" lon="22.899565">
        <ele>1229.6</ele>
      </trkpt>
      <trkpt lat="46.549311" lon="22.899636">
        <ele>1227.4</ele>
      </trkpt>
      <trkpt lat="46.54941" lon="22.899712">
        <ele>1226.6</ele>
      </trkpt>
      <trkpt lat="46.550189" lon="22.899941">
        <ele>1220.6</ele>
      </trkpt>
      <trkpt lat="46.550366" lon="22.899921">
        <ele>1219.4</ele>
      </trkpt>
      <trkpt lat="46.550474" lon="22.899797">
        <ele>1218.5</ele>
      </trkpt>
      <trkpt lat="46.550517" lon="22.899704">
        <ele>1218</ele>
      </trkpt>
      <trkpt lat="46.550464" lon="22.899402">
        <ele>1216.5</ele>
      </trkpt>
      <trkpt lat="46.5502" lon="22.898786">
        <ele>1213.2</ele>
      </trkpt>
      <trkpt lat="46.549966" lon="22.898041">
        <ele>1211</ele>
      </trkpt>
      <trkpt lat="46.549829" lon="22.897693">
        <ele>1210.4</ele>
      </trkpt>
      <trkpt lat="46.549719" lon="22.897589">
        <ele>1210.1</ele>
      </trkpt>
      <trkpt lat="46.549579" lon="22.89758">
        <ele>1209.8</ele>
      </trkpt>
      <trkpt lat="46.549455" lon="22.897656">
        <ele>1209.6</ele>
      </trkpt>
      <trkpt lat="46.549019" lon="22.898054">
        <ele>1208.4</ele>
      </trkpt>
      <trkpt lat="46.548917" lon="22.898054">
        <ele>1208.2</ele>
      </trkpt>
      <trkpt lat="46.54886" lon="22.898014">
        <ele>1208</ele>
      </trkpt>
      <trkpt lat="46.548784" lon="22.897905">
        <ele>1207.7</ele>
      </trkpt>
      <trkpt lat="46.548724" lon="22.897558">
        <ele>1207.1</ele>
      </trkpt>
      <trkpt lat="46.548652" lon="22.897381">
        <ele>1206.6</ele>
      </trkpt>
      <trkpt lat="46.548575" lon="22.897282">
        <ele>1206.2</ele>
      </trkpt>
      <trkpt lat="46.547991" lon="22.896759">
        <ele>1202.4</ele>
      </trkpt>
      <trkpt lat="46.547925" lon="22.896663">
        <ele>1201.8</ele>
      </trkpt>
      <trkpt lat="46.547836" lon="22.896408">
        <ele>1200.6</ele>
      </trkpt>
      <trkpt lat="46.547745" lon="22.895932">
        <ele>1198.7</ele>
      </trkpt>
      <trkpt lat="46.547637" lon="22.895633">
        <ele>1197.7</ele>
      </trkpt>
      <trkpt lat="46.547634" lon="22.895498">
        <ele>1197.3</ele>
      </trkpt>
      <trkpt lat="46.547705" lon="22.895318">
        <ele>1196.9</ele>
      </trkpt>
      <trkpt lat="46.547767" lon="22.895278">
        <ele>1196.7</ele>
      </trkpt>
      <trkpt lat="46.547897" lon="22.895305">
        <ele>1196.3</ele>
      </trkpt>
      <trkpt lat="46.547947" lon="22.895357">
        <ele>1196.2</ele>
      </trkpt>
      <trkpt lat="46.547964" lon="22.895418">
        <ele>1196.1</ele>
      </trkpt>
      <trkpt lat="46.547989" lon="22.896087">
        <ele>1195.2</ele>
      </trkpt>
      <trkpt lat="46.548089" lon="22.896272">
        <ele>1195</ele>
      </trkpt>
      <trkpt lat="46.54823" lon="22.896399">
        <ele>1194.7</ele>
      </trkpt>
      <trkpt lat="46.548476" lon="22.896491">
        <ele>1194.1</ele>
      </trkpt>
      <trkpt lat="46.548562" lon="22.896554">
        <ele>1193.8</ele>
      </trkpt>
      <trkpt lat="46.548827" lon="22.89682">
        <ele>1192.4</ele>
      </trkpt>
      <trkpt lat="46.548876" lon="22.896833">
        <ele>1192.2</ele>
      </trkpt>
      <trkpt lat="46.548972" lon="22.896781">
        <ele>1191.6</ele>
      </trkpt>
      <trkpt lat="46.549012" lon="22.896721">
        <ele>1191.2</ele>
      </trkpt>
      <trkpt lat="46.549049" lon="22.896565">
        <ele>1190.5</ele>
      </trkpt>
      <trkpt lat="46.549084" lon="22.895674">
        <ele>1185.2</ele>
      </trkpt>
      <trkpt lat="46.549088" lon="22.895242">
        <ele>1182.2</ele>
      </trkpt>
      <trkpt lat="46.549043" lon="22.894721">
        <ele>1178.9</ele>
      </trkpt>
      <trkpt lat="46.549056" lon="22.8945">
        <ele>1177.6</ele>
      </trkpt>
      <trkpt lat="46.54914" lon="22.894287">
        <ele>1176.4</ele>
      </trkpt>
      <trkpt lat="46.549305" lon="22.894089">
        <ele>1175.1</ele>
      </trkpt>
      <trkpt lat="46.549447" lon="22.893957">
        <ele>1174.2</ele>
      </trkpt>
      <trkpt lat="46.549623" lon="22.893893">
        <ele>1173.4</ele>
      </trkpt>
      <trkpt lat="46.549792" lon="22.893929">
        <ele>1172.8</ele>
      </trkpt>
      <trkpt lat="46.550353" lon="22.894458">
        <ele>1170.8</ele>
      </trkpt>
      <trkpt lat="46.550581" lon="22.894601">
        <ele>1170.2</ele>
      </trkpt>
      <trkpt lat="46.550738" lon="22.894644">
        <ele>1169.9</ele>
      </trkpt>
      <trkpt lat="46.550898" lon="22.894631">
        <ele>1169.5</ele>
      </trkpt>
      <trkpt lat="46.551117" lon="22.894661">
        <ele>1169</ele>
      </trkpt>
      <trkpt lat="46.551294" lon="22.894813">
        <ele>1168.6</ele>
      </trkpt>
      <trkpt lat="46.551698" lon="22.895406">
        <ele>1167.3</ele>
      </trkpt>
      <trkpt lat="46.552081" lon="22.896048">
        <ele>1165.6</ele>
      </trkpt>
      <trkpt lat="46.552173" lon="22.896312">
        <ele>1164.9</ele>
      </trkpt>
      <trkpt lat="46.552158" lon="22.896522">
        <ele>1164.3</ele>
      </trkpt>
      <trkpt lat="46.552116" lon="22.896728">
        <ele>1163.7</ele>
      </trkpt>
      <trkpt lat="46.552118" lon="22.896811">
        <ele>1163.4</ele>
      </trkpt>
      <trkpt lat="46.552168" lon="22.896967">
        <ele>1162.9</ele>
      </trkpt>
      <trkpt lat="46.552267" lon="22.897064">
        <ele>1162.3</ele>
      </trkpt>
      <trkpt lat="46.552615" lon="22.897045">
        <ele>1160.5</ele>
      </trkpt>
      <trkpt lat="46.552721" lon="22.897094">
        <ele>1159.8</ele>
      </trkpt>
      <trkpt lat="46.552811" lon="22.89721">
        <ele>1159</ele>
      </trkpt>
      <trkpt lat="46.553175" lon="22.898087">
        <ele>1153.8</ele>
      </trkpt>
      <trkpt lat="46.553245" lon="22.89816">
        <ele>1153.2</ele>
      </trkpt>
      <trkpt lat="46.553519" lon="22.898334">
        <ele>1150.9</ele>
      </trkpt>
      <trkpt lat="46.554359" lon="22.898762">
        <ele>1144.6</ele>
      </trkpt>
      <trkpt lat="46.554579" lon="22.898966">
        <ele>1143.4</ele>
      </trkpt>
      <trkpt lat="46.554679" lon="22.899025">
        <ele>1142.9</ele>
      </trkpt>
      <trkpt lat="46.555007" lon="22.899103">
        <ele>1141.7</ele>
      </trkpt>
      <trkpt lat="46.555229" lon="22.899106">
        <ele>1141.1</ele>
      </trkpt>
      <trkpt lat="46.555554" lon="22.899245">
        <ele>1140.5</ele>
      </trkpt>
      <trkpt lat="46.555612" lon="22.899284">
        <ele>1140.4</ele>
      </trkpt>
      <trkpt lat="46.556971" lon="22.901354">
        <ele>1136.9</ele>
      </trkpt>
      <trkpt lat="46.557319" lon="22.902425">
        <ele>1135.4</ele>
      </trkpt>
      <trkpt lat="46.557467" lon="22.903001">
        <ele>1134.6</ele>
      </trkpt>
      <trkpt lat="46.557478" lon="22.903717">
        <ele>1133.4</ele>
      </trkpt>
      <trkpt lat="46.557341" lon="22.905921">
        <ele>1128.7</ele>
      </trkpt>
      <trkpt lat="46.557358" lon="22.906103">
        <ele>1128.4</ele>
      </trkpt>
      <trkpt lat="46.557398" lon="22.906221">
        <ele>1128.2</ele>
      </trkpt>
      <trkpt lat="46.55749" lon="22.906309">
        <ele>1127.9</ele>
      </trkpt>
      <trkpt lat="46.557644" lon="22.906359">
        <ele>1127.6</ele>
      </trkpt>
      <trkpt lat="46.558438" lon="22.906353">
        <ele>1126.6</ele>
      </trkpt>
      <trkpt lat="46.558567" lon="22.906373">
        <ele>1126.6</ele>
      </trkpt>
      <trkpt lat="46.558693" lon="22.906449">
        <ele>1126.6</ele>
      </trkpt>
      <trkpt lat="46.559336" lon="22.907456">
        <ele>1126.8</ele>
      </trkpt>
      <trkpt lat="46.559874" lon="22.908136">
        <ele>1127.7</ele>
      </trkpt>
      <trkpt lat="46.560308" lon="22.909058">
        <ele>1128</ele>
      </trkpt>
      <trkpt lat="46.560504" lon="22.909178">
        <ele>1127.7</ele>
      </trkpt>
      <trkpt lat="46.560815" lon="22.909293">
        <ele>1126.8</ele>
      </trkpt>
      <trkpt lat="46.56089" lon="22.909409">
        <ele>1126.4</ele>
      </trkpt>
      <trkpt lat="46.560927" lon="22.909608">
        <ele>1125.9</ele>
      </trkpt>
      <trkpt lat="46.560921" lon="22.91008">
        <ele>1124.9</ele>
      </trkpt>
      <trkpt lat="46.560949" lon="22.910243">
        <ele>1124.6</ele>
      </trkpt>
      <trkpt lat="46.561054" lon="22.910536">
        <ele>1123.9</ele>
      </trkpt>
      <trkpt lat="46.561303" lon="22.910991">
        <ele>1122.8</ele>
      </trkpt>
      <trkpt lat="46.561565" lon="22.911342">
        <ele>1122.1</ele>
      </trkpt>
      <trkpt lat="46.561647" lon="22.911399">
        <ele>1122</ele>
      </trkpt>
      <trkpt lat="46.561819" lon="22.911402">
        <ele>1121.7</ele>
      </trkpt>
      <trkpt lat="46.561939" lon="22.911344">
        <ele>1121.6</ele>
      </trkpt>
      <trkpt lat="46.562059" lon="22.911376">
        <ele>1121.6</ele>
      </trkpt>
      <trkpt lat="46.562144" lon="22.911492">
        <ele>1121.6</ele>
      </trkpt>
      <trkpt lat="46.562316" lon="22.911947">
        <ele>1121.7</ele>
      </trkpt>
      <trkpt lat="46.562522" lon="22.91219">
        <ele>1121.7</ele>
      </trkpt>
      <trkpt lat="46.562782" lon="22.91237">
        <ele>1121.8</ele>
      </trkpt>
      <trkpt lat="46.56329" lon="22.91251">
        <ele>1121.9</ele>
      </trkpt>
      <trkpt lat="46.563799" lon="22.912502">
        <ele>1122.2</ele>
      </trkpt>
      <trkpt lat="46.564201" lon="22.912449">
        <ele>1122.2</ele>
      </trkpt>
      <trkpt lat="46.564393" lon="22.912408">
        <ele>1122.1</ele>
      </trkpt>
      <trkpt lat="46.564725" lon="22.912229">
        <ele>1121.5</ele>
      </trkpt>
      <trkpt lat="46.564865" lon="22.912221">
        <ele>1121.2</ele>
      </trkpt>
      <trkpt lat="46.565055" lon="22.912282">
        <ele>1120.6</ele>
      </trkpt>
      <trkpt lat="46.566169" lon="22.912443">
        <ele>1116.5</ele>
      </trkpt>
      <trkpt lat="46.567089" lon="22.912188">
        <ele>1111.5</ele>
      </trkpt>
      <trkpt lat="46.567395" lon="22.912019">
        <ele>1109.6</ele>
      </trkpt>
      <trkpt lat="46.567524" lon="22.911995">
        <ele>1108.8</ele>
      </trkpt>
      <trkpt lat="46.567841" lon="22.912087">
        <ele>1106.6</ele>
      </trkpt>
      <trkpt lat="46.568053" lon="22.912078">
        <ele>1105.2</ele>
      </trkpt>
      <trkpt lat="46.568171" lon="22.912001">
        <ele>1104.3</ele>
      </trkpt>
      <trkpt lat="46.568422" lon="22.911703">
        <ele>1101.9</ele>
      </trkpt>
      <trkpt lat="46.568507" lon="22.911692">
        <ele>1101.3</ele>
      </trkpt>
      <trkpt lat="46.568957" lon="22.911904">
        <ele>1098.1</ele>
      </trkpt>
      <trkpt lat="46.569038" lon="22.911891">
        <ele>1097.5</ele>
      </trkpt>
      <trkpt lat="46.570598" lon="22.910646">
        <ele>1086.4</ele>
      </trkpt>
      <trkpt lat="46.571457" lon="22.910048">
        <ele>1084.7</ele>
      </trkpt>
      <trkpt lat="46.572057" lon="22.909777">
        <ele>1082.9</ele>
      </trkpt>
      <trkpt lat="46.572246" lon="22.909753">
        <ele>1082.1</ele>
      </trkpt>
      <trkpt lat="46.572919" lon="22.909858">
        <ele>1079</ele>
      </trkpt>
      <trkpt lat="46.573501" lon="22.909994">
        <ele>1075.9</ele>
      </trkpt>
      <trkpt lat="46.573808" lon="22.910099">
        <ele>1074.8</ele>
      </trkpt>
      <trkpt lat="46.574516" lon="22.910474">
        <ele>1074.9</ele>
      </trkpt>
      <trkpt lat="46.575293" lon="22.911124">
        <ele>1075.3</ele>
      </trkpt>
      <trkpt lat="46.576224" lon="22.912221">
        <ele>1073.4</ele>
      </trkpt>
      <trkpt lat="46.576712" lon="22.912934">
        <ele>1072</ele>
      </trkpt>
      <trkpt lat="46.577813" lon="22.914122">
        <ele>1070.8</ele>
      </trkpt>
      <trkpt lat="46.578694" lon="22.914946">
        <ele>1069.9</ele>
      </trkpt>
      <trkpt lat="46.579055" lon="22.91523">
        <ele>1069.5</ele>
      </trkpt>
      <trkpt lat="46.579378" lon="22.915434">
        <ele>1069.1</ele>
      </trkpt>
      <trkpt lat="46.579892" lon="22.915863">
        <ele>1068.4</ele>
      </trkpt>
      <trkpt lat="46.580162" lon="22.916147">
        <ele>1067.9</ele>
      </trkpt>
      <trkpt lat="46.580608" lon="22.916762">
        <ele>1066.3</ele>
      </trkpt>
      <trkpt lat="46.581041" lon="22.917156">
        <ele>1064.7</ele>
      </trkpt>
      <trkpt lat="46.581294" lon="22.917335">
        <ele>1063.6</ele>
      </trkpt>
      <trkpt lat="46.582138" lon="22.917647">
        <ele>1058.7</ele>
      </trkpt>
      <trkpt lat="46.582551" lon="22.917864">
        <ele>1056.2</ele>
      </trkpt>
      <trkpt lat="46.582802" lon="22.918178">
        <ele>1054.7</ele>
      </trkpt>
      <trkpt lat="46.58291" lon="22.918414">
        <ele>1053.9</ele>
      </trkpt>
      <trkpt lat="46.583019" lon="22.918634">
        <ele>1053.2</ele>
      </trkpt>
      <trkpt lat="46.583124" lon="22.918856">
        <ele>1052.6</ele>
      </trkpt>
      <trkpt lat="46.583227" lon="22.919009">
        <ele>1052.2</ele>
      </trkpt>
      <trkpt lat="46.583456" lon="22.919181">
        <ele>1051.7</ele>
      </trkpt>
      <trkpt lat="46.583681" lon="22.919248">
        <ele>1051.4</ele>
      </trkpt>
      <trkpt lat="46.585086" lon="22.919414">
        <ele>1050.7</ele>
      </trkpt>
      <trkpt lat="46.585338" lon="22.919433">
        <ele>1050.5</ele>
      </trkpt>
      <trkpt lat="46.585464" lon="22.919406">
        <ele>1050.4</ele>
      </trkpt>
      <trkpt lat="46.587456" lon="22.918454">
        <ele>1049.2</ele>
      </trkpt>
      <trkpt lat="46.587644" lon="22.918352">
        <ele>1049</ele>
      </trkpt>
      <trkpt lat="46.587764" lon="22.91825">
        <ele>1048.7</ele>
      </trkpt>
      <trkpt lat="46.587858" lon="22.9181">
        <ele>1048.5</ele>
      </trkpt>
      <trkpt lat="46.588009" lon="22.917684">
        <ele>1047.8</ele>
      </trkpt>
      <trkpt lat="46.588098" lon="22.917505">
        <ele>1047.4</ele>
      </trkpt>
      <trkpt lat="46.588465" lon="22.917169">
        <ele>1046.2</ele>
      </trkpt>
      <trkpt lat="46.588662" lon="22.916767">
        <ele>1045.3</ele>
      </trkpt>
      <trkpt lat="46.588839" lon="22.916469">
        <ele>1044.5</ele>
      </trkpt>
      <trkpt lat="46.588975" lon="22.916292">
        <ele>1044</ele>
      </trkpt>
      <trkpt lat="46.589285" lon="22.916029">
        <ele>1043.2</ele>
      </trkpt>
      <trkpt lat="46.589602" lon="22.91582">
        <ele>1042.5</ele>
      </trkpt>
      <trkpt lat="46.590376" lon="22.915523">
        <ele>1041.3</ele>
      </trkpt>
      <trkpt lat="46.591223" lon="22.91501">
        <ele>1039.9</ele>
      </trkpt>
      <trkpt lat="46.591592" lon="22.91483">
        <ele>1039.3</ele>
      </trkpt>
      <trkpt lat="46.59181" lon="22.914766">
        <ele>1039</ele>
      </trkpt>
      <trkpt lat="46.593067" lon="22.914635">
        <ele>1037</ele>
      </trkpt>
      <trkpt lat="46.593703" lon="22.914651">
        <ele>1036.4</ele>
      </trkpt>
      <trkpt lat="46.594381" lon="22.914761">
        <ele>1035.9</ele>
      </trkpt>
      <trkpt lat="46.594715" lon="22.914868">
        <ele>1035.5</ele>
      </trkpt>
      <trkpt lat="46.59526" lon="22.914975">
        <ele>1034.8</ele>
      </trkpt>
      <trkpt lat="46.595402" lon="22.914973">
        <ele>1034.7</ele>
      </trkpt>
      <trkpt lat="46.595732" lon="22.914836">
        <ele>1034.6</ele>
      </trkpt>
      <trkpt lat="46.59625" lon="22.914686">
        <ele>1034.5</ele>
      </trkpt>
      <trkpt lat="46.59639" lon="22.91471">
        <ele>1034.5</ele>
      </trkpt>
      <trkpt lat="46.596488" lon="22.914763">
        <ele>1034.5</ele>
      </trkpt>
      <trkpt lat="46.597033" lon="22.915144">
        <ele>1034.8</ele>
      </trkpt>
      <trkpt lat="46.598377" lon="22.915901">
        <ele>1035.3</ele>
      </trkpt>
      <trkpt lat="46.59987" lon="22.917303">
        <ele>1038.6</ele>
      </trkpt>
      <trkpt lat="46.600017" lon="22.917467">
        <ele>1039.1</ele>
      </trkpt>
      <trkpt lat="46.600644" lon="22.918435">
        <ele>1040.3</ele>
      </trkpt>
      <trkpt lat="46.600927" lon="22.918714">
        <ele>1040.3</ele>
      </trkpt>
      <trkpt lat="46.601364" lon="22.919262">
        <ele>1040.2</ele>
      </trkpt>
      <trkpt lat="46.601512" lon="22.919262">
        <ele>1040.2</ele>
      </trkpt>
      <trkpt lat="46.602114" lon="22.920814">
        <ele>1040.3</ele>
      </trkpt>
      <trkpt lat="46.602251" lon="22.921281">
        <ele>1040.2</ele>
      </trkpt>
      <trkpt lat="46.602728" lon="22.922216">
        <ele>1039.7</ele>
      </trkpt>
      <trkpt lat="46.602918" lon="22.922716">
        <ele>1039.1</ele>
      </trkpt>
      <trkpt lat="46.603052" lon="22.923212">
        <ele>1037.8</ele>
      </trkpt>
      <trkpt lat="46.603085" lon="22.923727">
        <ele>1036.8</ele>
      </trkpt>
      <trkpt lat="46.603135" lon="22.924078">
        <ele>1036.1</ele>
      </trkpt>
      <trkpt lat="46.603177" lon="22.924192">
        <ele>1035.8</ele>
      </trkpt>
      <trkpt lat="46.603405" lon="22.924421">
        <ele>1034.9</ele>
      </trkpt>
      <trkpt lat="46.603517" lon="22.924553">
        <ele>1034.4</ele>
      </trkpt>
      <trkpt lat="46.603568" lon="22.92473">
        <ele>1033.9</ele>
      </trkpt>
      <trkpt lat="46.603565" lon="22.924934">
        <ele>1033.3</ele>
      </trkpt>
      <trkpt lat="46.603307" lon="22.926694">
        <ele>1029.4</ele>
      </trkpt>
      <trkpt lat="46.603293" lon="22.927045">
        <ele>1028.9</ele>
      </trkpt>
      <trkpt lat="46.603358" lon="22.927772">
        <ele>1028</ele>
      </trkpt>
      <trkpt lat="46.603618" lon="22.928834">
        <ele>1027</ele>
      </trkpt>
      <trkpt lat="46.603747" lon="22.92925">
        <ele>1026.8</ele>
      </trkpt>
      <trkpt lat="46.603939" lon="22.929636">
        <ele>1026.8</ele>
      </trkpt>
      <trkpt lat="46.604445" lon="22.930339">
        <ele>1027</ele>
      </trkpt>
      <trkpt lat="46.604959" lon="22.930845">
        <ele>1027.2</ele>
      </trkpt>
      <trkpt lat="46.60523" lon="22.931255">
        <ele>1027.2</ele>
      </trkpt>
      <trkpt lat="46.605489" lon="22.931832">
        <ele>1026.7</ele>
      </trkpt>
      <trkpt lat="46.605558" lon="22.932328">
        <ele>1026.2</ele>
      </trkpt>
      <trkpt lat="46.605835" lon="22.933277">
        <ele>1024.6</ele>
      </trkpt>
      <trkpt lat="46.606326" lon="22.935217">
        <ele>1022.3</ele>
      </trkpt>
      <trkpt lat="46.60648" lon="22.936444">
        <ele>1021.9</ele>
      </trkpt>
      <trkpt lat="46.606824" lon="22.938813">
        <ele>1019.1</ele>
      </trkpt>
      <trkpt lat="46.606903" lon="22.93952">
        <ele>1018.1</ele>
      </trkpt>
      <trkpt lat="46.607025" lon="22.940003">
        <ele>1017.6</ele>
      </trkpt>
      <trkpt lat="46.60721" lon="22.940592">
        <ele>1017.2</ele>
      </trkpt>
      <trkpt lat="46.607313" lon="22.941323">
        <ele>1017.2</ele>
      </trkpt>
      <trkpt lat="46.607416" lon="22.941618">
        <ele>1017.2</ele>
      </trkpt>
      <trkpt lat="46.607884" lon="22.942589">
        <ele>1016.6</ele>
      </trkpt>
      <trkpt lat="46.608065" lon="22.943327">
        <ele>1016.3</ele>
      </trkpt>
      <trkpt lat="46.608199" lon="22.943687">
        <ele>1016.2</ele>
      </trkpt>
      <trkpt lat="46.60834" lon="22.943932">
        <ele>1016.2</ele>
      </trkpt>
      <trkpt lat="46.608806" lon="22.944597">
        <ele>1016.3</ele>
      </trkpt>
      <trkpt lat="46.609222" lon="22.945204">
        <ele>1017.1</ele>
      </trkpt>
      <trkpt lat="46.609817" lon="22.945928">
        <ele>1016.8</ele>
      </trkpt>
      <trkpt lat="46.609973" lon="22.946207">
        <ele>1016.5</ele>
      </trkpt>
      <trkpt lat="46.610121" lon="22.946698">
        <ele>1016</ele>
      </trkpt>
      <trkpt lat="46.610331" lon="22.947181">
        <ele>1015.3</ele>
      </trkpt>
      <trkpt lat="46.610554" lon="22.94762">
        <ele>1014.5</ele>
      </trkpt>
      <trkpt lat="46.61078" lon="22.948547">
        <ele>1013.3</ele>
      </trkpt>
      <trkpt lat="46.610996" lon="22.948974">
        <ele>1012.9</ele>
      </trkpt>
      <trkpt lat="46.61138" lon="22.949643">
        <ele>1012.3</ele>
      </trkpt>
      <trkpt lat="46.611471" lon="22.94992">
        <ele>1012.1</ele>
      </trkpt>
      <trkpt lat="46.61153" lon="22.950312">
        <ele>1011.8</ele>
      </trkpt>
      <trkpt lat="46.611945" lon="22.951308">
        <ele>1011.1</ele>
      </trkpt>
      <trkpt lat="46.612003" lon="22.951401">
        <ele>1011.1</ele>
      </trkpt>
      <trkpt lat="46.612525" lon="22.951735">
        <ele>1010.8</ele>
      </trkpt>
      <trkpt lat="46.612898" lon="22.952078">
        <ele>1010.6</ele>
      </trkpt>
      <trkpt lat="46.613331" lon="22.952411">
        <ele>1010.4</ele>
      </trkpt>
      <trkpt lat="46.613831" lon="22.953094">
        <ele>1009.8</ele>
      </trkpt>
      <trkpt lat="46.614956" lon="22.954063">
        <ele>1008</ele>
      </trkpt>
      <trkpt lat="46.616049" lon="22.95507">
        <ele>1005.6</ele>
      </trkpt>
      <trkpt lat="46.616383" lon="22.955509">
        <ele>1004.6</ele>
      </trkpt>
      <trkpt lat="46.61713" lon="22.956613">
        <ele>1002.3</ele>
      </trkpt>
      <trkpt lat="46.617294" lon="22.956963">
        <ele>1001.9</ele>
      </trkpt>
      <trkpt lat="46.617422" lon="22.957469">
        <ele>1001.2</ele>
      </trkpt>
      <trkpt lat="46.617516" lon="22.9577">
        <ele>1000.8</ele>
      </trkpt>
      <trkpt lat="46.617841" lon="22.958199">
        <ele>1000.1</ele>
      </trkpt>
      <trkpt lat="46.617907" lon="22.958384">
        <ele>1000</ele>
      </trkpt>
      <trkpt lat="46.617938" lon="22.958575">
        <ele>1000.1</ele>
      </trkpt>
      <trkpt lat="46.617894" lon="22.95905">
        <ele>1001</ele>
      </trkpt>
      <trkpt lat="46.617767" lon="22.96001">
        <ele>1003.8</ele>
      </trkpt>
      <trkpt lat="46.617679" lon="22.960579">
        <ele>1006.1</ele>
      </trkpt>
      <trkpt lat="46.617669" lon="22.960911">
        <ele>1007.6</ele>
      </trkpt>
      <trkpt lat="46.617735" lon="22.961176">
        <ele>1008.8</ele>
      </trkpt>
      <trkpt lat="46.618228" lon="22.962255">
        <ele>1011.3</ele>
      </trkpt>
      <trkpt lat="46.618961" lon="22.964188">
        <ele>1008.4</ele>
      </trkpt>
      <trkpt lat="46.619169" lon="22.964585">
        <ele>1008</ele>
      </trkpt>
      <trkpt lat="46.619405" lon="22.965339">
        <ele>1007.9</ele>
      </trkpt>
      <trkpt lat="46.619591" lon="22.966517">
        <ele>1008.5</ele>
      </trkpt>
      <trkpt lat="46.619814" lon="22.967681">
        <ele>1010</ele>
      </trkpt>
      <trkpt lat="46.619843" lon="22.968062">
        <ele>1010.9</ele>
      </trkpt>
      <trkpt lat="46.619838" lon="22.968391">
        <ele>1011.8</ele>
      </trkpt>
      <trkpt lat="46.619718" lon="22.970028">
        <ele>1017.3</ele>
      </trkpt>
      <trkpt lat="46.619733" lon="22.970454">
        <ele>1018.4</ele>
      </trkpt>
      <trkpt lat="46.619843" lon="22.971235">
        <ele>1019.8</ele>
      </trkpt>
      <trkpt lat="46.620219" lon="22.972734">
        <ele>1016.7</ele>
      </trkpt>
      <trkpt lat="46.620409" lon="22.973375">
        <ele>1013.1</ele>
      </trkpt>
      <trkpt lat="46.620595" lon="22.973911">
        <ele>1010.1</ele>
      </trkpt>
      <trkpt lat="46.621012" lon="22.97482">
        <ele>1007</ele>
      </trkpt>
      <trkpt lat="46.621233" lon="22.975321">
        <ele>1007.2</ele>
      </trkpt>
      <trkpt lat="46.621462" lon="22.975851">
        <ele>1008.9</ele>
      </trkpt>
      <trkpt lat="46.62175" lon="22.977125">
        <ele>1014.6</ele>
      </trkpt>
      <trkpt lat="46.622175" lon="22.978479">
        <ele>1018</ele>
      </trkpt>
      <trkpt lat="46.622444" lon="22.979222">
        <ele>1017.3</ele>
      </trkpt>
      <trkpt lat="46.623119" lon="22.980604">
        <ele>1010.9</ele>
      </trkpt>
      <trkpt lat="46.623435" lon="22.981151">
        <ele>1006.9</ele>
      </trkpt>
      <trkpt lat="46.623544" lon="22.981425">
        <ele>1005.3</ele>
      </trkpt>
      <trkpt lat="46.623567" lon="22.981485">
        <ele>1005</ele>
      </trkpt>
      <trkpt lat="46.624348" lon="22.982216">
        <ele>1004.6</ele>
      </trkpt>
      <trkpt lat="46.624449" lon="22.982336">
        <ele>1005.2</ele>
      </trkpt>
      <trkpt lat="46.624597" lon="22.982631">
        <ele>1006.8</ele>
      </trkpt>
      <trkpt lat="46.624675" lon="22.983038">
        <ele>1009</ele>
      </trkpt>
      <trkpt lat="46.624701" lon="22.98331">
        <ele>1010.8</ele>
      </trkpt>
      <trkpt lat="46.624686" lon="22.983565">
        <ele>1012.6</ele>
      </trkpt>
      <trkpt lat="46.624712" lon="22.98409">
        <ele>1016.3</ele>
      </trkpt>
      <trkpt lat="46.624835" lon="22.985831">
        <ele>1021.6</ele>
      </trkpt>
      <trkpt lat="46.62494" lon="22.986606">
        <ele>1022.5</ele>
      </trkpt>
      <trkpt lat="46.625195" lon="22.987674">
        <ele>1022.8</ele>
      </trkpt>
      <trkpt lat="46.625329" lon="22.988028">
        <ele>1022.7</ele>
      </trkpt>
      <trkpt lat="46.625497" lon="22.988339">
        <ele>1022.6</ele>
      </trkpt>
      <trkpt lat="46.625686" lon="22.988602">
        <ele>1022.7</ele>
      </trkpt>
      <trkpt lat="46.62592" lon="22.989006">
        <ele>1023</ele>
      </trkpt>
      <trkpt lat="46.626141" lon="22.989467">
        <ele>1023.3</ele>
      </trkpt>
      <trkpt lat="46.626359" lon="22.990041">
        <ele>1024</ele>
      </trkpt>
      <trkpt lat="46.626502" lon="22.990606">
        <ele>1024.8</ele>
      </trkpt>
      <trkpt lat="46.62661" lon="22.991189">
        <ele>1025.6</ele>
      </trkpt>
      <trkpt lat="46.626732" lon="22.9922">
        <ele>1026</ele>
      </trkpt>
      <trkpt lat="46.626738" lon="22.992747">
        <ele>1024.4</ele>
      </trkpt>
      <trkpt lat="46.626609" lon="22.993213">
        <ele>1023.2</ele>
      </trkpt>
      <trkpt lat="46.626596" lon="22.99343">
        <ele>1022.8</ele>
      </trkpt>
      <trkpt lat="46.626663" lon="22.993725">
        <ele>1022.2</ele>
      </trkpt>
      <trkpt lat="46.626723" lon="22.993854">
        <ele>1022.1</ele>
      </trkpt>
      <trkpt lat="46.626793" lon="22.993961">
        <ele>1021.9</ele>
      </trkpt>
      <trkpt lat="46.627199" lon="22.994339">
        <ele>1021.5</ele>
      </trkpt>
      <trkpt lat="46.627519" lon="22.994892">
        <ele>1021.9</ele>
      </trkpt>
      <trkpt lat="46.627696" lon="22.995232">
        <ele>1023.4</ele>
      </trkpt>
      <trkpt lat="46.627908" lon="22.995755">
        <ele>1025.9</ele>
      </trkpt>
      <trkpt lat="46.628184" lon="22.996236">
        <ele>1028.4</ele>
      </trkpt>
      <trkpt lat="46.62916" lon="22.997469">
        <ele>1034.3</ele>
      </trkpt>
      <trkpt lat="46.629466" lon="22.99792">
        <ele>1034.9</ele>
      </trkpt>
      <trkpt lat="46.630026" lon="22.998939">
        <ele>1035.2</ele>
      </trkpt>
      <trkpt lat="46.630266" lon="22.999465">
        <ele>1035.5</ele>
      </trkpt>
      <trkpt lat="46.630535" lon="23.000248">
        <ele>1037.4</ele>
      </trkpt>
      <trkpt lat="46.630719" lon="23.001316">
        <ele>1041.1</ele>
      </trkpt>
      <trkpt lat="46.630829" lon="23.001745">
        <ele>1042.2</ele>
      </trkpt>
      <trkpt lat="46.631117" lon="23.002378">
        <ele>1042.9</ele>
      </trkpt>
      <trkpt lat="46.631507" lon="23.003118">
        <ele>1041.6</ele>
      </trkpt>
      <trkpt lat="46.631743" lon="23.003504">
        <ele>1040.1</ele>
      </trkpt>
      <trkpt lat="46.632001" lon="23.003783">
        <ele>1038.3</ele>
      </trkpt>
      <trkpt lat="46.633165" lon="23.004888">
        <ele>1032</ele>
      </trkpt>
      <trkpt lat="46.633483" lon="23.005264">
        <ele>1031.5</ele>
      </trkpt>
      <trkpt lat="46.633916" lon="23.005905">
        <ele>1031.4</ele>
      </trkpt>
      <trkpt lat="46.634377" lon="23.006881">
        <ele>1032.4</ele>
      </trkpt>
      <trkpt lat="46.634555" lon="23.007316">
        <ele>1032.7</ele>
      </trkpt>
      <trkpt lat="46.634933" lon="23.00863">
        <ele>1032.5</ele>
      </trkpt>
      <trkpt lat="46.635284" lon="23.009475">
        <ele>1030.3</ele>
      </trkpt>
      <trkpt lat="46.635529" lon="23.00985">
        <ele>1028.2</ele>
      </trkpt>
      <trkpt lat="46.635817" lon="23.010164">
        <ele>1025.4</ele>
      </trkpt>
      <trkpt lat="46.636113" lon="23.010416">
        <ele>1022.3</ele>
      </trkpt>
      <trkpt lat="46.636704" lon="23.0108">
        <ele>1015.9</ele>
      </trkpt>
      <trkpt lat="46.637146" lon="23.01139">
        <ele>1011.3</ele>
      </trkpt>
      <trkpt lat="46.637321" lon="23.011798">
        <ele>1009.6</ele>
      </trkpt>
      <trkpt lat="46.637422" lon="23.012119">
        <ele>1008.7</ele>
      </trkpt>
      <trkpt lat="46.637371" lon="23.012433">
        <ele>1008.3</ele>
      </trkpt>
      <trkpt lat="46.637261" lon="23.012592">
        <ele>1008.2</ele>
      </trkpt>
      <trkpt lat="46.637089" lon="23.012669">
        <ele>1008.3</ele>
      </trkpt>
      <trkpt lat="46.636789" lon="23.012694">
        <ele>1008.9</ele>
      </trkpt>
      <trkpt lat="46.636093" lon="23.012602">
        <ele>1012.3</ele>
      </trkpt>
      <trkpt lat="46.63534" lon="23.012675">
        <ele>1018.5</ele>
      </trkpt>
      <trkpt lat="46.634074" lon="23.01294">
        <ele>1028.4</ele>
      </trkpt>
      <trkpt lat="46.633584" lon="23.013099">
        <ele>1029.4</ele>
      </trkpt>
      <trkpt lat="46.632953" lon="23.013383">
        <ele>1028.1</ele>
      </trkpt>
      <trkpt lat="46.632682" lon="23.013444">
        <ele>1026.8</ele>
      </trkpt>
      <trkpt lat="46.632553" lon="23.013509">
        <ele>1026.1</ele>
      </trkpt>
      <trkpt lat="46.632487" lon="23.013632">
        <ele>1025.5</ele>
      </trkpt>
      <trkpt lat="46.632489" lon="23.013879">
        <ele>1024.6</ele>
      </trkpt>
      <trkpt lat="46.632538" lon="23.014094">
        <ele>1023.8</ele>
      </trkpt>
      <trkpt lat="46.63263" lon="23.014161">
        <ele>1023.3</ele>
      </trkpt>
      <trkpt lat="46.633176" lon="23.014115">
        <ele>1021</ele>
      </trkpt>
      <trkpt lat="46.634113" lon="23.013831">
        <ele>1018.7</ele>
      </trkpt>
      <trkpt lat="46.634334" lon="23.013852">
        <ele>1018.4</ele>
      </trkpt>
      <trkpt lat="46.635399" lon="23.01415">
        <ele>1019.9</ele>
      </trkpt>
      <trkpt lat="46.635754" lon="23.014287">
        <ele>1021.2</ele>
      </trkpt>
      <trkpt lat="46.636054" lon="23.014488">
        <ele>1022.5</ele>
      </trkpt>
      <trkpt lat="46.636401" lon="23.01481">
        <ele>1024.2</ele>
      </trkpt>
      <trkpt lat="46.636767" lon="23.015067">
        <ele>1025.7</ele>
      </trkpt>
      <trkpt lat="46.637117" lon="23.015185">
        <ele>1026.7</ele>
      </trkpt>
      <trkpt lat="46.637668" lon="23.015231">
        <ele>1029.1</ele>
      </trkpt>
      <trkpt lat="46.638012" lon="23.01522">
        <ele>1030.8</ele>
      </trkpt>
      <trkpt lat="46.638235" lon="23.015271">
        <ele>1031.9</ele>
      </trkpt>
      <trkpt lat="46.638399" lon="23.015494">
        <ele>1033.3</ele>
      </trkpt>
      <trkpt lat="46.638822" lon="23.017258">
        <ele>1040.3</ele>
      </trkpt>
      <trkpt lat="46.638854" lon="23.017474">
        <ele>1040.9</ele>
      </trkpt>
      <trkpt lat="46.638815" lon="23.017655">
        <ele>1041.4</ele>
      </trkpt>
      <trkpt lat="46.638734" lon="23.017816">
        <ele>1042</ele>
      </trkpt>
      <trkpt lat="46.638421" lon="23.018018">
        <ele>1043.4</ele>
      </trkpt>
      <trkpt lat="46.637837" lon="23.018267">
        <ele>1046</ele>
      </trkpt>
      <trkpt lat="46.637487" lon="23.01853">
        <ele>1048.1</ele>
      </trkpt>
      <trkpt lat="46.636879" lon="23.019139">
        <ele>1051</ele>
      </trkpt>
      <trkpt lat="46.636572" lon="23.019638">
        <ele>1051.4</ele>
      </trkpt>
      <trkpt lat="46.6361" lon="23.020585">
        <ele>1050.1</ele>
      </trkpt>
      <trkpt lat="46.635762" lon="23.02107">
        <ele>1048.7</ele>
      </trkpt>
      <trkpt lat="46.635342" lon="23.021475">
        <ele>1047.6</ele>
      </trkpt>
      <trkpt lat="46.634927" lon="23.021934">
        <ele>1046.8</ele>
      </trkpt>
      <trkpt lat="46.634474" lon="23.02258">
        <ele>1045.4</ele>
      </trkpt>
      <trkpt lat="46.633708" lon="23.023873">
        <ele>1040.9</ele>
      </trkpt>
      <trkpt lat="46.633295" lon="23.024498">
        <ele>1039.1</ele>
      </trkpt>
      <trkpt lat="46.632879" lon="23.02493">
        <ele>1038.4</ele>
      </trkpt>
      <trkpt lat="46.632341" lon="23.025402">
        <ele>1036.8</ele>
      </trkpt>
      <trkpt lat="46.631964" lon="23.025686">
        <ele>1035</ele>
      </trkpt>
      <trkpt lat="46.631883" lon="23.025831">
        <ele>1034.3</ele>
      </trkpt>
      <trkpt lat="46.631861" lon="23.025962">
        <ele>1033.7</ele>
      </trkpt>
      <trkpt lat="46.631907" lon="23.026182">
        <ele>1032.7</ele>
      </trkpt>
      <trkpt lat="46.632115" lon="23.026367">
        <ele>1030.9</ele>
      </trkpt>
      <trkpt lat="46.633017" lon="23.026204">
        <ele>1025.9</ele>
      </trkpt>
      <trkpt lat="46.634141" lon="23.026123">
        <ele>1027</ele>
      </trkpt>
      <trkpt lat="46.634358" lon="23.026051">
        <ele>1027.7</ele>
      </trkpt>
      <trkpt lat="46.634555" lon="23.025909">
        <ele>1028.4</ele>
      </trkpt>
      <trkpt lat="46.63473" lon="23.025654">
        <ele>1029.2</ele>
      </trkpt>
      <trkpt lat="46.635038" lon="23.024866">
        <ele>1031.6</ele>
      </trkpt>
      <trkpt lat="46.635489" lon="23.024498">
        <ele>1034.2</ele>
      </trkpt>
      <trkpt lat="46.635758" lon="23.024364">
        <ele>1035.9</ele>
      </trkpt>
      <trkpt lat="46.635957" lon="23.024318">
        <ele>1037.4</ele>
      </trkpt>
      <trkpt lat="46.636143" lon="23.024313">
        <ele>1038.9</ele>
      </trkpt>
      <trkpt lat="46.636541" lon="23.024434">
        <ele>1042.6</ele>
      </trkpt>
      <trkpt lat="46.636725" lon="23.024431">
        <ele>1044.4</ele>
      </trkpt>
      <trkpt lat="46.636913" lon="23.024337">
        <ele>1046.4</ele>
      </trkpt>
      <trkpt lat="46.637111" lon="23.024157">
        <ele>1048.8</ele>
      </trkpt>
      <trkpt lat="46.637373" lon="23.024007">
        <ele>1051.6</ele>
      </trkpt>
      <trkpt lat="46.637623" lon="23.02401">
        <ele>1053.9</ele>
      </trkpt>
      <trkpt lat="46.63792" lon="23.024063">
        <ele>1056.5</ele>
      </trkpt>
      <trkpt lat="46.638146" lon="23.024069">
        <ele>1058.3</ele>
      </trkpt>
      <trkpt lat="46.63832" lon="23.024031">
        <ele>1059.6</ele>
      </trkpt>
      <trkpt lat="46.638507" lon="23.023905">
        <ele>1060.9</ele>
      </trkpt>
      <trkpt lat="46.639297" lon="23.023108">
        <ele>1066.4</ele>
      </trkpt>
      <trkpt lat="46.63952" lon="23.022956">
        <ele>1068.1</ele>
      </trkpt>
      <trkpt lat="46.639739" lon="23.022899">
        <ele>1069.8</ele>
      </trkpt>
      <trkpt lat="46.639964" lon="23.022974">
        <ele>1071.9</ele>
      </trkpt>
      <trkpt lat="46.640169" lon="23.023114">
        <ele>1074</ele>
      </trkpt>
      <trkpt lat="46.640343" lon="23.023307">
        <ele>1076.2</ele>
      </trkpt>
      <trkpt lat="46.640476" lon="23.023527">
        <ele>1078.4</ele>
      </trkpt>
      <trkpt lat="46.640622" lon="23.023868">
        <ele>1081.4</ele>
      </trkpt>
      <trkpt lat="46.640866" lon="23.024774">
        <ele>1088.6</ele>
      </trkpt>
      <trkpt lat="46.640947" lon="23.025295">
        <ele>1092</ele>
      </trkpt>
      <trkpt lat="46.641214" lon="23.026273">
        <ele>1096.9</ele>
      </trkpt>
      <trkpt lat="46.64131" lon="23.026569">
        <ele>1097.8</ele>
      </trkpt>
      <trkpt lat="46.641463" lon="23.026933">
        <ele>1098.8</ele>
      </trkpt>
      <trkpt lat="46.641901" lon="23.027861">
        <ele>1100.4</ele>
      </trkpt>
      <trkpt lat="46.64208" lon="23.028344">
        <ele>1101</ele>
      </trkpt>
      <trkpt lat="46.642286" lon="23.029111">
        <ele>1103.5</ele>
      </trkpt>
      <trkpt lat="46.642328" lon="23.029449">
        <ele>1105.3</ele>
      </trkpt>
      <trkpt lat="46.642323" lon="23.029672">
        <ele>1106.6</ele>
      </trkpt>
      <trkpt lat="46.642275" lon="23.029905">
        <ele>1108</ele>
      </trkpt>
      <trkpt lat="46.642168" lon="23.030133">
        <ele>1109.6</ele>
      </trkpt>
      <trkpt lat="46.641912" lon="23.030536">
        <ele>1112.3</ele>
      </trkpt>
      <trkpt lat="46.641793" lon="23.03079">
        <ele>1113.4</ele>
      </trkpt>
      <trkpt lat="46.641758" lon="23.031021">
        <ele>1113.9</ele>
      </trkpt>
      <trkpt lat="46.641784" lon="23.031458">
        <ele>1114.4</ele>
      </trkpt>
      <trkpt lat="46.641863" lon="23.031861">
        <ele>1114</ele>
      </trkpt>
      <trkpt lat="46.641927" lon="23.032035">
        <ele>1113.6</ele>
      </trkpt>
      <trkpt lat="46.641997" lon="23.032142">
        <ele>1113.3</ele>
      </trkpt>
      <trkpt lat="46.642089" lon="23.032223">
        <ele>1112.8</ele>
      </trkpt>
      <trkpt lat="46.642181" lon="23.03226">
        <ele>1112.4</ele>
      </trkpt>
      <trkpt lat="46.642688" lon="23.032292">
        <ele>1110.1</ele>
      </trkpt>
      <trkpt lat="46.642931" lon="23.032367">
        <ele>1109.6</ele>
      </trkpt>
      <trkpt lat="46.643144" lon="23.032499">
        <ele>1109.5</ele>
      </trkpt>
      <trkpt lat="46.643358" lon="23.032697">
        <ele>1110.1</ele>
      </trkpt>
      <trkpt lat="46.64382" lon="23.033344">
        <ele>1113.9</ele>
      </trkpt>
      <trkpt lat="46.643898" lon="23.033499">
        <ele>1114.9</ele>
      </trkpt>
      <trkpt lat="46.643986" lon="23.033762">
        <ele>1116.7</ele>
      </trkpt>
      <trkpt lat="46.644091" lon="23.03421">
        <ele>1119.5</ele>
      </trkpt>
      <trkpt lat="46.644178" lon="23.03531">
        <ele>1124.1</ele>
      </trkpt>
      <trkpt lat="46.644222" lon="23.035468">
        <ele>1124.6</ele>
      </trkpt>
      <trkpt lat="46.644362" lon="23.035656">
        <ele>1125.3</ele>
      </trkpt>
      <trkpt lat="46.644575" lon="23.035755">
        <ele>1126</ele>
      </trkpt>
      <trkpt lat="46.644859" lon="23.035809">
        <ele>1126.9</ele>
      </trkpt>
      <trkpt lat="46.645323" lon="23.035779">
        <ele>1128.3</ele>
      </trkpt>
      <trkpt lat="46.645781" lon="23.03586">
        <ele>1130.4</ele>
      </trkpt>
      <trkpt lat="46.645951" lon="23.03593">
        <ele>1131.4</ele>
      </trkpt>
      <trkpt lat="46.646444" lon="23.036343">
        <ele>1134.9</ele>
      </trkpt>
      <trkpt lat="46.646765" lon="23.036557">
        <ele>1137</ele>
      </trkpt>
      <trkpt lat="46.646938" lon="23.036638">
        <ele>1138</ele>
      </trkpt>
      <trkpt lat="46.647604" lon="23.036796">
        <ele>1140.8</ele>
      </trkpt>
      <trkpt lat="46.64805" lon="23.036949">
        <ele>1141.9</ele>
      </trkpt>
      <trkpt lat="46.648655" lon="23.037228">
        <ele>1143.1</ele>
      </trkpt>
      <trkpt lat="46.650114" lon="23.038132">
        <ele>1146.6</ele>
      </trkpt>
      <trkpt lat="46.650902" lon="23.038706">
        <ele>1148</ele>
      </trkpt>
      <trkpt lat="46.651476" lon="23.039246">
        <ele>1150</ele>
      </trkpt>
      <trkpt lat="46.651553" lon="23.039368">
        <ele>1150.5</ele>
      </trkpt>
      <trkpt lat="46.651639" lon="23.039683">
        <ele>1151.7</ele>
      </trkpt>
      <trkpt lat="46.650716" lon="23.040546">
        <ele>1161.5</ele>
      </trkpt>
      <trkpt lat="46.649837" lon="23.04103">
        <ele>1174.9</ele>
      </trkpt>
      <trkpt lat="46.649733" lon="23.041117">
        <ele>1176.7</ele>
      </trkpt>
      <trkpt lat="46.649646" lon="23.04124">
        <ele>1178.5</ele>
      </trkpt>
      <trkpt lat="46.64948" lon="23.0416">
        <ele>1182.9</ele>
      </trkpt>
      <trkpt lat="46.649338" lon="23.041986">
        <ele>1187.2</ele>
      </trkpt>
      <trkpt lat="46.649287" lon="23.042184">
        <ele>1189.2</ele>
      </trkpt>
      <trkpt lat="46.649245" lon="23.042502">
        <ele>1192.3</ele>
      </trkpt>
      <trkpt lat="46.649249" lon="23.042694">
        <ele>1193.9</ele>
      </trkpt>
      <trkpt lat="46.649434" lon="23.043461">
        <ele>1200</ele>
      </trkpt>
      <trkpt lat="46.64945" lon="23.043833">
        <ele>1202.3</ele>
      </trkpt>
      <trkpt lat="46.649393" lon="23.045663">
        <ele>1209.5</ele>
      </trkpt>
      <trkpt lat="46.649375" lon="23.045808">
        <ele>1209.8</ele>
      </trkpt>
      <trkpt lat="46.649325" lon="23.045938">
        <ele>1210.1</ele>
      </trkpt>
      <trkpt lat="46.649203" lon="23.046083">
        <ele>1210.5</ele>
      </trkpt>
      <trkpt lat="46.6491" lon="23.046082">
        <ele>1210.8</ele>
      </trkpt>
      <trkpt lat="46.649008" lon="23.046028">
        <ele>1211</ele>
      </trkpt>
      <trkpt lat="46.648385" lon="23.045097">
        <ele>1212.6</ele>
      </trkpt>
      <trkpt lat="46.648033" lon="23.044491">
        <ele>1213.5</ele>
      </trkpt>
      <trkpt lat="46.64774" lon="23.04407">
        <ele>1214.3</ele>
      </trkpt>
      <trkpt lat="46.647569" lon="23.043898">
        <ele>1214.7</ele>
      </trkpt>
      <trkpt lat="46.64712" lon="23.043582">
        <ele>1215.9</ele>
      </trkpt>
      <trkpt lat="46.646573" lon="23.043268">
        <ele>1217.9</ele>
      </trkpt>
      <trkpt lat="46.645599" lon="23.042619">
        <ele>1223.8</ele>
      </trkpt>
      <trkpt lat="46.645317" lon="23.042493">
        <ele>1225.7</ele>
      </trkpt>
      <trkpt lat="46.644702" lon="23.042345">
        <ele>1230.2</ele>
      </trkpt>
      <trkpt lat="46.644625" lon="23.042348">
        <ele>1230.8</ele>
      </trkpt>
      <trkpt lat="46.644225" lon="23.042496">
        <ele>1233.8</ele>
      </trkpt>
      <trkpt lat="46.644028" lon="23.042479">
        <ele>1235.2</ele>
      </trkpt>
      <trkpt lat="46.643864" lon="23.04241">
        <ele>1236.4</ele>
      </trkpt>
      <trkpt lat="46.6435" lon="23.042141">
        <ele>1239.3</ele>
      </trkpt>
      <trkpt lat="46.642755" lon="23.041787">
        <ele>1245</ele>
      </trkpt>
      <trkpt lat="46.64128" lon="23.041527">
        <ele>1257.1</ele>
      </trkpt>
      <trkpt lat="46.640325" lon="23.041224">
        <ele>1266.9</ele>
      </trkpt>
      <trkpt lat="46.64003" lon="23.041211">
        <ele>1270.4</ele>
      </trkpt>
      <trkpt lat="46.639559" lon="23.041307">
        <ele>1276.7</ele>
      </trkpt>
      <trkpt lat="46.638936" lon="23.041348">
        <ele>1285.9</ele>
      </trkpt>
      <trkpt lat="46.638495" lon="23.04153">
        <ele>1292.9</ele>
      </trkpt>
      <trkpt lat="46.637954" lon="23.041878">
        <ele>1301.3</ele>
      </trkpt>
      <trkpt lat="46.63783" lon="23.041999">
        <ele>1303.1</ele>
      </trkpt>
      <trkpt lat="46.637708" lon="23.04215">
        <ele>1304.9</ele>
      </trkpt>
      <trkpt lat="46.637364" lon="23.042738">
        <ele>1309.5</ele>
      </trkpt>
      <trkpt lat="46.637231" lon="23.043104">
        <ele>1311</ele>
      </trkpt>
      <trkpt lat="46.637152" lon="23.043408">
        <ele>1311.9</ele>
      </trkpt>
      <trkpt lat="46.637087" lon="23.043783">
        <ele>1312.4</ele>
      </trkpt>
      <trkpt lat="46.636908" lon="23.0453">
        <ele>1311.7</ele>
      </trkpt>
      <trkpt lat="46.636953" lon="23.045497">
        <ele>1311.5</ele>
      </trkpt>
      <trkpt lat="46.637058" lon="23.045722">
        <ele>1311.3</ele>
      </trkpt>
      <trkpt lat="46.638787" lon="23.048765">
        <ele>1311</ele>
      </trkpt>
      <trkpt lat="46.638894" lon="23.048985">
        <ele>1311.2</ele>
      </trkpt>
      <trkpt lat="46.639071" lon="23.049476">
        <ele>1311.6</ele>
      </trkpt>
      <trkpt lat="46.639157" lon="23.049876">
        <ele>1311.9</ele>
      </trkpt>
      <trkpt lat="46.639162" lon="23.050153">
        <ele>1312.1</ele>
      </trkpt>
      <trkpt lat="46.639101" lon="23.050462">
        <ele>1312.3</ele>
      </trkpt>
      <trkpt lat="46.638383" lon="23.052602">
        <ele>1312.2</ele>
      </trkpt>
      <trkpt lat="46.638317" lon="23.052886">
        <ele>1311.9</ele>
      </trkpt>
      <trkpt lat="46.638299" lon="23.053204">
        <ele>1311.5</ele>
      </trkpt>
      <trkpt lat="46.63831" lon="23.053525">
        <ele>1310.9</ele>
      </trkpt>
      <trkpt lat="46.638373" lon="23.053954">
        <ele>1309.9</ele>
      </trkpt>
      <trkpt lat="46.638435" lon="23.054194">
        <ele>1309.2</ele>
      </trkpt>
      <trkpt lat="46.638614" lon="23.054648">
        <ele>1307.6</ele>
      </trkpt>
      <trkpt lat="46.638926" lon="23.055188">
        <ele>1304.9</ele>
      </trkpt>
      <trkpt lat="46.64005" lon="23.056922">
        <ele>1294.7</ele>
      </trkpt>
      <trkpt lat="46.64027" lon="23.057103">
        <ele>1292.8</ele>
      </trkpt>
      <trkpt lat="46.643128" lon="23.058683">
        <ele>1265.8</ele>
      </trkpt>
      <trkpt lat="46.643901" lon="23.059372">
        <ele>1259.6</ele>
      </trkpt>
      <trkpt lat="46.644065" lon="23.059573">
        <ele>1258.4</ele>
      </trkpt>
      <trkpt lat="46.644223" lon="23.059885">
        <ele>1257.1</ele>
      </trkpt>
      <trkpt lat="46.644375" lon="23.060204">
        <ele>1255.7</ele>
      </trkpt>
      <trkpt lat="46.644879" lon="23.061676">
        <ele>1251.7</ele>
      </trkpt>
      <trkpt lat="46.644988" lon="23.062116">
        <ele>1251.2</ele>
      </trkpt>
      <trkpt lat="46.645105" lon="23.062765">
        <ele>1250.8</ele>
      </trkpt>
      <trkpt lat="46.645177" lon="23.063368">
        <ele>1251</ele>
      </trkpt>
      <trkpt lat="46.645197" lon="23.064166">
        <ele>1251.7</ele>
      </trkpt>
      <trkpt lat="46.64486" lon="23.066112">
        <ele>1254.6</ele>
      </trkpt>
      <trkpt lat="46.644393" lon="23.067423">
        <ele>1257.2</ele>
      </trkpt>
      <trkpt lat="46.644316" lon="23.068638">
        <ele>1259.2</ele>
      </trkpt>
      <trkpt lat="46.64423" lon="23.069008">
        <ele>1259.6</ele>
      </trkpt>
      <trkpt lat="46.644009" lon="23.069672">
        <ele>1259.7</ele>
      </trkpt>
      <trkpt lat="46.643971" lon="23.069898">
        <ele>1259.6</ele>
      </trkpt>
      <trkpt lat="46.643972" lon="23.070065">
        <ele>1259.5</ele>
      </trkpt>
      <trkpt lat="46.644141" lon="23.071563">
        <ele>1256.9</ele>
      </trkpt>
      <trkpt lat="46.644163" lon="23.071679">
        <ele>1256.6</ele>
      </trkpt>
      <trkpt lat="46.644247" lon="23.07189">
        <ele>1256.1</ele>
      </trkpt>
      <trkpt lat="46.644523" lon="23.072228">
        <ele>1255</ele>
      </trkpt>
      <trkpt lat="46.645305" lon="23.073059">
        <ele>1251.4</ele>
      </trkpt>
      <trkpt lat="46.645834" lon="23.073942">
        <ele>1248.4</ele>
      </trkpt>
      <trkpt lat="46.646015" lon="23.074287">
        <ele>1247.3</ele>
      </trkpt>
      <trkpt lat="46.646059" lon="23.074372">
        <ele>1247.1</ele>
      </trkpt>
      <trkpt lat="46.646257" lon="23.074757">
        <ele>1246</ele>
      </trkpt>
      <trkpt lat="46.646385" lon="23.075135">
        <ele>1245.1</ele>
      </trkpt>
      <trkpt lat="46.646559" lon="23.076195">
        <ele>1243.6</ele>
      </trkpt>
      <trkpt lat="46.646646" lon="23.076507">
        <ele>1243.3</ele>
      </trkpt>
      <trkpt lat="46.646757" lon="23.076749">
        <ele>1243.2</ele>
      </trkpt>
      <trkpt lat="46.647009" lon="23.077173">
        <ele>1243.4</ele>
      </trkpt>
      <trkpt lat="46.647328" lon="23.077528">
        <ele>1243.9</ele>
      </trkpt>
      <trkpt lat="46.647543" lon="23.077685">
        <ele>1244.3</ele>
      </trkpt>
      <trkpt lat="46.647816" lon="23.077746">
        <ele>1244.9</ele>
      </trkpt>
      <trkpt lat="46.648562" lon="23.077788">
        <ele>1245.9</ele>
      </trkpt>
      <trkpt lat="46.649057" lon="23.077903">
        <ele>1246.1</ele>
      </trkpt>
      <trkpt lat="46.649456" lon="23.07813">
        <ele>1246.1</ele>
      </trkpt>
      <trkpt lat="46.650156" lon="23.078792">
        <ele>1247.2</ele>
      </trkpt>
      <trkpt lat="46.650497" lon="23.079132">
        <ele>1248.5</ele>
      </trkpt>
      <trkpt lat="46.651032" lon="23.079857">
        <ele>1251.5</ele>
      </trkpt>
      <trkpt lat="46.65155" lon="23.080528">
        <ele>1254.5</ele>
      </trkpt>
      <trkpt lat="46.652074" lon="23.081991">
        <ele>1258.4</ele>
      </trkpt>
      <trkpt lat="46.652275" lon="23.082265">
        <ele>1259.6</ele>
      </trkpt>
      <trkpt lat="46.653183" lon="23.083157">
        <ele>1264.4</ele>
      </trkpt>
      <trkpt lat="46.653614" lon="23.083871">
        <ele>1266</ele>
      </trkpt>
      <trkpt lat="46.654161" lon="23.084115">
        <ele>1265.7</ele>
      </trkpt>
      <trkpt lat="46.654275" lon="23.084207">
        <ele>1265.4</ele>
      </trkpt>
      <trkpt lat="46.654412" lon="23.084421">
        <ele>1264.8</ele>
      </trkpt>
      <trkpt lat="46.654789" lon="23.085137">
        <ele>1262.2</ele>
      </trkpt>
      <trkpt lat="46.655634" lon="23.086162">
        <ele>1256.8</ele>
      </trkpt>
      <trkpt lat="46.655934" lon="23.086446">
        <ele>1255.4</ele>
      </trkpt>
      <trkpt lat="46.65674" lon="23.087101">
        <ele>1253.3</ele>
      </trkpt>
      <trkpt lat="46.656946" lon="23.087346">
        <ele>1253.2</ele>
      </trkpt>
      <trkpt lat="46.658013" lon="23.088926">
        <ele>1254.4</ele>
      </trkpt>
      <trkpt lat="46.658359" lon="23.089509">
        <ele>1254.1</ele>
      </trkpt>
      <trkpt lat="46.65892" lon="23.090852">
        <ele>1252.1</ele>
      </trkpt>
      <trkpt lat="46.659049" lon="23.09131">
        <ele>1251.4</ele>
      </trkpt>
      <trkpt lat="46.659213" lon="23.09318">
        <ele>1250.3</ele>
      </trkpt>
      <trkpt lat="46.659357" lon="23.093939">
        <ele>1249.8</ele>
      </trkpt>
      <trkpt lat="46.659649" lon="23.09517">
        <ele>1249.2</ele>
      </trkpt>
      <trkpt lat="46.659773" lon="23.096183">
        <ele>1249.3</ele>
      </trkpt>
      <trkpt lat="46.659766" lon="23.096494">
        <ele>1249.5</ele>
      </trkpt>
      <trkpt lat="46.659552" lon="23.097646">
        <ele>1250.1</ele>
      </trkpt>
      <trkpt lat="46.6595" lon="23.098161">
        <ele>1250</ele>
      </trkpt>
      <trkpt lat="46.659513" lon="23.098984">
        <ele>1249.2</ele>
      </trkpt>
      <trkpt lat="46.659618" lon="23.099915">
        <ele>1247.4</ele>
      </trkpt>
      <trkpt lat="46.659694" lon="23.100414">
        <ele>1246.1</ele>
      </trkpt>
      <trkpt lat="46.65978" lon="23.100661">
        <ele>1245.2</ele>
      </trkpt>
      <trkpt lat="46.660312" lon="23.10124">
        <ele>1241.7</ele>
      </trkpt>
      <trkpt lat="46.660407" lon="23.101492">
        <ele>1240.5</ele>
      </trkpt>
      <trkpt lat="46.660471" lon="23.102515">
        <ele>1235.9</ele>
      </trkpt>
      <trkpt lat="46.660546" lon="23.10283">
        <ele>1234.4</ele>
      </trkpt>
      <trkpt lat="46.660646" lon="23.102966">
        <ele>1233.5</ele>
      </trkpt>
      <trkpt lat="46.660703" lon="23.103002">
        <ele>1233.1</ele>
      </trkpt>
      <trkpt lat="46.660806" lon="23.103036">
        <ele>1232.4</ele>
      </trkpt>
      <trkpt lat="46.661224" lon="23.103067">
        <ele>1230.4</ele>
      </trkpt>
      <trkpt lat="46.661284" lon="23.103097">
        <ele>1230.2</ele>
      </trkpt>
      <trkpt lat="46.661383" lon="23.103213">
        <ele>1229.8</ele>
      </trkpt>
      <trkpt lat="46.661438" lon="23.10337">
        <ele>1229.4</ele>
      </trkpt>
      <trkpt lat="46.661451" lon="23.103671">
        <ele>1229</ele>
      </trkpt>
      <trkpt lat="46.661438" lon="23.104156">
        <ele>1228.7</ele>
      </trkpt>
      <trkpt lat="46.661383" lon="23.104685">
        <ele>1228.7</ele>
      </trkpt>
      <trkpt lat="46.66129" lon="23.10534">
        <ele>1228.7</ele>
      </trkpt>
      <trkpt lat="46.661084" lon="23.106041">
        <ele>1228.2</ele>
      </trkpt>
      <trkpt lat="46.661065" lon="23.106161">
        <ele>1228</ele>
      </trkpt>
      <trkpt lat="46.661052" lon="23.106454">
        <ele>1227.5</ele>
      </trkpt>
      <trkpt lat="46.661123" lon="23.106889">
        <ele>1226.4</ele>
      </trkpt>
      <trkpt lat="46.661135" lon="23.107197">
        <ele>1225.5</ele>
      </trkpt>
      <trkpt lat="46.661091" lon="23.107483">
        <ele>1224.5</ele>
      </trkpt>
      <trkpt lat="46.660726" lon="23.108782">
        <ele>1219.5</ele>
      </trkpt>
      <trkpt lat="46.660677" lon="23.109252">
        <ele>1218.3</ele>
      </trkpt>
      <trkpt lat="46.660677" lon="23.109457">
        <ele>1217.9</ele>
      </trkpt>
      <trkpt lat="46.66072" lon="23.10992">
        <ele>1217.1</ele>
      </trkpt>
      <trkpt lat="46.661192" lon="23.112991">
        <ele>1217.4</ele>
      </trkpt>
      <trkpt lat="46.661225" lon="23.113378">
        <ele>1217.7</ele>
      </trkpt>
      <trkpt lat="46.661258" lon="23.114907">
        <ele>1219.3</ele>
      </trkpt>
      <trkpt lat="46.661277" lon="23.115048">
        <ele>1219.5</ele>
      </trkpt>
      <trkpt lat="46.661804" lon="23.116998">
        <ele>1221.7</ele>
      </trkpt>
      <trkpt lat="46.661965" lon="23.117677">
        <ele>1221.3</ele>
      </trkpt>
      <trkpt lat="46.663674" lon="23.117835">
        <ele>1214.7</ele>
      </trkpt>
      <trkpt lat="46.664186" lon="23.117978">
        <ele>1212.3</ele>
      </trkpt>
      <trkpt lat="46.665012" lon="23.118309">
        <ele>1208.2</ele>
      </trkpt>
      <trkpt lat="46.665678" lon="23.11853">
        <ele>1204.7</ele>
      </trkpt>
      <trkpt lat="46.666803" lon="23.119111">
        <ele>1198.1</ele>
      </trkpt>
      <trkpt lat="46.667" lon="23.119243">
        <ele>1197</ele>
      </trkpt>
      <trkpt lat="46.667364" lon="23.119575">
        <ele>1195.1</ele>
      </trkpt>
      <trkpt lat="46.667559" lon="23.11981">
        <ele>1194.1</ele>
      </trkpt>
      <trkpt lat="46.668309" lon="23.120859">
        <ele>1189.7</ele>
      </trkpt>
      <trkpt lat="46.668751" lon="23.121703">
        <ele>1187.1</ele>
      </trkpt>
      <trkpt lat="46.668935" lon="23.121876">
        <ele>1186.4</ele>
      </trkpt>
      <trkpt lat="46.669506" lon="23.122034">
        <ele>1184.9</ele>
      </trkpt>
      <trkpt lat="46.670066" lon="23.122116">
        <ele>1184.2</ele>
      </trkpt>
      <trkpt lat="46.671128" lon="23.122094">
        <ele>1182.9</ele>
      </trkpt>
      <trkpt lat="46.67131" lon="23.122117">
        <ele>1182.4</ele>
      </trkpt>
      <trkpt lat="46.671616" lon="23.12225">
        <ele>1181.3</ele>
      </trkpt>
      <trkpt lat="46.671769" lon="23.122378">
        <ele>1180.6</ele>
      </trkpt>
      <trkpt lat="46.672727" lon="23.123556">
        <ele>1173</ele>
      </trkpt>
      <trkpt lat="46.672848" lon="23.123742">
        <ele>1171.7</ele>
      </trkpt>
      <trkpt lat="46.67294" lon="23.123975">
        <ele>1170.3</ele>
      </trkpt>
      <trkpt lat="46.672963" lon="23.124119">
        <ele>1169.6</ele>
      </trkpt>
      <trkpt lat="46.672944" lon="23.124403">
        <ele>1168.1</ele>
      </trkpt>
      <trkpt lat="46.672879" lon="23.124686">
        <ele>1166.6</ele>
      </trkpt>
      <trkpt lat="46.672672" lon="23.125306">
        <ele>1163.5</ele>
      </trkpt>
      <trkpt lat="46.672644" lon="23.12548">
        <ele>1162.9</ele>
      </trkpt>
      <trkpt lat="46.672692" lon="23.12583">
        <ele>1161.7</ele>
      </trkpt>
      <trkpt lat="46.672863" lon="23.126572">
        <ele>1160.5</ele>
      </trkpt>
      <trkpt lat="46.672929" lon="23.12674">
        <ele>1160.4</ele>
      </trkpt>
      <trkpt lat="46.673087" lon="23.126966">
        <ele>1160.3</ele>
      </trkpt>
      <trkpt lat="46.673478" lon="23.127281">
        <ele>1160.5</ele>
      </trkpt>
      <trkpt lat="46.673677" lon="23.12748">
        <ele>1160.8</ele>
      </trkpt>
      <trkpt lat="46.673818" lon="23.127731">
        <ele>1161</ele>
      </trkpt>
      <trkpt lat="46.673895" lon="23.127965">
        <ele>1161.2</ele>
      </trkpt>
      <trkpt lat="46.673946" lon="23.128219">
        <ele>1161.3</ele>
      </trkpt>
      <trkpt lat="46.674047" lon="23.129337">
        <ele>1160.6</ele>
      </trkpt>
      <trkpt lat="46.674093" lon="23.129536">
        <ele>1160.2</ele>
      </trkpt>
      <trkpt lat="46.674231" lon="23.129922">
        <ele>1159</ele>
      </trkpt>
      <trkpt lat="46.674408" lon="23.130467">
        <ele>1156.8</ele>
      </trkpt>
      <trkpt lat="46.674466" lon="23.130885">
        <ele>1154.9</ele>
      </trkpt>
      <trkpt lat="46.674487" lon="23.131703">
        <ele>1150.2</ele>
      </trkpt>
      <trkpt lat="46.674363" lon="23.133386">
        <ele>1139.3</ele>
      </trkpt>
      <trkpt lat="46.674387" lon="23.133819">
        <ele>1137.1</ele>
      </trkpt>
      <trkpt lat="46.674732" lon="23.135042">
        <ele>1132.4</ele>
      </trkpt>
      <trkpt lat="46.67486" lon="23.135192">
        <ele>1131.8</ele>
      </trkpt>
      <trkpt lat="46.675092" lon="23.135335">
        <ele>1131</ele>
      </trkpt>
      <trkpt lat="46.67518" lon="23.135484">
        <ele>1130.5</ele>
      </trkpt>
      <trkpt lat="46.675222" lon="23.135638">
        <ele>1130.1</ele>
      </trkpt>
      <trkpt lat="46.675323" lon="23.136487">
        <ele>1128</ele>
      </trkpt>
      <trkpt lat="46.675649" lon="23.137418">
        <ele>1125.5</ele>
      </trkpt>
      <trkpt lat="46.675789" lon="23.137671">
        <ele>1124.8</ele>
      </trkpt>
      <trkpt lat="46.676157" lon="23.138186">
        <ele>1123</ele>
      </trkpt>
      <trkpt lat="46.676216" lon="23.13833">
        <ele>1122.6</ele>
      </trkpt>
      <trkpt lat="46.676227" lon="23.13847">
        <ele>1122.3</ele>
      </trkpt>
      <trkpt lat="46.676208" lon="23.138641">
        <ele>1121.9</ele>
      </trkpt>
      <trkpt lat="46.675976" lon="23.139415">
        <ele>1120.1</ele>
      </trkpt>
      <trkpt lat="46.675953" lon="23.139595">
        <ele>1119.7</ele>
      </trkpt>
      <trkpt lat="46.675965" lon="23.1398">
        <ele>1119.2</ele>
      </trkpt>
      <trkpt lat="46.676083" lon="23.140064">
        <ele>1118.3</ele>
      </trkpt>
      <trkpt lat="46.676306" lon="23.140278">
        <ele>1117.2</ele>
      </trkpt>
      <trkpt lat="46.676444" lon="23.140357">
        <ele>1116.4</ele>
      </trkpt>
      <trkpt lat="46.67684" lon="23.140342">
        <ele>1113.8</ele>
      </trkpt>
      <trkpt lat="46.677128" lon="23.140423">
        <ele>1111.1</ele>
      </trkpt>
      <trkpt lat="46.677298" lon="23.140489">
        <ele>1109.2</ele>
      </trkpt>
      <trkpt lat="46.677449" lon="23.140603">
        <ele>1107</ele>
      </trkpt>
      <trkpt lat="46.677533" lon="23.140746">
        <ele>1105.3</ele>
      </trkpt>
      <trkpt lat="46.677582" lon="23.140911">
        <ele>1103.6</ele>
      </trkpt>
      <trkpt lat="46.677754" lon="23.14201">
        <ele>1091.6</ele>
      </trkpt>
      <trkpt lat="46.67775" lon="23.143705">
        <ele>1075</ele>
      </trkpt>
      <trkpt lat="46.677706" lon="23.144729">
        <ele>1068.4</ele>
      </trkpt>
      <trkpt lat="46.677717" lon="23.145004">
        <ele>1067</ele>
      </trkpt>
      <trkpt lat="46.677769" lon="23.145261">
        <ele>1065.8</ele>
      </trkpt>
      <trkpt lat="46.678218" lon="23.146602">
        <ele>1060.3</ele>
      </trkpt>
      <trkpt lat="46.678327" lon="23.146809">
        <ele>1059.5</ele>
      </trkpt>
      <trkpt lat="46.678506" lon="23.147066">
        <ele>1058.4</ele>
      </trkpt>
      <trkpt lat="46.679098" lon="23.147842">
        <ele>1054</ele>
      </trkpt>
      <trkpt lat="46.679175" lon="23.148027">
        <ele>1053.1</ele>
      </trkpt>
      <trkpt lat="46.679364" lon="23.148336">
        <ele>1051.4</ele>
      </trkpt>
      <trkpt lat="46.679484" lon="23.148598">
        <ele>1050</ele>
      </trkpt>
      <trkpt lat="46.679572" lon="23.148875">
        <ele>1048.6</ele>
      </trkpt>
      <trkpt lat="46.679829" lon="23.150606">
        <ele>1041.7</ele>
      </trkpt>
      <trkpt lat="46.679979" lon="23.151149">
        <ele>1040.1</ele>
      </trkpt>
      <trkpt lat="46.680101" lon="23.151449">
        <ele>1039.1</ele>
      </trkpt>
      <trkpt lat="46.680263" lon="23.151714">
        <ele>1038</ele>
      </trkpt>
      <trkpt lat="46.680705" lon="23.152222">
        <ele>1034.6</ele>
      </trkpt>
      <trkpt lat="46.680748" lon="23.152308">
        <ele>1034.1</ele>
      </trkpt>
      <trkpt lat="46.680769" lon="23.152458">
        <ele>1033.3</ele>
      </trkpt>
      <trkpt lat="46.680735" lon="23.152599">
        <ele>1032.5</ele>
      </trkpt>
      <trkpt lat="46.680657" lon="23.152679">
        <ele>1031.7</ele>
      </trkpt>
      <trkpt lat="46.680551" lon="23.152661">
        <ele>1030.7</ele>
      </trkpt>
      <trkpt lat="46.680206" lon="23.152335">
        <ele>1026.5</ele>
      </trkpt>
      <trkpt lat="46.679602" lon="23.151661">
        <ele>1018.2</ele>
      </trkpt>
      <trkpt lat="46.679191" lon="23.151063">
        <ele>1013</ele>
      </trkpt>
      <trkpt lat="46.679029" lon="23.150781">
        <ele>1011.2</ele>
      </trkpt>
      <trkpt lat="46.67895" lon="23.150558">
        <ele>1010</ele>
      </trkpt>
      <trkpt lat="46.678869" lon="23.149772">
        <ele>1007</ele>
      </trkpt>
      <trkpt lat="46.678802" lon="23.14961">
        <ele>1006.3</ele>
      </trkpt>
      <trkpt lat="46.678651" lon="23.149367">
        <ele>1005.1</ele>
      </trkpt>
      <trkpt lat="46.678498" lon="23.149221">
        <ele>1004.1</ele>
      </trkpt>
      <trkpt lat="46.678021" lon="23.148915">
        <ele>1000.8</ele>
      </trkpt>
      <trkpt lat="46.676838" lon="23.148388">
        <ele>989.7</ele>
      </trkpt>
      <trkpt lat="46.676717" lon="23.148286">
        <ele>988.3</ele>
      </trkpt>
      <trkpt lat="46.676655" lon="23.148187">
        <ele>987.5</ele>
      </trkpt>
      <trkpt lat="46.676564" lon="23.147951">
        <ele>985.9</ele>
      </trkpt>
      <trkpt lat="46.676302" lon="23.146966">
        <ele>982.5</ele>
      </trkpt>
      <trkpt lat="46.676231" lon="23.146611">
        <ele>982.3</ele>
      </trkpt>
      <trkpt lat="46.676067" lon="23.14525">
        <ele>983.2</ele>
      </trkpt>
      <trkpt lat="46.676011" lon="23.145148">
        <ele>983.1</ele>
      </trkpt>
      <trkpt lat="46.675913" lon="23.145113">
        <ele>982.8</ele>
      </trkpt>
      <trkpt lat="46.675781" lon="23.145138">
        <ele>982.4</ele>
      </trkpt>
      <trkpt lat="46.675412" lon="23.145406">
        <ele>979.4</ele>
      </trkpt>
      <trkpt lat="46.674992" lon="23.145594">
        <ele>973.4</ele>
      </trkpt>
      <trkpt lat="46.674626" lon="23.146033">
        <ele>964.2</ele>
      </trkpt>
      <trkpt lat="46.674526" lon="23.14612">
        <ele>961.7</ele>
      </trkpt>
      <trkpt lat="46.674402" lon="23.146176">
        <ele>958.8</ele>
      </trkpt>
      <trkpt lat="46.673609" lon="23.146428">
        <ele>943.5</ele>
      </trkpt>
      <trkpt lat="46.673417" lon="23.14642">
        <ele>940.8</ele>
      </trkpt>
      <trkpt lat="46.673222" lon="23.146323">
        <ele>938.4</ele>
      </trkpt>
      <trkpt lat="46.673174" lon="23.146235">
        <ele>937.6</ele>
      </trkpt>
      <trkpt lat="46.672963" lon="23.145352">
        <ele>933.9</ele>
      </trkpt>
      <trkpt lat="46.672386" lon="23.143642">
        <ele>934.6</ele>
      </trkpt>
      <trkpt lat="46.672242" lon="23.142686">
        <ele>935.1</ele>
      </trkpt>
      <trkpt lat="46.672121" lon="23.141391">
        <ele>936.6</ele>
      </trkpt>
      <trkpt lat="46.67202" lon="23.140588">
        <ele>939.5</ele>
      </trkpt>
      <trkpt lat="46.671741" lon="23.139255">
        <ele>945.3</ele>
      </trkpt>
      <trkpt lat="46.671686" lon="23.139085">
        <ele>945.7</ele>
      </trkpt>
      <trkpt lat="46.671627" lon="23.138985">
        <ele>945.9</ele>
      </trkpt>
      <trkpt lat="46.671539" lon="23.138931">
        <ele>946</ele>
      </trkpt>
      <trkpt lat="46.671453" lon="23.138903">
        <ele>946.1</ele>
      </trkpt>
      <trkpt lat="46.671351" lon="23.138966">
        <ele>946.1</ele>
      </trkpt>
      <trkpt lat="46.671314" lon="23.139152">
        <ele>946</ele>
      </trkpt>
      <trkpt lat="46.671335" lon="23.14026">
        <ele>944.5</ele>
      </trkpt>
      <trkpt lat="46.671247" lon="23.140678">
        <ele>943.6</ele>
      </trkpt>
      <trkpt lat="46.671008" lon="23.141798">
        <ele>942.3</ele>
      </trkpt>
      <trkpt lat="46.670588" lon="23.142828">
        <ele>938</ele>
      </trkpt>
      <trkpt lat="46.670535" lon="23.14317">
        <ele>935.6</ele>
      </trkpt>
      <trkpt lat="46.670557" lon="23.143757">
        <ele>931.4</ele>
      </trkpt>
      <trkpt lat="46.670533" lon="23.143988">
        <ele>929.6</ele>
      </trkpt>
      <trkpt lat="46.670459" lon="23.144159">
        <ele>928.1</ele>
      </trkpt>
      <trkpt lat="46.670383" lon="23.144244">
        <ele>927</ele>
      </trkpt>
      <trkpt lat="46.669288" lon="23.144779">
        <ele>919</ele>
      </trkpt>
      <trkpt lat="46.669074" lon="23.144841">
        <ele>918.7</ele>
      </trkpt>
      <trkpt lat="46.668537" lon="23.144807">
        <ele>917.7</ele>
      </trkpt>
      <trkpt lat="46.668363" lon="23.144874">
        <ele>917.2</ele>
      </trkpt>
      <trkpt lat="46.668269" lon="23.145001">
        <ele>916.8</ele>
      </trkpt>
      <trkpt lat="46.668257" lon="23.145082">
        <ele>916.7</ele>
      </trkpt>
      <trkpt lat="46.668289" lon="23.145229">
        <ele>916.3</ele>
      </trkpt>
      <trkpt lat="46.668358" lon="23.145345">
        <ele>915.9</ele>
      </trkpt>
      <trkpt lat="46.668453" lon="23.145418">
        <ele>915.5</ele>
      </trkpt>
      <trkpt lat="46.668799" lon="23.145309">
        <ele>913.9</ele>
      </trkpt>
      <trkpt lat="46.670294" lon="23.14505">
        <ele>901.7</ele>
      </trkpt>
      <trkpt lat="46.670523" lon="23.145047">
        <ele>899.2</ele>
      </trkpt>
      <trkpt lat="46.670709" lon="23.145087">
        <ele>897.3</ele>
      </trkpt>
      <trkpt lat="46.670991" lon="23.14526">
        <ele>894.2</ele>
      </trkpt>
      <trkpt lat="46.671109" lon="23.145444">
        <ele>892.5</ele>
      </trkpt>
      <trkpt lat="46.67125" lon="23.145822">
        <ele>889.4</ele>
      </trkpt>
      <trkpt lat="46.671508" lon="23.146761">
        <ele>882.6</ele>
      </trkpt>
      <trkpt lat="46.671793" lon="23.147686">
        <ele>876.2</ele>
      </trkpt>
      <trkpt lat="46.672141" lon="23.148692">
        <ele>868.6</ele>
      </trkpt>
      <trkpt lat="46.672366" lon="23.149121">
        <ele>865</ele>
      </trkpt>
      <trkpt lat="46.673012" lon="23.149938">
        <ele>857.4</ele>
      </trkpt>
      <trkpt lat="46.673464" lon="23.15065">
        <ele>851.1</ele>
      </trkpt>
      <trkpt lat="46.673636" lon="23.150975">
        <ele>848.2</ele>
      </trkpt>
      <trkpt lat="46.674302" lon="23.152469">
        <ele>836</ele>
      </trkpt>
      <trkpt lat="46.674604" lon="23.152984">
        <ele>831.3</ele>
      </trkpt>
      <trkpt lat="46.674624" lon="23.153075">
        <ele>830.6</ele>
      </trkpt>
      <trkpt lat="46.674618" lon="23.153217">
        <ele>829.7</ele>
      </trkpt>
      <trkpt lat="46.674583" lon="23.153351">
        <ele>828.7</ele>
      </trkpt>
      <trkpt lat="46.674588" lon="23.15348">
        <ele>827.8</ele>
      </trkpt>
      <trkpt lat="46.674645" lon="23.153558">
        <ele>827</ele>
      </trkpt>
      <trkpt lat="46.674795" lon="23.15365">
        <ele>825.6</ele>
      </trkpt>
      <trkpt lat="46.675215" lon="23.153811">
        <ele>822.2</ele>
      </trkpt>
      <trkpt lat="46.675556" lon="23.154168">
        <ele>819.3</ele>
      </trkpt>
      <trkpt lat="46.675856" lon="23.154592">
        <ele>816.2</ele>
      </trkpt>
      <trkpt lat="46.676335" lon="23.155455">
        <ele>810.5</ele>
      </trkpt>
      <trkpt lat="46.677108" lon="23.156704">
        <ele>801.4</ele>
      </trkpt>
      <trkpt lat="46.677265" lon="23.156996">
        <ele>799.7</ele>
      </trkpt>
      <trkpt lat="46.677499" lon="23.157573">
        <ele>797.3</ele>
      </trkpt>
      <trkpt lat="46.677576" lon="23.157845">
        <ele>796.3</ele>
      </trkpt>
      <trkpt lat="46.677639" lon="23.158541">
        <ele>794.1</ele>
      </trkpt>
      <trkpt lat="46.677706" lon="23.158863">
        <ele>792.9</ele>
      </trkpt>
      <trkpt lat="46.677881" lon="23.159488">
        <ele>789.5</ele>
      </trkpt>
      <trkpt lat="46.678062" lon="23.159984">
        <ele>786.7</ele>
      </trkpt>
      <trkpt lat="46.678306" lon="23.160438">
        <ele>784.2</ele>
      </trkpt>
      <trkpt lat="46.678457" lon="23.160802">
        <ele>782.8</ele>
      </trkpt>
      <trkpt lat="46.678481" lon="23.160971">
        <ele>782.2</ele>
      </trkpt>
      <trkpt lat="46.678465" lon="23.161569">
        <ele>780</ele>
      </trkpt>
      <trkpt lat="46.678604" lon="23.162385">
        <ele>775.4</ele>
      </trkpt>
      <trkpt lat="46.678709" lon="23.162771">
        <ele>772.6</ele>
      </trkpt>
      <trkpt lat="46.679066" lon="23.163575">
        <ele>766</ele>
      </trkpt>
      <trkpt lat="46.679368" lon="23.164335">
        <ele>761.8</ele>
      </trkpt>
      <trkpt lat="46.679432" lon="23.164579">
        <ele>760.9</ele>
      </trkpt>
      <trkpt lat="46.679521" lon="23.165381">
        <ele>759.2</ele>
      </trkpt>
      <trkpt lat="46.679642" lon="23.165816">
        <ele>758.5</ele>
      </trkpt>
      <trkpt lat="46.680167" lon="23.166713">
        <ele>755.7</ele>
      </trkpt>
      <trkpt lat="46.680582" lon="23.16756">
        <ele>750.4</ele>
      </trkpt>
      <trkpt lat="46.68094" lon="23.16815">
        <ele>745.8</ele>
      </trkpt>
      <trkpt lat="46.681528" lon="23.169288">
        <ele>735</ele>
      </trkpt>
      <trkpt lat="46.682088" lon="23.170616">
        <ele>724.6</ele>
      </trkpt>
      <trkpt lat="46.682809" lon="23.172799">
        <ele>713.9</ele>
      </trkpt>
      <trkpt lat="46.682932" lon="23.173075">
        <ele>711.6</ele>
      </trkpt>
      <trkpt lat="46.683078" lon="23.173284">
        <ele>709.3</ele>
      </trkpt>
      <trkpt lat="46.683597" lon="23.173804">
        <ele>701.8</ele>
      </trkpt>
      <trkpt lat="46.684348" lon="23.174468">
        <ele>693.2</ele>
      </trkpt>
      <trkpt lat="46.684883" lon="23.175071">
        <ele>690.2</ele>
      </trkpt>
      <trkpt lat="46.68524" lon="23.17534">
        <ele>688.4</ele>
      </trkpt>
      <trkpt lat="46.685555" lon="23.175406">
        <ele>686.8</ele>
      </trkpt>
      <trkpt lat="46.685828" lon="23.175392">
        <ele>685.2</ele>
      </trkpt>
      <trkpt lat="46.686351" lon="23.175572">
        <ele>681.5</ele>
      </trkpt>
      <trkpt lat="46.686886" lon="23.175669">
        <ele>677.1</ele>
      </trkpt>
      <trkpt lat="46.687212" lon="23.175685">
        <ele>674.5</ele>
      </trkpt>
      <trkpt lat="46.687633" lon="23.175687">
        <ele>671.4</ele>
      </trkpt>
      <trkpt lat="46.689068" lon="23.175484">
        <ele>661.5</ele>
      </trkpt>
      <trkpt lat="46.689512" lon="23.175469">
        <ele>658.7</ele>
      </trkpt>
      <trkpt lat="46.689807" lon="23.175525">
        <ele>657</ele>
      </trkpt>
      <trkpt lat="46.690185" lon="23.17572">
        <ele>655</ele>
      </trkpt>
      <trkpt lat="46.690677" lon="23.176031">
        <ele>652.8</ele>
      </trkpt>
      <trkpt lat="46.691622" lon="23.176873">
        <ele>647</ele>
      </trkpt>
      <trkpt lat="46.692619" lon="23.177654">
        <ele>635.2</ele>
      </trkpt>
      <trkpt lat="46.692791" lon="23.17774">
        <ele>633.2</ele>
      </trkpt>
      <trkpt lat="46.693169" lon="23.177777">
        <ele>629.7</ele>
      </trkpt>
      <trkpt lat="46.693322" lon="23.177799">
        <ele>628.4</ele>
      </trkpt>
      <trkpt lat="46.693543" lon="23.177891">
        <ele>626.8</ele>
      </trkpt>
      <trkpt lat="46.693834" lon="23.178135">
        <ele>624.9</ele>
      </trkpt>
      <trkpt lat="46.695576" lon="23.179181">
        <ele>618.8</ele>
      </trkpt>
      <trkpt lat="46.696507" lon="23.179674">
        <ele>613</ele>
      </trkpt>
      <trkpt lat="46.697004" lon="23.179959">
        <ele>608.4</ele>
      </trkpt>
      <trkpt lat="46.697358" lon="23.180122">
        <ele>604.5</ele>
      </trkpt>
      <trkpt lat="46.697662" lon="23.180398">
        <ele>600.3</ele>
      </trkpt>
      <trkpt lat="46.697839" lon="23.180731">
        <ele>596.8</ele>
      </trkpt>
      <trkpt lat="46.69792" lon="23.180974">
        <ele>594.4</ele>
      </trkpt>
      <trkpt lat="46.698265" lon="23.182358">
        <ele>587.8</ele>
      </trkpt>
      <trkpt lat="46.698291" lon="23.182559">
        <ele>587.9</ele>
      </trkpt>
      <trkpt lat="46.698275" lon="23.182617">
        <ele>588</ele>
      </trkpt>
      <trkpt lat="46.698197" lon="23.182873">
        <ele>588.4</ele>
      </trkpt>
      <trkpt lat="46.697924" lon="23.183524">
        <ele>591.2</ele>
      </trkpt>
      <trkpt lat="46.697879" lon="23.183861">
        <ele>593.2</ele>
      </trkpt>
      <trkpt lat="46.697896" lon="23.184198">
        <ele>595.5</ele>
      </trkpt>
      <trkpt lat="46.69799" lon="23.184623">
        <ele>598</ele>
      </trkpt>
      <trkpt lat="46.698271" lon="23.185368">
        <ele>600.1</ele>
      </trkpt>
      <trkpt lat="46.698593" lon="23.185878">
        <ele>599.3</ele>
      </trkpt>
      <trkpt lat="46.699008" lon="23.186359">
        <ele>596.4</ele>
      </trkpt>
      <trkpt lat="46.69979" lon="23.187034">
        <ele>588.9</ele>
      </trkpt>
      <trkpt lat="46.700004" lon="23.187179">
        <ele>587.1</ele>
      </trkpt>
      <trkpt lat="46.700193" lon="23.187359">
        <ele>585.4</ele>
      </trkpt>
      <trkpt lat="46.700333" lon="23.187563">
        <ele>584</ele>
      </trkpt>
      <trkpt lat="46.70074" lon="23.188405">
        <ele>578.7</ele>
      </trkpt>
      <trkpt lat="46.700852" lon="23.188734">
        <ele>576.9</ele>
      </trkpt>
      <trkpt lat="46.700935" lon="23.189135">
        <ele>575.3</ele>
      </trkpt>
      <trkpt lat="46.700951" lon="23.189397">
        <ele>574.4</ele>
      </trkpt>
      <trkpt lat="46.7009" lon="23.189554">
        <ele>573.9</ele>
      </trkpt>
      <trkpt lat="46.70079" lon="23.189708">
        <ele>573.2</ele>
      </trkpt>
      <trkpt lat="46.700595" lon="23.189701">
        <ele>572.6</ele>
      </trkpt>
      <trkpt lat="46.699635" lon="23.189268">
        <ele>573.8</ele>
      </trkpt>
      <trkpt lat="46.698965" lon="23.18889">
        <ele>579.5</ele>
      </trkpt>
      <trkpt lat="46.698734" lon="23.188839">
        <ele>581.9</ele>
      </trkpt>
      <trkpt lat="46.698497" lon="23.188877">
        <ele>584.3</ele>
      </trkpt>
      <trkpt lat="46.698269" lon="23.189011">
        <ele>586.8</ele>
      </trkpt>
      <trkpt lat="46.698063" lon="23.189202">
        <ele>589.1</ele>
      </trkpt>
      <trkpt lat="46.697882" lon="23.189519">
        <ele>591.5</ele>
      </trkpt>
      <trkpt lat="46.69778" lon="23.189778">
        <ele>592.9</ele>
      </trkpt>
      <trkpt lat="46.697672" lon="23.190086">
        <ele>594</ele>
      </trkpt>
      <trkpt lat="46.697582" lon="23.190462">
        <ele>594.6</ele>
      </trkpt>
      <trkpt lat="46.697544" lon="23.190674">
        <ele>594.5</ele>
      </trkpt>
      <trkpt lat="46.697551" lon="23.191206">
        <ele>593.4</ele>
      </trkpt>
      <trkpt lat="46.697603" lon="23.191527">
        <ele>592.2</ele>
      </trkpt>
      <trkpt lat="46.697971" lon="23.192784">
        <ele>585.5</ele>
      </trkpt>
      <trkpt lat="46.698157" lon="23.193196">
        <ele>583.2</ele>
      </trkpt>
      <trkpt lat="46.698367" lon="23.193594">
        <ele>581.1</ele>
      </trkpt>
      <trkpt lat="46.698783" lon="23.194188">
        <ele>578.4</ele>
      </trkpt>
      <trkpt lat="46.699675" lon="23.195204">
        <ele>572.6</ele>
      </trkpt>
      <trkpt lat="46.699802" lon="23.195308">
        <ele>571.9</ele>
      </trkpt>
      <trkpt lat="46.700094" lon="23.195415">
        <ele>570.5</ele>
      </trkpt>
      <trkpt lat="46.700446" lon="23.195424">
        <ele>569.3</ele>
      </trkpt>
      <trkpt lat="46.700779" lon="23.195506">
        <ele>568.4</ele>
      </trkpt>
      <trkpt lat="46.701698" lon="23.195961">
        <ele>568.4</ele>
      </trkpt>
      <trkpt lat="46.701897" lon="23.196175">
        <ele>568.8</ele>
      </trkpt>
      <trkpt lat="46.702079" lon="23.19654">
        <ele>569.3</ele>
      </trkpt>
      <trkpt lat="46.702197" lon="23.196983">
        <ele>569.6</ele>
      </trkpt>
      <trkpt lat="46.70224" lon="23.197216">
        <ele>569.8</ele>
      </trkpt>
      <trkpt lat="46.702257" lon="23.197905">
        <ele>570.1</ele>
      </trkpt>
      <trkpt lat="46.701935" lon="23.201334">
        <ele>570.7</ele>
      </trkpt>
      <trkpt lat="46.701953" lon="23.202168">
        <ele>569.9</ele>
      </trkpt>
      <trkpt lat="46.702109" lon="23.203201">
        <ele>567.9</ele>
      </trkpt>
      <trkpt lat="46.702331" lon="23.203969">
        <ele>565.4</ele>
      </trkpt>
      <trkpt lat="46.702497" lon="23.204284">
        <ele>563.9</ele>
      </trkpt>
      <trkpt lat="46.702988" lon="23.20482">
        <ele>560.7</ele>
      </trkpt>
      <trkpt lat="46.70342" lon="23.205212">
        <ele>558.3</ele>
      </trkpt>
      <trkpt lat="46.703889" lon="23.205517">
        <ele>555.8</ele>
      </trkpt>
      <trkpt lat="46.704421" lon="23.205675">
        <ele>553.2</ele>
      </trkpt>
      <trkpt lat="46.704921" lon="23.205743">
        <ele>551</ele>
      </trkpt>
      <trkpt lat="46.705097" lon="23.205796">
        <ele>550.3</ele>
      </trkpt>
      <trkpt lat="46.705395" lon="23.206043">
        <ele>549.4</ele>
      </trkpt>
      <trkpt lat="46.705509" lon="23.206228">
        <ele>549.2</ele>
      </trkpt>
      <trkpt lat="46.705603" lon="23.206563">
        <ele>549.5</ele>
      </trkpt>
      <trkpt lat="46.705595" lon="23.20704">
        <ele>550.8</ele>
      </trkpt>
      <trkpt lat="46.705533" lon="23.207331">
        <ele>552.2</ele>
      </trkpt>
      <trkpt lat="46.705186" lon="23.208141">
        <ele>558.2</ele>
      </trkpt>
      <trkpt lat="46.705066" lon="23.208484">
        <ele>560.8</ele>
      </trkpt>
      <trkpt lat="46.704938" lon="23.209284">
        <ele>565.5</ele>
      </trkpt>
      <trkpt lat="46.704915" lon="23.209919">
        <ele>568.1</ele>
      </trkpt>
      <trkpt lat="46.704959" lon="23.210558">
        <ele>569.5</ele>
      </trkpt>
      <trkpt lat="46.705069" lon="23.211045">
        <ele>569.5</ele>
      </trkpt>
      <trkpt lat="46.705236" lon="23.211504">
        <ele>568.4</ele>
      </trkpt>
      <trkpt lat="46.705382" lon="23.211727">
        <ele>567.1</ele>
      </trkpt>
      <trkpt lat="46.705555" lon="23.211895">
        <ele>565.4</ele>
      </trkpt>
      <trkpt lat="46.705844" lon="23.212054">
        <ele>562.6</ele>
      </trkpt>
      <trkpt lat="46.706078" lon="23.212094">
        <ele>560.2</ele>
      </trkpt>
      <trkpt lat="46.706205" lon="23.212078">
        <ele>558.8</ele>
      </trkpt>
      <trkpt lat="46.706442" lon="23.211989">
        <ele>556</ele>
      </trkpt>
      <trkpt lat="46.70677" lon="23.211741">
        <ele>552.1</ele>
      </trkpt>
      <trkpt lat="46.707696" lon="23.210472">
        <ele>544.4</ele>
      </trkpt>
      <trkpt lat="46.707805" lon="23.210374">
        <ele>544</ele>
      </trkpt>
      <trkpt lat="46.707953" lon="23.210342">
        <ele>543.5</ele>
      </trkpt>
      <trkpt lat="46.708156" lon="23.210384">
        <ele>543.1</ele>
      </trkpt>
      <trkpt lat="46.708308" lon="23.210629">
        <ele>542.8</ele>
      </trkpt>
      <trkpt lat="46.708347" lon="23.210852">
        <ele>542.8</ele>
      </trkpt>
      <trkpt lat="46.708314" lon="23.211117">
        <ele>543.1</ele>
      </trkpt>
      <trkpt lat="46.707972" lon="23.211842">
        <ele>544.5</ele>
      </trkpt>
      <trkpt lat="46.707584" lon="23.212542">
        <ele>548.9</ele>
      </trkpt>
      <trkpt lat="46.706895" lon="23.213786">
        <ele>557.2</ele>
      </trkpt>
      <trkpt lat="46.706329" lon="23.214382">
        <ele>561.3</ele>
      </trkpt>
      <trkpt lat="46.706113" lon="23.214648">
        <ele>562.7</ele>
      </trkpt>
      <trkpt lat="46.705907" lon="23.214967">
        <ele>563.7</ele>
      </trkpt>
      <trkpt lat="46.705797" lon="23.215081">
        <ele>564.1</ele>
      </trkpt>
      <trkpt lat="46.705373" lon="23.215224">
        <ele>564.8</ele>
      </trkpt>
      <trkpt lat="46.70531" lon="23.21529">
        <ele>564.8</ele>
      </trkpt>
      <trkpt lat="46.705249" lon="23.215435">
        <ele>564.9</ele>
      </trkpt>
      <trkpt lat="46.705258" lon="23.215572">
        <ele>564.9</ele>
      </trkpt>
      <trkpt lat="46.70536" lon="23.215944">
        <ele>564.9</ele>
      </trkpt>
      <trkpt lat="46.705214" lon="23.217527">
        <ele>565.2</ele>
      </trkpt>
      <trkpt lat="46.705203" lon="23.219165">
        <ele>569.1</ele>
      </trkpt>
      <trkpt lat="46.705216" lon="23.219545">
        <ele>569.9</ele>
      </trkpt>
      <trkpt lat="46.70526" lon="23.219799">
        <ele>570.4</ele>
      </trkpt>
      <trkpt lat="46.705299" lon="23.220022">
        <ele>570.6</ele>
      </trkpt>
      <trkpt lat="46.705391" lon="23.220203">
        <ele>570.8</ele>
      </trkpt>
      <trkpt lat="46.705798" lon="23.22078">
        <ele>570.1</ele>
      </trkpt>
      <trkpt lat="46.705885" lon="23.22096">
        <ele>569.7</ele>
      </trkpt>
      <trkpt lat="46.706029" lon="23.221416">
        <ele>568.5</ele>
      </trkpt>
      <trkpt lat="46.706102" lon="23.221825">
        <ele>567.4</ele>
      </trkpt>
      <trkpt lat="46.706174" lon="23.222024">
        <ele>567</ele>
      </trkpt>
      <trkpt lat="46.706522" lon="23.222734">
        <ele>566.3</ele>
      </trkpt>
      <trkpt lat="46.706585" lon="23.222906">
        <ele>566.4</ele>
      </trkpt>
      <trkpt lat="46.706618" lon="23.223078">
        <ele>566.5</ele>
      </trkpt>
      <trkpt lat="46.706611" lon="23.223477">
        <ele>567.1</ele>
      </trkpt>
      <trkpt lat="46.706355" lon="23.225494">
        <ele>569.7</ele>
      </trkpt>
      <trkpt lat="46.706345" lon="23.225723">
        <ele>569.6</ele>
      </trkpt>
      <trkpt lat="46.706371" lon="23.225906">
        <ele>569.5</ele>
      </trkpt>
      <trkpt lat="46.706502" lon="23.226203">
        <ele>569</ele>
      </trkpt>
      <trkpt lat="46.706522" lon="23.226378">
        <ele>568.7</ele>
      </trkpt>
      <trkpt lat="46.706512" lon="23.226554">
        <ele>568.2</ele>
      </trkpt>
      <trkpt lat="46.706475" lon="23.226683">
        <ele>567.7</ele>
      </trkpt>
      <trkpt lat="46.70623" lon="23.227011">
        <ele>565.6</ele>
      </trkpt>
      <trkpt lat="46.706172" lon="23.227148">
        <ele>564.8</ele>
      </trkpt>
      <trkpt lat="46.706156" lon="23.227293">
        <ele>564.2</ele>
      </trkpt>
      <trkpt lat="46.706177" lon="23.22743">
        <ele>563.5</ele>
      </trkpt>
      <trkpt lat="46.70623" lon="23.227537">
        <ele>563</ele>
      </trkpt>
      <trkpt lat="46.706319" lon="23.227613">
        <ele>562.3</ele>
      </trkpt>
      <trkpt lat="46.706867" lon="23.227773">
        <ele>560</ele>
      </trkpt>
      <trkpt lat="46.707312" lon="23.22804">
        <ele>559.4</ele>
      </trkpt>
      <trkpt lat="46.707432" lon="23.228162">
        <ele>559.5</ele>
      </trkpt>
      <trkpt lat="46.707515" lon="23.228322">
        <ele>559.8</ele>
      </trkpt>
      <trkpt lat="46.707542" lon="23.22849">
        <ele>560.1</ele>
      </trkpt>
      <trkpt lat="46.707526" lon="23.228703">
        <ele>560.7</ele>
      </trkpt>
      <trkpt lat="46.70739" lon="23.229519">
        <ele>563.9</ele>
      </trkpt>
      <trkpt lat="46.707369" lon="23.229908">
        <ele>565.8</ele>
      </trkpt>
      <trkpt lat="46.70738" lon="23.230312">
        <ele>567.7</ele>
      </trkpt>
      <trkpt lat="46.707432" lon="23.230708">
        <ele>569.4</ele>
      </trkpt>
      <trkpt lat="46.707688" lon="23.232012">
        <ele>571.6</ele>
      </trkpt>
      <trkpt lat="46.707777" lon="23.232332">
        <ele>571.4</ele>
      </trkpt>
      <trkpt lat="46.707949" lon="23.232759">
        <ele>570.5</ele>
      </trkpt>
      <trkpt lat="46.708399" lon="23.233567">
        <ele>566.9</ele>
      </trkpt>
      <trkpt lat="46.708796" lon="23.234123">
        <ele>564.9</ele>
      </trkpt>
      <trkpt lat="46.70889" lon="23.234291">
        <ele>564.7</ele>
      </trkpt>
      <trkpt lat="46.708979" lon="23.23455">
        <ele>564.6</ele>
      </trkpt>
      <trkpt lat="46.709005" lon="23.234802">
        <ele>564.6</ele>
      </trkpt>
      <trkpt lat="46.70899" lon="23.235114">
        <ele>564.6</ele>
      </trkpt>
      <trkpt lat="46.708948" lon="23.235366">
        <ele>564.8</ele>
      </trkpt>
      <trkpt lat="46.708849" lon="23.235617">
        <ele>565.1</ele>
      </trkpt>
      <trkpt lat="46.708582" lon="23.23612">
        <ele>566.2</ele>
      </trkpt>
      <trkpt lat="46.708571" lon="23.236303">
        <ele>566.5</ele>
      </trkpt>
      <trkpt lat="46.708634" lon="23.236761">
        <ele>567.5</ele>
      </trkpt>
      <trkpt lat="46.708634" lon="23.236951">
        <ele>567.7</ele>
      </trkpt>
      <trkpt lat="46.708582" lon="23.237119">
        <ele>567.8</ele>
      </trkpt>
      <trkpt lat="46.708477" lon="23.237279">
        <ele>567.8</ele>
      </trkpt>
      <trkpt lat="46.708075" lon="23.237706">
        <ele>566.5</ele>
      </trkpt>
      <trkpt lat="46.707986" lon="23.237866">
        <ele>565.8</ele>
      </trkpt>
      <trkpt lat="46.70797" lon="23.23798">
        <ele>565.4</ele>
      </trkpt>
      <trkpt lat="46.707991" lon="23.238102">
        <ele>565</ele>
      </trkpt>
      <trkpt lat="46.708054" lon="23.238194">
        <ele>564.5</ele>
      </trkpt>
      <trkpt lat="46.708153" lon="23.23824">
        <ele>563.9</ele>
      </trkpt>
      <trkpt lat="46.708869" lon="23.23827">
        <ele>559.3</ele>
      </trkpt>
      <trkpt lat="46.708995" lon="23.238346">
        <ele>558.4</ele>
      </trkpt>
      <trkpt lat="46.709105" lon="23.238468">
        <ele>557.6</ele>
      </trkpt>
      <trkpt lat="46.709408" lon="23.239177">
        <ele>555.5</ele>
      </trkpt>
      <trkpt lat="46.709653" lon="23.239863">
        <ele>556.1</ele>
      </trkpt>
      <trkpt lat="46.71004" lon="23.240816">
        <ele>559.7</ele>
      </trkpt>
      <trkpt lat="46.710113" lon="23.241075">
        <ele>560.8</ele>
      </trkpt>
      <trkpt lat="46.710155" lon="23.241327">
        <ele>562</ele>
      </trkpt>
      <trkpt lat="46.710129" lon="23.241868">
        <ele>564.7</ele>
      </trkpt>
      <trkpt lat="46.710077" lon="23.242112">
        <ele>566.2</ele>
      </trkpt>
      <trkpt lat="46.709972" lon="23.242478">
        <ele>568.6</ele>
      </trkpt>
      <trkpt lat="46.709481" lon="23.243621">
        <ele>578.7</ele>
      </trkpt>
      <trkpt lat="46.709397" lon="23.243987">
        <ele>580.9</ele>
      </trkpt>
      <trkpt lat="46.709319" lon="23.244544">
        <ele>583</ele>
      </trkpt>
      <trkpt lat="46.709288" lon="23.244925">
        <ele>583.4</ele>
      </trkpt>
      <trkpt lat="46.709303" lon="23.245192">
        <ele>583.2</ele>
      </trkpt>
      <trkpt lat="46.70935" lon="23.245451">
        <ele>582.6</ele>
      </trkpt>
      <trkpt lat="46.709512" lon="23.245992">
        <ele>581.4</ele>
      </trkpt>
      <trkpt lat="46.709606" lon="23.246625">
        <ele>582.3</ele>
      </trkpt>
      <trkpt lat="46.709612" lon="23.246952">
        <ele>583.4</ele>
      </trkpt>
      <trkpt lat="46.709575" lon="23.247196">
        <ele>584.3</ele>
      </trkpt>
      <trkpt lat="46.709512" lon="23.247341">
        <ele>585</ele>
      </trkpt>
      <trkpt lat="46.709432" lon="23.247428">
        <ele>585.8</ele>
      </trkpt>
      <trkpt lat="46.708953" lon="23.247921">
        <ele>589</ele>
      </trkpt>
      <trkpt lat="46.708838" lon="23.248096">
        <ele>589.7</ele>
      </trkpt>
      <trkpt lat="46.708781" lon="23.248256">
        <ele>590.2</ele>
      </trkpt>
      <trkpt lat="46.70876" lon="23.248569">
        <ele>590.7</ele>
      </trkpt>
      <trkpt lat="46.708838" lon="23.24882">
        <ele>589.9</ele>
      </trkpt>
      <trkpt lat="46.709491" lon="23.249758">
        <ele>580.9</ele>
      </trkpt>
      <trkpt lat="46.709554" lon="23.249918">
        <ele>579.7</ele>
      </trkpt>
      <trkpt lat="46.709638" lon="23.250345">
        <ele>577.2</ele>
      </trkpt>
      <trkpt lat="46.709685" lon="23.250467">
        <ele>576.5</ele>
      </trkpt>
      <trkpt lat="46.709878" lon="23.250726">
        <ele>575.4</ele>
      </trkpt>
      <trkpt lat="46.710176" lon="23.251031">
        <ele>575.2</ele>
      </trkpt>
      <trkpt lat="46.710254" lon="23.251168">
        <ele>575.5</ele>
      </trkpt>
      <trkpt lat="46.710317" lon="23.251389">
        <ele>576.2</ele>
      </trkpt>
      <trkpt lat="46.710354" lon="23.251625">
        <ele>577</ele>
      </trkpt>
      <trkpt lat="46.710396" lon="23.25251">
        <ele>579.6</ele>
      </trkpt>
      <trkpt lat="46.710354" lon="23.252967">
        <ele>580.7</ele>
      </trkpt>
      <trkpt lat="46.710286" lon="23.253188">
        <ele>581.2</ele>
      </trkpt>
      <trkpt lat="46.710297" lon="23.255951">
        <ele>575.2</ele>
      </trkpt>
      <trkpt lat="46.710316" lon="23.256173">
        <ele>574.1</ele>
      </trkpt>
      <trkpt lat="46.710453" lon="23.256847">
        <ele>570.9</ele>
      </trkpt>
      <trkpt lat="46.71049" lon="23.257243">
        <ele>569.6</ele>
      </trkpt>
      <trkpt lat="46.710496" lon="23.257954">
        <ele>568.8</ele>
      </trkpt>
      <trkpt lat="46.710438" lon="23.258267">
        <ele>569.1</ele>
      </trkpt>
      <trkpt lat="46.710302" lon="23.258419">
        <ele>569.5</ele>
      </trkpt>
      <trkpt lat="46.709999" lon="23.258503">
        <ele>570.3</ele>
      </trkpt>
      <trkpt lat="46.709654" lon="23.258541">
        <ele>570.7</ele>
      </trkpt>
      <trkpt lat="46.709246" lon="23.258701">
        <ele>570.5</ele>
      </trkpt>
      <trkpt lat="46.709152" lon="23.258793">
        <ele>570.3</ele>
      </trkpt>
      <trkpt lat="46.7091" lon="23.258892">
        <ele>570.1</ele>
      </trkpt>
      <trkpt lat="46.709084" lon="23.259075">
        <ele>569.8</ele>
      </trkpt>
      <trkpt lat="46.709105" lon="23.259235">
        <ele>569.5</ele>
      </trkpt>
      <trkpt lat="46.709184" lon="23.259372">
        <ele>569.2</ele>
      </trkpt>
      <trkpt lat="46.709309" lon="23.259479">
        <ele>568.9</ele>
      </trkpt>
      <trkpt lat="46.709747" lon="23.259683">
        <ele>568.6</ele>
      </trkpt>
      <trkpt lat="46.709852" lon="23.259812">
        <ele>568.8</ele>
      </trkpt>
      <trkpt lat="46.709972" lon="23.260102">
        <ele>569.6</ele>
      </trkpt>
      <trkpt lat="46.710009" lon="23.260331">
        <ele>570.5</ele>
      </trkpt>
      <trkpt lat="46.710009" lon="23.260788">
        <ele>573.1</ele>
      </trkpt>
      <trkpt lat="46.709904" lon="23.262122">
        <ele>581.1</ele>
      </trkpt>
      <trkpt lat="46.70993" lon="23.262495">
        <ele>582.2</ele>
      </trkpt>
      <trkpt lat="46.710061" lon="23.263433">
        <ele>582.2</ele>
      </trkpt>
      <trkpt lat="46.7101" lon="23.263921">
        <ele>580.6</ele>
      </trkpt>
      <trkpt lat="46.710179" lon="23.264279">
        <ele>578.7</ele>
      </trkpt>
      <trkpt lat="46.71026" lon="23.264453">
        <ele>577.5</ele>
      </trkpt>
      <trkpt lat="46.710482" lon="23.264671">
        <ele>575.2</ele>
      </trkpt>
      <trkpt lat="46.710621" lon="23.264769">
        <ele>573.9</ele>
      </trkpt>
      <trkpt lat="46.711236" lon="23.264862">
        <ele>569.6</ele>
      </trkpt>
      <trkpt lat="46.711609" lon="23.264973">
        <ele>568.2</ele>
      </trkpt>
      <trkpt lat="46.711875" lon="23.26516">
        <ele>567.5</ele>
      </trkpt>
      <trkpt lat="46.711938" lon="23.265275">
        <ele>567.3</ele>
      </trkpt>
      <trkpt lat="46.711964" lon="23.265412">
        <ele>567.2</ele>
      </trkpt>
      <trkpt lat="46.711943" lon="23.265564">
        <ele>567.1</ele>
      </trkpt>
      <trkpt lat="46.711765" lon="23.266098">
        <ele>566.9</ele>
      </trkpt>
      <trkpt lat="46.711781" lon="23.266235">
        <ele>567</ele>
      </trkpt>
      <trkpt lat="46.711833" lon="23.266342">
        <ele>567</ele>
      </trkpt>
      <trkpt lat="46.711912" lon="23.266418">
        <ele>567.1</ele>
      </trkpt>
      <trkpt lat="46.712016" lon="23.266464">
        <ele>567.2</ele>
      </trkpt>
      <trkpt lat="46.712414" lon="23.266365">
        <ele>567.2</ele>
      </trkpt>
      <trkpt lat="46.71256" lon="23.266357">
        <ele>567</ele>
      </trkpt>
      <trkpt lat="46.713689" lon="23.266956">
        <ele>563.9</ele>
      </trkpt>
      <trkpt lat="46.714066" lon="23.26697">
        <ele>564</ele>
      </trkpt>
      <trkpt lat="46.714316" lon="23.266914">
        <ele>564.5</ele>
      </trkpt>
      <trkpt lat="46.714592" lon="23.266913">
        <ele>565.4</ele>
      </trkpt>
      <trkpt lat="46.714767" lon="23.266994">
        <ele>566.2</ele>
      </trkpt>
      <trkpt lat="46.714825" lon="23.267156">
        <ele>566.7</ele>
      </trkpt>
      <trkpt lat="46.714813" lon="23.267334">
        <ele>567.4</ele>
      </trkpt>
      <trkpt lat="46.714737" lon="23.26746">
        <ele>568.1</ele>
      </trkpt>
      <trkpt lat="46.714465" lon="23.267639">
        <ele>570.2</ele>
      </trkpt>
      <trkpt lat="46.71422" lon="23.267891">
        <ele>572.8</ele>
      </trkpt>
      <trkpt lat="46.713553" lon="23.268899">
        <ele>578.6</ele>
      </trkpt>
      <trkpt lat="46.713446" lon="23.26935">
        <ele>579.3</ele>
      </trkpt>
      <trkpt lat="46.713255" lon="23.270843">
        <ele>581.8</ele>
      </trkpt>
      <trkpt lat="46.713119" lon="23.271475">
        <ele>582.8</ele>
      </trkpt>
      <trkpt lat="46.712936" lon="23.271933">
        <ele>582.9</ele>
      </trkpt>
      <trkpt lat="46.71258" lon="23.272634">
        <ele>581.2</ele>
      </trkpt>
      <trkpt lat="46.712554" lon="23.272954">
        <ele>580.1</ele>
      </trkpt>
      <trkpt lat="46.712586" lon="23.273068">
        <ele>579.6</ele>
      </trkpt>
      <trkpt lat="46.712894" lon="23.273533">
        <ele>576.3</ele>
      </trkpt>
      <trkpt lat="46.713249" lon="23.274555">
        <ele>571.2</ele>
      </trkpt>
      <trkpt lat="46.713265" lon="23.274753">
        <ele>570.5</ele>
      </trkpt>
      <trkpt lat="46.71315" lon="23.275256">
        <ele>568.9</ele>
      </trkpt>
      <trkpt lat="46.713176" lon="23.275515">
        <ele>568.2</ele>
      </trkpt>
      <trkpt lat="46.713239" lon="23.275645">
        <ele>567.7</ele>
      </trkpt>
      <trkpt lat="46.713469" lon="23.275782">
        <ele>566.7</ele>
      </trkpt>
      <trkpt lat="46.713615" lon="23.275828">
        <ele>566.1</ele>
      </trkpt>
      <trkpt lat="46.713767" lon="23.27595">
        <ele>565.3</ele>
      </trkpt>
      <trkpt lat="46.713861" lon="23.276102">
        <ele>564.7</ele>
      </trkpt>
      <trkpt lat="46.714101" lon="23.276697">
        <ele>562.7</ele>
      </trkpt>
      <trkpt lat="46.7143" lon="23.277093">
        <ele>561.4</ele>
      </trkpt>
      <trkpt lat="46.714418" lon="23.277712">
        <ele>559.7</ele>
      </trkpt>
      <trkpt lat="46.714558" lon="23.277901">
        <ele>559.1</ele>
      </trkpt>
      <trkpt lat="46.714924" lon="23.278084">
        <ele>557.4</ele>
      </trkpt>
      <trkpt lat="46.715641" lon="23.278283">
        <ele>554.1</ele>
      </trkpt>
      <trkpt lat="46.716007" lon="23.278488">
        <ele>553.6</ele>
      </trkpt>
      <trkpt lat="46.71614" lon="23.27859">
        <ele>553.8</ele>
      </trkpt>
      <trkpt lat="46.716225" lon="23.278698">
        <ele>554.1</ele>
      </trkpt>
      <trkpt lat="46.716262" lon="23.278795">
        <ele>554.3</ele>
      </trkpt>
      <trkpt lat="46.716277" lon="23.278935">
        <ele>554.7</ele>
      </trkpt>
      <trkpt lat="46.716255" lon="23.279156">
        <ele>555.4</ele>
      </trkpt>
      <trkpt lat="46.716192" lon="23.279372">
        <ele>556.3</ele>
      </trkpt>
      <trkpt lat="46.716" lon="23.279733">
        <ele>558.2</ele>
      </trkpt>
      <trkpt lat="46.715804" lon="23.279976">
        <ele>559.8</ele>
      </trkpt>
      <trkpt lat="46.715538" lon="23.280433">
        <ele>562</ele>
      </trkpt>
      <trkpt lat="46.71549" lon="23.280563">
        <ele>562.3</ele>
      </trkpt>
      <trkpt lat="46.715493" lon="23.2808">
        <ele>562.6</ele>
      </trkpt>
      <trkpt lat="46.715626" lon="23.281021">
        <ele>562.4</ele>
      </trkpt>
      <trkpt lat="46.715711" lon="23.281075">
        <ele>562.1</ele>
      </trkpt>
      <trkpt lat="46.715852" lon="23.28108">
        <ele>561.6</ele>
      </trkpt>
      <trkpt lat="46.716473" lon="23.280886">
        <ele>558.3</ele>
      </trkpt>
      <trkpt lat="46.716842" lon="23.280719">
        <ele>556.8</ele>
      </trkpt>
      <trkpt lat="46.717533" lon="23.280202">
        <ele>557.1</ele>
      </trkpt>
      <trkpt lat="46.717689" lon="23.280196">
        <ele>557.7</ele>
      </trkpt>
      <trkpt lat="46.717759" lon="23.280228">
        <ele>558.1</ele>
      </trkpt>
      <trkpt lat="46.718138" lon="23.280558">
        <ele>560.6</ele>
      </trkpt>
      <trkpt lat="46.71835" lon="23.280841">
        <ele>562.2</ele>
      </trkpt>
      <trkpt lat="46.718598" lon="23.281299">
        <ele>564</ele>
      </trkpt>
      <trkpt lat="46.718716" lon="23.281455">
        <ele>564.5</ele>
      </trkpt>
      <trkpt lat="46.718901" lon="23.281593">
        <ele>564.9</ele>
      </trkpt>
      <trkpt lat="46.719278" lon="23.281954">
        <ele>565.3</ele>
      </trkpt>
      <trkpt lat="46.71964" lon="23.28245">
        <ele>565.1</ele>
      </trkpt>
      <trkpt lat="46.719858" lon="23.282558">
        <ele>564.7</ele>
      </trkpt>
      <trkpt lat="46.720645" lon="23.282773">
        <ele>563.4</ele>
      </trkpt>
      <trkpt lat="46.721214" lon="23.283075">
        <ele>561.7</ele>
      </trkpt>
      <trkpt lat="46.721785" lon="23.283292">
        <ele>558.7</ele>
      </trkpt>
      <trkpt lat="46.722263" lon="23.283458">
        <ele>556</ele>
      </trkpt>
      <trkpt lat="46.722648" lon="23.283663">
        <ele>554</ele>
      </trkpt>
      <trkpt lat="46.724355" lon="23.285129">
        <ele>548.6</ele>
      </trkpt>
      <trkpt lat="46.724817" lon="23.285441">
        <ele>545.7</ele>
      </trkpt>
      <trkpt lat="46.725338" lon="23.2857">
        <ele>543.6</ele>
      </trkpt>
      <trkpt lat="46.725659" lon="23.286067">
        <ele>543.5</ele>
      </trkpt>
      <trkpt lat="46.725844" lon="23.286368">
        <ele>544.4</ele>
      </trkpt>
      <trkpt lat="46.725921" lon="23.286703">
        <ele>545.6</ele>
      </trkpt>
      <trkpt lat="46.725929" lon="23.286929">
        <ele>546.5</ele>
      </trkpt>
      <trkpt lat="46.725914" lon="23.287145">
        <ele>547.4</ele>
      </trkpt>
      <trkpt lat="46.725848" lon="23.287403">
        <ele>548.4</ele>
      </trkpt>
      <trkpt lat="46.725619" lon="23.28812">
        <ele>550.5</ele>
      </trkpt>
      <trkpt lat="46.725637" lon="23.288357">
        <ele>550.8</ele>
      </trkpt>
      <trkpt lat="46.725685" lon="23.288433">
        <ele>550.9</ele>
      </trkpt>
      <trkpt lat="46.725796" lon="23.288525">
        <ele>551.1</ele>
      </trkpt>
      <trkpt lat="46.726117" lon="23.288746">
        <ele>551.4</ele>
      </trkpt>
      <trkpt lat="46.726206" lon="23.288875">
        <ele>551.6</ele>
      </trkpt>
      <trkpt lat="46.72625" lon="23.289004">
        <ele>551.6</ele>
      </trkpt>
      <trkpt lat="46.726265" lon="23.289161">
        <ele>551.7</ele>
      </trkpt>
      <trkpt lat="46.726254" lon="23.289338">
        <ele>551.6</ele>
      </trkpt>
      <trkpt lat="46.726173" lon="23.289716">
        <ele>551.6</ele>
      </trkpt>
      <trkpt lat="46.725903" lon="23.290292">
        <ele>551.7</ele>
      </trkpt>
      <trkpt lat="46.725873" lon="23.290416">
        <ele>551.8</ele>
      </trkpt>
      <trkpt lat="46.725866" lon="23.290578">
        <ele>551.9</ele>
      </trkpt>
      <trkpt lat="46.725896" lon="23.290724">
        <ele>552</ele>
      </trkpt>
      <trkpt lat="46.726077" lon="23.291176">
        <ele>551.9</ele>
      </trkpt>
      <trkpt lat="46.72611" lon="23.291381">
        <ele>551.6</ele>
      </trkpt>
      <trkpt lat="46.726043" lon="23.291743">
        <ele>550.6</ele>
      </trkpt>
      <trkpt lat="46.726014" lon="23.29226">
        <ele>548.4</ele>
      </trkpt>
      <trkpt lat="46.725903" lon="23.292925">
        <ele>545.3</ele>
      </trkpt>
      <trkpt lat="46.725842" lon="23.293114">
        <ele>544.4</ele>
      </trkpt>
      <trkpt lat="46.725702" lon="23.293416">
        <ele>543.1</ele>
      </trkpt>
      <trkpt lat="46.725417" lon="23.29396">
        <ele>541</ele>
      </trkpt>
      <trkpt lat="46.725321" lon="23.294095">
        <ele>540.5</ele>
      </trkpt>
      <trkpt lat="46.72521" lon="23.29417">
        <ele>540</ele>
      </trkpt>
      <trkpt lat="46.725087" lon="23.294189">
        <ele>539.6</ele>
      </trkpt>
      <trkpt lat="46.724407" lon="23.29413">
        <ele>537.9</ele>
      </trkpt>
      <trkpt lat="46.723972" lon="23.294219">
        <ele>537.8</ele>
      </trkpt>
      <trkpt lat="46.723747" lon="23.294231">
        <ele>537.6</ele>
      </trkpt>
      <trkpt lat="46.722759" lon="23.294095">
        <ele>534.4</ele>
      </trkpt>
      <trkpt lat="46.722594" lon="23.294202">
        <ele>534.1</ele>
      </trkpt>
      <trkpt lat="46.722516" lon="23.294304">
        <ele>534</ele>
      </trkpt>
      <trkpt lat="46.722254" lon="23.294988">
        <ele>534.1</ele>
      </trkpt>
      <trkpt lat="46.722229" lon="23.295171">
        <ele>534.3</ele>
      </trkpt>
      <trkpt lat="46.722255" lon="23.295293">
        <ele>534.5</ele>
      </trkpt>
      <trkpt lat="46.722443" lon="23.295568">
        <ele>535.4</ele>
      </trkpt>
      <trkpt lat="46.722773" lon="23.295941">
        <ele>538</ele>
      </trkpt>
      <trkpt lat="46.722929" lon="23.29604">
        <ele>539.2</ele>
      </trkpt>
      <trkpt lat="46.723306" lon="23.296162">
        <ele>541.8</ele>
      </trkpt>
      <trkpt lat="46.723478" lon="23.296261">
        <ele>542.7</ele>
      </trkpt>
      <trkpt lat="46.723912" lon="23.296742">
        <ele>544</ele>
      </trkpt>
      <trkpt lat="46.724821" lon="23.296864">
        <ele>544.1</ele>
      </trkpt>
      <trkpt lat="46.725067" lon="23.296924">
        <ele>544.7</ele>
      </trkpt>
      <trkpt lat="46.725166" lon="23.297008">
        <ele>545.1</ele>
      </trkpt>
      <trkpt lat="46.725244" lon="23.297222">
        <ele>545.8</ele>
      </trkpt>
      <trkpt lat="46.725265" lon="23.297412">
        <ele>546.5</ele>
      </trkpt>
      <trkpt lat="46.725255" lon="23.297794">
        <ele>547.9</ele>
      </trkpt>
      <trkpt lat="46.725328" lon="23.298251">
        <ele>549.8</ele>
      </trkpt>
      <trkpt lat="46.725293" lon="23.298749">
        <ele>552</ele>
      </trkpt>
      <trkpt lat="46.72533" lon="23.298879">
        <ele>552.6</ele>
      </trkpt>
      <trkpt lat="46.725565" lon="23.299351">
        <ele>554.6</ele>
      </trkpt>
      <trkpt lat="46.725903" lon="23.300332">
        <ele>554.1</ele>
      </trkpt>
      <trkpt lat="46.726146" lon="23.300868">
        <ele>551.5</ele>
      </trkpt>
      <trkpt lat="46.726306" lon="23.301154">
        <ele>549.3</ele>
      </trkpt>
      <trkpt lat="46.72645" lon="23.301272">
        <ele>547.6</ele>
      </trkpt>
      <trkpt lat="46.726648" lon="23.301308">
        <ele>545.3</ele>
      </trkpt>
      <trkpt lat="46.726858" lon="23.301244">
        <ele>542.5</ele>
      </trkpt>
      <trkpt lat="46.727205" lon="23.300808">
        <ele>535.7</ele>
      </trkpt>
      <trkpt lat="46.727446" lon="23.300604">
        <ele>531.7</ele>
      </trkpt>
      <trkpt lat="46.727785" lon="23.300484">
        <ele>527</ele>
      </trkpt>
      <trkpt lat="46.728019" lon="23.300475">
        <ele>524.1</ele>
      </trkpt>
      <trkpt lat="46.728134" lon="23.300489">
        <ele>522.8</ele>
      </trkpt>
      <trkpt lat="46.7282" lon="23.300532">
        <ele>522</ele>
      </trkpt>
      <trkpt lat="46.72982" lon="23.302991">
        <ele>506.4</ele>
      </trkpt>
      <trkpt lat="46.730463" lon="23.303801">
        <ele>506.7</ele>
      </trkpt>
      <trkpt lat="46.73055" lon="23.303868">
        <ele>506.8</ele>
      </trkpt>
      <trkpt lat="46.730709" lon="23.303873">
        <ele>506.6</ele>
      </trkpt>
      <trkpt lat="46.730965" lon="23.303625">
        <ele>505.7</ele>
      </trkpt>
      <trkpt lat="46.731119" lon="23.303601">
        <ele>504.8</ele>
      </trkpt>
      <trkpt lat="46.73118" lon="23.303622">
        <ele>504.4</ele>
      </trkpt>
      <trkpt lat="46.731261" lon="23.303711">
        <ele>503.7</ele>
      </trkpt>
      <trkpt lat="46.731318" lon="23.303823">
        <ele>503</ele>
      </trkpt>
      <trkpt lat="46.731351" lon="23.304011">
        <ele>502.1</ele>
      </trkpt>
      <trkpt lat="46.731369" lon="23.304912">
        <ele>497.1</ele>
      </trkpt>
      <trkpt lat="46.731412" lon="23.305092">
        <ele>496.2</ele>
      </trkpt>
      <trkpt lat="46.73145" lon="23.305223">
        <ele>495.6</ele>
      </trkpt>
      <trkpt lat="46.731678" lon="23.305451">
        <ele>494.2</ele>
      </trkpt>
      <trkpt lat="46.731881" lon="23.305567">
        <ele>493.7</ele>
      </trkpt>
      <trkpt lat="46.732039" lon="23.305618">
        <ele>493.7</ele>
      </trkpt>
      <trkpt lat="46.732202" lon="23.305655">
        <ele>493.9</ele>
      </trkpt>
      <trkpt lat="46.732362" lon="23.305652">
        <ele>494.3</ele>
      </trkpt>
      <trkpt lat="46.732607" lon="23.30554">
        <ele>495</ele>
      </trkpt>
      <trkpt lat="46.732881" lon="23.305309">
        <ele>495.3</ele>
      </trkpt>
      <trkpt lat="46.732963" lon="23.305274">
        <ele>495.2</ele>
      </trkpt>
      <trkpt lat="46.733031" lon="23.305263">
        <ele>495.2</ele>
      </trkpt>
      <trkpt lat="46.73316" lon="23.305339">
        <ele>494.8</ele>
      </trkpt>
      <trkpt lat="46.73319" lon="23.305416">
        <ele>494.5</ele>
      </trkpt>
      <trkpt lat="46.733204" lon="23.305575">
        <ele>494</ele>
      </trkpt>
      <trkpt lat="46.733173" lon="23.305719">
        <ele>493.3</ele>
      </trkpt>
      <trkpt lat="46.732614" lon="23.306959">
        <ele>482.8</ele>
      </trkpt>
      <trkpt lat="46.732507" lon="23.307254">
        <ele>480.7</ele>
      </trkpt>
      <trkpt lat="46.73248" lon="23.307436">
        <ele>479.7</ele>
      </trkpt>
      <trkpt lat="46.732482" lon="23.30761">
        <ele>478.9</ele>
      </trkpt>
      <trkpt lat="46.73252" lon="23.307817">
        <ele>478</ele>
      </trkpt>
      <trkpt lat="46.732616" lon="23.308034">
        <ele>477.1</ele>
      </trkpt>
      <trkpt lat="46.732728" lon="23.308168">
        <ele>476.4</ele>
      </trkpt>
      <trkpt lat="46.73287" lon="23.308265">
        <ele>475.7</ele>
      </trkpt>
      <trkpt lat="46.733168" lon="23.30841">
        <ele>474.2</ele>
      </trkpt>
      <trkpt lat="46.733296" lon="23.308608">
        <ele>473.2</ele>
      </trkpt>
      <trkpt lat="46.733298" lon="23.30886">
        <ele>472</ele>
      </trkpt>
      <trkpt lat="46.733272" lon="23.309002">
        <ele>471.2</ele>
      </trkpt>
      <trkpt lat="46.733104" lon="23.309546">
        <ele>467.5</ele>
      </trkpt>
      <trkpt lat="46.732811" lon="23.31064">
        <ele>458.1</ele>
      </trkpt>
      <trkpt lat="46.732743" lon="23.310947">
        <ele>455.3</ele>
      </trkpt>
      <trkpt lat="46.73271" lon="23.311426">
        <ele>451.1</ele>
      </trkpt>
      <trkpt lat="46.732675" lon="23.311909">
        <ele>447.8</ele>
      </trkpt>
      <trkpt lat="46.732591" lon="23.312334">
        <ele>445.8</ele>
      </trkpt>
      <trkpt lat="46.732385" lon="23.312919">
        <ele>444</ele>
      </trkpt>
      <trkpt lat="46.731964" lon="23.314065">
        <ele>446</ele>
      </trkpt>
      <trkpt lat="46.731675" lon="23.31473">
        <ele>451.1</ele>
      </trkpt>
      <trkpt lat="46.731246" lon="23.315314">
        <ele>456.6</ele>
      </trkpt>
      <trkpt lat="46.731017" lon="23.315754">
        <ele>459.6</ele>
      </trkpt>
      <trkpt lat="46.730632" lon="23.316761">
        <ele>463.1</ele>
      </trkpt>
      <trkpt lat="46.730533" lon="23.31712">
        <ele>463.2</ele>
      </trkpt>
      <trkpt lat="46.730493" lon="23.317391">
        <ele>463.1</ele>
      </trkpt>
      <trkpt lat="46.730497" lon="23.31786">
        <ele>462.7</ele>
      </trkpt>
      <trkpt lat="46.730529" lon="23.31808">
        <ele>462.6</ele>
      </trkpt>
      <trkpt lat="46.730727" lon="23.318861">
        <ele>462.3</ele>
      </trkpt>
      <trkpt lat="46.730743" lon="23.319064">
        <ele>462.4</ele>
      </trkpt>
      <trkpt lat="46.730727" lon="23.319237">
        <ele>462.6</ele>
      </trkpt>
      <trkpt lat="46.730675" lon="23.319411">
        <ele>462.8</ele>
      </trkpt>
      <trkpt lat="46.730374" lon="23.320123">
        <ele>464.9</ele>
      </trkpt>
      <trkpt lat="46.73035" lon="23.320279">
        <ele>465.5</ele>
      </trkpt>
      <trkpt lat="46.730357" lon="23.320961">
        <ele>468.1</ele>
      </trkpt>
      <trkpt lat="46.730358" lon="23.32121">
        <ele>469.1</ele>
      </trkpt>
      <trkpt lat="46.730307" lon="23.322275">
        <ele>471.8</ele>
      </trkpt>
      <trkpt lat="46.730366" lon="23.323027">
        <ele>472</ele>
      </trkpt>
      <trkpt lat="46.730568" lon="23.324283">
        <ele>470.5</ele>
      </trkpt>
      <trkpt lat="46.730841" lon="23.325573">
        <ele>469.9</ele>
      </trkpt>
      <trkpt lat="46.730863" lon="23.325667">
        <ele>469.9</ele>
      </trkpt>
      <trkpt lat="46.731135" lon="23.326805">
        <ele>470.5</ele>
      </trkpt>
      <trkpt lat="46.731151" lon="23.326985">
        <ele>470.5</ele>
      </trkpt>
      <trkpt lat="46.731135" lon="23.327315">
        <ele>470.5</ele>
      </trkpt>
      <trkpt lat="46.730886" lon="23.328402">
        <ele>468.5</ele>
      </trkpt>
      <trkpt lat="46.73089" lon="23.328559">
        <ele>468</ele>
      </trkpt>
      <trkpt lat="46.731088" lon="23.329808">
        <ele>463.7</ele>
      </trkpt>
      <trkpt lat="46.731108" lon="23.330063">
        <ele>462.9</ele>
      </trkpt>
      <trkpt lat="46.73108" lon="23.330364">
        <ele>462.1</ele>
      </trkpt>
      <trkpt lat="46.730763" lon="23.331215">
        <ele>460.5</ele>
      </trkpt>
      <trkpt lat="46.730714" lon="23.331501">
        <ele>460.2</ele>
      </trkpt>
      <trkpt lat="46.730735" lon="23.331668">
        <ele>460.1</ele>
      </trkpt>
      <trkpt lat="46.731065" lon="23.333072">
        <ele>459.8</ele>
      </trkpt>
      <trkpt lat="46.731238" lon="23.334252">
        <ele>460</ele>
      </trkpt>
      <trkpt lat="46.731283" lon="23.334716">
        <ele>460.4</ele>
      </trkpt>
      <trkpt lat="46.731344" lon="23.336033">
        <ele>462</ele>
      </trkpt>
      <trkpt lat="46.731314" lon="23.337805">
        <ele>463.5</ele>
      </trkpt>
      <trkpt lat="46.731376" lon="23.338415">
        <ele>463.3</ele>
      </trkpt>
      <trkpt lat="46.731386" lon="23.338488">
        <ele>463.3</ele>
      </trkpt>
      <trkpt lat="46.731418" lon="23.338744">
        <ele>463.1</ele>
      </trkpt>
      <trkpt lat="46.731413" lon="23.338928">
        <ele>462.9</ele>
      </trkpt>
      <trkpt lat="46.731231" lon="23.339824">
        <ele>461.7</ele>
      </trkpt>
      <trkpt lat="46.731372" lon="23.340722">
        <ele>460.6</ele>
      </trkpt>
      <trkpt lat="46.731355" lon="23.341451">
        <ele>459.6</ele>
      </trkpt>
      <trkpt lat="46.731398" lon="23.341905">
        <ele>459.1</ele>
      </trkpt>
      <trkpt lat="46.731453" lon="23.342076">
        <ele>459</ele>
      </trkpt>
      <trkpt lat="46.73154" lon="23.342177">
        <ele>458.9</ele>
      </trkpt>
      <trkpt lat="46.731815" lon="23.342241">
        <ele>458.6</ele>
      </trkpt>
      <trkpt lat="46.731947" lon="23.342374">
        <ele>458.5</ele>
      </trkpt>
      <trkpt lat="46.732001" lon="23.342503">
        <ele>458.5</ele>
      </trkpt>
      <trkpt lat="46.732048" lon="23.342849">
        <ele>458.4</ele>
      </trkpt>
      <trkpt lat="46.732056" lon="23.343409">
        <ele>458.4</ele>
      </trkpt>
      <trkpt lat="46.732078" lon="23.343591">
        <ele>458.4</ele>
      </trkpt>
      <trkpt lat="46.732277" lon="23.344504">
        <ele>458.9</ele>
      </trkpt>
      <trkpt lat="46.732314" lon="23.344814">
        <ele>459.1</ele>
      </trkpt>
      <trkpt lat="46.732318" lon="23.345112">
        <ele>459.2</ele>
      </trkpt>
      <trkpt lat="46.732218" lon="23.345793">
        <ele>459.3</ele>
      </trkpt>
      <trkpt lat="46.732028" lon="23.346438">
        <ele>459.2</ele>
      </trkpt>
      <trkpt lat="46.731889" lon="23.346716">
        <ele>459.3</ele>
      </trkpt>
      <trkpt lat="46.731619" lon="23.347081">
        <ele>459.5</ele>
      </trkpt>
      <trkpt lat="46.731438" lon="23.347436">
        <ele>459.9</ele>
      </trkpt>
      <trkpt lat="46.730918" lon="23.348962">
        <ele>461.8</ele>
      </trkpt>
      <trkpt lat="46.730907" lon="23.349145">
        <ele>461.6</ele>
      </trkpt>
      <trkpt lat="46.730926" lon="23.349412">
        <ele>460.9</ele>
      </trkpt>
      <trkpt lat="46.731009" lon="23.35003">
        <ele>457.5</ele>
      </trkpt>
      <trkpt lat="46.731044" lon="23.350163">
        <ele>456.4</ele>
      </trkpt>
      <trkpt lat="46.731148" lon="23.350355">
        <ele>454.5</ele>
      </trkpt>
      <trkpt lat="46.731269" lon="23.350424">
        <ele>453.1</ele>
      </trkpt>
      <trkpt lat="46.731921" lon="23.350462">
        <ele>445.8</ele>
      </trkpt>
      <trkpt lat="46.732123" lon="23.350506">
        <ele>443.3</ele>
      </trkpt>
      <trkpt lat="46.732235" lon="23.350594">
        <ele>441.9</ele>
      </trkpt>
      <trkpt lat="46.732314" lon="23.350725">
        <ele>440.6</ele>
      </trkpt>
      <trkpt lat="46.732733" lon="23.352187">
        <ele>433.8</ele>
      </trkpt>
      <trkpt lat="46.733126" lon="23.353422">
        <ele>430.2</ele>
      </trkpt>
      <trkpt lat="46.733291" lon="23.353776">
        <ele>429</ele>
      </trkpt>
      <trkpt lat="46.73355" lon="23.35412">
        <ele>427.7</ele>
      </trkpt>
      <trkpt lat="46.734012" lon="23.354552">
        <ele>426.3</ele>
      </trkpt>
      <trkpt lat="46.734187" lon="23.354796">
        <ele>426.2</ele>
      </trkpt>
      <trkpt lat="46.73424" lon="23.35493">
        <ele>426.3</ele>
      </trkpt>
      <trkpt lat="46.734259" lon="23.355092">
        <ele>426.4</ele>
      </trkpt>
      <trkpt lat="46.734246" lon="23.355243">
        <ele>426.5</ele>
      </trkpt>
      <trkpt lat="46.734213" lon="23.355414">
        <ele>426.7</ele>
      </trkpt>
      <trkpt lat="46.734084" lon="23.355746">
        <ele>427.1</ele>
      </trkpt>
      <trkpt lat="46.733874" lon="23.356314">
        <ele>427.9</ele>
      </trkpt>
      <trkpt lat="46.733875" lon="23.356578">
        <ele>428.4</ele>
      </trkpt>
      <trkpt lat="46.733921" lon="23.3568">
        <ele>428.8</ele>
      </trkpt>
      <trkpt lat="46.734275" lon="23.358026">
        <ele>430.1</ele>
      </trkpt>
      <trkpt lat="46.734317" lon="23.358211">
        <ele>429.8</ele>
      </trkpt>
      <trkpt lat="46.734326" lon="23.358368">
        <ele>429.6</ele>
      </trkpt>
      <trkpt lat="46.734312" lon="23.358515">
        <ele>429.4</ele>
      </trkpt>
      <trkpt lat="46.734263" lon="23.358699">
        <ele>429.1</ele>
      </trkpt>
      <trkpt lat="46.734183" lon="23.358884">
        <ele>428.7</ele>
      </trkpt>
      <trkpt lat="46.734064" lon="23.359045">
        <ele>428.2</ele>
      </trkpt>
      <trkpt lat="46.733941" lon="23.359174">
        <ele>427.7</ele>
      </trkpt>
      <trkpt lat="46.733834" lon="23.359234">
        <ele>427.4</ele>
      </trkpt>
      <trkpt lat="46.733461" lon="23.359364">
        <ele>426.3</ele>
      </trkpt>
      <trkpt lat="46.733379" lon="23.359419">
        <ele>426.1</ele>
      </trkpt>
      <trkpt lat="46.733294" lon="23.359539">
        <ele>425.8</ele>
      </trkpt>
      <trkpt lat="46.733169" lon="23.359728">
        <ele>425.5</ele>
      </trkpt>
      <trkpt lat="46.732836" lon="23.360322">
        <ele>424.7</ele>
      </trkpt>
      <trkpt lat="46.732797" lon="23.360391">
        <ele>424.7</ele>
      </trkpt>
      <trkpt lat="46.732763" lon="23.360529">
        <ele>424.5</ele>
      </trkpt>
      <trkpt lat="46.73277" lon="23.360799">
        <ele>424.3</ele>
      </trkpt>
      <trkpt lat="46.732802" lon="23.361023">
        <ele>424.1</ele>
      </trkpt>
      <trkpt lat="46.732847" lon="23.361226">
        <ele>424.1</ele>
      </trkpt>
      <trkpt lat="46.732908" lon="23.361382">
        <ele>424.1</ele>
      </trkpt>
      <trkpt lat="46.732738" lon="23.361417">
        <ele>424.2</ele>
      </trkpt>
      <trkpt lat="46.732285" lon="23.36162">
        <ele>424.6</ele>
      </trkpt>
      <trkpt lat="46.731251" lon="23.362166">
        <ele>424.6</ele>
      </trkpt>
      <trkpt lat="46.730569" lon="23.362413">
        <ele>424.8</ele>
      </trkpt>
      <trkpt lat="46.730222" lon="23.362642">
        <ele>425</ele>
      </trkpt>
      <trkpt lat="46.729829" lon="23.362972">
        <ele>425.3</ele>
      </trkpt>
      <trkpt lat="46.729184" lon="23.36329">
        <ele>426.2</ele>
      </trkpt>
      <trkpt lat="46.728366" lon="23.363489">
        <ele>427.2</ele>
      </trkpt>
      <trkpt lat="46.727865" lon="23.363554">
        <ele>428</ele>
      </trkpt>
      <trkpt lat="46.726751" lon="23.363708">
        <ele>429.4</ele>
      </trkpt>
      <trkpt lat="46.72665" lon="23.363697">
        <ele>429.6</ele>
      </trkpt>
      <trkpt lat="46.726294" lon="23.363509">
        <ele>430.2</ele>
      </trkpt>
      <trkpt lat="46.725903" lon="23.363222">
        <ele>431.1</ele>
      </trkpt>
      <trkpt lat="46.725635" lon="23.363023">
        <ele>431.8</ele>
      </trkpt>
      <trkpt lat="46.725109" lon="23.362512">
        <ele>434</ele>
      </trkpt>
      <trkpt lat="46.72486" lon="23.362102">
        <ele>435.6</ele>
      </trkpt>
      <trkpt lat="46.724541" lon="23.361266">
        <ele>438.9</ele>
      </trkpt>
      <trkpt lat="46.724305" lon="23.360923">
        <ele>440.6</ele>
      </trkpt>
      <trkpt lat="46.723061" lon="23.359805">
        <ele>446.6</ele>
      </trkpt>
      <trkpt lat="46.722684" lon="23.359384">
        <ele>447.2</ele>
      </trkpt>
      <trkpt lat="46.722254" lon="23.358782">
        <ele>447</ele>
      </trkpt>
      <trkpt lat="46.721742" lon="23.358268">
        <ele>447.5</ele>
      </trkpt>
      <trkpt lat="46.721348" lon="23.357886">
        <ele>448.5</ele>
      </trkpt>
      <trkpt lat="46.721114" lon="23.357657">
        <ele>449.3</ele>
      </trkpt>
      <trkpt lat="46.720946" lon="23.357437">
        <ele>450.2</ele>
      </trkpt>
      <trkpt lat="46.720042" lon="23.355949">
        <ele>455.6</ele>
      </trkpt>
      <trkpt lat="46.719944" lon="23.355888">
        <ele>455.7</ele>
      </trkpt>
      <trkpt lat="46.719762" lon="23.355847">
        <ele>455.7</ele>
      </trkpt>
      <trkpt lat="46.719485" lon="23.355727">
        <ele>455.6</ele>
      </trkpt>
      <trkpt lat="46.719391" lon="23.355625">
        <ele>455.4</ele>
      </trkpt>
      <trkpt lat="46.719301" lon="23.355483">
        <ele>455.2</ele>
      </trkpt>
      <trkpt lat="46.719069" lon="23.354862">
        <ele>454.2</ele>
      </trkpt>
      <trkpt lat="46.718922" lon="23.354544">
        <ele>453.5</ele>
      </trkpt>
      <trkpt lat="46.71878" lon="23.354437">
        <ele>453</ele>
      </trkpt>
      <trkpt lat="46.718354" lon="23.35431">
        <ele>451.8</ele>
      </trkpt>
      <trkpt lat="46.718203" lon="23.354227">
        <ele>451.4</ele>
      </trkpt>
      <trkpt lat="46.718107" lon="23.354139">
        <ele>451.2</ele>
      </trkpt>
      <trkpt lat="46.718024" lon="23.353994">
        <ele>451</ele>
      </trkpt>
      <trkpt lat="46.717077" lon="23.351785">
        <ele>448.1</ele>
      </trkpt>
      <trkpt lat="46.716746" lon="23.351129">
        <ele>447.9</ele>
      </trkpt>
      <trkpt lat="46.715624" lon="23.349749">
        <ele>449.2</ele>
      </trkpt>
      <trkpt lat="46.714155" lon="23.348686">
        <ele>451.8</ele>
      </trkpt>
      <trkpt lat="46.713973" lon="23.348516">
        <ele>452.5</ele>
      </trkpt>
      <trkpt lat="46.713727" lon="23.34806">
        <ele>453.8</ele>
      </trkpt>
      <trkpt lat="46.713225" lon="23.346439">
        <ele>459.1</ele>
      </trkpt>
      <trkpt lat="46.713099" lon="23.345978">
        <ele>460.4</ele>
      </trkpt>
      <trkpt lat="46.713025" lon="23.345364">
        <ele>461.7</ele>
      </trkpt>
      <trkpt lat="46.712912" lon="23.344727">
        <ele>462.1</ele>
      </trkpt>
      <trkpt lat="46.712781" lon="23.344236">
        <ele>461.8</ele>
      </trkpt>
      <trkpt lat="46.712635" lon="23.343842">
        <ele>461.1</ele>
      </trkpt>
      <trkpt lat="46.712566" lon="23.343685">
        <ele>460.6</ele>
      </trkpt>
      <trkpt lat="46.712454" lon="23.343524">
        <ele>459.9</ele>
      </trkpt>
      <trkpt lat="46.71176" lon="23.342735">
        <ele>455.2</ele>
      </trkpt>
      <trkpt lat="46.711622" lon="23.342482">
        <ele>454.2</ele>
      </trkpt>
      <trkpt lat="46.711589" lon="23.342377">
        <ele>453.8</ele>
      </trkpt>
      <trkpt lat="46.711539" lon="23.342074">
        <ele>453</ele>
      </trkpt>
      <trkpt lat="46.711488" lon="23.341241">
        <ele>451.1</ele>
      </trkpt>
      <trkpt lat="46.711422" lon="23.340729">
        <ele>450.5</ele>
      </trkpt>
      <trkpt lat="46.711336" lon="23.340399">
        <ele>450.3</ele>
      </trkpt>
      <trkpt lat="46.711182" lon="23.339966">
        <ele>450.2</ele>
      </trkpt>
      <trkpt lat="46.711058" lon="23.339653">
        <ele>450.2</ele>
      </trkpt>
      <trkpt lat="46.710796" lon="23.339122">
        <ele>450.6</ele>
      </trkpt>
      <trkpt lat="46.710586" lon="23.338784">
        <ele>451.1</ele>
      </trkpt>
      <trkpt lat="46.710315" lon="23.338504">
        <ele>451.7</ele>
      </trkpt>
      <trkpt lat="46.709476" lon="23.337789">
        <ele>454.6</ele>
      </trkpt>
      <trkpt lat="46.70894" lon="23.337211">
        <ele>456.5</ele>
      </trkpt>
      <trkpt lat="46.708483" lon="23.336688">
        <ele>457.4</ele>
      </trkpt>
      <trkpt lat="46.708043" lon="23.336187">
        <ele>457.5</ele>
      </trkpt>
      <trkpt lat="46.706966" lon="23.335382">
        <ele>456.6</ele>
      </trkpt>
      <trkpt lat="46.706714" lon="23.335106">
        <ele>456.6</ele>
      </trkpt>
      <trkpt lat="46.70624" lon="23.334349">
        <ele>457.1</ele>
      </trkpt>
      <trkpt lat="46.704233" lon="23.331855">
        <ele>461.9</ele>
      </trkpt>
      <trkpt lat="46.703907" lon="23.331304">
        <ele>463.5</ele>
      </trkpt>
      <trkpt lat="46.703357" lon="23.330168">
        <ele>465.6</ele>
      </trkpt>
      <trkpt lat="46.703226" lon="23.329919">
        <ele>465.7</ele>
      </trkpt>
      <trkpt lat="46.702472" lon="23.328314">
        <ele>465.6</ele>
      </trkpt>
      <trkpt lat="46.702338" lon="23.328098">
        <ele>465.8</ele>
      </trkpt>
      <trkpt lat="46.702044" lon="23.327726">
        <ele>466.5</ele>
      </trkpt>
      <trkpt lat="46.701286" lon="23.327076">
        <ele>469.4</ele>
      </trkpt>
      <trkpt lat="46.700867" lon="23.32646">
        <ele>473</ele>
      </trkpt>
      <trkpt lat="46.700526" lon="23.325864">
        <ele>478.7</ele>
      </trkpt>
      <trkpt lat="46.700283" lon="23.3254">
        <ele>484.3</ele>
      </trkpt>
      <trkpt lat="46.699868" lon="23.324429">
        <ele>493.3</ele>
      </trkpt>
      <trkpt lat="46.699815" lon="23.324211">
        <ele>494.7</ele>
      </trkpt>
      <trkpt lat="46.699787" lon="23.324038">
        <ele>495.7</ele>
      </trkpt>
      <trkpt lat="46.699784" lon="23.32379">
        <ele>497</ele>
      </trkpt>
      <trkpt lat="46.699805" lon="23.322896">
        <ele>499.2</ele>
      </trkpt>
      <trkpt lat="46.69979" lon="23.322705">
        <ele>499</ele>
      </trkpt>
      <trkpt lat="46.699745" lon="23.322499">
        <ele>498.7</ele>
      </trkpt>
      <trkpt lat="46.699613" lon="23.322246">
        <ele>497.9</ele>
      </trkpt>
      <trkpt lat="46.699466" lon="23.322098">
        <ele>497.3</ele>
      </trkpt>
      <trkpt lat="46.699085" lon="23.321805">
        <ele>495.5</ele>
      </trkpt>
      <trkpt lat="46.698944" lon="23.321506">
        <ele>494.4</ele>
      </trkpt>
      <trkpt lat="46.698905" lon="23.321299">
        <ele>493.7</ele>
      </trkpt>
      <trkpt lat="46.698917" lon="23.320976">
        <ele>492.5</ele>
      </trkpt>
      <trkpt lat="46.698955" lon="23.320789">
        <ele>491.8</ele>
      </trkpt>
      <trkpt lat="46.699062" lon="23.320523">
        <ele>490.7</ele>
      </trkpt>
      <trkpt lat="46.69912" lon="23.320264">
        <ele>489.8</ele>
      </trkpt>
      <trkpt lat="46.699125" lon="23.320113">
        <ele>489.4</ele>
      </trkpt>
      <trkpt lat="46.699093" lon="23.319937">
        <ele>488.9</ele>
      </trkpt>
      <trkpt lat="46.698997" lon="23.319667">
        <ele>488.2</ele>
      </trkpt>
      <trkpt lat="46.698858" lon="23.319503">
        <ele>487.8</ele>
      </trkpt>
      <trkpt lat="46.698556" lon="23.319332">
        <ele>487.5</ele>
      </trkpt>
      <trkpt lat="46.697728" lon="23.319214">
        <ele>488.3</ele>
      </trkpt>
      <trkpt lat="46.697443" lon="23.319152">
        <ele>488.6</ele>
      </trkpt>
      <trkpt lat="46.697198" lon="23.319046">
        <ele>488.6</ele>
      </trkpt>
      <trkpt lat="46.696571" lon="23.318323">
        <ele>487.5</ele>
      </trkpt>
      <trkpt lat="46.695402" lon="23.316274">
        <ele>482</ele>
      </trkpt>
      <trkpt lat="46.695087" lon="23.315608">
        <ele>481.1</ele>
      </trkpt>
      <trkpt lat="46.694857" lon="23.314917">
        <ele>480.8</ele>
      </trkpt>
      <trkpt lat="46.694812" lon="23.314683">
        <ele>480.8</ele>
      </trkpt>
      <trkpt lat="46.694774" lon="23.313793">
        <ele>481.1</ele>
      </trkpt>
      <trkpt lat="46.694653" lon="23.31322">
        <ele>481.5</ele>
      </trkpt>
      <trkpt lat="46.694509" lon="23.312753">
        <ele>481.9</ele>
      </trkpt>
      <trkpt lat="46.693966" lon="23.311488">
        <ele>483.4</ele>
      </trkpt>
      <trkpt lat="46.692799" lon="23.308961">
        <ele>486.9</ele>
      </trkpt>
      <trkpt lat="46.69255" lon="23.308779">
        <ele>487.1</ele>
      </trkpt>
      <trkpt lat="46.692422" lon="23.30877">
        <ele>487.2</ele>
      </trkpt>
      <trkpt lat="46.692161" lon="23.308834">
        <ele>487.4</ele>
      </trkpt>
      <trkpt lat="46.69207" lon="23.308807">
        <ele>487.5</ele>
      </trkpt>
      <trkpt lat="46.691994" lon="23.308734">
        <ele>487.6</ele>
      </trkpt>
      <trkpt lat="46.691935" lon="23.308628">
        <ele>487.8</ele>
      </trkpt>
      <trkpt lat="46.691589" lon="23.307633">
        <ele>489.8</ele>
      </trkpt>
      <trkpt lat="46.690611" lon="23.305011">
        <ele>504.8</ele>
      </trkpt>
      <trkpt lat="46.690393" lon="23.304228">
        <ele>509.9</ele>
      </trkpt>
      <trkpt lat="46.690189" lon="23.303185">
        <ele>513.7</ele>
      </trkpt>
      <trkpt lat="46.690175" lon="23.302943">
        <ele>513.9</ele>
      </trkpt>
      <trkpt lat="46.690237" lon="23.302679">
        <ele>513.7</ele>
      </trkpt>
      <trkpt lat="46.690377" lon="23.302403">
        <ele>513</ele>
      </trkpt>
      <trkpt lat="46.691212" lon="23.301401">
        <ele>507</ele>
      </trkpt>
      <trkpt lat="46.691291" lon="23.301205">
        <ele>506.4</ele>
      </trkpt>
      <trkpt lat="46.691336" lon="23.300981">
        <ele>505.9</ele>
      </trkpt>
      <trkpt lat="46.691354" lon="23.300672">
        <ele>505.7</ele>
      </trkpt>
      <trkpt lat="46.691325" lon="23.300395">
        <ele>505.7</ele>
      </trkpt>
      <trkpt lat="46.691241" lon="23.299846">
        <ele>506.5</ele>
      </trkpt>
      <trkpt lat="46.691076" lon="23.299258">
        <ele>508</ele>
      </trkpt>
      <trkpt lat="46.690883" lon="23.298671">
        <ele>509.5</ele>
      </trkpt>
      <trkpt lat="46.690664" lon="23.298115">
        <ele>510.3</ele>
      </trkpt>
      <trkpt lat="46.690175" lon="23.296498">
        <ele>512.4</ele>
      </trkpt>
      <trkpt lat="46.69004" lon="23.296174">
        <ele>513.6</ele>
      </trkpt>
      <trkpt lat="46.689895" lon="23.295942">
        <ele>514.8</ele>
      </trkpt>
      <trkpt lat="46.689642" lon="23.295667">
        <ele>516.9</ele>
      </trkpt>
      <trkpt lat="46.688809" lon="23.29486">
        <ele>523.8</ele>
      </trkpt>
      <trkpt lat="46.688492" lon="23.294254">
        <ele>526.3</ele>
      </trkpt>
      <trkpt lat="46.688219" lon="23.293644">
        <ele>527.7</ele>
      </trkpt>
      <trkpt lat="46.687946" lon="23.293173">
        <ele>528.1</ele>
      </trkpt>
      <trkpt lat="46.687645" lon="23.292764">
        <ele>528.1</ele>
      </trkpt>
      <trkpt lat="46.6868" lon="23.291482">
        <ele>525</ele>
      </trkpt>
      <trkpt lat="46.686674" lon="23.291252">
        <ele>524.1</ele>
      </trkpt>
      <trkpt lat="46.686592" lon="23.290784">
        <ele>522.4</ele>
      </trkpt>
      <trkpt lat="46.686555" lon="23.290098">
        <ele>519.6</ele>
      </trkpt>
      <trkpt lat="46.686476" lon="23.289903">
        <ele>518.7</ele>
      </trkpt>
      <trkpt lat="46.686208" lon="23.289463">
        <ele>516.4</ele>
      </trkpt>
      <trkpt lat="46.686149" lon="23.289312">
        <ele>516.1</ele>
      </trkpt>
      <trkpt lat="46.686035" lon="23.288374">
        <ele>516.4</ele>
      </trkpt>
      <trkpt lat="46.685998" lon="23.288194">
        <ele>516.9</ele>
      </trkpt>
      <trkpt lat="46.685886" lon="23.287862">
        <ele>517.9</ele>
      </trkpt>
      <trkpt lat="46.685615" lon="23.286823">
        <ele>522.2</ele>
      </trkpt>
      <trkpt lat="46.685592" lon="23.285864">
        <ele>525.1</ele>
      </trkpt>
      <trkpt lat="46.685564" lon="23.285525">
        <ele>525.3</ele>
      </trkpt>
      <trkpt lat="46.685424" lon="23.284793">
        <ele>524.3</ele>
      </trkpt>
      <trkpt lat="46.685367" lon="23.284213">
        <ele>523.1</ele>
      </trkpt>
      <trkpt lat="46.685331" lon="23.283005">
        <ele>522</ele>
      </trkpt>
      <trkpt lat="46.685143" lon="23.281335">
        <ele>521.8</ele>
      </trkpt>
      <trkpt lat="46.685095" lon="23.279901">
        <ele>522.3</ele>
      </trkpt>
      <trkpt lat="46.685096" lon="23.279042">
        <ele>523.3</ele>
      </trkpt>
      <trkpt lat="46.685122" lon="23.278753">
        <ele>523.9</ele>
      </trkpt>
      <trkpt lat="46.685236" lon="23.278278">
        <ele>525.3</ele>
      </trkpt>
      <trkpt lat="46.685492" lon="23.277798">
        <ele>527</ele>
      </trkpt>
      <trkpt lat="46.685848" lon="23.277407">
        <ele>527.7</ele>
      </trkpt>
      <trkpt lat="46.686165" lon="23.277055">
        <ele>527.9</ele>
      </trkpt>
      <trkpt lat="46.686237" lon="23.27691">
        <ele>527.9</ele>
      </trkpt>
      <trkpt lat="46.686275" lon="23.276647">
        <ele>527.9</ele>
      </trkpt>
      <trkpt lat="46.686241" lon="23.276412">
        <ele>527.7</ele>
      </trkpt>
      <trkpt lat="46.686051" lon="23.27559">
        <ele>527</ele>
      </trkpt>
      <trkpt lat="46.685947" lon="23.275244">
        <ele>526.7</ele>
      </trkpt>
      <trkpt lat="46.685777" lon="23.274839">
        <ele>526.9</ele>
      </trkpt>
      <trkpt lat="46.685427" lon="23.274114">
        <ele>528.3</ele>
      </trkpt>
      <trkpt lat="46.685128" lon="23.273276">
        <ele>530.6</ele>
      </trkpt>
      <trkpt lat="46.684993" lon="23.272967">
        <ele>531.7</ele>
      </trkpt>
      <trkpt lat="46.684831" lon="23.272634">
        <ele>532.9</ele>
      </trkpt>
      <trkpt lat="46.68416" lon="23.271459">
        <ele>536</ele>
      </trkpt>
      <trkpt lat="46.684138" lon="23.27142">
        <ele>536.1</ele>
      </trkpt>
      <trkpt lat="46.683891" lon="23.270939">
        <ele>536.4</ele>
      </trkpt>
      <trkpt lat="46.68372" lon="23.270498">
        <ele>536.5</ele>
      </trkpt>
      <trkpt lat="46.682706" lon="23.266964">
        <ele>534.4</ele>
      </trkpt>
      <trkpt lat="46.682623" lon="23.266743">
        <ele>534.6</ele>
      </trkpt>
      <trkpt lat="46.682269" lon="23.266084">
        <ele>535.2</ele>
      </trkpt>
      <trkpt lat="46.681771" lon="23.265041">
        <ele>536</ele>
      </trkpt>
      <trkpt lat="46.681138" lon="23.264368">
        <ele>535.9</ele>
      </trkpt>
      <trkpt lat="46.680647" lon="23.26389">
        <ele>536.1</ele>
      </trkpt>
      <trkpt lat="46.680555" lon="23.263738">
        <ele>536.3</ele>
      </trkpt>
      <trkpt lat="46.68032" lon="23.262839">
        <ele>537.3</ele>
      </trkpt>
      <trkpt lat="46.679911" lon="23.262021">
        <ele>539</ele>
      </trkpt>
      <trkpt lat="46.679861" lon="23.261801">
        <ele>539.6</ele>
      </trkpt>
      <trkpt lat="46.679734" lon="23.260444">
        <ele>545</ele>
      </trkpt>
      <trkpt lat="46.67967" lon="23.260243">
        <ele>546.2</ele>
      </trkpt>
      <trkpt lat="46.67955" lon="23.26002">
        <ele>547.7</ele>
      </trkpt>
      <trkpt lat="46.679304" lon="23.259658">
        <ele>550.1</ele>
      </trkpt>
      <trkpt lat="46.679072" lon="23.259492">
        <ele>551.7</ele>
      </trkpt>
      <trkpt lat="46.678873" lon="23.259387">
        <ele>552.9</ele>
      </trkpt>
      <trkpt lat="46.678731" lon="23.259351">
        <ele>553.6</ele>
      </trkpt>
      <trkpt lat="46.678326" lon="23.259368">
        <ele>554.9</ele>
      </trkpt>
      <trkpt lat="46.678052" lon="23.259438">
        <ele>555.3</ele>
      </trkpt>
      <trkpt lat="46.677292" lon="23.25991">
        <ele>555.8</ele>
      </trkpt>
      <trkpt lat="46.677176" lon="23.25991">
        <ele>555.8</ele>
      </trkpt>
      <trkpt lat="46.677041" lon="23.25982">
        <ele>556</ele>
      </trkpt>
      <trkpt lat="46.676952" lon="23.259663">
        <ele>556.2</ele>
      </trkpt>
      <trkpt lat="46.676921" lon="23.259522">
        <ele>556.3</ele>
      </trkpt>
      <trkpt lat="46.676904" lon="23.259401">
        <ele>556.5</ele>
      </trkpt>
      <trkpt lat="46.676923" lon="23.259148">
        <ele>556.8</ele>
      </trkpt>
      <trkpt lat="46.677221" lon="23.258143">
        <ele>558.4</ele>
      </trkpt>
      <trkpt lat="46.677245" lon="23.258006">
        <ele>558.5</ele>
      </trkpt>
      <trkpt lat="46.677237" lon="23.257882">
        <ele>558.7</ele>
      </trkpt>
      <trkpt lat="46.677207" lon="23.257771">
        <ele>558.8</ele>
      </trkpt>
      <trkpt lat="46.677071" lon="23.257577">
        <ele>559.1</ele>
      </trkpt>
      <trkpt lat="46.676735" lon="23.257196">
        <ele>559.7</ele>
      </trkpt>
      <trkpt lat="46.674352" lon="23.255122">
        <ele>562.6</ele>
      </trkpt>
      <trkpt lat="46.673691" lon="23.254497">
        <ele>563.3</ele>
      </trkpt>
      <trkpt lat="46.673601" lon="23.254357">
        <ele>563.4</ele>
      </trkpt>
      <trkpt lat="46.673346" lon="23.253721">
        <ele>563.7</ele>
      </trkpt>
      <trkpt lat="46.673224" lon="23.253546">
        <ele>563.9</ele>
      </trkpt>
      <trkpt lat="46.673103" lon="23.253431">
        <ele>564</ele>
      </trkpt>
      <trkpt lat="46.672174" lon="23.25297">
        <ele>565</ele>
      </trkpt>
      <trkpt lat="46.671988" lon="23.252741">
        <ele>565.5</ele>
      </trkpt>
      <trkpt lat="46.671816" lon="23.252417">
        <ele>566.3</ele>
      </trkpt>
      <trkpt lat="46.671739" lon="23.252326">
        <ele>566.6</ele>
      </trkpt>
      <trkpt lat="46.671607" lon="23.252231">
        <ele>567.1</ele>
      </trkpt>
      <trkpt lat="46.671382" lon="23.252213">
        <ele>567.6</ele>
      </trkpt>
      <trkpt lat="46.671139" lon="23.252197">
        <ele>568.1</ele>
      </trkpt>
      <trkpt lat="46.6709" lon="23.252018">
        <ele>568.6</ele>
      </trkpt>
      <trkpt lat="46.670018" lon="23.251004">
        <ele>569.3</ele>
      </trkpt>
      <trkpt lat="46.669771" lon="23.250659">
        <ele>569.2</ele>
      </trkpt>
      <trkpt lat="46.669375" lon="23.249865">
        <ele>571</ele>
      </trkpt>
      <trkpt lat="46.669034" lon="23.249112">
        <ele>574.7</ele>
      </trkpt>
      <trkpt lat="46.668779" lon="23.24865">
        <ele>577.7</ele>
      </trkpt>
      <trkpt lat="46.668104" lon="23.247646">
        <ele>584.8</ele>
      </trkpt>
      <trkpt lat="46.667078" lon="23.246317">
        <ele>590.2</ele>
      </trkpt>
      <trkpt lat="46.666942" lon="23.246047">
        <ele>589.8</ele>
      </trkpt>
      <trkpt lat="46.666906" lon="23.245851">
        <ele>589.4</ele>
      </trkpt>
      <trkpt lat="46.666916" lon="23.245649">
        <ele>588.8</ele>
      </trkpt>
      <trkpt lat="46.66717" lon="23.244491">
        <ele>584.9</ele>
      </trkpt>
      <trkpt lat="46.667222" lon="23.244152">
        <ele>583.8</ele>
      </trkpt>
      <trkpt lat="46.667269" lon="23.243623">
        <ele>582.6</ele>
      </trkpt>
      <trkpt lat="46.667284" lon="23.243111">
        <ele>582.1</ele>
      </trkpt>
      <trkpt lat="46.667282" lon="23.242914">
        <ele>582.1</ele>
      </trkpt>
      <trkpt lat="46.667252" lon="23.242668">
        <ele>582.3</ele>
      </trkpt>
      <trkpt lat="46.667208" lon="23.24252">
        <ele>582.4</ele>
      </trkpt>
      <trkpt lat="46.667003" lon="23.242265">
        <ele>582.8</ele>
      </trkpt>
      <trkpt lat="46.666254" lon="23.241776">
        <ele>584.7</ele>
      </trkpt>
      <trkpt lat="46.665854" lon="23.241456">
        <ele>585.5</ele>
      </trkpt>
      <trkpt lat="46.665808" lon="23.241384">
        <ele>585.7</ele>
      </trkpt>
      <trkpt lat="46.665743" lon="23.241137">
        <ele>586</ele>
      </trkpt>
      <trkpt lat="46.665761" lon="23.240972">
        <ele>586.2</ele>
      </trkpt>
      <trkpt lat="46.66581" lon="23.240869">
        <ele>586.4</ele>
      </trkpt>
      <trkpt lat="46.666188" lon="23.240492">
        <ele>587</ele>
      </trkpt>
      <trkpt lat="46.666323" lon="23.240261">
        <ele>587.2</ele>
      </trkpt>
      <trkpt lat="46.666437" lon="23.239936">
        <ele>587.3</ele>
      </trkpt>
      <trkpt lat="46.666529" lon="23.239387">
        <ele>587.6</ele>
      </trkpt>
      <trkpt lat="46.666539" lon="23.238786">
        <ele>588.1</ele>
      </trkpt>
      <trkpt lat="46.666509" lon="23.238405">
        <ele>588.6</ele>
      </trkpt>
      <trkpt lat="46.666463" lon="23.237944">
        <ele>589.5</ele>
      </trkpt>
      <trkpt lat="46.666258" lon="23.236629">
        <ele>593.4</ele>
      </trkpt>
      <trkpt lat="46.666218" lon="23.236193">
        <ele>594.8</ele>
      </trkpt>
      <trkpt lat="46.666196" lon="23.235727">
        <ele>596.3</ele>
      </trkpt>
      <trkpt lat="46.666167" lon="23.232986">
        <ele>604.5</ele>
      </trkpt>
      <trkpt lat="46.666295" lon="23.232301">
        <ele>606.5</ele>
      </trkpt>
      <trkpt lat="46.666745" lon="23.230986">
        <ele>609.9</ele>
      </trkpt>
      <trkpt lat="46.666903" lon="23.230669">
        <ele>610.7</ele>
      </trkpt>
      <trkpt lat="46.667094" lon="23.230374">
        <ele>611.6</ele>
      </trkpt>
      <trkpt lat="46.667632" lon="23.229636">
        <ele>613</ele>
      </trkpt>
      <trkpt lat="46.667837" lon="23.229419">
        <ele>613.1</ele>
      </trkpt>
      <trkpt lat="46.667951" lon="23.229337">
        <ele>613.1</ele>
      </trkpt>
      <trkpt lat="46.668195" lon="23.229274">
        <ele>612.8</ele>
      </trkpt>
      <trkpt lat="46.668541" lon="23.229298">
        <ele>612.3</ele>
      </trkpt>
      <trkpt lat="46.668641" lon="23.229261">
        <ele>612.1</ele>
      </trkpt>
      <trkpt lat="46.668806" lon="23.229191">
        <ele>611.8</ele>
      </trkpt>
      <trkpt lat="46.668983" lon="23.229055">
        <ele>611.5</ele>
      </trkpt>
      <trkpt lat="46.669085" lon="23.228908">
        <ele>611.4</ele>
      </trkpt>
      <trkpt lat="46.669117" lon="23.228299">
        <ele>611.3</ele>
      </trkpt>
      <trkpt lat="46.669077" lon="23.227962">
        <ele>611.7</ele>
      </trkpt>
      <trkpt lat="46.668859" lon="23.227153">
        <ele>613.5</ele>
      </trkpt>
      <trkpt lat="46.668697" lon="23.226313">
        <ele>617</ele>
      </trkpt>
      <trkpt lat="46.668512" lon="23.225856">
        <ele>619.9</ele>
      </trkpt>
      <trkpt lat="46.66841" lon="23.225672">
        <ele>621.3</ele>
      </trkpt>
      <trkpt lat="46.668278" lon="23.225508">
        <ele>622.9</ele>
      </trkpt>
      <trkpt lat="46.667988" lon="23.225234">
        <ele>625.8</ele>
      </trkpt>
      <trkpt lat="46.667719" lon="23.225054">
        <ele>627.6</ele>
      </trkpt>
      <trkpt lat="46.667527" lon="23.225005">
        <ele>628.4</ele>
      </trkpt>
      <trkpt lat="46.667257" lon="23.225085">
        <ele>629.1</ele>
      </trkpt>
      <trkpt lat="46.667051" lon="23.225335">
        <ele>629.1</ele>
      </trkpt>
      <trkpt lat="46.666863" lon="23.225868">
        <ele>628</ele>
      </trkpt>
      <trkpt lat="46.6668" lon="23.226222">
        <ele>627</ele>
      </trkpt>
      <trkpt lat="46.666687" lon="23.226563">
        <ele>625.9</ele>
      </trkpt>
      <trkpt lat="46.666501" lon="23.226816">
        <ele>625.1</ele>
      </trkpt>
      <trkpt lat="46.666402" lon="23.226884">
        <ele>624.9</ele>
      </trkpt>
      <trkpt lat="46.666235" lon="23.226879">
        <ele>624.8</ele>
      </trkpt>
      <trkpt lat="46.666122" lon="23.226782">
        <ele>624.9</ele>
      </trkpt>
      <trkpt lat="46.665872" lon="23.226217">
        <ele>626.6</ele>
      </trkpt>
      <trkpt lat="46.665572" lon="23.225656">
        <ele>629.7</ele>
      </trkpt>
      <trkpt lat="46.665456" lon="23.225462">
        <ele>630.9</ele>
      </trkpt>
      <trkpt lat="46.665302" lon="23.225285">
        <ele>632.1</ele>
      </trkpt>
      <trkpt lat="46.665108" lon="23.225182">
        <ele>633.3</ele>
      </trkpt>
      <trkpt lat="46.664668" lon="23.225076">
        <ele>635.4</ele>
      </trkpt>
      <trkpt lat="46.664245" lon="23.224934">
        <ele>637.2</ele>
      </trkpt>
      <trkpt lat="46.663753" lon="23.224624">
        <ele>639.6</ele>
      </trkpt>
      <trkpt lat="46.66359" lon="23.224478">
        <ele>640.5</ele>
      </trkpt>
      <trkpt lat="46.663349" lon="23.224191">
        <ele>641.9</ele>
      </trkpt>
      <trkpt lat="46.663269" lon="23.224049">
        <ele>642.5</ele>
      </trkpt>
      <trkpt lat="46.663128" lon="23.223692">
        <ele>643.8</ele>
      </trkpt>
      <trkpt lat="46.662959" lon="23.223468">
        <ele>644.8</ele>
      </trkpt>
      <trkpt lat="46.662824" lon="23.223357">
        <ele>645.4</ele>
      </trkpt>
      <trkpt lat="46.662189" lon="23.222996">
        <ele>647.1</ele>
      </trkpt>
      <trkpt lat="46.661727" lon="23.222584">
        <ele>646.8</ele>
      </trkpt>
      <trkpt lat="46.66164" lon="23.222464">
        <ele>646.6</ele>
      </trkpt>
      <trkpt lat="46.661362" lon="23.221898">
        <ele>645.2</ele>
      </trkpt>
      <trkpt lat="46.66089" lon="23.220549">
        <ele>641.1</ele>
      </trkpt>
      <trkpt lat="46.660819" lon="23.22042">
        <ele>640.7</ele>
      </trkpt>
      <trkpt lat="46.660424" lon="23.220039">
        <ele>639.6</ele>
      </trkpt>
      <trkpt lat="46.659223" lon="23.219197">
        <ele>639.4</ele>
      </trkpt>
      <trkpt lat="46.659082" lon="23.219062">
        <ele>639.5</ele>
      </trkpt>
      <trkpt lat="46.658876" lon="23.218743">
        <ele>639.8</ele>
      </trkpt>
      <trkpt lat="46.658803" lon="23.218533">
        <ele>640</ele>
      </trkpt>
      <trkpt lat="46.658798" lon="23.21843">
        <ele>640.1</ele>
      </trkpt>
      <trkpt lat="46.658844" lon="23.217753">
        <ele>640.6</ele>
      </trkpt>
      <trkpt lat="46.658851" lon="23.217061">
        <ele>641</ele>
      </trkpt>
      <trkpt lat="46.658793" lon="23.216521">
        <ele>641.3</ele>
      </trkpt>
      <trkpt lat="46.658702" lon="23.216079">
        <ele>641.5</ele>
      </trkpt>
      <trkpt lat="46.658655" lon="23.215953">
        <ele>641.5</ele>
      </trkpt>
      <trkpt lat="46.658297" lon="23.215406">
        <ele>641.4</ele>
      </trkpt>
      <trkpt lat="46.657544" lon="23.214532">
        <ele>641.4</ele>
      </trkpt>
      <trkpt lat="46.657161" lon="23.213945">
        <ele>642.3</ele>
      </trkpt>
      <trkpt lat="46.656682" lon="23.213196">
        <ele>644.2</ele>
      </trkpt>
      <trkpt lat="46.65627" lon="23.21249">
        <ele>646.5</ele>
      </trkpt>
      <trkpt lat="46.656193" lon="23.212309">
        <ele>647</ele>
      </trkpt>
      <trkpt lat="46.656128" lon="23.212105">
        <ele>647.5</ele>
      </trkpt>
      <trkpt lat="46.655965" lon="23.21089">
        <ele>649.8</ele>
      </trkpt>
      <trkpt lat="46.655795" lon="23.210391">
        <ele>650.6</ele>
      </trkpt>
      <trkpt lat="46.655679" lon="23.21014">
        <ele>651</ele>
      </trkpt>
      <trkpt lat="46.654511" lon="23.208098">
        <ele>653.5</ele>
      </trkpt>
      <trkpt lat="46.654385" lon="23.207804">
        <ele>653.9</ele>
      </trkpt>
      <trkpt lat="46.654304" lon="23.207377">
        <ele>654.5</ele>
      </trkpt>
      <trkpt lat="46.654364" lon="23.20603">
        <ele>656</ele>
      </trkpt>
      <trkpt lat="46.654306" lon="23.205091">
        <ele>656.4</ele>
      </trkpt>
      <trkpt lat="46.654276" lon="23.204902">
        <ele>656.4</ele>
      </trkpt>
      <trkpt lat="46.654069" lon="23.204119">
        <ele>656.5</ele>
      </trkpt>
      <trkpt lat="46.653975" lon="23.203909">
        <ele>656.8</ele>
      </trkpt>
      <trkpt lat="46.653627" lon="23.20338">
        <ele>658</ele>
      </trkpt>
      <trkpt lat="46.653732" lon="23.203227">
        <ele>658.6</ele>
      </trkpt>
      <trkpt lat="46.653783" lon="23.203042">
        <ele>659.3</ele>
      </trkpt>
      <trkpt lat="46.653798" lon="23.202854">
        <ele>660</ele>
      </trkpt>
      <trkpt lat="46.653722" lon="23.202234">
        <ele>662.9</ele>
      </trkpt>
      <trkpt lat="46.653586" lon="23.201913">
        <ele>665.1</ele>
      </trkpt>
      <trkpt lat="46.6534" lon="23.201572">
        <ele>667.7</ele>
      </trkpt>
      <trkpt lat="46.65296" lon="23.200896">
        <ele>672.7</ele>
      </trkpt>
      <trkpt lat="46.652577" lon="23.200389">
        <ele>677.2</ele>
      </trkpt>
      <trkpt lat="46.652439" lon="23.200161">
        <ele>679.3</ele>
      </trkpt>
      <trkpt lat="46.652246" lon="23.199708">
        <ele>682.8</ele>
      </trkpt>
      <trkpt lat="46.652139" lon="23.199169">
        <ele>686.6</ele>
      </trkpt>
      <trkpt lat="46.652043" lon="23.198903">
        <ele>688.7</ele>
      </trkpt>
      <trkpt lat="46.651847" lon="23.198538">
        <ele>692</ele>
      </trkpt>
      <trkpt lat="46.651189" lon="23.197559">
        <ele>702.5</ele>
      </trkpt>
      <trkpt lat="46.651154" lon="23.197487">
        <ele>703.2</ele>
      </trkpt>
      <trkpt lat="46.651139" lon="23.197377">
        <ele>704.1</ele>
      </trkpt>
      <trkpt lat="46.651281" lon="23.196235">
        <ele>713.8</ele>
      </trkpt>
      <trkpt lat="46.651284" lon="23.195718">
        <ele>718.7</ele>
      </trkpt>
      <trkpt lat="46.651327" lon="23.195486">
        <ele>721</ele>
      </trkpt>
      <trkpt lat="46.651415" lon="23.1952">
        <ele>724</ele>
      </trkpt>
      <trkpt lat="46.65156" lon="23.194219">
        <ele>733.5</ele>
      </trkpt>
      <trkpt lat="46.651633" lon="23.194114">
        <ele>734.8</ele>
      </trkpt>
      <trkpt lat="46.652006" lon="23.193791">
        <ele>740.3</ele>
      </trkpt>
      <trkpt lat="46.652034" lon="23.193704">
        <ele>741.1</ele>
      </trkpt>
      <trkpt lat="46.652079" lon="23.193254">
        <ele>745.2</ele>
      </trkpt>
      <trkpt lat="46.652144" lon="23.193012">
        <ele>747.6</ele>
      </trkpt>
      <trkpt lat="46.652214" lon="23.192888">
        <ele>749</ele>
      </trkpt>
      <trkpt lat="46.652517" lon="23.192529">
        <ele>754.4</ele>
      </trkpt>
      <trkpt lat="46.652831" lon="23.191979">
        <ele>761.4</ele>
      </trkpt>
      <trkpt lat="46.653446" lon="23.191069">
        <ele>773.7</ele>
      </trkpt>
      <trkpt lat="46.653629" lon="23.190606">
        <ele>778.2</ele>
      </trkpt>
      <trkpt lat="46.653795" lon="23.190364">
        <ele>780.7</ele>
      </trkpt>
      <trkpt lat="46.653812" lon="23.190197">
        <ele>781.8</ele>
      </trkpt>
      <trkpt lat="46.653791" lon="23.189888">
        <ele>783.7</ele>
      </trkpt>
      <trkpt lat="46.653799" lon="23.18952">
        <ele>786</ele>
      </trkpt>
      <trkpt lat="46.653883" lon="23.189228">
        <ele>787.9</ele>
      </trkpt>
      <trkpt lat="46.654239" lon="23.18894">
        <ele>791.8</ele>
      </trkpt>
      <trkpt lat="46.654305" lon="23.188852">
        <ele>792.7</ele>
      </trkpt>
      <trkpt lat="46.654451" lon="23.188502">
        <ele>795.9</ele>
      </trkpt>
      <trkpt lat="46.654565" lon="23.188378">
        <ele>797.7</ele>
      </trkpt>
      <trkpt lat="46.655346" lon="23.187806">
        <ele>809.7</ele>
      </trkpt>
      <trkpt lat="46.655554" lon="23.187749">
        <ele>812.5</ele>
      </trkpt>
      <trkpt lat="46.655705" lon="23.187763">
        <ele>814.4</ele>
      </trkpt>
      <trkpt lat="46.655766" lon="23.1878">
        <ele>815.2</ele>
      </trkpt>
      <trkpt lat="46.655812" lon="23.187917">
        <ele>816.3</ele>
      </trkpt>
      <trkpt lat="46.655808" lon="23.188015">
        <ele>817</ele>
      </trkpt>
      <trkpt lat="46.655727" lon="23.188127">
        <ele>818.3</ele>
      </trkpt>
      <trkpt lat="46.655447" lon="23.188115">
        <ele>821</ele>
      </trkpt>
      <trkpt lat="46.655256" lon="23.188263">
        <ele>822.9</ele>
      </trkpt>
      <trkpt lat="46.655048" lon="23.188706">
        <ele>825.5</ele>
      </trkpt>
      <trkpt lat="46.654889" lon="23.189188">
        <ele>827.8</ele>
      </trkpt>
      <trkpt lat="46.654562" lon="23.189723">
        <ele>831.2</ele>
      </trkpt>
      <trkpt lat="46.654532" lon="23.189839">
        <ele>831.9</ele>
      </trkpt>
      <trkpt lat="46.654531" lon="23.189985">
        <ele>832.8</ele>
      </trkpt>
      <trkpt lat="46.654556" lon="23.190155">
        <ele>833.8</ele>
      </trkpt>
      <trkpt lat="46.654645" lon="23.190462">
        <ele>836.1</ele>
      </trkpt>
      <trkpt lat="46.654651" lon="23.19058">
        <ele>837</ele>
      </trkpt>
      <trkpt lat="46.654334" lon="23.192059">
        <ele>850.4</ele>
      </trkpt>
      <trkpt lat="46.654178" lon="23.192333">
        <ele>853.6</ele>
      </trkpt>
      <trkpt lat="46.65415" lon="23.192435">
        <ele>854.5</ele>
      </trkpt>
      <trkpt lat="46.654176" lon="23.192533">
        <ele>855.4</ele>
      </trkpt>
      <trkpt lat="46.654255" lon="23.192545">
        <ele>856.2</ele>
      </trkpt>
      <trkpt lat="46.654389" lon="23.192458">
        <ele>857.8</ele>
      </trkpt>
      <trkpt lat="46.654481" lon="23.192336">
        <ele>859</ele>
      </trkpt>
      <trkpt lat="46.654746" lon="23.191707">
        <ele>862.8</ele>
      </trkpt>
      <trkpt lat="46.655194" lon="23.190812">
        <ele>866.7</ele>
      </trkpt>
      <trkpt lat="46.655246" lon="23.190633">
        <ele>867.5</ele>
      </trkpt>
      <trkpt lat="46.655261" lon="23.190336">
        <ele>868.7</ele>
      </trkpt>
      <trkpt lat="46.655349" lon="23.190159">
        <ele>869.7</ele>
      </trkpt>
      <trkpt lat="46.65553" lon="23.189961">
        <ele>871.2</ele>
      </trkpt>
      <trkpt lat="46.655717" lon="23.189828">
        <ele>872.7</ele>
      </trkpt>
      <trkpt lat="46.655848" lon="23.189809">
        <ele>873.7</ele>
      </trkpt>
      <trkpt lat="46.655887" lon="23.189865">
        <ele>874.2</ele>
      </trkpt>
      <trkpt lat="46.65589" lon="23.18995">
        <ele>874.6</ele>
      </trkpt>
      <trkpt lat="46.655862" lon="23.190033">
        <ele>875.1</ele>
      </trkpt>
      <trkpt lat="46.655745" lon="23.190212">
        <ele>876.6</ele>
      </trkpt>
      <trkpt lat="46.655668" lon="23.190414">
        <ele>878.2</ele>
      </trkpt>
      <trkpt lat="46.655671" lon="23.190853">
        <ele>881.4</ele>
      </trkpt>
      <trkpt lat="46.655652" lon="23.191009">
        <ele>882.7</ele>
      </trkpt>
      <trkpt lat="46.655506" lon="23.191362">
        <ele>886.2</ele>
      </trkpt>
      <trkpt lat="46.655348" lon="23.191659">
        <ele>889.6</ele>
      </trkpt>
      <trkpt lat="46.655325" lon="23.191794">
        <ele>890.9</ele>
      </trkpt>
      <trkpt lat="46.655347" lon="23.191866">
        <ele>891.6</ele>
      </trkpt>
      <trkpt lat="46.655456" lon="23.191864">
        <ele>893.1</ele>
      </trkpt>
      <trkpt lat="46.655896" lon="23.191476">
        <ele>900.3</ele>
      </trkpt>
      <trkpt lat="46.655969" lon="23.19138">
        <ele>901.8</ele>
      </trkpt>
      <trkpt lat="46.656131" lon="23.191009">
        <ele>906.4</ele>
      </trkpt>
      <trkpt lat="46.656303" lon="23.19077">
        <ele>909.9</ele>
      </trkpt>
      <trkpt lat="46.656416" lon="23.190755">
        <ele>911.4</ele>
      </trkpt>
      <trkpt lat="46.656457" lon="23.190859">
        <ele>912.5</ele>
      </trkpt>
      <trkpt lat="46.656278" lon="23.191412">
        <ele>917.7</ele>
      </trkpt>
      <trkpt lat="46.656223" lon="23.191727">
        <ele>920.1</ele>
      </trkpt>
      <trkpt lat="46.656163" lon="23.191885">
        <ele>921.5</ele>
      </trkpt>
      <trkpt lat="46.655913" lon="23.19234">
        <ele>925.8</ele>
      </trkpt>
      <trkpt lat="46.655611" lon="23.192784">
        <ele>930.3</ele>
      </trkpt>
      <trkpt lat="46.655607" lon="23.192894">
        <ele>931</ele>
      </trkpt>
      <trkpt lat="46.655656" lon="23.192958">
        <ele>931.7</ele>
      </trkpt>
      <trkpt lat="46.655755" lon="23.192914">
        <ele>932.7</ele>
      </trkpt>
      <trkpt lat="46.656186" lon="23.19253">
        <ele>938</ele>
      </trkpt>
      <trkpt lat="46.656681" lon="23.191957">
        <ele>945.5</ele>
      </trkpt>
      <trkpt lat="46.656775" lon="23.191974">
        <ele>946.7</ele>
      </trkpt>
      <trkpt lat="46.65679" lon="23.192082">
        <ele>947.6</ele>
      </trkpt>
      <trkpt lat="46.656743" lon="23.192213">
        <ele>948.8</ele>
      </trkpt>
      <trkpt lat="46.656574" lon="23.192465">
        <ele>951.7</ele>
      </trkpt>
      <trkpt lat="46.656478" lon="23.192672">
        <ele>953.7</ele>
      </trkpt>
      <trkpt lat="46.656372" lon="23.193169">
        <ele>957.9</ele>
      </trkpt>
      <trkpt lat="46.656294" lon="23.193407">
        <ele>960</ele>
      </trkpt>
      <trkpt lat="46.656177" lon="23.193528">
        <ele>961.7</ele>
      </trkpt>
      <trkpt lat="46.655898" lon="23.193716">
        <ele>965.3</ele>
      </trkpt>
      <trkpt lat="46.655867" lon="23.193807">
        <ele>966.1</ele>
      </trkpt>
      <trkpt lat="46.655918" lon="23.193906">
        <ele>967</ele>
      </trkpt>
      <trkpt lat="46.656107" lon="23.193875">
        <ele>969</ele>
      </trkpt>
      <trkpt lat="46.656655" lon="23.19357">
        <ele>974.9</ele>
      </trkpt>
      <trkpt lat="46.656768" lon="23.193457">
        <ele>976.3</ele>
      </trkpt>
      <trkpt lat="46.657008" lon="23.193026">
        <ele>980.3</ele>
      </trkpt>
      <trkpt lat="46.65708" lon="23.192937">
        <ele>981.3</ele>
      </trkpt>
      <trkpt lat="46.657444" lon="23.192648">
        <ele>985.8</ele>
      </trkpt>
      <trkpt lat="46.658024" lon="23.192424">
        <ele>992.6</ele>
      </trkpt>
      <trkpt lat="46.658504" lon="23.192335">
        <ele>997.9</ele>
      </trkpt>
      <trkpt lat="46.658886" lon="23.192182">
        <ele>1001.8</ele>
      </trkpt>
      <trkpt lat="46.659114" lon="23.192175">
        <ele>1003.8</ele>
      </trkpt>
      <trkpt lat="46.6594" lon="23.192297">
        <ele>1006.1</ele>
      </trkpt>
      <trkpt lat="46.659526" lon="23.192322">
        <ele>1007</ele>
      </trkpt>
      <trkpt lat="46.659643" lon="23.192307">
        <ele>1007.9</ele>
      </trkpt>
      <trkpt lat="46.659838" lon="23.192238">
        <ele>1009.2</ele>
      </trkpt>
      <trkpt lat="46.660586" lon="23.191811">
        <ele>1014.5</ele>
      </trkpt>
      <trkpt lat="46.661029" lon="23.191495">
        <ele>1018.3</ele>
      </trkpt>
      <trkpt lat="46.661388" lon="23.191219">
        <ele>1021.8</ele>
      </trkpt>
      <trkpt lat="46.661749" lon="23.190853">
        <ele>1025.8</ele>
      </trkpt>
      <trkpt lat="46.661974" lon="23.190539">
        <ele>1028.5</ele>
      </trkpt>
      <trkpt lat="46.662623" lon="23.189271">
        <ele>1036.8</ele>
      </trkpt>
      <trkpt lat="46.662739" lon="23.188988">
        <ele>1038.4</ele>
      </trkpt>
      <trkpt lat="46.66291" lon="23.18837">
        <ele>1042</ele>
      </trkpt>
      <trkpt lat="46.662958" lon="23.188088">
        <ele>1043.5</ele>
      </trkpt>
      <trkpt lat="46.663174" lon="23.18746">
        <ele>1047.3</ele>
      </trkpt>
      <trkpt lat="46.663211" lon="23.187293">
        <ele>1048.2</ele>
      </trkpt>
      <trkpt lat="46.663233" lon="23.187014">
        <ele>1049.5</ele>
      </trkpt>
      <trkpt lat="46.66321" lon="23.186659">
        <ele>1051.2</ele>
      </trkpt>
      <trkpt lat="46.663221" lon="23.186475">
        <ele>1052</ele>
      </trkpt>
      <trkpt lat="46.663407" lon="23.18424">
        <ele>1061.1</ele>
      </trkpt>
      <trkpt lat="46.663433" lon="23.184138">
        <ele>1061.6</ele>
      </trkpt>
      <trkpt lat="46.663492" lon="23.184036">
        <ele>1062.1</ele>
      </trkpt>
      <trkpt lat="46.663536" lon="23.184006">
        <ele>1062.5</ele>
      </trkpt>
      <trkpt lat="46.663623" lon="23.183993">
        <ele>1063</ele>
      </trkpt>
      <trkpt lat="46.663678" lon="23.18403">
        <ele>1063.4</ele>
      </trkpt>
      <trkpt lat="46.663722" lon="23.184113">
        <ele>1063.8</ele>
      </trkpt>
      <trkpt lat="46.663741" lon="23.184226">
        <ele>1064.3</ele>
      </trkpt>
      <trkpt lat="46.663737" lon="23.185465">
        <ele>1069.2</ele>
      </trkpt>
      <trkpt lat="46.663705" lon="23.185924">
        <ele>1070.8</ele>
      </trkpt>
      <trkpt lat="46.663697" lon="23.186533">
        <ele>1072.8</ele>
      </trkpt>
      <trkpt lat="46.663805" lon="23.187372">
        <ele>1075</ele>
      </trkpt>
      <trkpt lat="46.66394" lon="23.188008">
        <ele>1076.1</ele>
      </trkpt>
      <trkpt lat="46.663935" lon="23.188257">
        <ele>1076.4</ele>
      </trkpt>
      <trkpt lat="46.663908" lon="23.188402">
        <ele>1076.6</ele>
      </trkpt>
      <trkpt lat="46.663586" lon="23.189255">
        <ele>1077.7</ele>
      </trkpt>
      <trkpt lat="46.663514" lon="23.189609">
        <ele>1078.5</ele>
      </trkpt>
      <trkpt lat="46.663522" lon="23.189953">
        <ele>1079.4</ele>
      </trkpt>
      <trkpt lat="46.663555" lon="23.190073">
        <ele>1079.9</ele>
      </trkpt>
      <trkpt lat="46.663623" lon="23.190148">
        <ele>1080.3</ele>
      </trkpt>
      <trkpt lat="46.663712" lon="23.190156">
        <ele>1080.8</ele>
      </trkpt>
      <trkpt lat="46.663807" lon="23.190081">
        <ele>1081.5</ele>
      </trkpt>
      <trkpt lat="46.663871" lon="23.189953">
        <ele>1082.3</ele>
      </trkpt>
      <trkpt lat="46.664766" lon="23.187871">
        <ele>1098.2</ele>
      </trkpt>
      <trkpt lat="46.66479" lon="23.187729">
        <ele>1098.8</ele>
      </trkpt>
      <trkpt lat="46.664756" lon="23.187493">
        <ele>1099.6</ele>
      </trkpt>
      <trkpt lat="46.664556" lon="23.187024">
        <ele>1100.9</ele>
      </trkpt>
      <trkpt lat="46.664484" lon="23.186766">
        <ele>1101.3</ele>
      </trkpt>
      <trkpt lat="46.664407" lon="23.185455">
        <ele>1102.3</ele>
      </trkpt>
      <trkpt lat="46.664411" lon="23.185036">
        <ele>1103.3</ele>
      </trkpt>
      <trkpt lat="46.664477" lon="23.184704">
        <ele>1104.3</ele>
      </trkpt>
      <trkpt lat="46.664573" lon="23.184403">
        <ele>1105.5</ele>
      </trkpt>
      <trkpt lat="46.664713" lon="23.184092">
        <ele>1106.7</ele>
      </trkpt>
      <trkpt lat="46.664934" lon="23.1837">
        <ele>1108.2</ele>
      </trkpt>
      <trkpt lat="46.665117" lon="23.183041">
        <ele>1109.9</ele>
      </trkpt>
      <trkpt lat="46.66531" lon="23.182453">
        <ele>1111.2</ele>
      </trkpt>
      <trkpt lat="46.665412" lon="23.182036">
        <ele>1112</ele>
      </trkpt>
      <trkpt lat="46.665442" lon="23.181653">
        <ele>1112.8</ele>
      </trkpt>
      <trkpt lat="46.665442" lon="23.181299">
        <ele>1113.8</ele>
      </trkpt>
      <trkpt lat="46.665339" lon="23.180757">
        <ele>1115.9</ele>
      </trkpt>
      <trkpt lat="46.665308" lon="23.180253">
        <ele>1118.5</ele>
      </trkpt>
      <trkpt lat="46.665233" lon="23.179634">
        <ele>1122.3</ele>
      </trkpt>
      <trkpt lat="46.665147" lon="23.179165">
        <ele>1125.2</ele>
      </trkpt>
      <trkpt lat="46.665245" lon="23.178443">
        <ele>1129.2</ele>
      </trkpt>
      <trkpt lat="46.665473" lon="23.177387">
        <ele>1134.1</ele>
      </trkpt>
      <trkpt lat="46.665539" lon="23.177019">
        <ele>1135.4</ele>
      </trkpt>
      <trkpt lat="46.665561" lon="23.176381">
        <ele>1137.2</ele>
      </trkpt>
      <trkpt lat="46.665419" lon="23.174155">
        <ele>1142</ele>
      </trkpt>
      <trkpt lat="46.665309" lon="23.173618">
        <ele>1142.7</ele>
      </trkpt>
      <trkpt lat="46.665154" lon="23.173184">
        <ele>1143.1</ele>
      </trkpt>
      <trkpt lat="46.665048" lon="23.17277">
        <ele>1143.3</ele>
      </trkpt>
      <trkpt lat="46.664979" lon="23.171633">
        <ele>1143.2</ele>
      </trkpt>
      <trkpt lat="46.664979" lon="23.170466">
        <ele>1142.7</ele>
      </trkpt>
      <trkpt lat="46.66495" lon="23.170137">
        <ele>1142.5</ele>
      </trkpt>
      <trkpt lat="46.66477" lon="23.168718">
        <ele>1141.6</ele>
      </trkpt>
      <trkpt lat="46.664685" lon="23.168382">
        <ele>1141.4</ele>
      </trkpt>
      <trkpt lat="46.664622" lon="23.167808">
        <ele>1141</ele>
      </trkpt>
      <trkpt lat="46.664576" lon="23.167052">
        <ele>1140.3</ele>
      </trkpt>
      <trkpt lat="46.664317" lon="23.165869">
        <ele>1139.3</ele>
      </trkpt>
      <trkpt lat="46.664212" lon="23.165266">
        <ele>1139.1</ele>
      </trkpt>
      <trkpt lat="46.664194" lon="23.164796">
        <ele>1138.8</ele>
      </trkpt>
      <trkpt lat="46.664293" lon="23.164179">
        <ele>1138.1</ele>
      </trkpt>
      <trkpt lat="46.664317" lon="23.163857">
        <ele>1137.6</ele>
      </trkpt>
      <trkpt lat="46.664287" lon="23.163463">
        <ele>1136.8</ele>
      </trkpt>
      <trkpt lat="46.664223" lon="23.163232">
        <ele>1136.3</ele>
      </trkpt>
      <trkpt lat="46.664164" lon="23.163157">
        <ele>1136</ele>
      </trkpt>
      <trkpt lat="46.663857" lon="23.163063">
        <ele>1134.7</ele>
      </trkpt>
      <trkpt lat="46.663729" lon="23.162928">
        <ele>1134</ele>
      </trkpt>
      <trkpt lat="46.663702" lon="23.162821">
        <ele>1133.7</ele>
      </trkpt>
      <trkpt lat="46.663649" lon="23.161623">
        <ele>1130.8</ele>
      </trkpt>
      <trkpt lat="46.663706" lon="23.160671">
        <ele>1130</ele>
      </trkpt>
      <trkpt lat="46.663687" lon="23.160392">
        <ele>1130</ele>
      </trkpt>
      <trkpt lat="46.663641" lon="23.160215">
        <ele>1130.1</ele>
      </trkpt>
      <trkpt lat="46.663334" lon="23.159373">
        <ele>1130.7</ele>
      </trkpt>
      <trkpt lat="46.663137" lon="23.158265">
        <ele>1131.2</ele>
      </trkpt>
      <trkpt lat="46.663002" lon="23.157798">
        <ele>1131.3</ele>
      </trkpt>
      <trkpt lat="46.662826" lon="23.15746">
        <ele>1131.3</ele>
      </trkpt>
      <trkpt lat="46.662421" lon="23.156983">
        <ele>1131.1</ele>
      </trkpt>
      <trkpt lat="46.662307" lon="23.156779">
        <ele>1131</ele>
      </trkpt>
      <trkpt lat="46.662034" lon="23.156165">
        <ele>1130.6</ele>
      </trkpt>
      <trkpt lat="46.66188" lon="23.155763">
        <ele>1130.5</ele>
      </trkpt>
      <trkpt lat="46.661745" lon="23.155121">
        <ele>1130.6</ele>
      </trkpt>
      <trkpt lat="46.661592" lon="23.154644">
        <ele>1131</ele>
      </trkpt>
      <trkpt lat="46.661543" lon="23.154319">
        <ele>1131.3</ele>
      </trkpt>
      <trkpt lat="46.66143" lon="23.153872">
        <ele>1131.9</ele>
      </trkpt>
      <trkpt lat="46.660714" lon="23.151879">
        <ele>1137</ele>
      </trkpt>
      <trkpt lat="46.660414" lon="23.151222">
        <ele>1139.6</ele>
      </trkpt>
      <trkpt lat="46.660355" lon="23.150994">
        <ele>1140.4</ele>
      </trkpt>
      <trkpt lat="46.66028" lon="23.150323">
        <ele>1142.7</ele>
      </trkpt>
      <trkpt lat="46.660337" lon="23.149221">
        <ele>1146.1</ele>
      </trkpt>
      <trkpt lat="46.660201" lon="23.148462">
        <ele>1148.3</ele>
      </trkpt>
      <trkpt lat="46.660163" lon="23.148078">
        <ele>1149.5</ele>
      </trkpt>
      <trkpt lat="46.65997" lon="23.147033">
        <ele>1154.1</ele>
      </trkpt>
      <trkpt lat="46.659947" lon="23.146671">
        <ele>1156</ele>
      </trkpt>
      <trkpt lat="46.660034" lon="23.144499">
        <ele>1171</ele>
      </trkpt>
      <trkpt lat="46.66001" lon="23.144214">
        <ele>1172.9</ele>
      </trkpt>
      <trkpt lat="46.659763" lon="23.14271">
        <ele>1181.1</ele>
      </trkpt>
      <trkpt lat="46.65957" lon="23.14225">
        <ele>1183.3</ele>
      </trkpt>
      <trkpt lat="46.659083" lon="23.141568">
        <ele>1187.3</ele>
      </trkpt>
      <trkpt lat="46.658722" lon="23.140998">
        <ele>1189.4</ele>
      </trkpt>
      <trkpt lat="46.658537" lon="23.140595">
        <ele>1190.3</ele>
      </trkpt>
      <trkpt lat="46.658472" lon="23.140259">
        <ele>1190.8</ele>
      </trkpt>
      <trkpt lat="46.658379" lon="23.139876">
        <ele>1191</ele>
      </trkpt>
      <trkpt lat="46.658234" lon="23.139637">
        <ele>1190.9</ele>
      </trkpt>
      <trkpt lat="46.658068" lon="23.139554">
        <ele>1190.5</ele>
      </trkpt>
      <trkpt lat="46.657166" lon="23.139424">
        <ele>1186.4</ele>
      </trkpt>
      <trkpt lat="46.656982" lon="23.139252">
        <ele>1186.1</ele>
      </trkpt>
      <trkpt lat="46.656905" lon="23.13903">
        <ele>1185.9</ele>
      </trkpt>
      <trkpt lat="46.656859" lon="23.138801">
        <ele>1186</ele>
      </trkpt>
      <trkpt lat="46.65681" lon="23.137333">
        <ele>1190</ele>
      </trkpt>
      <trkpt lat="46.656677" lon="23.135643">
        <ele>1198.9</ele>
      </trkpt>
      <trkpt lat="46.65674" lon="23.134876">
        <ele>1201.8</ele>
      </trkpt>
      <trkpt lat="46.656878" lon="23.133837">
        <ele>1205.1</ele>
      </trkpt>
      <trkpt lat="46.656922" lon="23.133587">
        <ele>1205.8</ele>
      </trkpt>
      <trkpt lat="46.657009" lon="23.133283">
        <ele>1206.7</ele>
      </trkpt>
      <trkpt lat="46.657251" lon="23.132867">
        <ele>1208.1</ele>
      </trkpt>
      <trkpt lat="46.657407" lon="23.132697">
        <ele>1208.7</ele>
      </trkpt>
      <trkpt lat="46.657645" lon="23.13252">
        <ele>1209.6</ele>
      </trkpt>
      <trkpt lat="46.658272" lon="23.132104">
        <ele>1211.5</ele>
      </trkpt>
      <trkpt lat="46.658351" lon="23.132022">
        <ele>1211.8</ele>
      </trkpt>
      <trkpt lat="46.659084" lon="23.130766">
        <ele>1213.8</ele>
      </trkpt>
      <trkpt lat="46.659354" lon="23.130405">
        <ele>1213.8</ele>
      </trkpt>
      <trkpt lat="46.659457" lon="23.130322">
        <ele>1213.8</ele>
      </trkpt>
      <trkpt lat="46.659726" lon="23.13019">
        <ele>1213.5</ele>
      </trkpt>
      <trkpt lat="46.660043" lon="23.129965">
        <ele>1212.8</ele>
      </trkpt>
      <trkpt lat="46.660999" lon="23.129488">
        <ele>1209.2</ele>
      </trkpt>
      <trkpt lat="46.661195" lon="23.129345">
        <ele>1208.4</ele>
      </trkpt>
      <trkpt lat="46.661866" lon="23.128553">
        <ele>1205.6</ele>
      </trkpt>
      <trkpt lat="46.661956" lon="23.12849">
        <ele>1205.4</ele>
      </trkpt>
      <trkpt lat="46.662861" lon="23.127586">
        <ele>1205.7</ele>
      </trkpt>
      <trkpt lat="46.662982" lon="23.127436">
        <ele>1206.2</ele>
      </trkpt>
      <trkpt lat="46.6631" lon="23.127231">
        <ele>1206.8</ele>
      </trkpt>
      <trkpt lat="46.663269" lon="23.126873">
        <ele>1207.9</ele>
      </trkpt>
      <trkpt lat="46.663531" lon="23.125987">
        <ele>1209.7</ele>
      </trkpt>
      <trkpt lat="46.66365" lon="23.125408">
        <ele>1210.3</ele>
      </trkpt>
      <trkpt lat="46.663662" lon="23.124956">
        <ele>1210.4</ele>
      </trkpt>
      <trkpt lat="46.663577" lon="23.124464">
        <ele>1210.1</ele>
      </trkpt>
      <trkpt lat="46.663465" lon="23.124107">
        <ele>1209.9</ele>
      </trkpt>
      <trkpt lat="46.662977" lon="23.123367">
        <ele>1209.9</ele>
      </trkpt>
      <trkpt lat="46.66282" lon="23.123101">
        <ele>1210.2</ele>
      </trkpt>
      <trkpt lat="46.661881" lon="23.121001">
        <ele>1215.2</ele>
      </trkpt>
      <trkpt lat="46.661829" lon="23.120607">
        <ele>1216.3</ele>
      </trkpt>
      <trkpt lat="46.661826" lon="23.119856">
        <ele>1218.5</ele>
      </trkpt>
      <trkpt lat="46.661854" lon="23.119309">
        <ele>1220</ele>
      </trkpt>
      <trkpt lat="46.661972" lon="23.118491">
        <ele>1221.7</ele>
      </trkpt>
      <trkpt lat="46.661985" lon="23.117989">
        <ele>1222.2</ele>
      </trkpt>
      <trkpt lat="46.661965" lon="23.117677">
        <ele>1222.4</ele>
      </trkpt>
      <trkpt lat="46.661804" lon="23.116998">
        <ele>1222.2</ele>
      </trkpt>
      <trkpt lat="46.661277" lon="23.115048">
        <ele>1219.5</ele>
      </trkpt>
      <trkpt lat="46.661258" lon="23.114907">
        <ele>1219.3</ele>
      </trkpt>
      <trkpt lat="46.661225" lon="23.113378">
        <ele>1217.7</ele>
      </trkpt>
      <trkpt lat="46.661192" lon="23.112991">
        <ele>1217.4</ele>
      </trkpt>
      <trkpt lat="46.66072" lon="23.10992">
        <ele>1217.1</ele>
      </trkpt>
      <trkpt lat="46.660677" lon="23.109457">
        <ele>1217.9</ele>
      </trkpt>
      <trkpt lat="46.660677" lon="23.109252">
        <ele>1218.3</ele>
      </trkpt>
      <trkpt lat="46.660726" lon="23.108782">
        <ele>1219.5</ele>
      </trkpt>
      <trkpt lat="46.661091" lon="23.107483">
        <ele>1224.5</ele>
      </trkpt>
      <trkpt lat="46.661135" lon="23.107197">
        <ele>1225.5</ele>
      </trkpt>
      <trkpt lat="46.661123" lon="23.106889">
        <ele>1226.4</ele>
      </trkpt>
      <trkpt lat="46.661052" lon="23.106454">
        <ele>1227.5</ele>
      </trkpt>
      <trkpt lat="46.661065" lon="23.106161">
        <ele>1228</ele>
      </trkpt>
      <trkpt lat="46.661084" lon="23.106041">
        <ele>1228.2</ele>
      </trkpt>
      <trkpt lat="46.66129" lon="23.10534">
        <ele>1228.7</ele>
      </trkpt>
      <trkpt lat="46.661383" lon="23.104685">
        <ele>1228.7</ele>
      </trkpt>
      <trkpt lat="46.661438" lon="23.104156">
        <ele>1228.7</ele>
      </trkpt>
      <trkpt lat="46.661451" lon="23.103671">
        <ele>1229</ele>
      </trkpt>
      <trkpt lat="46.661438" lon="23.10337">
        <ele>1229.4</ele>
      </trkpt>
      <trkpt lat="46.661383" lon="23.103213">
        <ele>1229.8</ele>
      </trkpt>
      <trkpt lat="46.661284" lon="23.103097">
        <ele>1230.2</ele>
      </trkpt>
      <trkpt lat="46.661224" lon="23.103067">
        <ele>1230.4</ele>
      </trkpt>
      <trkpt lat="46.660806" lon="23.103036">
        <ele>1232.4</ele>
      </trkpt>
      <trkpt lat="46.660703" lon="23.103002">
        <ele>1233.1</ele>
      </trkpt>
      <trkpt lat="46.660646" lon="23.102966">
        <ele>1233.5</ele>
      </trkpt>
      <trkpt lat="46.660546" lon="23.10283">
        <ele>1234.4</ele>
      </trkpt>
      <trkpt lat="46.660471" lon="23.102515">
        <ele>1235.9</ele>
      </trkpt>
      <trkpt lat="46.660407" lon="23.101492">
        <ele>1240.5</ele>
      </trkpt>
      <trkpt lat="46.660312" lon="23.10124">
        <ele>1241.7</ele>
      </trkpt>
      <trkpt lat="46.65978" lon="23.100661">
        <ele>1245.2</ele>
      </trkpt>
      <trkpt lat="46.659694" lon="23.100414">
        <ele>1246.1</ele>
      </trkpt>
      <trkpt lat="46.659618" lon="23.099915">
        <ele>1247.4</ele>
      </trkpt>
      <trkpt lat="46.659513" lon="23.098984">
        <ele>1249.2</ele>
      </trkpt>
      <trkpt lat="46.6595" lon="23.098161">
        <ele>1250</ele>
      </trkpt>
      <trkpt lat="46.659552" lon="23.097646">
        <ele>1250.1</ele>
      </trkpt>
      <trkpt lat="46.659766" lon="23.096494">
        <ele>1249.5</ele>
      </trkpt>
      <trkpt lat="46.659773" lon="23.096183">
        <ele>1249.3</ele>
      </trkpt>
      <trkpt lat="46.659649" lon="23.09517">
        <ele>1249.2</ele>
      </trkpt>
      <trkpt lat="46.659357" lon="23.093939">
        <ele>1249.8</ele>
      </trkpt>
      <trkpt lat="46.659213" lon="23.09318">
        <ele>1250.3</ele>
      </trkpt>
      <trkpt lat="46.659049" lon="23.09131">
        <ele>1251.4</ele>
      </trkpt>
      <trkpt lat="46.65892" lon="23.090852">
        <ele>1252.1</ele>
      </trkpt>
      <trkpt lat="46.658359" lon="23.089509">
        <ele>1254.1</ele>
      </trkpt>
      <trkpt lat="46.658013" lon="23.088926">
        <ele>1254.4</ele>
      </trkpt>
      <trkpt lat="46.656946" lon="23.087346">
        <ele>1253.2</ele>
      </trkpt>
      <trkpt lat="46.65674" lon="23.087101">
        <ele>1253.3</ele>
      </trkpt>
      <trkpt lat="46.655934" lon="23.086446">
        <ele>1255.4</ele>
      </trkpt>
      <trkpt lat="46.655634" lon="23.086162">
        <ele>1256.8</ele>
      </trkpt>
      <trkpt lat="46.654789" lon="23.085137">
        <ele>1262.2</ele>
      </trkpt>
      <trkpt lat="46.654412" lon="23.084421">
        <ele>1264.8</ele>
      </trkpt>
      <trkpt lat="46.654275" lon="23.084207">
        <ele>1265.4</ele>
      </trkpt>
      <trkpt lat="46.654161" lon="23.084115">
        <ele>1265.7</ele>
      </trkpt>
      <trkpt lat="46.653614" lon="23.083871">
        <ele>1266</ele>
      </trkpt>
      <trkpt lat="46.653183" lon="23.083157">
        <ele>1264.4</ele>
      </trkpt>
      <trkpt lat="46.652275" lon="23.082265">
        <ele>1259.6</ele>
      </trkpt>
      <trkpt lat="46.652074" lon="23.081991">
        <ele>1258.4</ele>
      </trkpt>
      <trkpt lat="46.65155" lon="23.080528">
        <ele>1254.5</ele>
      </trkpt>
      <trkpt lat="46.651032" lon="23.079857">
        <ele>1251.5</ele>
      </trkpt>
      <trkpt lat="46.650497" lon="23.079132">
        <ele>1248.5</ele>
      </trkpt>
      <trkpt lat="46.650156" lon="23.078792">
        <ele>1247.2</ele>
      </trkpt>
      <trkpt lat="46.649456" lon="23.07813">
        <ele>1246.1</ele>
      </trkpt>
      <trkpt lat="46.649057" lon="23.077903">
        <ele>1246.1</ele>
      </trkpt>
      <trkpt lat="46.648562" lon="23.077788">
        <ele>1245.9</ele>
      </trkpt>
      <trkpt lat="46.647816" lon="23.077746">
        <ele>1244.9</ele>
      </trkpt>
      <trkpt lat="46.647543" lon="23.077685">
        <ele>1244.3</ele>
      </trkpt>
      <trkpt lat="46.647328" lon="23.077528">
        <ele>1243.9</ele>
      </trkpt>
      <trkpt lat="46.647009" lon="23.077173">
        <ele>1243.4</ele>
      </trkpt>
      <trkpt lat="46.646757" lon="23.076749">
        <ele>1243.2</ele>
      </trkpt>
      <trkpt lat="46.646646" lon="23.076507">
        <ele>1243.3</ele>
      </trkpt>
      <trkpt lat="46.646559" lon="23.076195">
        <ele>1243.6</ele>
      </trkpt>
      <trkpt lat="46.646385" lon="23.075135">
        <ele>1245.1</ele>
      </trkpt>
      <trkpt lat="46.646257" lon="23.074757">
        <ele>1246</ele>
      </trkpt>
      <trkpt lat="46.646059" lon="23.074372">
        <ele>1247.1</ele>
      </trkpt>
      <trkpt lat="46.646015" lon="23.074287">
        <ele>1247.3</ele>
      </trkpt>
      <trkpt lat="46.645834" lon="23.073942">
        <ele>1248.4</ele>
      </trkpt>
      <trkpt lat="46.645305" lon="23.073059">
        <ele>1251.4</ele>
      </trkpt>
      <trkpt lat="46.644523" lon="23.072228">
        <ele>1255</ele>
      </trkpt>
      <trkpt lat="46.644247" lon="23.07189">
        <ele>1256.1</ele>
      </trkpt>
      <trkpt lat="46.644163" lon="23.071679">
        <ele>1256.6</ele>
      </trkpt>
      <trkpt lat="46.644141" lon="23.071563">
        <ele>1256.9</ele>
      </trkpt>
      <trkpt lat="46.643972" lon="23.070065">
        <ele>1259.5</ele>
      </trkpt>
      <trkpt lat="46.643971" lon="23.069898">
        <ele>1259.6</ele>
      </trkpt>
      <trkpt lat="46.644009" lon="23.069672">
        <ele>1259.7</ele>
      </trkpt>
      <trkpt lat="46.64423" lon="23.069008">
        <ele>1259.6</ele>
      </trkpt>
      <trkpt lat="46.644316" lon="23.068638">
        <ele>1259.2</ele>
      </trkpt>
      <trkpt lat="46.644393" lon="23.067423">
        <ele>1257.2</ele>
      </trkpt>
      <trkpt lat="46.64486" lon="23.066112">
        <ele>1254.6</ele>
      </trkpt>
      <trkpt lat="46.645197" lon="23.064166">
        <ele>1251.7</ele>
      </trkpt>
      <trkpt lat="46.645177" lon="23.063368">
        <ele>1251</ele>
      </trkpt>
      <trkpt lat="46.645105" lon="23.062765">
        <ele>1250.8</ele>
      </trkpt>
      <trkpt lat="46.644988" lon="23.062116">
        <ele>1251.2</ele>
      </trkpt>
      <trkpt lat="46.644879" lon="23.061676">
        <ele>1251.7</ele>
      </trkpt>
      <trkpt lat="46.644375" lon="23.060204">
        <ele>1255.7</ele>
      </trkpt>
      <trkpt lat="46.644223" lon="23.059885">
        <ele>1257.1</ele>
      </trkpt>
      <trkpt lat="46.644065" lon="23.059573">
        <ele>1258.4</ele>
      </trkpt>
      <trkpt lat="46.643901" lon="23.059372">
        <ele>1259.6</ele>
      </trkpt>
      <trkpt lat="46.643128" lon="23.058683">
        <ele>1265.8</ele>
      </trkpt>
      <trkpt lat="46.64027" lon="23.057103">
        <ele>1292.8</ele>
      </trkpt>
      <trkpt lat="46.64005" lon="23.056922">
        <ele>1294.7</ele>
      </trkpt>
      <trkpt lat="46.638926" lon="23.055188">
        <ele>1304.9</ele>
      </trkpt>
      <trkpt lat="46.638614" lon="23.054648">
        <ele>1307.6</ele>
      </trkpt>
      <trkpt lat="46.638435" lon="23.054194">
        <ele>1309.2</ele>
      </trkpt>
      <trkpt lat="46.638373" lon="23.053954">
        <ele>1309.9</ele>
      </trkpt>
      <trkpt lat="46.63831" lon="23.053525">
        <ele>1310.9</ele>
      </trkpt>
      <trkpt lat="46.638299" lon="23.053204">
        <ele>1311.5</ele>
      </trkpt>
      <trkpt lat="46.638317" lon="23.052886">
        <ele>1311.9</ele>
      </trkpt>
      <trkpt lat="46.638383" lon="23.052602">
        <ele>1312.2</ele>
      </trkpt>
      <trkpt lat="46.639101" lon="23.050462">
        <ele>1312.3</ele>
      </trkpt>
      <trkpt lat="46.639162" lon="23.050153">
        <ele>1312.1</ele>
      </trkpt>
      <trkpt lat="46.639157" lon="23.049876">
        <ele>1311.9</ele>
      </trkpt>
      <trkpt lat="46.639071" lon="23.049476">
        <ele>1311.6</ele>
      </trkpt>
      <trkpt lat="46.638894" lon="23.048985">
        <ele>1311.2</ele>
      </trkpt>
      <trkpt lat="46.638787" lon="23.048765">
        <ele>1311</ele>
      </trkpt>
      <trkpt lat="46.637058" lon="23.045722">
        <ele>1311.3</ele>
      </trkpt>
      <trkpt lat="46.636953" lon="23.045497">
        <ele>1311.5</ele>
      </trkpt>
      <trkpt lat="46.636908" lon="23.0453">
        <ele>1311.7</ele>
      </trkpt>
      <trkpt lat="46.637087" lon="23.043783">
        <ele>1312.4</ele>
      </trkpt>
      <trkpt lat="46.637152" lon="23.043408">
        <ele>1311.9</ele>
      </trkpt>
      <trkpt lat="46.637231" lon="23.043104">
        <ele>1311</ele>
      </trkpt>
      <trkpt lat="46.637364" lon="23.042738">
        <ele>1309.5</ele>
      </trkpt>
      <trkpt lat="46.637708" lon="23.04215">
        <ele>1304.9</ele>
      </trkpt>
      <trkpt lat="46.63783" lon="23.041999">
        <ele>1303.1</ele>
      </trkpt>
      <trkpt lat="46.637954" lon="23.041878">
        <ele>1301.3</ele>
      </trkpt>
      <trkpt lat="46.638495" lon="23.04153">
        <ele>1292.9</ele>
      </trkpt>
      <trkpt lat="46.638936" lon="23.041348">
        <ele>1285.9</ele>
      </trkpt>
      <trkpt lat="46.639559" lon="23.041307">
        <ele>1276.7</ele>
      </trkpt>
      <trkpt lat="46.64003" lon="23.041211">
        <ele>1270.4</ele>
      </trkpt>
      <trkpt lat="46.640325" lon="23.041224">
        <ele>1266.9</ele>
      </trkpt>
      <trkpt lat="46.64128" lon="23.041527">
        <ele>1257.1</ele>
      </trkpt>
      <trkpt lat="46.642755" lon="23.041787">
        <ele>1245</ele>
      </trkpt>
      <trkpt lat="46.6435" lon="23.042141">
        <ele>1239.3</ele>
      </trkpt>
      <trkpt lat="46.643864" lon="23.04241">
        <ele>1236.4</ele>
      </trkpt>
      <trkpt lat="46.644028" lon="23.042479">
        <ele>1235.2</ele>
      </trkpt>
      <trkpt lat="46.644225" lon="23.042496">
        <ele>1233.8</ele>
      </trkpt>
      <trkpt lat="46.644625" lon="23.042348">
        <ele>1230.8</ele>
      </trkpt>
      <trkpt lat="46.644702" lon="23.042345">
        <ele>1230.2</ele>
      </trkpt>
      <trkpt lat="46.645317" lon="23.042493">
        <ele>1225.7</ele>
      </trkpt>
      <trkpt lat="46.645599" lon="23.042619">
        <ele>1223.8</ele>
      </trkpt>
      <trkpt lat="46.646573" lon="23.043268">
        <ele>1217.9</ele>
      </trkpt>
      <trkpt lat="46.64712" lon="23.043582">
        <ele>1215.9</ele>
      </trkpt>
      <trkpt lat="46.647569" lon="23.043898">
        <ele>1214.7</ele>
      </trkpt>
      <trkpt lat="46.64774" lon="23.04407">
        <ele>1214.3</ele>
      </trkpt>
      <trkpt lat="46.648033" lon="23.044491">
        <ele>1213.5</ele>
      </trkpt>
      <trkpt lat="46.648385" lon="23.045097">
        <ele>1212.6</ele>
      </trkpt>
      <trkpt lat="46.649008" lon="23.046028">
        <ele>1211</ele>
      </trkpt>
      <trkpt lat="46.6491" lon="23.046082">
        <ele>1210.8</ele>
      </trkpt>
      <trkpt lat="46.649203" lon="23.046083">
        <ele>1210.5</ele>
      </trkpt>
      <trkpt lat="46.649325" lon="23.045938">
        <ele>1210.1</ele>
      </trkpt>
      <trkpt lat="46.649375" lon="23.045808">
        <ele>1209.8</ele>
      </trkpt>
      <trkpt lat="46.649393" lon="23.045663">
        <ele>1209.5</ele>
      </trkpt>
      <trkpt lat="46.64945" lon="23.043833">
        <ele>1202.3</ele>
      </trkpt>
      <trkpt lat="46.649434" lon="23.043461">
        <ele>1200</ele>
      </trkpt>
      <trkpt lat="46.649249" lon="23.042694">
        <ele>1193.9</ele>
      </trkpt>
      <trkpt lat="46.649245" lon="23.042502">
        <ele>1192.3</ele>
      </trkpt>
      <trkpt lat="46.649287" lon="23.042184">
        <ele>1189.2</ele>
      </trkpt>
      <trkpt lat="46.649338" lon="23.041986">
        <ele>1187.2</ele>
      </trkpt>
      <trkpt lat="46.64948" lon="23.0416">
        <ele>1182.9</ele>
      </trkpt>
      <trkpt lat="46.649646" lon="23.04124">
        <ele>1178.5</ele>
      </trkpt>
      <trkpt lat="46.649733" lon="23.041117">
        <ele>1176.7</ele>
      </trkpt>
      <trkpt lat="46.649837" lon="23.04103">
        <ele>1174.9</ele>
      </trkpt>
      <trkpt lat="46.650716" lon="23.040546">
        <ele>1161.5</ele>
      </trkpt>
      <trkpt lat="46.651639" lon="23.039683">
        <ele>1152.4</ele>
      </trkpt>
      <trkpt lat="46.651617" lon="23.039834">
        <ele>1152</ele>
      </trkpt>
      <trkpt lat="46.651312" lon="23.041008">
        <ele>1151</ele>
      </trkpt>
      <trkpt lat="46.651254" lon="23.041315">
        <ele>1151.5</ele>
      </trkpt>
      <trkpt lat="46.651231" lon="23.041517">
        <ele>1151.7</ele>
      </trkpt>
      <trkpt lat="46.651242" lon="23.041887">
        <ele>1152</ele>
      </trkpt>
      <trkpt lat="46.651278" lon="23.042124">
        <ele>1151.9</ele>
      </trkpt>
      <trkpt lat="46.651436" lon="23.042745">
        <ele>1151.1</ele>
      </trkpt>
      <trkpt lat="46.651565" lon="23.04311">
        <ele>1150.1</ele>
      </trkpt>
      <trkpt lat="46.651918" lon="23.043812">
        <ele>1147.4</ele>
      </trkpt>
      <trkpt lat="46.652097" lon="23.044242">
        <ele>1145.2</ele>
      </trkpt>
      <trkpt lat="46.652631" lon="23.045677">
        <ele>1136.2</ele>
      </trkpt>
      <trkpt lat="46.652864" lon="23.04639">
        <ele>1130.6</ele>
      </trkpt>
      <trkpt lat="46.652962" lon="23.046795">
        <ele>1127.3</ele>
      </trkpt>
      <trkpt lat="46.65301" lon="23.047114">
        <ele>1124.6</ele>
      </trkpt>
      <trkpt lat="46.653027" lon="23.047539">
        <ele>1121</ele>
      </trkpt>
      <trkpt lat="46.652962" lon="23.048024">
        <ele>1117.1</ele>
      </trkpt>
      <trkpt lat="46.65282" lon="23.048655">
        <ele>1112.6</ele>
      </trkpt>
      <trkpt lat="46.652751" lon="23.048819">
        <ele>1111.5</ele>
      </trkpt>
      <trkpt lat="46.652654" lon="23.048964">
        <ele>1110.5</ele>
      </trkpt>
      <trkpt lat="46.652514" lon="23.049088">
        <ele>1109.4</ele>
      </trkpt>
      <trkpt lat="46.65243" lon="23.049118">
        <ele>1108.8</ele>
      </trkpt>
      <trkpt lat="46.652247" lon="23.049137">
        <ele>1107.8</ele>
      </trkpt>
      <trkpt lat="46.651051" lon="23.049104">
        <ele>1103.6</ele>
      </trkpt>
      <trkpt lat="46.650478" lon="23.049355">
        <ele>1100.6</ele>
      </trkpt>
      <trkpt lat="46.650041" lon="23.049495">
        <ele>1097.5</ele>
      </trkpt>
      <trkpt lat="46.648632" lon="23.049768">
        <ele>1087.8</ele>
      </trkpt>
      <trkpt lat="46.647682" lon="23.049909">
        <ele>1086.8</ele>
      </trkpt>
      <trkpt lat="46.647583" lon="23.050011">
        <ele>1086.7</ele>
      </trkpt>
      <trkpt lat="46.647525" lon="23.050194">
        <ele>1086.5</ele>
      </trkpt>
      <trkpt lat="46.647552" lon="23.050433">
        <ele>1086.1</ele>
      </trkpt>
      <trkpt lat="46.647654" lon="23.050636">
        <ele>1085.5</ele>
      </trkpt>
      <trkpt lat="46.647774" lon="23.05074">
        <ele>1084.9</ele>
      </trkpt>
      <trkpt lat="46.648007" lon="23.050829">
        <ele>1083.5</ele>
      </trkpt>
      <trkpt lat="46.649074" lon="23.051063">
        <ele>1074.9</ele>
      </trkpt>
      <trkpt lat="46.649443" lon="23.051213">
        <ele>1072.2</ele>
      </trkpt>
      <trkpt lat="46.649867" lon="23.051468">
        <ele>1069.4</ele>
      </trkpt>
      <trkpt lat="46.650765" lon="23.052232">
        <ele>1062</ele>
      </trkpt>
      <trkpt lat="46.65118" lon="23.05244">
        <ele>1058.1</ele>
      </trkpt>
      <trkpt lat="46.651915" lon="23.052719">
        <ele>1051.6</ele>
      </trkpt>
      <trkpt lat="46.652229" lon="23.052744">
        <ele>1049.1</ele>
      </trkpt>
      <trkpt lat="46.652841" lon="23.052697">
        <ele>1044.5</ele>
      </trkpt>
      <trkpt lat="46.653571" lon="23.052441">
        <ele>1038.7</ele>
      </trkpt>
      <trkpt lat="46.654137" lon="23.052322">
        <ele>1035.7</ele>
      </trkpt>
      <trkpt lat="46.654404" lon="23.0524">
        <ele>1034.7</ele>
      </trkpt>
      <trkpt lat="46.655059" lon="23.052893">
        <ele>1032.9</ele>
      </trkpt>
      <trkpt lat="46.656118" lon="23.053975">
        <ele>1030</ele>
      </trkpt>
      <trkpt lat="46.656303" lon="23.054297">
        <ele>1028.8</ele>
      </trkpt>
      <trkpt lat="46.656435" lon="23.05469">
        <ele>1027.7</ele>
      </trkpt>
      <trkpt lat="46.656667" lon="23.055098">
        <ele>1026.5</ele>
      </trkpt>
      <trkpt lat="46.6568" lon="23.055266">
        <ele>1026.2</ele>
      </trkpt>
      <trkpt lat="46.656982" lon="23.055436">
        <ele>1026</ele>
      </trkpt>
      <trkpt lat="46.657329" lon="23.055658">
        <ele>1025.6</ele>
      </trkpt>
      <trkpt lat="46.657492" lon="23.055807">
        <ele>1025.1</ele>
      </trkpt>
      <trkpt lat="46.657723" lon="23.056108">
        <ele>1023.8</ele>
      </trkpt>
      <trkpt lat="46.657921" lon="23.056444">
        <ele>1022.3</ele>
      </trkpt>
      <trkpt lat="46.658063" lon="23.056585">
        <ele>1021.3</ele>
      </trkpt>
      <trkpt lat="46.6582" lon="23.056635">
        <ele>1020.5</ele>
      </trkpt>
      <trkpt lat="46.658368" lon="23.056642">
        <ele>1019.4</ele>
      </trkpt>
      <trkpt lat="46.658495" lon="23.056596">
        <ele>1018.6</ele>
      </trkpt>
      <trkpt lat="46.658892" lon="23.05634">
        <ele>1015.2</ele>
      </trkpt>
      <trkpt lat="46.659521" lon="23.056101">
        <ele>1010.4</ele>
      </trkpt>
      <trkpt lat="46.659905" lon="23.056085">
        <ele>1009.7</ele>
      </trkpt>
      <trkpt lat="46.660327" lon="23.056148">
        <ele>1011.2</ele>
      </trkpt>
      <trkpt lat="46.660536" lon="23.056271">
        <ele>1012.8</ele>
      </trkpt>
      <trkpt lat="46.660697" lon="23.056451">
        <ele>1014.8</ele>
      </trkpt>
      <trkpt lat="46.661219" lon="23.057258">
        <ele>1022.6</ele>
      </trkpt>
      <trkpt lat="46.661528" lon="23.057685">
        <ele>1026.1</ele>
      </trkpt>
      <trkpt lat="46.661874" lon="23.058071">
        <ele>1027.9</ele>
      </trkpt>
      <trkpt lat="46.662249" lon="23.058425">
        <ele>1027.7</ele>
      </trkpt>
      <trkpt lat="46.664203" lon="23.059939">
        <ele>1018.3</ele>
      </trkpt>
      <trkpt lat="46.665172" lon="23.060624">
        <ele>1017.7</ele>
      </trkpt>
      <trkpt lat="46.666137" lon="23.061472">
        <ele>1012.3</ele>
      </trkpt>
      <trkpt lat="46.666323" lon="23.061559">
        <ele>1010</ele>
      </trkpt>
      <trkpt lat="46.666537" lon="23.061548">
        <ele>1007.3</ele>
      </trkpt>
      <trkpt lat="46.667271" lon="23.06174">
        <ele>998.1</ele>
      </trkpt>
      <trkpt lat="46.667359" lon="23.061669">
        <ele>996.9</ele>
      </trkpt>
      <trkpt lat="46.66741" lon="23.061549">
        <ele>995.9</ele>
      </trkpt>
      <trkpt lat="46.667514" lon="23.061297">
        <ele>993.9</ele>
      </trkpt>
      <trkpt lat="46.667559" lon="23.061079">
        <ele>992.6</ele>
      </trkpt>
      <trkpt lat="46.66763" lon="23.060407">
        <ele>989.9</ele>
      </trkpt>
      <trkpt lat="46.667811" lon="23.059294">
        <ele>989.2</ele>
      </trkpt>
      <trkpt lat="46.668106" lon="23.058206">
        <ele>989.1</ele>
      </trkpt>
      <trkpt lat="46.66851" lon="23.057158">
        <ele>991.1</ele>
      </trkpt>
      <trkpt lat="46.668521" lon="23.057051">
        <ele>991.2</ele>
      </trkpt>
      <trkpt lat="46.668484" lon="23.056782">
        <ele>991.4</ele>
      </trkpt>
      <trkpt lat="46.668416" lon="23.056529">
        <ele>991.8</ele>
      </trkpt>
      <trkpt lat="46.66832" lon="23.056407">
        <ele>992.1</ele>
      </trkpt>
      <trkpt lat="46.667921" lon="23.05627">
        <ele>993.2</ele>
      </trkpt>
      <trkpt lat="46.667529" lon="23.05603">
        <ele>994.9</ele>
      </trkpt>
      <trkpt lat="46.667428" lon="23.055889">
        <ele>995.6</ele>
      </trkpt>
      <trkpt lat="46.667382" lon="23.055648">
        <ele>996.2</ele>
      </trkpt>
      <trkpt lat="46.667406" lon="23.055506">
        <ele>996.7</ele>
      </trkpt>
      <trkpt lat="46.667453" lon="23.055385">
        <ele>997.2</ele>
      </trkpt>
      <trkpt lat="46.667515" lon="23.055306">
        <ele>997.6</ele>
      </trkpt>
      <trkpt lat="46.667706" lon="23.055231">
        <ele>998.9</ele>
      </trkpt>
      <trkpt lat="46.668065" lon="23.055329">
        <ele>1001.8</ele>
      </trkpt>
      <trkpt lat="46.66858" lon="23.055404">
        <ele>1006.1</ele>
      </trkpt>
      <trkpt lat="46.668831" lon="23.055322">
        <ele>1008.4</ele>
      </trkpt>
      <trkpt lat="46.669044" lon="23.055154">
        <ele>1010.5</ele>
      </trkpt>
      <trkpt lat="46.669435" lon="23.054608">
        <ele>1014.4</ele>
      </trkpt>
      <trkpt lat="46.670063" lon="23.0534">
        <ele>1019.5</ele>
      </trkpt>
      <trkpt lat="46.670663" lon="23.052152">
        <ele>1024.8</ele>
      </trkpt>
      <trkpt lat="46.67086" lon="23.0515">
        <ele>1027.2</ele>
      </trkpt>
      <trkpt lat="46.670957" lon="23.050816">
        <ele>1029.7</ele>
      </trkpt>
      <trkpt lat="46.670986" lon="23.050554">
        <ele>1030.7</ele>
      </trkpt>
      <trkpt lat="46.671003" lon="23.049585">
        <ele>1033.8</ele>
      </trkpt>
      <trkpt lat="46.67096" lon="23.046636">
        <ele>1041.3</ele>
      </trkpt>
      <trkpt lat="46.670982" lon="23.046252">
        <ele>1042.9</ele>
      </trkpt>
      <trkpt lat="46.67103" lon="23.046016">
        <ele>1044.1</ele>
      </trkpt>
      <trkpt lat="46.671181" lon="23.045666">
        <ele>1046.3</ele>
      </trkpt>
      <trkpt lat="46.671372" lon="23.045417">
        <ele>1048.6</ele>
      </trkpt>
      <trkpt lat="46.671495" lon="23.045299">
        <ele>1050.1</ele>
      </trkpt>
      <trkpt lat="46.671684" lon="23.045144">
        <ele>1052.3</ele>
      </trkpt>
      <trkpt lat="46.671953" lon="23.045057">
        <ele>1055.4</ele>
      </trkpt>
      <trkpt lat="46.673112" lon="23.045005">
        <ele>1068.4</ele>
      </trkpt>
      <trkpt lat="46.673291" lon="23.044951">
        <ele>1070.2</ele>
      </trkpt>
      <trkpt lat="46.673705" lon="23.044639">
        <ele>1074.7</ele>
      </trkpt>
      <trkpt lat="46.674191" lon="23.044181">
        <ele>1079.1</ele>
      </trkpt>
      <trkpt lat="46.67435" lon="23.043988">
        <ele>1080.4</ele>
      </trkpt>
      <trkpt lat="46.674486" lon="23.043995">
        <ele>1081.2</ele>
      </trkpt>
      <trkpt lat="46.674548" lon="23.044112">
        <ele>1081.8</ele>
      </trkpt>
      <trkpt lat="46.674555" lon="23.044199">
        <ele>1082.1</ele>
      </trkpt>
      <trkpt lat="46.67451" lon="23.044354">
        <ele>1082.7</ele>
      </trkpt>
      <trkpt lat="46.674159" lon="23.044769">
        <ele>1085.1</ele>
      </trkpt>
      <trkpt lat="46.67382" lon="23.045371">
        <ele>1088</ele>
      </trkpt>
      <trkpt lat="46.673479" lon="23.046043">
        <ele>1091.3</ele>
      </trkpt>
      <trkpt lat="46.673436" lon="23.046201">
        <ele>1092</ele>
      </trkpt>
      <trkpt lat="46.67344" lon="23.046346">
        <ele>1092.6</ele>
      </trkpt>
      <trkpt lat="46.673471" lon="23.046452">
        <ele>1093</ele>
      </trkpt>
      <trkpt lat="46.673524" lon="23.046515">
        <ele>1093.4</ele>
      </trkpt>
      <trkpt lat="46.673615" lon="23.046542">
        <ele>1093.9</ele>
      </trkpt>
      <trkpt lat="46.673762" lon="23.046465">
        <ele>1094.8</ele>
      </trkpt>
      <trkpt lat="46.674166" lon="23.045759">
        <ele>1097.8</ele>
      </trkpt>
      <trkpt lat="46.674327" lon="23.045547">
        <ele>1098.8</ele>
      </trkpt>
      <trkpt lat="46.674518" lon="23.045345">
        <ele>1099.8</ele>
      </trkpt>
      <trkpt lat="46.674663" lon="23.045235">
        <ele>1100.5</ele>
      </trkpt>
      <trkpt lat="46.67491" lon="23.045159">
        <ele>1101.6</ele>
      </trkpt>
      <trkpt lat="46.677683" lon="23.044604">
        <ele>1121.4</ele>
      </trkpt>
      <trkpt lat="46.677967" lon="23.044502">
        <ele>1123.9</ele>
      </trkpt>
      <trkpt lat="46.678262" lon="23.04431">
        <ele>1126.7</ele>
      </trkpt>
      <trkpt lat="46.678404" lon="23.044149">
        <ele>1128.2</ele>
      </trkpt>
      <trkpt lat="46.678559" lon="23.043916">
        <ele>1130.2</ele>
      </trkpt>
      <trkpt lat="46.678811" lon="23.04338">
        <ele>1133.8</ele>
      </trkpt>
      <trkpt lat="46.679108" lon="23.042686">
        <ele>1137.6</ele>
      </trkpt>
      <trkpt lat="46.679567" lon="23.041499">
        <ele>1140.3</ele>
      </trkpt>
      <trkpt lat="46.679956" lon="23.040403">
        <ele>1139.8</ele>
      </trkpt>
      <trkpt lat="46.680569" lon="23.037769">
        <ele>1135.9</ele>
      </trkpt>
      <trkpt lat="46.680696" lon="23.037306">
        <ele>1135</ele>
      </trkpt>
      <trkpt lat="46.68142" lon="23.035887">
        <ele>1130.7</ele>
      </trkpt>
      <trkpt lat="46.681511" lon="23.035661">
        <ele>1130.1</ele>
      </trkpt>
      <trkpt lat="46.681575" lon="23.035358">
        <ele>1129.5</ele>
      </trkpt>
      <trkpt lat="46.681593" lon="23.034665">
        <ele>1128.5</ele>
      </trkpt>
      <trkpt lat="46.68165" lon="23.03389">
        <ele>1127.2</ele>
      </trkpt>
      <trkpt lat="46.681689" lon="23.033778">
        <ele>1127</ele>
      </trkpt>
      <trkpt lat="46.681812" lon="23.033597">
        <ele>1126.7</ele>
      </trkpt>
      <trkpt lat="46.681932" lon="23.033525">
        <ele>1126.4</ele>
      </trkpt>
      <trkpt lat="46.682144" lon="23.033487">
        <ele>1126.2</ele>
      </trkpt>
      <trkpt lat="46.682554" lon="23.033454">
        <ele>1125.6</ele>
      </trkpt>
      </trkseg>
    </trk>
</gpx>
