<?xml version="1.0" encoding="UTF-8"?>
<gpx version="1.1"
     creator="Komoot GPX Exporter"
     xmlns="http://www.topografix.com/GPX/1/1">
  <metadata>
    <name>D3 from Beliș to Beiuș</name>
  </metadata>
    <trk>
      <name>D3 from Beliș to Beiuș</name>
      <trkseg>
      <trkpt lat="46.68247" lon="23.03346">
        <ele>1122.9</ele>
      </trkpt>
      <trkpt lat="46.683267" lon="23.033395">
        <ele>1119.6</ele>
      </trkpt>
      <trkpt lat="46.683692" lon="23.033337">
        <ele>1118</ele>
      </trkpt>
      <trkpt lat="46.68376" lon="23.033132">
        <ele>1117.5</ele>
      </trkpt>
      <trkpt lat="46.683725" lon="23.032985">
        <ele>1117.2</ele>
      </trkpt>
      <trkpt lat="46.683377" lon="23.032681">
        <ele>1116.7</ele>
      </trkpt>
      <trkpt lat="46.68226" lon="23.031613">
        <ele>1120.6</ele>
      </trkpt>
      <trkpt lat="46.681332" lon="23.030401">
        <ele>1126.5</ele>
      </trkpt>
      <trkpt lat="46.681177" lon="23.030093">
        <ele>1127.8</ele>
      </trkpt>
      <trkpt lat="46.680962" lon="23.029496">
        <ele>1130</ele>
      </trkpt>
      <trkpt lat="46.680798" lon="23.028964">
        <ele>1131.6</ele>
      </trkpt>
      <trkpt lat="46.680684" lon="23.028478">
        <ele>1132.8</ele>
      </trkpt>
      <trkpt lat="46.680691" lon="23.028087">
        <ele>1133.7</ele>
      </trkpt>
      <trkpt lat="46.680804" lon="23.027601">
        <ele>1134.6</ele>
      </trkpt>
      <trkpt lat="46.681208" lon="23.026241">
        <ele>1135</ele>
      </trkpt>
      <trkpt lat="46.681512" lon="23.024366">
        <ele>1134.9</ele>
      </trkpt>
      <trkpt lat="46.681523" lon="23.023197">
        <ele>1135.3</ele>
      </trkpt>
      <trkpt lat="46.681368" lon="23.022256">
        <ele>1136.3</ele>
      </trkpt>
      <trkpt lat="46.681291" lon="23.021947">
        <ele>1136.8</ele>
      </trkpt>
      <trkpt lat="46.68121" lon="23.021727">
        <ele>1137.2</ele>
      </trkpt>
      <trkpt lat="46.681008" lon="23.021537">
        <ele>1137.8</ele>
      </trkpt>
      <trkpt lat="46.680791" lon="23.021405">
        <ele>1138.6</ele>
      </trkpt>
      <trkpt lat="46.680434" lon="23.021124">
        <ele>1140.4</ele>
      </trkpt>
      <trkpt lat="46.680345" lon="23.021">
        <ele>1141</ele>
      </trkpt>
      <trkpt lat="46.680161" lon="23.02063">
        <ele>1142.5</ele>
      </trkpt>
      <trkpt lat="46.679866" lon="23.019853">
        <ele>1145.5</ele>
      </trkpt>
      <trkpt lat="46.679544" lon="23.018924">
        <ele>1147.4</ele>
      </trkpt>
      <trkpt lat="46.679019" lon="23.017527">
        <ele>1147.7</ele>
      </trkpt>
      <trkpt lat="46.677572" lon="23.014099">
        <ele>1148.2</ele>
      </trkpt>
      <trkpt lat="46.677478" lon="23.013681">
        <ele>1148.2</ele>
      </trkpt>
      <trkpt lat="46.67692" lon="23.01022">
        <ele>1145.9</ele>
      </trkpt>
      <trkpt lat="46.676669" lon="23.009085">
        <ele>1145.6</ele>
      </trkpt>
      <trkpt lat="46.67665" lon="23.009">
        <ele>1145.6</ele>
      </trkpt>
      <trkpt lat="46.676514" lon="23.008512">
        <ele>1146.1</ele>
      </trkpt>
      <trkpt lat="46.67632" lon="23.00811">
        <ele>1146.8</ele>
      </trkpt>
      <trkpt lat="46.67605" lon="23.0077">
        <ele>1148</ele>
      </trkpt>
      <trkpt lat="46.675826" lon="23.007202">
        <ele>1149.4</ele>
      </trkpt>
      <trkpt lat="46.675329" lon="23.005265">
        <ele>1152.5</ele>
      </trkpt>
      <trkpt lat="46.675191" lon="23.004927">
        <ele>1152.6</ele>
      </trkpt>
      <trkpt lat="46.674345" lon="23.00305">
        <ele>1150.5</ele>
      </trkpt>
      <trkpt lat="46.674138" lon="23.002447">
        <ele>1149.5</ele>
      </trkpt>
      <trkpt lat="46.674003" lon="23.001864">
        <ele>1148.6</ele>
      </trkpt>
      <trkpt lat="46.674524" lon="23.001549">
        <ele>1146.9</ele>
      </trkpt>
      <trkpt lat="46.674777" lon="23.001364">
        <ele>1145.9</ele>
      </trkpt>
      <trkpt lat="46.675012" lon="23.001138">
        <ele>1144.8</ele>
      </trkpt>
      <trkpt lat="46.67619" lon="22.99946">
        <ele>1135.8</ele>
      </trkpt>
      <trkpt lat="46.67651" lon="22.99892">
        <ele>1133.2</ele>
      </trkpt>
      <trkpt lat="46.677021" lon="22.997847">
        <ele>1129.6</ele>
      </trkpt>
      <trkpt lat="46.677164" lon="22.997557">
        <ele>1129</ele>
      </trkpt>
      <trkpt lat="46.677297" lon="22.996921">
        <ele>1128.2</ele>
      </trkpt>
      <trkpt lat="46.67735" lon="22.996775">
        <ele>1128.1</ele>
      </trkpt>
      <trkpt lat="46.677837" lon="22.996222">
        <ele>1127.9</ele>
      </trkpt>
      <trkpt lat="46.67852" lon="22.99527">
        <ele>1127.4</ele>
      </trkpt>
      <trkpt lat="46.679293" lon="22.994669">
        <ele>1125.4</ele>
      </trkpt>
      <trkpt lat="46.67976" lon="22.994444">
        <ele>1123.6</ele>
      </trkpt>
      <trkpt lat="46.680246" lon="22.994045">
        <ele>1122</ele>
      </trkpt>
      <trkpt lat="46.680462" lon="22.993689">
        <ele>1121.6</ele>
      </trkpt>
      <trkpt lat="46.680528" lon="22.99349">
        <ele>1121.5</ele>
      </trkpt>
      <trkpt lat="46.680555" lon="22.993274">
        <ele>1121.5</ele>
      </trkpt>
      <trkpt lat="46.680546" lon="22.992899">
        <ele>1121.4</ele>
      </trkpt>
      <trkpt lat="46.680455" lon="22.992584">
        <ele>1121.3</ele>
      </trkpt>
      <trkpt lat="46.680171" lon="22.992075">
        <ele>1121</ele>
      </trkpt>
      <trkpt lat="46.680138" lon="22.991835">
        <ele>1120.8</ele>
      </trkpt>
      <trkpt lat="46.680175" lon="22.991593">
        <ele>1120.5</ele>
      </trkpt>
      <trkpt lat="46.680273" lon="22.991205">
        <ele>1119.7</ele>
      </trkpt>
      <trkpt lat="46.680311" lon="22.991122">
        <ele>1119.5</ele>
      </trkpt>
      <trkpt lat="46.680398" lon="22.991035">
        <ele>1119.1</ele>
      </trkpt>
      <trkpt lat="46.680686" lon="22.990897">
        <ele>1117.8</ele>
      </trkpt>
      <trkpt lat="46.681067" lon="22.990871">
        <ele>1115.6</ele>
      </trkpt>
      <trkpt lat="46.681228" lon="22.990927">
        <ele>1114.6</ele>
      </trkpt>
      <trkpt lat="46.681361" lon="22.990907">
        <ele>1113.8</ele>
      </trkpt>
      <trkpt lat="46.681575" lon="22.990702">
        <ele>1112.4</ele>
      </trkpt>
      <trkpt lat="46.681694" lon="22.99052">
        <ele>1111.4</ele>
      </trkpt>
      <trkpt lat="46.68186" lon="22.990125">
        <ele>1109.6</ele>
      </trkpt>
      <trkpt lat="46.682055" lon="22.98937">
        <ele>1106.4</ele>
      </trkpt>
      <trkpt lat="46.6822" lon="22.988059">
        <ele>1101.7</ele>
      </trkpt>
      <trkpt lat="46.682214" lon="22.987779">
        <ele>1100.8</ele>
      </trkpt>
      <trkpt lat="46.68229" lon="22.98723">
        <ele>1099.3</ele>
      </trkpt>
      <trkpt lat="46.682436" lon="22.98695">
        <ele>1098.4</ele>
      </trkpt>
      <trkpt lat="46.68266" lon="22.98667">
        <ele>1097.5</ele>
      </trkpt>
      <trkpt lat="46.682813" lon="22.986411">
        <ele>1096.7</ele>
      </trkpt>
      <trkpt lat="46.682885" lon="22.986231">
        <ele>1096.3</ele>
      </trkpt>
      <trkpt lat="46.682912" lon="22.986035">
        <ele>1095.8</ele>
      </trkpt>
      <trkpt lat="46.682905" lon="22.985853">
        <ele>1095.5</ele>
      </trkpt>
      <trkpt lat="46.682811" lon="22.985616">
        <ele>1094.9</ele>
      </trkpt>
      <trkpt lat="46.682555" lon="22.985344">
        <ele>1094.1</ele>
      </trkpt>
      <trkpt lat="46.682161" lon="22.984526">
        <ele>1092.8</ele>
      </trkpt>
      <trkpt lat="46.681771" lon="22.983846">
        <ele>1092</ele>
      </trkpt>
      <trkpt lat="46.681689" lon="22.983749">
        <ele>1091.9</ele>
      </trkpt>
      <trkpt lat="46.681526" lon="22.98369">
        <ele>1091.7</ele>
      </trkpt>
      <trkpt lat="46.680815" lon="22.98379">
        <ele>1091.2</ele>
      </trkpt>
      <trkpt lat="46.680613" lon="22.983714">
        <ele>1090.9</ele>
      </trkpt>
      <trkpt lat="46.680047" lon="22.983398">
        <ele>1090</ele>
      </trkpt>
      <trkpt lat="46.679807" lon="22.983153">
        <ele>1089.6</ele>
      </trkpt>
      <trkpt lat="46.679703" lon="22.983028">
        <ele>1089.4</ele>
      </trkpt>
      <trkpt lat="46.679657" lon="22.982868">
        <ele>1089.2</ele>
      </trkpt>
      <trkpt lat="46.679642" lon="22.98269">
        <ele>1089.1</ele>
      </trkpt>
      <trkpt lat="46.679672" lon="22.982471">
        <ele>1089</ele>
      </trkpt>
      <trkpt lat="46.679794" lon="22.982218">
        <ele>1088.8</ele>
      </trkpt>
      <trkpt lat="46.680061" lon="22.981879">
        <ele>1088.8</ele>
      </trkpt>
      <trkpt lat="46.680141" lon="22.981703">
        <ele>1088.8</ele>
      </trkpt>
      <trkpt lat="46.680307" lon="22.981133">
        <ele>1089.1</ele>
      </trkpt>
      <trkpt lat="46.680701" lon="22.980211">
        <ele>1089.8</ele>
      </trkpt>
      <trkpt lat="46.680804" lon="22.980075">
        <ele>1089.9</ele>
      </trkpt>
      <trkpt lat="46.681248" lon="22.979841">
        <ele>1089.9</ele>
      </trkpt>
      <trkpt lat="46.68168" lon="22.97928">
        <ele>1089.4</ele>
      </trkpt>
      <trkpt lat="46.682289" lon="22.97901">
        <ele>1088.1</ele>
      </trkpt>
      <trkpt lat="46.68242" lon="22.978672">
        <ele>1087.5</ele>
      </trkpt>
      <trkpt lat="46.68246" lon="22.978399">
        <ele>1087</ele>
      </trkpt>
      <trkpt lat="46.682454" lon="22.977898">
        <ele>1086.1</ele>
      </trkpt>
      <trkpt lat="46.682166" lon="22.976599">
        <ele>1085.2</ele>
      </trkpt>
      <trkpt lat="46.682005" lon="22.97615">
        <ele>1085.4</ele>
      </trkpt>
      <trkpt lat="46.681894" lon="22.975971">
        <ele>1085.6</ele>
      </trkpt>
      <trkpt lat="46.681519" lon="22.975635">
        <ele>1086.3</ele>
      </trkpt>
      <trkpt lat="46.681078" lon="22.975428">
        <ele>1087.1</ele>
      </trkpt>
      <trkpt lat="46.680746" lon="22.975226">
        <ele>1087.4</ele>
      </trkpt>
      <trkpt lat="46.680664" lon="22.975144">
        <ele>1087.5</ele>
      </trkpt>
      <trkpt lat="46.680417" lon="22.974755">
        <ele>1087.5</ele>
      </trkpt>
      <trkpt lat="46.680139" lon="22.974101">
        <ele>1087.2</ele>
      </trkpt>
      <trkpt lat="46.67982" lon="22.97359">
        <ele>1086.9</ele>
      </trkpt>
      <trkpt lat="46.6796" lon="22.97303">
        <ele>1087</ele>
      </trkpt>
      <trkpt lat="46.67943" lon="22.97241">
        <ele>1087.8</ele>
      </trkpt>
      <trkpt lat="46.67925" lon="22.97216">
        <ele>1088.5</ele>
      </trkpt>
      <trkpt lat="46.67913" lon="22.9719">
        <ele>1089.2</ele>
      </trkpt>
      <trkpt lat="46.67902" lon="22.9714">
        <ele>1090.7</ele>
      </trkpt>
      <trkpt lat="46.67902" lon="22.97082">
        <ele>1092.5</ele>
      </trkpt>
      <trkpt lat="46.67889" lon="22.96986">
        <ele>1095.3</ele>
      </trkpt>
      <trkpt lat="46.678796" lon="22.96948">
        <ele>1096.3</ele>
      </trkpt>
      <trkpt lat="46.678689" lon="22.96921">
        <ele>1096.9</ele>
      </trkpt>
      <trkpt lat="46.678233" lon="22.968501">
        <ele>1098.5</ele>
      </trkpt>
      <trkpt lat="46.67818" lon="22.9683">
        <ele>1098.9</ele>
      </trkpt>
      <trkpt lat="46.678113" lon="22.967126">
        <ele>1101.8</ele>
      </trkpt>
      <trkpt lat="46.678014" lon="22.96664">
        <ele>1103.8</ele>
      </trkpt>
      <trkpt lat="46.677736" lon="22.966004">
        <ele>1107.9</ele>
      </trkpt>
      <trkpt lat="46.67735" lon="22.96531">
        <ele>1114.4</ele>
      </trkpt>
      <trkpt lat="46.677142" lon="22.964795">
        <ele>1119</ele>
      </trkpt>
      <trkpt lat="46.677045" lon="22.964616">
        <ele>1120.7</ele>
      </trkpt>
      <trkpt lat="46.676797" lon="22.964462">
        <ele>1123.9</ele>
      </trkpt>
      <trkpt lat="46.676639" lon="22.964524">
        <ele>1125.8</ele>
      </trkpt>
      <trkpt lat="46.676472" lon="22.964693">
        <ele>1128.3</ele>
      </trkpt>
      <trkpt lat="46.676311" lon="22.964769">
        <ele>1130.3</ele>
      </trkpt>
      <trkpt lat="46.676056" lon="22.964737">
        <ele>1133.4</ele>
      </trkpt>
      <trkpt lat="46.675709" lon="22.964516">
        <ele>1138.1</ele>
      </trkpt>
      <trkpt lat="46.675285" lon="22.964365">
        <ele>1144.1</ele>
      </trkpt>
      <trkpt lat="46.674717" lon="22.964037">
        <ele>1153.3</ele>
      </trkpt>
      <trkpt lat="46.67448" lon="22.963698">
        <ele>1158</ele>
      </trkpt>
      <trkpt lat="46.674265" lon="22.96347">
        <ele>1161.5</ele>
      </trkpt>
      <trkpt lat="46.673882" lon="22.96323">
        <ele>1166.4</ele>
      </trkpt>
      <trkpt lat="46.672585" lon="22.963484">
        <ele>1176.6</ele>
      </trkpt>
      <trkpt lat="46.671871" lon="22.963551">
        <ele>1180.2</ele>
      </trkpt>
      <trkpt lat="46.671051" lon="22.963922">
        <ele>1183</ele>
      </trkpt>
      <trkpt lat="46.669964" lon="22.964762">
        <ele>1185.6</ele>
      </trkpt>
      <trkpt lat="46.669563" lon="22.964939">
        <ele>1187.1</ele>
      </trkpt>
      <trkpt lat="46.66827" lon="22.965069">
        <ele>1194.6</ele>
      </trkpt>
      <trkpt lat="46.666718" lon="22.965012">
        <ele>1203.5</ele>
      </trkpt>
      <trkpt lat="46.666477" lon="22.964956">
        <ele>1204.6</ele>
      </trkpt>
      <trkpt lat="46.666088" lon="22.96475">
        <ele>1206</ele>
      </trkpt>
      <trkpt lat="46.665569" lon="22.964329">
        <ele>1207.2</ele>
      </trkpt>
      <trkpt lat="46.665377" lon="22.964108">
        <ele>1207.9</ele>
      </trkpt>
      <trkpt lat="46.665207" lon="22.963867">
        <ele>1208.9</ele>
      </trkpt>
      <trkpt lat="46.665165" lon="22.963761">
        <ele>1209.4</ele>
      </trkpt>
      <trkpt lat="46.665141" lon="22.963606">
        <ele>1210</ele>
      </trkpt>
      <trkpt lat="46.665158" lon="22.963427">
        <ele>1210.9</ele>
      </trkpt>
      <trkpt lat="46.665289" lon="22.963032">
        <ele>1213.3</ele>
      </trkpt>
      <trkpt lat="46.665465" lon="22.962829">
        <ele>1215.5</ele>
      </trkpt>
      <trkpt lat="46.66579" lon="22.962601">
        <ele>1219.9</ele>
      </trkpt>
      <trkpt lat="46.666851" lon="22.962565">
        <ele>1233.5</ele>
      </trkpt>
      <trkpt lat="46.667578" lon="22.96241">
        <ele>1239.3</ele>
      </trkpt>
      <trkpt lat="46.668698" lon="22.962005">
        <ele>1242.9</ele>
      </trkpt>
      <trkpt lat="46.669376" lon="22.961998">
        <ele>1244.8</ele>
      </trkpt>
      <trkpt lat="46.669515" lon="22.961933">
        <ele>1245.4</ele>
      </trkpt>
      <trkpt lat="46.669614" lon="22.961813">
        <ele>1245.9</ele>
      </trkpt>
      <trkpt lat="46.669686" lon="22.961635">
        <ele>1246.6</ele>
      </trkpt>
      <trkpt lat="46.669715" lon="22.96127">
        <ele>1248</ele>
      </trkpt>
      <trkpt lat="46.669783" lon="22.960938">
        <ele>1249.5</ele>
      </trkpt>
      <trkpt lat="46.669877" lon="22.960683">
        <ele>1250.9</ele>
      </trkpt>
      <trkpt lat="46.66996" lon="22.960573">
        <ele>1251.6</ele>
      </trkpt>
      <trkpt lat="46.670031" lon="22.960537">
        <ele>1252.2</ele>
      </trkpt>
      <trkpt lat="46.670411" lon="22.960629">
        <ele>1255</ele>
      </trkpt>
      <trkpt lat="46.670678" lon="22.960602">
        <ele>1257</ele>
      </trkpt>
      <trkpt lat="46.671743" lon="22.959992">
        <ele>1265</ele>
      </trkpt>
      <trkpt lat="46.672333" lon="22.959371">
        <ele>1268.9</ele>
      </trkpt>
      <trkpt lat="46.672476" lon="22.95925">
        <ele>1269.7</ele>
      </trkpt>
      <trkpt lat="46.673261" lon="22.958926">
        <ele>1274.2</ele>
      </trkpt>
      <trkpt lat="46.67361" lon="22.958712">
        <ele>1276.6</ele>
      </trkpt>
      <trkpt lat="46.673891" lon="22.958491">
        <ele>1278.7</ele>
      </trkpt>
      <trkpt lat="46.674342" lon="22.958041">
        <ele>1282.4</ele>
      </trkpt>
      <trkpt lat="46.67448" lon="22.95783">
        <ele>1283.6</ele>
      </trkpt>
      <trkpt lat="46.674905" lon="22.956786">
        <ele>1287.3</ele>
      </trkpt>
      <trkpt lat="46.675553" lon="22.955388">
        <ele>1286</ele>
      </trkpt>
      <trkpt lat="46.675588" lon="22.955265">
        <ele>1285.5</ele>
      </trkpt>
      <trkpt lat="46.675599" lon="22.955088">
        <ele>1284.8</ele>
      </trkpt>
      <trkpt lat="46.675245" lon="22.95371">
        <ele>1278.2</ele>
      </trkpt>
      <trkpt lat="46.675252" lon="22.953512">
        <ele>1277.3</ele>
      </trkpt>
      <trkpt lat="46.675353" lon="22.953197">
        <ele>1276.2</ele>
      </trkpt>
      <trkpt lat="46.675512" lon="22.953096">
        <ele>1275.5</ele>
      </trkpt>
      <trkpt lat="46.67588" lon="22.95307">
        <ele>1274.7</ele>
      </trkpt>
      <trkpt lat="46.676089" lon="22.953014">
        <ele>1274.6</ele>
      </trkpt>
      <trkpt lat="46.67694" lon="22.95253">
        <ele>1274.9</ele>
      </trkpt>
      <trkpt lat="46.677827" lon="22.951888">
        <ele>1271.9</ele>
      </trkpt>
      <trkpt lat="46.678101" lon="22.95157">
        <ele>1269.8</ele>
      </trkpt>
      <trkpt lat="46.678217" lon="22.951368">
        <ele>1268.6</ele>
      </trkpt>
      <trkpt lat="46.678449" lon="22.950632">
        <ele>1266.1</ele>
      </trkpt>
      <trkpt lat="46.67863" lon="22.95016">
        <ele>1265.5</ele>
      </trkpt>
      <trkpt lat="46.67882" lon="22.94982">
        <ele>1266</ele>
      </trkpt>
      <trkpt lat="46.67943" lon="22.94904">
        <ele>1272.4</ele>
      </trkpt>
      <trkpt lat="46.680029" lon="22.948442">
        <ele>1281.2</ele>
      </trkpt>
      <trkpt lat="46.680218" lon="22.948215">
        <ele>1284.2</ele>
      </trkpt>
      <trkpt lat="46.680526" lon="22.947701">
        <ele>1289.6</ele>
      </trkpt>
      <trkpt lat="46.680629" lon="22.947457">
        <ele>1291.7</ele>
      </trkpt>
      <trkpt lat="46.680951" lon="22.946517">
        <ele>1296.8</ele>
      </trkpt>
      <trkpt lat="46.681054" lon="22.946191">
        <ele>1297.7</ele>
      </trkpt>
      <trkpt lat="46.681086" lon="22.946008">
        <ele>1298.1</ele>
      </trkpt>
      <trkpt lat="46.681033" lon="22.945759">
        <ele>1298.6</ele>
      </trkpt>
      <trkpt lat="46.680671" lon="22.944801">
        <ele>1298.8</ele>
      </trkpt>
      <trkpt lat="46.680465" lon="22.944327">
        <ele>1297.8</ele>
      </trkpt>
      <trkpt lat="46.679975" lon="22.943266">
        <ele>1294.6</ele>
      </trkpt>
      <trkpt lat="46.679873" lon="22.942998">
        <ele>1293.7</ele>
      </trkpt>
      <trkpt lat="46.679821" lon="22.942676">
        <ele>1292.7</ele>
      </trkpt>
      <trkpt lat="46.67982" lon="22.94193">
        <ele>1290.5</ele>
      </trkpt>
      <trkpt lat="46.67968" lon="22.94146">
        <ele>1289.1</ele>
      </trkpt>
      <trkpt lat="46.67951" lon="22.94114">
        <ele>1288.1</ele>
      </trkpt>
      <trkpt lat="46.67896" lon="22.94049">
        <ele>1286.4</ele>
      </trkpt>
      <trkpt lat="46.678555" lon="22.939812">
        <ele>1285.8</ele>
      </trkpt>
      <trkpt lat="46.678123" lon="22.939039">
        <ele>1285.3</ele>
      </trkpt>
      <trkpt lat="46.677849" lon="22.938463">
        <ele>1284.1</ele>
      </trkpt>
      <trkpt lat="46.67761" lon="22.937596">
        <ele>1280.6</ele>
      </trkpt>
      <trkpt lat="46.677504" lon="22.936894">
        <ele>1276.1</ele>
      </trkpt>
      <trkpt lat="46.677416" lon="22.935285">
        <ele>1262.5</ele>
      </trkpt>
      <trkpt lat="46.677327" lon="22.934848">
        <ele>1258.2</ele>
      </trkpt>
      <trkpt lat="46.677162" lon="22.934362">
        <ele>1253.1</ele>
      </trkpt>
      <trkpt lat="46.676929" lon="22.933805">
        <ele>1247</ele>
      </trkpt>
      <trkpt lat="46.676846" lon="22.933361">
        <ele>1242.6</ele>
      </trkpt>
      <trkpt lat="46.676826" lon="22.93292">
        <ele>1238.6</ele>
      </trkpt>
      <trkpt lat="46.676972" lon="22.931751">
        <ele>1228.9</ele>
      </trkpt>
      <trkpt lat="46.676962" lon="22.931244">
        <ele>1225.5</ele>
      </trkpt>
      <trkpt lat="46.676977" lon="22.930699">
        <ele>1222.1</ele>
      </trkpt>
      <trkpt lat="46.677042" lon="22.930352">
        <ele>1220.2</ele>
      </trkpt>
      <trkpt lat="46.677102" lon="22.930174">
        <ele>1219.1</ele>
      </trkpt>
      <trkpt lat="46.677329" lon="22.929797">
        <ele>1216.7</ele>
      </trkpt>
      <trkpt lat="46.677451" lon="22.929507">
        <ele>1215.1</ele>
      </trkpt>
      <trkpt lat="46.677535" lon="22.928976">
        <ele>1212.9</ele>
      </trkpt>
      <trkpt lat="46.67756" lon="22.92855">
        <ele>1211.4</ele>
      </trkpt>
      <trkpt lat="46.677563" lon="22.927909">
        <ele>1209.5</ele>
      </trkpt>
      <trkpt lat="46.677515" lon="22.92697">
        <ele>1208.2</ele>
      </trkpt>
      <trkpt lat="46.677195" lon="22.925594">
        <ele>1209.1</ele>
      </trkpt>
      <trkpt lat="46.677107" lon="22.925439">
        <ele>1209.4</ele>
      </trkpt>
      <trkpt lat="46.676777" lon="22.925221">
        <ele>1210.2</ele>
      </trkpt>
      <trkpt lat="46.676479" lon="22.92487">
        <ele>1210.9</ele>
      </trkpt>
      <trkpt lat="46.67597" lon="22.92406">
        <ele>1210.8</ele>
      </trkpt>
      <trkpt lat="46.675713" lon="22.923743">
        <ele>1209.7</ele>
      </trkpt>
      <trkpt lat="46.675631" lon="22.923608">
        <ele>1209.1</ele>
      </trkpt>
      <trkpt lat="46.67539" lon="22.92304">
        <ele>1206.2</ele>
      </trkpt>
      <trkpt lat="46.675297" lon="22.922877">
        <ele>1205</ele>
      </trkpt>
      <trkpt lat="46.674992" lon="22.922534">
        <ele>1201.5</ele>
      </trkpt>
      <trkpt lat="46.67484" lon="22.922215">
        <ele>1198.8</ele>
      </trkpt>
      <trkpt lat="46.674762" lon="22.921653">
        <ele>1195.3</ele>
      </trkpt>
      <trkpt lat="46.674753" lon="22.92139">
        <ele>1194</ele>
      </trkpt>
      <trkpt lat="46.674775" lon="22.921003">
        <ele>1192.4</ele>
      </trkpt>
      <trkpt lat="46.674848" lon="22.920594">
        <ele>1190.9</ele>
      </trkpt>
      <trkpt lat="46.674966" lon="22.920348">
        <ele>1190.1</ele>
      </trkpt>
      <trkpt lat="46.675132" lon="22.920128">
        <ele>1189.4</ele>
      </trkpt>
      <trkpt lat="46.67532" lon="22.91998">
        <ele>1189.1</ele>
      </trkpt>
      <trkpt lat="46.675923" lon="22.919555">
        <ele>1189.8</ele>
      </trkpt>
      <trkpt lat="46.676365" lon="22.919409">
        <ele>1190.3</ele>
      </trkpt>
      <trkpt lat="46.676777" lon="22.919363">
        <ele>1190.5</ele>
      </trkpt>
      <trkpt lat="46.676978" lon="22.919245">
        <ele>1190.6</ele>
      </trkpt>
      <trkpt lat="46.677048" lon="22.91915">
        <ele>1190.7</ele>
      </trkpt>
      <trkpt lat="46.67722" lon="22.918728">
        <ele>1190.6</ele>
      </trkpt>
      <trkpt lat="46.677398" lon="22.918113">
        <ele>1190</ele>
      </trkpt>
      <trkpt lat="46.677511" lon="22.91734">
        <ele>1189.3</ele>
      </trkpt>
      <trkpt lat="46.677625" lon="22.917014">
        <ele>1189.2</ele>
      </trkpt>
      <trkpt lat="46.677876" lon="22.916485">
        <ele>1189.5</ele>
      </trkpt>
      <trkpt lat="46.678052" lon="22.916244">
        <ele>1189.9</ele>
      </trkpt>
      <trkpt lat="46.678231" lon="22.916072">
        <ele>1190.3</ele>
      </trkpt>
      <trkpt lat="46.678322" lon="22.916072">
        <ele>1190.5</ele>
      </trkpt>
      <trkpt lat="46.678481" lon="22.916188">
        <ele>1190.9</ele>
      </trkpt>
      <trkpt lat="46.678833" lon="22.916521">
        <ele>1191.7</ele>
      </trkpt>
      <trkpt lat="46.679328" lon="22.917102">
        <ele>1191.6</ele>
      </trkpt>
      <trkpt lat="46.679744" lon="22.917379">
        <ele>1190.4</ele>
      </trkpt>
      <trkpt lat="46.680281" lon="22.917684">
        <ele>1188</ele>
      </trkpt>
      <trkpt lat="46.680548" lon="22.917942">
        <ele>1186.2</ele>
      </trkpt>
      <trkpt lat="46.680754" lon="22.918591">
        <ele>1183.3</ele>
      </trkpt>
      <trkpt lat="46.680785" lon="22.919103">
        <ele>1181.3</ele>
      </trkpt>
      <trkpt lat="46.680765" lon="22.919492">
        <ele>1180</ele>
      </trkpt>
      <trkpt lat="46.680699" lon="22.919795">
        <ele>1179</ele>
      </trkpt>
      <trkpt lat="46.680614" lon="22.920045">
        <ele>1178.2</ele>
      </trkpt>
      <trkpt lat="46.680419" lon="22.92038">
        <ele>1176.7</ele>
      </trkpt>
      <trkpt lat="46.679909" lon="22.920947">
        <ele>1171.6</ele>
      </trkpt>
      <trkpt lat="46.679837" lon="22.921091">
        <ele>1170.3</ele>
      </trkpt>
      <trkpt lat="46.679811" lon="22.921229">
        <ele>1169.2</ele>
      </trkpt>
      <trkpt lat="46.679828" lon="22.921364">
        <ele>1168.1</ele>
      </trkpt>
      <trkpt lat="46.679885" lon="22.921504">
        <ele>1166.8</ele>
      </trkpt>
      <trkpt lat="46.680404" lon="22.922418">
        <ele>1156</ele>
      </trkpt>
      <trkpt lat="46.680533" lon="22.922802">
        <ele>1152</ele>
      </trkpt>
      <trkpt lat="46.680621" lon="22.92373">
        <ele>1144.7</ele>
      </trkpt>
      <trkpt lat="46.680651" lon="22.924215">
        <ele>1141.7</ele>
      </trkpt>
      <trkpt lat="46.680638" lon="22.924336">
        <ele>1140.9</ele>
      </trkpt>
      <trkpt lat="46.680515" lon="22.924596">
        <ele>1139.2</ele>
      </trkpt>
      <trkpt lat="46.680284" lon="22.924839">
        <ele>1136.7</ele>
      </trkpt>
      <trkpt lat="46.68025" lon="22.924957">
        <ele>1136</ele>
      </trkpt>
      <trkpt lat="46.680296" lon="22.925143">
        <ele>1134.9</ele>
      </trkpt>
      <trkpt lat="46.680557" lon="22.925811">
        <ele>1130.3</ele>
      </trkpt>
      <trkpt lat="46.680641" lon="22.925972">
        <ele>1129</ele>
      </trkpt>
      <trkpt lat="46.680718" lon="22.925979">
        <ele>1128.4</ele>
      </trkpt>
      <trkpt lat="46.680827" lon="22.925895">
        <ele>1127.3</ele>
      </trkpt>
      <trkpt lat="46.68125" lon="22.925398">
        <ele>1122.7</ele>
      </trkpt>
      <trkpt lat="46.68187" lon="22.924342">
        <ele>1115.3</ele>
      </trkpt>
      <trkpt lat="46.681963" lon="22.924039">
        <ele>1113.5</ele>
      </trkpt>
      <trkpt lat="46.682059" lon="22.923074">
        <ele>1108.2</ele>
      </trkpt>
      <trkpt lat="46.682128" lon="22.922633">
        <ele>1105.8</ele>
      </trkpt>
      <trkpt lat="46.682305" lon="22.921954">
        <ele>1102</ele>
      </trkpt>
      <trkpt lat="46.682546" lon="22.921315">
        <ele>1098.6</ele>
      </trkpt>
      <trkpt lat="46.682678" lon="22.921164">
        <ele>1097.5</ele>
      </trkpt>
      <trkpt lat="46.683009" lon="22.92089">
        <ele>1095.1</ele>
      </trkpt>
      <trkpt lat="46.683108" lon="22.920761">
        <ele>1094.3</ele>
      </trkpt>
      <trkpt lat="46.683265" lon="22.920452">
        <ele>1092.7</ele>
      </trkpt>
      <trkpt lat="46.683417" lon="22.920057">
        <ele>1091</ele>
      </trkpt>
      <trkpt lat="46.683428" lon="22.919371">
        <ele>1088.5</ele>
      </trkpt>
      <trkpt lat="46.683236" lon="22.918202">
        <ele>1082.8</ele>
      </trkpt>
      <trkpt lat="46.683238" lon="22.917864">
        <ele>1081</ele>
      </trkpt>
      <trkpt lat="46.683407" lon="22.916896">
        <ele>1074.9</ele>
      </trkpt>
      <trkpt lat="46.683431" lon="22.916432">
        <ele>1071.6</ele>
      </trkpt>
      <trkpt lat="46.683542" lon="22.916072">
        <ele>1068.8</ele>
      </trkpt>
      <trkpt lat="46.683663" lon="22.915549">
        <ele>1065.1</ele>
      </trkpt>
      <trkpt lat="46.683926" lon="22.914997">
        <ele>1061</ele>
      </trkpt>
      <trkpt lat="46.684752" lon="22.91354">
        <ele>1049.4</ele>
      </trkpt>
      <trkpt lat="46.685201" lon="22.912618">
        <ele>1041.1</ele>
      </trkpt>
      <trkpt lat="46.685459" lon="22.911869">
        <ele>1034.9</ele>
      </trkpt>
      <trkpt lat="46.685832" lon="22.910453">
        <ele>1025.4</ele>
      </trkpt>
      <trkpt lat="46.685959" lon="22.910075">
        <ele>1023.2</ele>
      </trkpt>
      <trkpt lat="46.686111" lon="22.90977">
        <ele>1021.2</ele>
      </trkpt>
      <trkpt lat="46.686355" lon="22.909402">
        <ele>1018.4</ele>
      </trkpt>
      <trkpt lat="46.687014" lon="22.90864">
        <ele>1011.9</ele>
      </trkpt>
      <trkpt lat="46.687214" lon="22.908272">
        <ele>1009.4</ele>
      </trkpt>
      <trkpt lat="46.687282" lon="22.907755">
        <ele>1006.5</ele>
      </trkpt>
      <trkpt lat="46.687295" lon="22.907001">
        <ele>1002.1</ele>
      </trkpt>
      <trkpt lat="46.687246" lon="22.906086">
        <ele>996.4</ele>
      </trkpt>
      <trkpt lat="46.687214" lon="22.90574">
        <ele>994.2</ele>
      </trkpt>
      <trkpt lat="46.68715" lon="22.90544">
        <ele>992</ele>
      </trkpt>
      <trkpt lat="46.686962" lon="22.904936">
        <ele>987.9</ele>
      </trkpt>
      <trkpt lat="46.686934" lon="22.90466">
        <ele>985.9</ele>
      </trkpt>
      <trkpt lat="46.686964" lon="22.904276">
        <ele>983</ele>
      </trkpt>
      <trkpt lat="46.687014" lon="22.903761">
        <ele>978.9</ele>
      </trkpt>
      <trkpt lat="46.687207" lon="22.902339">
        <ele>966.7</ele>
      </trkpt>
      <trkpt lat="46.68756" lon="22.9011">
        <ele>955.7</ele>
      </trkpt>
      <trkpt lat="46.687654" lon="22.900499">
        <ele>952.2</ele>
      </trkpt>
      <trkpt lat="46.687707" lon="22.900328">
        <ele>951.5</ele>
      </trkpt>
      <trkpt lat="46.687894" lon="22.900037">
        <ele>950.4</ele>
      </trkpt>
      <trkpt lat="46.687882" lon="22.899901">
        <ele>950.2</ele>
      </trkpt>
      <trkpt lat="46.687801" lon="22.899865">
        <ele>950.1</ele>
      </trkpt>
      <trkpt lat="46.687747" lon="22.899877">
        <ele>950</ele>
      </trkpt>
      <trkpt lat="46.687691" lon="22.899944">
        <ele>950</ele>
      </trkpt>
      <trkpt lat="46.687507" lon="22.900306">
        <ele>949.8</ele>
      </trkpt>
      <trkpt lat="46.687424" lon="22.900575">
        <ele>949.8</ele>
      </trkpt>
      <trkpt lat="46.687205" lon="22.901107">
        <ele>949.6</ele>
      </trkpt>
      <trkpt lat="46.687137" lon="22.901136">
        <ele>949.6</ele>
      </trkpt>
      <trkpt lat="46.687103" lon="22.901084">
        <ele>949.5</ele>
      </trkpt>
      <trkpt lat="46.687116" lon="22.900969">
        <ele>949.5</ele>
      </trkpt>
      <trkpt lat="46.687367" lon="22.900089">
        <ele>947.4</ele>
      </trkpt>
      <trkpt lat="46.68743" lon="22.899738">
        <ele>945.6</ele>
      </trkpt>
      <trkpt lat="46.687536" lon="22.898847">
        <ele>939</ele>
      </trkpt>
      <trkpt lat="46.687613" lon="22.898428">
        <ele>935.2</ele>
      </trkpt>
      <trkpt lat="46.687772" lon="22.897973">
        <ele>930.2</ele>
      </trkpt>
      <trkpt lat="46.68862" lon="22.89647">
        <ele>907.8</ele>
      </trkpt>
      <trkpt lat="46.689192" lon="22.895344">
        <ele>892.2</ele>
      </trkpt>
      <trkpt lat="46.690013" lon="22.893563">
        <ele>871.6</ele>
      </trkpt>
      <trkpt lat="46.690191" lon="22.893045">
        <ele>868.4</ele>
      </trkpt>
      <trkpt lat="46.690241" lon="22.892807">
        <ele>867.4</ele>
      </trkpt>
      <trkpt lat="46.690261" lon="22.89271">
        <ele>867.1</ele>
      </trkpt>
      <trkpt lat="46.690379" lon="22.89271">
        <ele>866.6</ele>
      </trkpt>
      <trkpt lat="46.690583" lon="22.892779">
        <ele>865.9</ele>
      </trkpt>
      <trkpt lat="46.690661" lon="22.892858">
        <ele>865.8</ele>
      </trkpt>
      <trkpt lat="46.690781" lon="22.893008">
        <ele>865.6</ele>
      </trkpt>
      <trkpt lat="46.690968" lon="22.893284">
        <ele>865.8</ele>
      </trkpt>
      <trkpt lat="46.691151" lon="22.8937">
        <ele>866.4</ele>
      </trkpt>
      <trkpt lat="46.691372" lon="22.894016">
        <ele>866.7</ele>
      </trkpt>
      <trkpt lat="46.691525" lon="22.894196">
        <ele>866.8</ele>
      </trkpt>
      <trkpt lat="46.691875" lon="22.894459">
        <ele>866.4</ele>
      </trkpt>
      <trkpt lat="46.692191" lon="22.89459">
        <ele>865.6</ele>
      </trkpt>
      <trkpt lat="46.694404" lon="22.895164">
        <ele>851.1</ele>
      </trkpt>
      <trkpt lat="46.694842" lon="22.895366">
        <ele>848.4</ele>
      </trkpt>
      <trkpt lat="46.69539" lon="22.895438">
        <ele>845.9</ele>
      </trkpt>
      <trkpt lat="46.695587" lon="22.89554">
        <ele>845.2</ele>
      </trkpt>
      <trkpt lat="46.695865" lon="22.895757">
        <ele>844.5</ele>
      </trkpt>
      <trkpt lat="46.696185" lon="22.895773">
        <ele>844</ele>
      </trkpt>
      <trkpt lat="46.696487" lon="22.895701">
        <ele>843.8</ele>
      </trkpt>
      <trkpt lat="46.696728" lon="22.895679">
        <ele>843.7</ele>
      </trkpt>
      <trkpt lat="46.69739" lon="22.895752">
        <ele>844</ele>
      </trkpt>
      <trkpt lat="46.698004" lon="22.895513">
        <ele>843.1</ele>
      </trkpt>
      <trkpt lat="46.698512" lon="22.895202">
        <ele>840.2</ele>
      </trkpt>
      <trkpt lat="46.698683" lon="22.895127">
        <ele>839</ele>
      </trkpt>
      <trkpt lat="46.699038" lon="22.89506">
        <ele>836.1</ele>
      </trkpt>
      <trkpt lat="46.699333" lon="22.895089">
        <ele>833.5</ele>
      </trkpt>
      <trkpt lat="46.699559" lon="22.895148">
        <ele>831.3</ele>
      </trkpt>
      <trkpt lat="46.699798" lon="22.895304">
        <ele>828.9</ele>
      </trkpt>
      <trkpt lat="46.700331" lon="22.895859">
        <ele>824.9</ele>
      </trkpt>
      <trkpt lat="46.700455" lon="22.895932">
        <ele>824.4</ele>
      </trkpt>
      <trkpt lat="46.7006" lon="22.89594">
        <ele>824</ele>
      </trkpt>
      <trkpt lat="46.700758" lon="22.895824">
        <ele>823.7</ele>
      </trkpt>
      <trkpt lat="46.700951" lon="22.895698">
        <ele>823.5</ele>
      </trkpt>
      <trkpt lat="46.701161" lon="22.895629">
        <ele>823.4</ele>
      </trkpt>
      <trkpt lat="46.70237" lon="22.895398">
        <ele>823.8</ele>
      </trkpt>
      <trkpt lat="46.702875" lon="22.895173">
        <ele>822.7</ele>
      </trkpt>
      <trkpt lat="46.703738" lon="22.894542">
        <ele>818.6</ele>
      </trkpt>
      <trkpt lat="46.704297" lon="22.894495">
        <ele>815.5</ele>
      </trkpt>
      <trkpt lat="46.704448" lon="22.894425">
        <ele>814.8</ele>
      </trkpt>
      <trkpt lat="46.704819" lon="22.894146">
        <ele>812.9</ele>
      </trkpt>
      <trkpt lat="46.704981" lon="22.89408">
        <ele>812</ele>
      </trkpt>
      <trkpt lat="46.70514" lon="22.894099">
        <ele>811.1</ele>
      </trkpt>
      <trkpt lat="46.705297" lon="22.89396">
        <ele>810.1</ele>
      </trkpt>
      <trkpt lat="46.705485" lon="22.893686">
        <ele>808.5</ele>
      </trkpt>
      <trkpt lat="46.70568" lon="22.893549">
        <ele>807.4</ele>
      </trkpt>
      <trkpt lat="46.706431" lon="22.893417">
        <ele>804.8</ele>
      </trkpt>
      <trkpt lat="46.706793" lon="22.893416">
        <ele>803.8</ele>
      </trkpt>
      <trkpt lat="46.706917" lon="22.893495">
        <ele>803.6</ele>
      </trkpt>
      <trkpt lat="46.70707" lon="22.893614">
        <ele>803.4</ele>
      </trkpt>
      <trkpt lat="46.708581" lon="22.89462">
        <ele>805.1</ele>
      </trkpt>
      <trkpt lat="46.70946" lon="22.895046">
        <ele>803.2</ele>
      </trkpt>
      <trkpt lat="46.709637" lon="22.895084">
        <ele>802.6</ele>
      </trkpt>
      <trkpt lat="46.709802" lon="22.895103">
        <ele>801.9</ele>
      </trkpt>
      <trkpt lat="46.709949" lon="22.895063">
        <ele>801.3</ele>
      </trkpt>
      <trkpt lat="46.710749" lon="22.894393">
        <ele>797.6</ele>
      </trkpt>
      <trkpt lat="46.71088" lon="22.894325">
        <ele>797.2</ele>
      </trkpt>
      <trkpt lat="46.711247" lon="22.894274">
        <ele>796.2</ele>
      </trkpt>
      <trkpt lat="46.711419" lon="22.894306">
        <ele>795.7</ele>
      </trkpt>
      <trkpt lat="46.711634" lon="22.894421">
        <ele>795.3</ele>
      </trkpt>
      <trkpt lat="46.712727" lon="22.89462">
        <ele>792.8</ele>
      </trkpt>
      <trkpt lat="46.713047" lon="22.894643">
        <ele>791.9</ele>
      </trkpt>
      <trkpt lat="46.7138" lon="22.894611">
        <ele>789.4</ele>
      </trkpt>
      <trkpt lat="46.714612" lon="22.894503">
        <ele>787.5</ele>
      </trkpt>
      <trkpt lat="46.714735" lon="22.894523">
        <ele>787.5</ele>
      </trkpt>
      <trkpt lat="46.714942" lon="22.894612">
        <ele>787.4</ele>
      </trkpt>
      <trkpt lat="46.715244" lon="22.894867">
        <ele>787.4</ele>
      </trkpt>
      <trkpt lat="46.715713" lon="22.895046">
        <ele>787.7</ele>
      </trkpt>
      <trkpt lat="46.717164" lon="22.895717">
        <ele>785.9</ele>
      </trkpt>
      <trkpt lat="46.717342" lon="22.895744">
        <ele>785.2</ele>
      </trkpt>
      <trkpt lat="46.718423" lon="22.896222">
        <ele>780.8</ele>
      </trkpt>
      <trkpt lat="46.718648" lon="22.896243">
        <ele>780.2</ele>
      </trkpt>
      <trkpt lat="46.719027" lon="22.89619">
        <ele>779.7</ele>
      </trkpt>
      <trkpt lat="46.719632" lon="22.89602">
        <ele>780.2</ele>
      </trkpt>
      <trkpt lat="46.720185" lon="22.895784">
        <ele>781.7</ele>
      </trkpt>
      <trkpt lat="46.720963" lon="22.895724">
        <ele>784.1</ele>
      </trkpt>
      <trkpt lat="46.721736" lon="22.895714">
        <ele>785.8</ele>
      </trkpt>
      <trkpt lat="46.721924" lon="22.895696">
        <ele>786</ele>
      </trkpt>
      <trkpt lat="46.722277" lon="22.895602">
        <ele>786.3</ele>
      </trkpt>
      <trkpt lat="46.722473" lon="22.895485">
        <ele>786.3</ele>
      </trkpt>
      <trkpt lat="46.722891" lon="22.895073">
        <ele>785.6</ele>
      </trkpt>
      <trkpt lat="46.723269" lon="22.89451">
        <ele>783.5</ele>
      </trkpt>
      <trkpt lat="46.723345" lon="22.894439">
        <ele>783.1</ele>
      </trkpt>
      <trkpt lat="46.723625" lon="22.894295">
        <ele>781.9</ele>
      </trkpt>
      <trkpt lat="46.724308" lon="22.894041">
        <ele>778.4</ele>
      </trkpt>
      <trkpt lat="46.724692" lon="22.893951">
        <ele>776.4</ele>
      </trkpt>
      <trkpt lat="46.724991" lon="22.893967">
        <ele>775</ele>
      </trkpt>
      <trkpt lat="46.725164" lon="22.89401">
        <ele>774.3</ele>
      </trkpt>
      <trkpt lat="46.725368" lon="22.89409">
        <ele>773.5</ele>
      </trkpt>
      <trkpt lat="46.727064" lon="22.895053">
        <ele>766.7</ele>
      </trkpt>
      <trkpt lat="46.728302" lon="22.895289">
        <ele>764.9</ele>
      </trkpt>
      <trkpt lat="46.728486" lon="22.895343">
        <ele>765.1</ele>
      </trkpt>
      <trkpt lat="46.72873" lon="22.895414">
        <ele>765.6</ele>
      </trkpt>
      <trkpt lat="46.72913" lon="22.895527">
        <ele>766.6</ele>
      </trkpt>
      <trkpt lat="46.729905" lon="22.895513">
        <ele>769.5</ele>
      </trkpt>
      <trkpt lat="46.731234" lon="22.894861">
        <ele>772.3</ele>
      </trkpt>
      <trkpt lat="46.731624" lon="22.894816">
        <ele>771.9</ele>
      </trkpt>
      <trkpt lat="46.733737" lon="22.895148">
        <ele>764.4</ele>
      </trkpt>
      <trkpt lat="46.734325" lon="22.895278">
        <ele>761.6</ele>
      </trkpt>
      <trkpt lat="46.734722" lon="22.895431">
        <ele>759.6</ele>
      </trkpt>
      <trkpt lat="46.736589" lon="22.895995">
        <ele>752.3</ele>
      </trkpt>
      <trkpt lat="46.736741" lon="22.895972">
        <ele>752.1</ele>
      </trkpt>
      <trkpt lat="46.737283" lon="22.895751">
        <ele>751.1</ele>
      </trkpt>
      <trkpt lat="46.73738" lon="22.895764">
        <ele>751</ele>
      </trkpt>
      <trkpt lat="46.737511" lon="22.895832">
        <ele>750.9</ele>
      </trkpt>
      <trkpt lat="46.737719" lon="22.895956">
        <ele>750.7</ele>
      </trkpt>
      <trkpt lat="46.738011" lon="22.896087">
        <ele>750.4</ele>
      </trkpt>
      <trkpt lat="46.739102" lon="22.896598">
        <ele>747.9</ele>
      </trkpt>
      <trkpt lat="46.740355" lon="22.897253">
        <ele>745.1</ele>
      </trkpt>
      <trkpt lat="46.741034" lon="22.897365">
        <ele>742.7</ele>
      </trkpt>
      <trkpt lat="46.741191" lon="22.897423">
        <ele>742.1</ele>
      </trkpt>
      <trkpt lat="46.741363" lon="22.897588">
        <ele>741.3</ele>
      </trkpt>
      <trkpt lat="46.741581" lon="22.898004">
        <ele>739.9</ele>
      </trkpt>
      <trkpt lat="46.741845" lon="22.898387">
        <ele>738.6</ele>
      </trkpt>
      <trkpt lat="46.742258" lon="22.89862">
        <ele>737.2</ele>
      </trkpt>
      <trkpt lat="46.742462" lon="22.898697">
        <ele>736.6</ele>
      </trkpt>
      <trkpt lat="46.742798" lon="22.898797">
        <ele>735.8</ele>
      </trkpt>
      <trkpt lat="46.743075" lon="22.898932">
        <ele>735.2</ele>
      </trkpt>
      <trkpt lat="46.743868" lon="22.899764">
        <ele>733.7</ele>
      </trkpt>
      <trkpt lat="46.744465" lon="22.900277">
        <ele>733.1</ele>
      </trkpt>
      <trkpt lat="46.745175" lon="22.900659">
        <ele>732.9</ele>
      </trkpt>
      <trkpt lat="46.746293" lon="22.901237">
        <ele>733</ele>
      </trkpt>
      <trkpt lat="46.746695" lon="22.901598">
        <ele>733.2</ele>
      </trkpt>
      <trkpt lat="46.746929" lon="22.901726">
        <ele>733.3</ele>
      </trkpt>
      <trkpt lat="46.747071" lon="22.901762">
        <ele>733.3</ele>
      </trkpt>
      <trkpt lat="46.747493" lon="22.901788">
        <ele>733.1</ele>
      </trkpt>
      <trkpt lat="46.747867" lon="22.901865">
        <ele>732.8</ele>
      </trkpt>
      <trkpt lat="46.748062" lon="22.901956">
        <ele>732.5</ele>
      </trkpt>
      <trkpt lat="46.748366" lon="22.902137">
        <ele>732</ele>
      </trkpt>
      <trkpt lat="46.749838" lon="22.903295">
        <ele>727.5</ele>
      </trkpt>
      <trkpt lat="46.750037" lon="22.903362">
        <ele>726.9</ele>
      </trkpt>
      <trkpt lat="46.75027" lon="22.903319">
        <ele>726.4</ele>
      </trkpt>
      <trkpt lat="46.750558" lon="22.90318">
        <ele>725.8</ele>
      </trkpt>
      <trkpt lat="46.750737" lon="22.903051">
        <ele>725.4</ele>
      </trkpt>
      <trkpt lat="46.750856" lon="22.902906">
        <ele>725.1</ele>
      </trkpt>
      <trkpt lat="46.752192" lon="22.900434">
        <ele>724.7</ele>
      </trkpt>
      <trkpt lat="46.752435" lon="22.900042">
        <ele>726</ele>
      </trkpt>
      <trkpt lat="46.752773" lon="22.899736">
        <ele>727.3</ele>
      </trkpt>
      <trkpt lat="46.752696" lon="22.899497">
        <ele>727.8</ele>
      </trkpt>
      <trkpt lat="46.752678" lon="22.899338">
        <ele>728.1</ele>
      </trkpt>
      <trkpt lat="46.752694" lon="22.899241">
        <ele>728.3</ele>
      </trkpt>
      <trkpt lat="46.752744" lon="22.899148">
        <ele>728.5</ele>
      </trkpt>
      <trkpt lat="46.752875" lon="22.898981">
        <ele>728.9</ele>
      </trkpt>
      <trkpt lat="46.753716" lon="22.898163">
        <ele>729.3</ele>
      </trkpt>
      <trkpt lat="46.754305" lon="22.897332">
        <ele>726.6</ele>
      </trkpt>
      <trkpt lat="46.755362" lon="22.896422">
        <ele>722.1</ele>
      </trkpt>
      <trkpt lat="46.755617" lon="22.896288">
        <ele>721.4</ele>
      </trkpt>
      <trkpt lat="46.755885" lon="22.896232">
        <ele>721</ele>
      </trkpt>
      <trkpt lat="46.756075" lon="22.896135">
        <ele>720.8</ele>
      </trkpt>
      <trkpt lat="46.756587" lon="22.895765">
        <ele>721</ele>
      </trkpt>
      <trkpt lat="46.757892" lon="22.8951">
        <ele>722.8</ele>
      </trkpt>
      <trkpt lat="46.75823" lon="22.894829">
        <ele>723</ele>
      </trkpt>
      <trkpt lat="46.758695" lon="22.894365">
        <ele>723.2</ele>
      </trkpt>
      <trkpt lat="46.759246" lon="22.894124">
        <ele>723.3</ele>
      </trkpt>
      <trkpt lat="46.759349" lon="22.894006">
        <ele>723.3</ele>
      </trkpt>
      <trkpt lat="46.759465" lon="22.893665">
        <ele>723.4</ele>
      </trkpt>
      <trkpt lat="46.75958" lon="22.893482">
        <ele>723.5</ele>
      </trkpt>
      <trkpt lat="46.76083" lon="22.892074">
        <ele>722.3</ele>
      </trkpt>
      <trkpt lat="46.761108" lon="22.891801">
        <ele>721.6</ele>
      </trkpt>
      <trkpt lat="46.761607" lon="22.891519">
        <ele>720.5</ele>
      </trkpt>
      <trkpt lat="46.762307" lon="22.89135">
        <ele>718.9</ele>
      </trkpt>
      <trkpt lat="46.762553" lon="22.891348">
        <ele>718.6</ele>
      </trkpt>
      <trkpt lat="46.762719" lon="22.891415">
        <ele>718.5</ele>
      </trkpt>
      <trkpt lat="46.762847" lon="22.891503">
        <ele>718.4</ele>
      </trkpt>
      <trkpt lat="46.763733" lon="22.892337">
        <ele>716.7</ele>
      </trkpt>
      <trkpt lat="46.76394" lon="22.892562">
        <ele>716</ele>
      </trkpt>
      <trkpt lat="46.764325" lon="22.893131">
        <ele>714.3</ele>
      </trkpt>
      <trkpt lat="46.764619" lon="22.893464">
        <ele>713</ele>
      </trkpt>
      <trkpt lat="46.764782" lon="22.893595">
        <ele>712.3</ele>
      </trkpt>
      <trkpt lat="46.765543" lon="22.893855">
        <ele>708.9</ele>
      </trkpt>
      <trkpt lat="46.765911" lon="22.893926">
        <ele>707.3</ele>
      </trkpt>
      <trkpt lat="46.766184" lon="22.894126">
        <ele>706</ele>
      </trkpt>
      <trkpt lat="46.766658" lon="22.894233">
        <ele>704</ele>
      </trkpt>
      <trkpt lat="46.767249" lon="22.894286">
        <ele>701.7</ele>
      </trkpt>
      <trkpt lat="46.767654" lon="22.894262">
        <ele>700.4</ele>
      </trkpt>
      <trkpt lat="46.768222" lon="22.894108">
        <ele>698.8</ele>
      </trkpt>
      <trkpt lat="46.768571" lon="22.894195">
        <ele>698</ele>
      </trkpt>
      <trkpt lat="46.768775" lon="22.894303">
        <ele>697.5</ele>
      </trkpt>
      <trkpt lat="46.768954" lon="22.894349">
        <ele>697.1</ele>
      </trkpt>
      <trkpt lat="46.769211" lon="22.89432">
        <ele>696.6</ele>
      </trkpt>
      <trkpt lat="46.76994" lon="22.89407">
        <ele>695.3</ele>
      </trkpt>
      <trkpt lat="46.770328" lon="22.894037">
        <ele>694.8</ele>
      </trkpt>
      <trkpt lat="46.770427" lon="22.893999">
        <ele>694.7</ele>
      </trkpt>
      <trkpt lat="46.770621" lon="22.893893">
        <ele>694.5</ele>
      </trkpt>
      <trkpt lat="46.770804" lon="22.893704">
        <ele>694.3</ele>
      </trkpt>
      <trkpt lat="46.771498" lon="22.893138">
        <ele>694.5</ele>
      </trkpt>
      <trkpt lat="46.771827" lon="22.89282">
        <ele>694.8</ele>
      </trkpt>
      <trkpt lat="46.772056" lon="22.89252">
        <ele>695</ele>
      </trkpt>
      <trkpt lat="46.772256" lon="22.892313">
        <ele>695.2</ele>
      </trkpt>
      <trkpt lat="46.772383" lon="22.892221">
        <ele>695.2</ele>
      </trkpt>
      <trkpt lat="46.772582" lon="22.892135">
        <ele>695.4</ele>
      </trkpt>
      <trkpt lat="46.772778" lon="22.892093">
        <ele>695.5</ele>
      </trkpt>
      <trkpt lat="46.773326" lon="22.892089">
        <ele>695.6</ele>
      </trkpt>
      <trkpt lat="46.773605" lon="22.891996">
        <ele>695.7</ele>
      </trkpt>
      <trkpt lat="46.774116" lon="22.891696">
        <ele>696.2</ele>
      </trkpt>
      <trkpt lat="46.774854" lon="22.891096">
        <ele>696.6</ele>
      </trkpt>
      <trkpt lat="46.775094" lon="22.891002">
        <ele>696.3</ele>
      </trkpt>
      <trkpt lat="46.775838" lon="22.890833">
        <ele>694</ele>
      </trkpt>
      <trkpt lat="46.776158" lon="22.89081">
        <ele>692.9</ele>
      </trkpt>
      <trkpt lat="46.776597" lon="22.89098">
        <ele>691.5</ele>
      </trkpt>
      <trkpt lat="46.776699" lon="22.890968">
        <ele>691.2</ele>
      </trkpt>
      <trkpt lat="46.778042" lon="22.890475">
        <ele>690.6</ele>
      </trkpt>
      <trkpt lat="46.778586" lon="22.890353">
        <ele>690</ele>
      </trkpt>
      <trkpt lat="46.778993" lon="22.890323">
        <ele>688.9</ele>
      </trkpt>
      <trkpt lat="46.781007" lon="22.890984">
        <ele>678.3</ele>
      </trkpt>
      <trkpt lat="46.781895" lon="22.891676">
        <ele>676.2</ele>
      </trkpt>
      <trkpt lat="46.782042" lon="22.891742">
        <ele>676.1</ele>
      </trkpt>
      <trkpt lat="46.782151" lon="22.891747">
        <ele>676.1</ele>
      </trkpt>
      <trkpt lat="46.782323" lon="22.891611">
        <ele>676.1</ele>
      </trkpt>
      <trkpt lat="46.783032" lon="22.890979">
        <ele>676.4</ele>
      </trkpt>
      <trkpt lat="46.783119" lon="22.890903">
        <ele>676.5</ele>
      </trkpt>
      <trkpt lat="46.783268" lon="22.890813">
        <ele>676.5</ele>
      </trkpt>
      <trkpt lat="46.783354" lon="22.890774">
        <ele>676.6</ele>
      </trkpt>
      <trkpt lat="46.783473" lon="22.890791">
        <ele>676.6</ele>
      </trkpt>
      <trkpt lat="46.783655" lon="22.89094">
        <ele>676.6</ele>
      </trkpt>
      <trkpt lat="46.783831" lon="22.891039">
        <ele>676.6</ele>
      </trkpt>
      <trkpt lat="46.784017" lon="22.891093">
        <ele>676.6</ele>
      </trkpt>
      <trkpt lat="46.784191" lon="22.891073">
        <ele>676.6</ele>
      </trkpt>
      <trkpt lat="46.78434" lon="22.891003">
        <ele>676.6</ele>
      </trkpt>
      <trkpt lat="46.786939" lon="22.88849">
        <ele>672.9</ele>
      </trkpt>
      <trkpt lat="46.787144" lon="22.888251">
        <ele>672.6</ele>
      </trkpt>
      <trkpt lat="46.787365" lon="22.887897">
        <ele>672.1</ele>
      </trkpt>
      <trkpt lat="46.787511" lon="22.887767">
        <ele>671.7</ele>
      </trkpt>
      <trkpt lat="46.78759" lon="22.887746">
        <ele>671.6</ele>
      </trkpt>
      <trkpt lat="46.78813" lon="22.887784">
        <ele>670.3</ele>
      </trkpt>
      <trkpt lat="46.788196" lon="22.88781">
        <ele>670.2</ele>
      </trkpt>
      <trkpt lat="46.788687" lon="22.888209">
        <ele>668.8</ele>
      </trkpt>
      <trkpt lat="46.788835" lon="22.888234">
        <ele>668.5</ele>
      </trkpt>
      <trkpt lat="46.789018" lon="22.888193">
        <ele>668.4</ele>
      </trkpt>
      <trkpt lat="46.789587" lon="22.887817">
        <ele>669.1</ele>
      </trkpt>
      <trkpt lat="46.789699" lon="22.887694">
        <ele>669.5</ele>
      </trkpt>
      <trkpt lat="46.789838" lon="22.887507">
        <ele>670</ele>
      </trkpt>
      <trkpt lat="46.790101" lon="22.886973">
        <ele>671.6</ele>
      </trkpt>
      <trkpt lat="46.790238" lon="22.886819">
        <ele>672.2</ele>
      </trkpt>
      <trkpt lat="46.791368" lon="22.886199">
        <ele>674.2</ele>
      </trkpt>
      <trkpt lat="46.791945" lon="22.885753">
        <ele>672.6</ele>
      </trkpt>
      <trkpt lat="46.792216" lon="22.885598">
        <ele>671.4</ele>
      </trkpt>
      <trkpt lat="46.79247" lon="22.885504">
        <ele>670.2</ele>
      </trkpt>
      <trkpt lat="46.793004" lon="22.885411">
        <ele>668.1</ele>
      </trkpt>
      <trkpt lat="46.793451" lon="22.885263">
        <ele>667.1</ele>
      </trkpt>
      <trkpt lat="46.794003" lon="22.88516">
        <ele>666.9</ele>
      </trkpt>
      <trkpt lat="46.794309" lon="22.884967">
        <ele>667.2</ele>
      </trkpt>
      <trkpt lat="46.79447" lon="22.88492">
        <ele>667.3</ele>
      </trkpt>
      <trkpt lat="46.794871" lon="22.884955">
        <ele>667.6</ele>
      </trkpt>
      <trkpt lat="46.795373" lon="22.885134">
        <ele>667.4</ele>
      </trkpt>
      <trkpt lat="46.795456" lon="22.885185">
        <ele>667.4</ele>
      </trkpt>
      <trkpt lat="46.795716" lon="22.885586">
        <ele>666.9</ele>
      </trkpt>
      <trkpt lat="46.795883" lon="22.885769">
        <ele>666.6</ele>
      </trkpt>
      <trkpt lat="46.796111" lon="22.885901">
        <ele>666.3</ele>
      </trkpt>
      <trkpt lat="46.796447" lon="22.886045">
        <ele>665.9</ele>
      </trkpt>
      <trkpt lat="46.796711" lon="22.886088">
        <ele>665.6</ele>
      </trkpt>
      <trkpt lat="46.797789" lon="22.88614">
        <ele>663.7</ele>
      </trkpt>
      <trkpt lat="46.798371" lon="22.886257">
        <ele>661.6</ele>
      </trkpt>
      <trkpt lat="46.799107" lon="22.886242">
        <ele>657.8</ele>
      </trkpt>
      <trkpt lat="46.799417" lon="22.886341">
        <ele>656</ele>
      </trkpt>
      <trkpt lat="46.799981" lon="22.886657">
        <ele>652.7</ele>
      </trkpt>
      <trkpt lat="46.800612" lon="22.886799">
        <ele>649.6</ele>
      </trkpt>
      <trkpt lat="46.80165" lon="22.88739">
        <ele>646.4</ele>
      </trkpt>
      <trkpt lat="46.801851" lon="22.88746">
        <ele>646</ele>
      </trkpt>
      <trkpt lat="46.802254" lon="22.887487">
        <ele>645.2</ele>
      </trkpt>
      <trkpt lat="46.8026" lon="22.887638">
        <ele>644.4</ele>
      </trkpt>
      <trkpt lat="46.802703" lon="22.887713">
        <ele>644.2</ele>
      </trkpt>
      <trkpt lat="46.802799" lon="22.887821">
        <ele>644</ele>
      </trkpt>
      <trkpt lat="46.802887" lon="22.88799">
        <ele>643.7</ele>
      </trkpt>
      <trkpt lat="46.803298" lon="22.888912">
        <ele>641.8</ele>
      </trkpt>
      <trkpt lat="46.803405" lon="22.889301">
        <ele>641.2</ele>
      </trkpt>
      <trkpt lat="46.803463" lon="22.889694">
        <ele>640.7</ele>
      </trkpt>
      <trkpt lat="46.803524" lon="22.889909">
        <ele>640.5</ele>
      </trkpt>
      <trkpt lat="46.803627" lon="22.890129">
        <ele>640.3</ele>
      </trkpt>
      <trkpt lat="46.804012" lon="22.8907">
        <ele>639.7</ele>
      </trkpt>
      <trkpt lat="46.804093" lon="22.890817">
        <ele>639.6</ele>
      </trkpt>
      <trkpt lat="46.804147" lon="22.890901">
        <ele>639.5</ele>
      </trkpt>
      <trkpt lat="46.804362" lon="22.891263">
        <ele>639.3</ele>
      </trkpt>
      <trkpt lat="46.804628" lon="22.891504">
        <ele>639.1</ele>
      </trkpt>
      <trkpt lat="46.804831" lon="22.891609">
        <ele>638.9</ele>
      </trkpt>
      <trkpt lat="46.805641" lon="22.891882">
        <ele>637</ele>
      </trkpt>
      <trkpt lat="46.805733" lon="22.891971">
        <ele>636.7</ele>
      </trkpt>
      <trkpt lat="46.805802" lon="22.89215">
        <ele>636.4</ele>
      </trkpt>
      <trkpt lat="46.805789" lon="22.892454">
        <ele>636</ele>
      </trkpt>
      <trkpt lat="46.805825" lon="22.892643">
        <ele>635.7</ele>
      </trkpt>
      <trkpt lat="46.805935" lon="22.892874">
        <ele>635.2</ele>
      </trkpt>
      <trkpt lat="46.806062" lon="22.893008">
        <ele>634.9</ele>
      </trkpt>
      <trkpt lat="46.80638" lon="22.893158">
        <ele>634</ele>
      </trkpt>
      <trkpt lat="46.807781" lon="22.893864">
        <ele>632</ele>
      </trkpt>
      <trkpt lat="46.809192" lon="22.894617">
        <ele>630.5</ele>
      </trkpt>
      <trkpt lat="46.810026" lon="22.895039">
        <ele>630.6</ele>
      </trkpt>
      <trkpt lat="46.81032" lon="22.89516">
        <ele>630.9</ele>
      </trkpt>
      <trkpt lat="46.810576" lon="22.895177">
        <ele>631.2</ele>
      </trkpt>
      <trkpt lat="46.810991" lon="22.895075">
        <ele>631.6</ele>
      </trkpt>
      <trkpt lat="46.811105" lon="22.895075">
        <ele>631.7</ele>
      </trkpt>
      <trkpt lat="46.811285" lon="22.895005">
        <ele>631.8</ele>
      </trkpt>
      <trkpt lat="46.811437" lon="22.894948">
        <ele>631.8</ele>
      </trkpt>
      <trkpt lat="46.811618" lon="22.894824">
        <ele>631.9</ele>
      </trkpt>
      <trkpt lat="46.811717" lon="22.894719">
        <ele>632</ele>
      </trkpt>
      <trkpt lat="46.812303" lon="22.89399">
        <ele>631.4</ele>
      </trkpt>
      <trkpt lat="46.812471" lon="22.893822">
        <ele>631.1</ele>
      </trkpt>
      <trkpt lat="46.812646" lon="22.893646">
        <ele>630.7</ele>
      </trkpt>
      <trkpt lat="46.813209" lon="22.893349">
        <ele>629.1</ele>
      </trkpt>
      <trkpt lat="46.813529" lon="22.893009">
        <ele>627.8</ele>
      </trkpt>
      <trkpt lat="46.813657" lon="22.892831">
        <ele>627</ele>
      </trkpt>
      <trkpt lat="46.814001" lon="22.89207">
        <ele>624.4</ele>
      </trkpt>
      <trkpt lat="46.814256" lon="22.891371">
        <ele>622.4</ele>
      </trkpt>
      <trkpt lat="46.814323" lon="22.891289">
        <ele>622.1</ele>
      </trkpt>
      <trkpt lat="46.814443" lon="22.891215">
        <ele>621.7</ele>
      </trkpt>
      <trkpt lat="46.81468" lon="22.891144">
        <ele>621.1</ele>
      </trkpt>
      <trkpt lat="46.815712" lon="22.890674">
        <ele>619.6</ele>
      </trkpt>
      <trkpt lat="46.81595" lon="22.89059">
        <ele>619.4</ele>
      </trkpt>
      <trkpt lat="46.816438" lon="22.890491">
        <ele>618.8</ele>
      </trkpt>
      <trkpt lat="46.817295" lon="22.8901">
        <ele>617.8</ele>
      </trkpt>
      <trkpt lat="46.817714" lon="22.889968">
        <ele>617.3</ele>
      </trkpt>
      <trkpt lat="46.818062" lon="22.889738">
        <ele>616.8</ele>
      </trkpt>
      <trkpt lat="46.818318" lon="22.889521">
        <ele>616.4</ele>
      </trkpt>
      <trkpt lat="46.818595" lon="22.889112">
        <ele>615.9</ele>
      </trkpt>
      <trkpt lat="46.818949" lon="22.888717">
        <ele>615.4</ele>
      </trkpt>
      <trkpt lat="46.819484" lon="22.888295">
        <ele>614.8</ele>
      </trkpt>
      <trkpt lat="46.820168" lon="22.887921">
        <ele>614</ele>
      </trkpt>
      <trkpt lat="46.820732" lon="22.887413">
        <ele>613.7</ele>
      </trkpt>
      <trkpt lat="46.820827" lon="22.887342">
        <ele>613.6</ele>
      </trkpt>
      <trkpt lat="46.821037" lon="22.887214">
        <ele>613.5</ele>
      </trkpt>
      <trkpt lat="46.821306" lon="22.887149">
        <ele>613.4</ele>
      </trkpt>
      <trkpt lat="46.821657" lon="22.887159">
        <ele>613.2</ele>
      </trkpt>
      <trkpt lat="46.82225" lon="22.887256">
        <ele>612.6</ele>
      </trkpt>
      <trkpt lat="46.822319" lon="22.887253">
        <ele>612.4</ele>
      </trkpt>
      <trkpt lat="46.822337" lon="22.887252">
        <ele>612.4</ele>
      </trkpt>
      <trkpt lat="46.822523" lon="22.887172">
        <ele>612</ele>
      </trkpt>
      <trkpt lat="46.822633" lon="22.887086">
        <ele>611.8</ele>
      </trkpt>
      <trkpt lat="46.822767" lon="22.886903">
        <ele>611.4</ele>
      </trkpt>
      <trkpt lat="46.823114" lon="22.886222">
        <ele>610.1</ele>
      </trkpt>
      <trkpt lat="46.82322" lon="22.886103">
        <ele>609.9</ele>
      </trkpt>
      <trkpt lat="46.823394" lon="22.886025">
        <ele>609.8</ele>
      </trkpt>
      <trkpt lat="46.823787" lon="22.885852">
        <ele>609.9</ele>
      </trkpt>
      <trkpt lat="46.82392" lon="22.885737">
        <ele>610</ele>
      </trkpt>
      <trkpt lat="46.824056" lon="22.885542">
        <ele>610.2</ele>
      </trkpt>
      <trkpt lat="46.824286" lon="22.885114">
        <ele>610.6</ele>
      </trkpt>
      <trkpt lat="46.824424" lon="22.884925">
        <ele>610.7</ele>
      </trkpt>
      <trkpt lat="46.82477" lon="22.884617">
        <ele>610.9</ele>
      </trkpt>
      <trkpt lat="46.825483" lon="22.884158">
        <ele>610.1</ele>
      </trkpt>
      <trkpt lat="46.825708" lon="22.883974">
        <ele>609.5</ele>
      </trkpt>
      <trkpt lat="46.826257" lon="22.883268">
        <ele>607.7</ele>
      </trkpt>
      <trkpt lat="46.82647" lon="22.883033">
        <ele>607.2</ele>
      </trkpt>
      <trkpt lat="46.826563" lon="22.882981">
        <ele>607</ele>
      </trkpt>
      <trkpt lat="46.826873" lon="22.882934">
        <ele>606.6</ele>
      </trkpt>
      <trkpt lat="46.826996" lon="22.882857">
        <ele>606.4</ele>
      </trkpt>
      <trkpt lat="46.827486" lon="22.882299">
        <ele>605.9</ele>
      </trkpt>
      <trkpt lat="46.827588" lon="22.882144">
        <ele>605.8</ele>
      </trkpt>
      <trkpt lat="46.827655" lon="22.881973">
        <ele>605.7</ele>
      </trkpt>
      <trkpt lat="46.827713" lon="22.881736">
        <ele>605.5</ele>
      </trkpt>
      <trkpt lat="46.827742" lon="22.881429">
        <ele>605.4</ele>
      </trkpt>
      <trkpt lat="46.827755" lon="22.880749">
        <ele>604.9</ele>
      </trkpt>
      <trkpt lat="46.82772" lon="22.879323">
        <ele>603.4</ele>
      </trkpt>
      <trkpt lat="46.827768" lon="22.878717">
        <ele>602.7</ele>
      </trkpt>
      <trkpt lat="46.827816" lon="22.878433">
        <ele>602.4</ele>
      </trkpt>
      <trkpt lat="46.827899" lon="22.878135">
        <ele>602.1</ele>
      </trkpt>
      <trkpt lat="46.82832" lon="22.877199">
        <ele>601.5</ele>
      </trkpt>
      <trkpt lat="46.828781" lon="22.87619">
        <ele>601.6</ele>
      </trkpt>
      <trkpt lat="46.828914" lon="22.876034">
        <ele>601.7</ele>
      </trkpt>
      <trkpt lat="46.829217" lon="22.875825">
        <ele>602</ele>
      </trkpt>
      <trkpt lat="46.829325" lon="22.875795">
        <ele>602</ele>
      </trkpt>
      <trkpt lat="46.829492" lon="22.875689">
        <ele>602.1</ele>
      </trkpt>
      <trkpt lat="46.830104" lon="22.875119">
        <ele>601.9</ele>
      </trkpt>
      <trkpt lat="46.830383" lon="22.87463">
        <ele>601.8</ele>
      </trkpt>
      <trkpt lat="46.830522" lon="22.874174">
        <ele>601.9</ele>
      </trkpt>
      <trkpt lat="46.830602" lon="22.873696">
        <ele>601.7</ele>
      </trkpt>
      <trkpt lat="46.830719" lon="22.873358">
        <ele>601.4</ele>
      </trkpt>
      <trkpt lat="46.830849" lon="22.87307">
        <ele>601.1</ele>
      </trkpt>
      <trkpt lat="46.831026" lon="22.872452">
        <ele>600.3</ele>
      </trkpt>
      <trkpt lat="46.831077" lon="22.871851">
        <ele>599.2</ele>
      </trkpt>
      <trkpt lat="46.831029" lon="22.870791">
        <ele>596.9</ele>
      </trkpt>
      <trkpt lat="46.830974" lon="22.870372">
        <ele>596.1</ele>
      </trkpt>
      <trkpt lat="46.830936" lon="22.869784">
        <ele>595.3</ele>
      </trkpt>
      <trkpt lat="46.830948" lon="22.869567">
        <ele>595.1</ele>
      </trkpt>
      <trkpt lat="46.830988" lon="22.869397">
        <ele>595</ele>
      </trkpt>
      <trkpt lat="46.831724" lon="22.867464">
        <ele>596</ele>
      </trkpt>
      <trkpt lat="46.832282" lon="22.866154">
        <ele>597.2</ele>
      </trkpt>
      <trkpt lat="46.833042" lon="22.86453">
        <ele>595.4</ele>
      </trkpt>
      <trkpt lat="46.833324" lon="22.86375">
        <ele>593.8</ele>
      </trkpt>
      <trkpt lat="46.833588" lon="22.863265">
        <ele>592.8</ele>
      </trkpt>
      <trkpt lat="46.834128" lon="22.862548">
        <ele>591.3</ele>
      </trkpt>
      <trkpt lat="46.834746" lon="22.861398">
        <ele>589.7</ele>
      </trkpt>
      <trkpt lat="46.834836" lon="22.861205">
        <ele>589.4</ele>
      </trkpt>
      <trkpt lat="46.835146" lon="22.860147">
        <ele>588.3</ele>
      </trkpt>
      <trkpt lat="46.835328" lon="22.859893">
        <ele>588.1</ele>
      </trkpt>
      <trkpt lat="46.835613" lon="22.859737">
        <ele>587.9</ele>
      </trkpt>
      <trkpt lat="46.835779" lon="22.859714">
        <ele>587.9</ele>
      </trkpt>
      <trkpt lat="46.835951" lon="22.859715">
        <ele>587.9</ele>
      </trkpt>
      <trkpt lat="46.836168" lon="22.859804">
        <ele>588</ele>
      </trkpt>
      <trkpt lat="46.836506" lon="22.860045">
        <ele>588.3</ele>
      </trkpt>
      <trkpt lat="46.836656" lon="22.860237">
        <ele>588.5</ele>
      </trkpt>
      <trkpt lat="46.836784" lon="22.860482">
        <ele>588.7</ele>
      </trkpt>
      <trkpt lat="46.837061" lon="22.861151">
        <ele>588.9</ele>
      </trkpt>
      <trkpt lat="46.837195" lon="22.861367">
        <ele>588.8</ele>
      </trkpt>
      <trkpt lat="46.837293" lon="22.861465">
        <ele>588.7</ele>
      </trkpt>
      <trkpt lat="46.837612" lon="22.861613">
        <ele>588.1</ele>
      </trkpt>
      <trkpt lat="46.838713" lon="22.86186">
        <ele>585.9</ele>
      </trkpt>
      <trkpt lat="46.839027" lon="22.861976">
        <ele>585.7</ele>
      </trkpt>
      <trkpt lat="46.839368" lon="22.862192">
        <ele>585.7</ele>
      </trkpt>
      <trkpt lat="46.839782" lon="22.862637">
        <ele>586.2</ele>
      </trkpt>
      <trkpt lat="46.840023" lon="22.862785">
        <ele>586.6</ele>
      </trkpt>
      <trkpt lat="46.840295" lon="22.862837">
        <ele>587.1</ele>
      </trkpt>
      <trkpt lat="46.840401" lon="22.862847">
        <ele>587.4</ele>
      </trkpt>
      <trkpt lat="46.840647" lon="22.862789">
        <ele>587.9</ele>
      </trkpt>
      <trkpt lat="46.840898" lon="22.862687">
        <ele>588.6</ele>
      </trkpt>
      <trkpt lat="46.841176" lon="22.86251">
        <ele>589.5</ele>
      </trkpt>
      <trkpt lat="46.841571" lon="22.862038">
        <ele>591.2</ele>
      </trkpt>
      <trkpt lat="46.842016" lon="22.861378">
        <ele>592.6</ele>
      </trkpt>
      <trkpt lat="46.842213" lon="22.861147">
        <ele>593.1</ele>
      </trkpt>
      <trkpt lat="46.842584" lon="22.860866">
        <ele>593.7</ele>
      </trkpt>
      <trkpt lat="46.842891" lon="22.860734">
        <ele>593.3</ele>
      </trkpt>
      <trkpt lat="46.842979" lon="22.860669">
        <ele>593.1</ele>
      </trkpt>
      <trkpt lat="46.843031" lon="22.860591">
        <ele>592.8</ele>
      </trkpt>
      <trkpt lat="46.843129" lon="22.860365">
        <ele>592.2</ele>
      </trkpt>
      <trkpt lat="46.843248" lon="22.860217">
        <ele>591.5</ele>
      </trkpt>
      <trkpt lat="46.843472" lon="22.860156">
        <ele>590.4</ele>
      </trkpt>
      <trkpt lat="46.844007" lon="22.860124">
        <ele>587.9</ele>
      </trkpt>
      <trkpt lat="46.84431" lon="22.860178">
        <ele>586</ele>
      </trkpt>
      <trkpt lat="46.844448" lon="22.860235">
        <ele>585</ele>
      </trkpt>
      <trkpt lat="46.844788" lon="22.860427">
        <ele>582.4</ele>
      </trkpt>
      <trkpt lat="46.845196" lon="22.860736">
        <ele>579.5</ele>
      </trkpt>
      <trkpt lat="46.845883" lon="22.861347">
        <ele>574.5</ele>
      </trkpt>
      <trkpt lat="46.847465" lon="22.862639">
        <ele>562.9</ele>
      </trkpt>
      <trkpt lat="46.847841" lon="22.862793">
        <ele>561.3</ele>
      </trkpt>
      <trkpt lat="46.848022" lon="22.862821">
        <ele>560.7</ele>
      </trkpt>
      <trkpt lat="46.848498" lon="22.862863">
        <ele>559.7</ele>
      </trkpt>
      <trkpt lat="46.849124" lon="22.862852">
        <ele>559.3</ele>
      </trkpt>
      <trkpt lat="46.849373" lon="22.862814">
        <ele>559.3</ele>
      </trkpt>
      <trkpt lat="46.84956" lon="22.86275">
        <ele>559.5</ele>
      </trkpt>
      <trkpt lat="46.849907" lon="22.862526">
        <ele>560.1</ele>
      </trkpt>
      <trkpt lat="46.850169" lon="22.862223">
        <ele>560.9</ele>
      </trkpt>
      <trkpt lat="46.850732" lon="22.86166">
        <ele>563.1</ele>
      </trkpt>
      <trkpt lat="46.850876" lon="22.861585">
        <ele>563.5</ele>
      </trkpt>
      <trkpt lat="46.851262" lon="22.861438">
        <ele>564.2</ele>
      </trkpt>
      <trkpt lat="46.851386" lon="22.861429">
        <ele>564.3</ele>
      </trkpt>
      <trkpt lat="46.851861" lon="22.861556">
        <ele>564</ele>
      </trkpt>
      <trkpt lat="46.852787" lon="22.861925">
        <ele>560.6</ele>
      </trkpt>
      <trkpt lat="46.853042" lon="22.862086">
        <ele>559.3</ele>
      </trkpt>
      <trkpt lat="46.853469" lon="22.862407">
        <ele>557.4</ele>
      </trkpt>
      <trkpt lat="46.853781" lon="22.862688">
        <ele>556.3</ele>
      </trkpt>
      <trkpt lat="46.853968" lon="22.862911">
        <ele>555.8</ele>
      </trkpt>
      <trkpt lat="46.854453" lon="22.863594">
        <ele>554.9</ele>
      </trkpt>
      <trkpt lat="46.85486" lon="22.863989">
        <ele>554.4</ele>
      </trkpt>
      <trkpt lat="46.855298" lon="22.864276">
        <ele>553.6</ele>
      </trkpt>
      <trkpt lat="46.855916" lon="22.864536">
        <ele>551.9</ele>
      </trkpt>
      <trkpt lat="46.856447" lon="22.864707">
        <ele>550.2</ele>
      </trkpt>
      <trkpt lat="46.856747" lon="22.864911">
        <ele>549.3</ele>
      </trkpt>
      <trkpt lat="46.857283" lon="22.865458">
        <ele>548.1</ele>
      </trkpt>
      <trkpt lat="46.857829" lon="22.865812">
        <ele>547.3</ele>
      </trkpt>
      <trkpt lat="46.858848" lon="22.866958">
        <ele>544.9</ele>
      </trkpt>
      <trkpt lat="46.859738" lon="22.86759">
        <ele>543.4</ele>
      </trkpt>
      <trkpt lat="46.860478" lon="22.867896">
        <ele>542.7</ele>
      </trkpt>
      <trkpt lat="46.860651" lon="22.867988">
        <ele>542.5</ele>
      </trkpt>
      <trkpt lat="46.860818" lon="22.868122">
        <ele>542.3</ele>
      </trkpt>
      <trkpt lat="46.861065" lon="22.868397">
        <ele>541.9</ele>
      </trkpt>
      <trkpt lat="46.861615" lon="22.869097">
        <ele>540.7</ele>
      </trkpt>
      <trkpt lat="46.862115" lon="22.869894">
        <ele>539.4</ele>
      </trkpt>
      <trkpt lat="46.862305" lon="22.870067">
        <ele>539.1</ele>
      </trkpt>
      <trkpt lat="46.862544" lon="22.870182">
        <ele>538.9</ele>
      </trkpt>
      <trkpt lat="46.862839" lon="22.870211">
        <ele>538.8</ele>
      </trkpt>
      <trkpt lat="46.863467" lon="22.869967">
        <ele>539.2</ele>
      </trkpt>
      <trkpt lat="46.863815" lon="22.869898">
        <ele>539.4</ele>
      </trkpt>
      <trkpt lat="46.864" lon="22.869952">
        <ele>539.4</ele>
      </trkpt>
      <trkpt lat="46.864307" lon="22.870157">
        <ele>539.5</ele>
      </trkpt>
      <trkpt lat="46.864987" lon="22.87118">
        <ele>538.3</ele>
      </trkpt>
      <trkpt lat="46.865209" lon="22.871739">
        <ele>537.5</ele>
      </trkpt>
      <trkpt lat="46.865383" lon="22.872014">
        <ele>537.2</ele>
      </trkpt>
      <trkpt lat="46.865455" lon="22.872089">
        <ele>537.1</ele>
      </trkpt>
      <trkpt lat="46.866239" lon="22.872641">
        <ele>535.7</ele>
      </trkpt>
      <trkpt lat="46.867234" lon="22.873276">
        <ele>534.3</ele>
      </trkpt>
      <trkpt lat="46.86805" lon="22.87395">
        <ele>533.3</ele>
      </trkpt>
      <trkpt lat="46.869226" lon="22.874862">
        <ele>533.2</ele>
      </trkpt>
      <trkpt lat="46.870627" lon="22.875802">
        <ele>535.2</ele>
      </trkpt>
      <trkpt lat="46.871602" lon="22.876569">
        <ele>535.3</ele>
      </trkpt>
      <trkpt lat="46.872009" lon="22.876986">
        <ele>534.2</ele>
      </trkpt>
      <trkpt lat="46.872428" lon="22.877635">
        <ele>532.3</ele>
      </trkpt>
      <trkpt lat="46.873475" lon="22.878739">
        <ele>528.3</ele>
      </trkpt>
      <trkpt lat="46.873756" lon="22.878973">
        <ele>527.5</ele>
      </trkpt>
      <trkpt lat="46.874352" lon="22.879335">
        <ele>525.8</ele>
      </trkpt>
      <trkpt lat="46.874565" lon="22.879361">
        <ele>525.2</ele>
      </trkpt>
      <trkpt lat="46.875303" lon="22.879313">
        <ele>523.4</ele>
      </trkpt>
      <trkpt lat="46.876281" lon="22.879456">
        <ele>521.4</ele>
      </trkpt>
      <trkpt lat="46.876809" lon="22.879567">
        <ele>520.5</ele>
      </trkpt>
      <trkpt lat="46.877307" lon="22.879828">
        <ele>519.8</ele>
      </trkpt>
      <trkpt lat="46.877534" lon="22.879802">
        <ele>519.5</ele>
      </trkpt>
      <trkpt lat="46.878127" lon="22.879559">
        <ele>518.7</ele>
      </trkpt>
      <trkpt lat="46.878537" lon="22.879478">
        <ele>518.1</ele>
      </trkpt>
      <trkpt lat="46.878946" lon="22.879515">
        <ele>517.5</ele>
      </trkpt>
      <trkpt lat="46.879497" lon="22.879716">
        <ele>517.6</ele>
      </trkpt>
      <trkpt lat="46.879675" lon="22.879747">
        <ele>517.8</ele>
      </trkpt>
      <trkpt lat="46.879841" lon="22.879743">
        <ele>518.1</ele>
      </trkpt>
      <trkpt lat="46.880156" lon="22.879657">
        <ele>518.8</ele>
      </trkpt>
      <trkpt lat="46.880594" lon="22.879244">
        <ele>520.3</ele>
      </trkpt>
      <trkpt lat="46.881107" lon="22.879126">
        <ele>521.9</ele>
      </trkpt>
      <trkpt lat="46.881809" lon="22.878725">
        <ele>522.5</ele>
      </trkpt>
      <trkpt lat="46.882406" lon="22.878621">
        <ele>522.5</ele>
      </trkpt>
      <trkpt lat="46.882496" lon="22.878609">
        <ele>522.5</ele>
      </trkpt>
      <trkpt lat="46.883126" lon="22.87857">
        <ele>522.1</ele>
      </trkpt>
      <trkpt lat="46.883773" lon="22.878483">
        <ele>522.1</ele>
      </trkpt>
      <trkpt lat="46.884299" lon="22.878338">
        <ele>521.9</ele>
      </trkpt>
      <trkpt lat="46.884689" lon="22.878096">
        <ele>521.2</ele>
      </trkpt>
      <trkpt lat="46.884949" lon="22.877895">
        <ele>520.8</ele>
      </trkpt>
      <trkpt lat="46.88546" lon="22.87756">
        <ele>520.4</ele>
      </trkpt>
      <trkpt lat="46.885568" lon="22.877524">
        <ele>520.3</ele>
      </trkpt>
      <trkpt lat="46.885659" lon="22.877487">
        <ele>520.2</ele>
      </trkpt>
      <trkpt lat="46.886071" lon="22.87732">
        <ele>519.4</ele>
      </trkpt>
      <trkpt lat="46.886715" lon="22.87698">
        <ele>517.8</ele>
      </trkpt>
      <trkpt lat="46.887025" lon="22.87688">
        <ele>517.2</ele>
      </trkpt>
      <trkpt lat="46.887113" lon="22.876873">
        <ele>516.9</ele>
      </trkpt>
      <trkpt lat="46.887149" lon="22.876871">
        <ele>516.8</ele>
      </trkpt>
      <trkpt lat="46.887349" lon="22.876861">
        <ele>516.2</ele>
      </trkpt>
      <trkpt lat="46.887584" lon="22.876752">
        <ele>515.5</ele>
      </trkpt>
      <trkpt lat="46.887772" lon="22.87651">
        <ele>514.7</ele>
      </trkpt>
      <trkpt lat="46.88806" lon="22.875958">
        <ele>513.7</ele>
      </trkpt>
      <trkpt lat="46.888183" lon="22.875779">
        <ele>513.5</ele>
      </trkpt>
      <trkpt lat="46.888454" lon="22.875548">
        <ele>513.3</ele>
      </trkpt>
      <trkpt lat="46.889247" lon="22.875225">
        <ele>512.6</ele>
      </trkpt>
      <trkpt lat="46.889815" lon="22.87489">
        <ele>511.3</ele>
      </trkpt>
      <trkpt lat="46.890027" lon="22.874811">
        <ele>510.6</ele>
      </trkpt>
      <trkpt lat="46.890069" lon="22.874804">
        <ele>510.5</ele>
      </trkpt>
      <trkpt lat="46.890126" lon="22.874802">
        <ele>510.3</ele>
      </trkpt>
      <trkpt lat="46.890467" lon="22.874884">
        <ele>509</ele>
      </trkpt>
      <trkpt lat="46.89109" lon="22.875263">
        <ele>506</ele>
      </trkpt>
      <trkpt lat="46.891195" lon="22.875301">
        <ele>505.5</ele>
      </trkpt>
      <trkpt lat="46.891357" lon="22.875306">
        <ele>504.8</ele>
      </trkpt>
      <trkpt lat="46.892552" lon="22.875146">
        <ele>501</ele>
      </trkpt>
      <trkpt lat="46.892648" lon="22.875151">
        <ele>500.9</ele>
      </trkpt>
      <trkpt lat="46.8928" lon="22.875245">
        <ele>500.6</ele>
      </trkpt>
      <trkpt lat="46.89287" lon="22.875457">
        <ele>500.4</ele>
      </trkpt>
      <trkpt lat="46.892856" lon="22.875746">
        <ele>500.1</ele>
      </trkpt>
      <trkpt lat="46.892774" lon="22.876024">
        <ele>500</ele>
      </trkpt>
      <trkpt lat="46.892477" lon="22.876679">
        <ele>499.8</ele>
      </trkpt>
      <trkpt lat="46.892421" lon="22.876804">
        <ele>499.9</ele>
      </trkpt>
      <trkpt lat="46.892375" lon="22.876918">
        <ele>500</ele>
      </trkpt>
      <trkpt lat="46.892364" lon="22.876948">
        <ele>500</ele>
      </trkpt>
      <trkpt lat="46.892038" lon="22.877714">
        <ele>500.3</ele>
      </trkpt>
      <trkpt lat="46.89203" lon="22.877805">
        <ele>500.3</ele>
      </trkpt>
      <trkpt lat="46.892016" lon="22.878105">
        <ele>500.3</ele>
      </trkpt>
      <trkpt lat="46.892005" lon="22.878512">
        <ele>500.4</ele>
      </trkpt>
      <trkpt lat="46.892016" lon="22.878105">
        <ele>500.3</ele>
      </trkpt>
      <trkpt lat="46.89203" lon="22.877805">
        <ele>500.3</ele>
      </trkpt>
      <trkpt lat="46.892038" lon="22.877714">
        <ele>500.3</ele>
      </trkpt>
      <trkpt lat="46.892364" lon="22.876948">
        <ele>500</ele>
      </trkpt>
      <trkpt lat="46.892375" lon="22.876918">
        <ele>500</ele>
      </trkpt>
      <trkpt lat="46.892421" lon="22.876804">
        <ele>499.9</ele>
      </trkpt>
      <trkpt lat="46.892477" lon="22.876679">
        <ele>499.8</ele>
      </trkpt>
      <trkpt lat="46.892774" lon="22.876024">
        <ele>499.8</ele>
      </trkpt>
      <trkpt lat="46.892856" lon="22.875746">
        <ele>499.7</ele>
      </trkpt>
      <trkpt lat="46.89287" lon="22.875457">
        <ele>499.6</ele>
      </trkpt>
      <trkpt lat="46.8928" lon="22.875245">
        <ele>499.5</ele>
      </trkpt>
      <trkpt lat="46.892954" lon="22.875195">
        <ele>499.5</ele>
      </trkpt>
      <trkpt lat="46.893097" lon="22.875107">
        <ele>499.3</ele>
      </trkpt>
      <trkpt lat="46.893363" lon="22.874848">
        <ele>499.1</ele>
      </trkpt>
      <trkpt lat="46.893539" lon="22.874612">
        <ele>498.8</ele>
      </trkpt>
      <trkpt lat="46.894071" lon="22.873708">
        <ele>498</ele>
      </trkpt>
      <trkpt lat="46.894144" lon="22.873485">
        <ele>497.8</ele>
      </trkpt>
      <trkpt lat="46.894153" lon="22.873129">
        <ele>497.7</ele>
      </trkpt>
      <trkpt lat="46.894135" lon="22.87289">
        <ele>497.6</ele>
      </trkpt>
      <trkpt lat="46.894481" lon="22.872901">
        <ele>497.6</ele>
      </trkpt>
      <trkpt lat="46.894571" lon="22.872895">
        <ele>497.6</ele>
      </trkpt>
      <trkpt lat="46.89472" lon="22.872555">
        <ele>497.7</ele>
      </trkpt>
      <trkpt lat="46.894973" lon="22.872809">
        <ele>497.8</ele>
      </trkpt>
      <trkpt lat="46.89514" lon="22.872616">
        <ele>497.8</ele>
      </trkpt>
      <trkpt lat="46.895502" lon="22.872366">
        <ele>498</ele>
      </trkpt>
      <trkpt lat="46.895621" lon="22.872297">
        <ele>498</ele>
      </trkpt>
      <trkpt lat="46.898753" lon="22.870412">
        <ele>497</ele>
      </trkpt>
      <trkpt lat="46.89955" lon="22.869977">
        <ele>496.3</ele>
      </trkpt>
      <trkpt lat="46.900597" lon="22.869613">
        <ele>494.6</ele>
      </trkpt>
      <trkpt lat="46.901134" lon="22.869352">
        <ele>493.7</ele>
      </trkpt>
      <trkpt lat="46.901583" lon="22.869066">
        <ele>493.3</ele>
      </trkpt>
      <trkpt lat="46.903051" lon="22.867897">
        <ele>493.6</ele>
      </trkpt>
      <trkpt lat="46.903742" lon="22.867444">
        <ele>493.7</ele>
      </trkpt>
      <trkpt lat="46.904637" lon="22.866955">
        <ele>493.3</ele>
      </trkpt>
      <trkpt lat="46.905194" lon="22.866772">
        <ele>492.6</ele>
      </trkpt>
      <trkpt lat="46.906889" lon="22.866363">
        <ele>489.7</ele>
      </trkpt>
      <trkpt lat="46.908888" lon="22.865873">
        <ele>488.4</ele>
      </trkpt>
      <trkpt lat="46.90939" lon="22.865783">
        <ele>487.9</ele>
      </trkpt>
      <trkpt lat="46.910193" lon="22.865695">
        <ele>487.1</ele>
      </trkpt>
      <trkpt lat="46.910397" lon="22.865596">
        <ele>486.9</ele>
      </trkpt>
      <trkpt lat="46.91064" lon="22.865399">
        <ele>486.7</ele>
      </trkpt>
      <trkpt lat="46.911147" lon="22.864859">
        <ele>486.5</ele>
      </trkpt>
      <trkpt lat="46.912042" lon="22.863978">
        <ele>486.3</ele>
      </trkpt>
      <trkpt lat="46.912228" lon="22.863791">
        <ele>486.2</ele>
      </trkpt>
      <trkpt lat="46.914067" lon="22.862206">
        <ele>484.2</ele>
      </trkpt>
      <trkpt lat="46.914252" lon="22.862055">
        <ele>484</ele>
      </trkpt>
      <trkpt lat="46.91724" lon="22.859503">
        <ele>480.9</ele>
      </trkpt>
      <trkpt lat="46.917302" lon="22.859452">
        <ele>480.8</ele>
      </trkpt>
      <trkpt lat="46.918174" lon="22.858749">
        <ele>480</ele>
      </trkpt>
      <trkpt lat="46.919339" lon="22.857751">
        <ele>478.9</ele>
      </trkpt>
      <trkpt lat="46.919547" lon="22.857615">
        <ele>478.8</ele>
      </trkpt>
      <trkpt lat="46.919949" lon="22.85744">
        <ele>478.8</ele>
      </trkpt>
      <trkpt lat="46.920041" lon="22.857409">
        <ele>478.9</ele>
      </trkpt>
      <trkpt lat="46.922468" lon="22.856598">
        <ele>482</ele>
      </trkpt>
      <trkpt lat="46.922523" lon="22.856572">
        <ele>482</ele>
      </trkpt>
      <trkpt lat="46.922585" lon="22.856545">
        <ele>482</ele>
      </trkpt>
      <trkpt lat="46.922648" lon="22.856499">
        <ele>482.1</ele>
      </trkpt>
      <trkpt lat="46.923408" lon="22.855884">
        <ele>481.3</ele>
      </trkpt>
      <trkpt lat="46.923765" lon="22.855619">
        <ele>480.4</ele>
      </trkpt>
      <trkpt lat="46.924563" lon="22.855174">
        <ele>478.3</ele>
      </trkpt>
      <trkpt lat="46.93065" lon="22.852976">
        <ele>470.4</ele>
      </trkpt>
      <trkpt lat="46.93096" lon="22.8528">
        <ele>470.6</ele>
      </trkpt>
      <trkpt lat="46.931203" lon="22.852601">
        <ele>470.9</ele>
      </trkpt>
      <trkpt lat="46.93163" lon="22.852179">
        <ele>471.7</ele>
      </trkpt>
      <trkpt lat="46.932275" lon="22.851623">
        <ele>473.2</ele>
      </trkpt>
      <trkpt lat="46.932544" lon="22.851337">
        <ele>473.4</ele>
      </trkpt>
      <trkpt lat="46.932706" lon="22.851079">
        <ele>473.4</ele>
      </trkpt>
      <trkpt lat="46.932881" lon="22.850751">
        <ele>473.1</ele>
      </trkpt>
      <trkpt lat="46.933197" lon="22.849964">
        <ele>472.3</ele>
      </trkpt>
      <trkpt lat="46.933271" lon="22.849597">
        <ele>471.6</ele>
      </trkpt>
      <trkpt lat="46.933348" lon="22.848447">
        <ele>469.7</ele>
      </trkpt>
      <trkpt lat="46.933498" lon="22.847274">
        <ele>468.3</ele>
      </trkpt>
      <trkpt lat="46.933515" lon="22.847175">
        <ele>468.1</ele>
      </trkpt>
      <trkpt lat="46.933544" lon="22.847043">
        <ele>468</ele>
      </trkpt>
      <trkpt lat="46.933716" lon="22.846432">
        <ele>467.1</ele>
      </trkpt>
      <trkpt lat="46.934223" lon="22.845197">
        <ele>466.4</ele>
      </trkpt>
      <trkpt lat="46.93463" lon="22.844313">
        <ele>465.7</ele>
      </trkpt>
      <trkpt lat="46.934579" lon="22.84425">
        <ele>465.7</ele>
      </trkpt>
      <trkpt lat="46.93438" lon="22.844007">
        <ele>465.5</ele>
      </trkpt>
      <trkpt lat="46.933695" lon="22.843137">
        <ele>465</ele>
      </trkpt>
      <trkpt lat="46.933631" lon="22.843045">
        <ele>465</ele>
      </trkpt>
      <trkpt lat="46.933533" lon="22.842816">
        <ele>465</ele>
      </trkpt>
      <trkpt lat="46.933331" lon="22.842363">
        <ele>465.3</ele>
      </trkpt>
      <trkpt lat="46.933118" lon="22.842002">
        <ele>465.6</ele>
      </trkpt>
      <trkpt lat="46.932809" lon="22.841674">
        <ele>466.1</ele>
      </trkpt>
      <trkpt lat="46.932515" lon="22.841448">
        <ele>466.5</ele>
      </trkpt>
      <trkpt lat="46.932103" lon="22.841329">
        <ele>467.1</ele>
      </trkpt>
      <trkpt lat="46.931799" lon="22.841329">
        <ele>467.6</ele>
      </trkpt>
      <trkpt lat="46.931714" lon="22.841364">
        <ele>467.7</ele>
      </trkpt>
      <trkpt lat="46.93115" lon="22.841595">
        <ele>468.6</ele>
      </trkpt>
      <trkpt lat="46.930897" lon="22.8416">
        <ele>468.9</ele>
      </trkpt>
      <trkpt lat="46.930538" lon="22.841501">
        <ele>469.3</ele>
      </trkpt>
      <trkpt lat="46.929881" lon="22.841202">
        <ele>470.1</ele>
      </trkpt>
      <trkpt lat="46.929313" lon="22.840867">
        <ele>470.5</ele>
      </trkpt>
      <trkpt lat="46.928509" lon="22.84012">
        <ele>471.7</ele>
      </trkpt>
      <trkpt lat="46.928299" lon="22.840023">
        <ele>472</ele>
      </trkpt>
      <trkpt lat="46.928131" lon="22.839986">
        <ele>472.2</ele>
      </trkpt>
      <trkpt lat="46.927524" lon="22.839876">
        <ele>473.2</ele>
      </trkpt>
      <trkpt lat="46.927321" lon="22.839743">
        <ele>473.6</ele>
      </trkpt>
      <trkpt lat="46.926593" lon="22.838996">
        <ele>474.8</ele>
      </trkpt>
      <trkpt lat="46.926159" lon="22.83873">
        <ele>475.4</ele>
      </trkpt>
      <trkpt lat="46.925807" lon="22.838626">
        <ele>475.8</ele>
      </trkpt>
      <trkpt lat="46.924998" lon="22.838627">
        <ele>476.9</ele>
      </trkpt>
      <trkpt lat="46.924717" lon="22.838567">
        <ele>477.4</ele>
      </trkpt>
      <trkpt lat="46.924363" lon="22.838369">
        <ele>478</ele>
      </trkpt>
      <trkpt lat="46.923656" lon="22.837974">
        <ele>479.1</ele>
      </trkpt>
      <trkpt lat="46.923474" lon="22.837906">
        <ele>479.4</ele>
      </trkpt>
      <trkpt lat="46.922384" lon="22.837777">
        <ele>481</ele>
      </trkpt>
      <trkpt lat="46.921809" lon="22.83758">
        <ele>482.1</ele>
      </trkpt>
      <trkpt lat="46.921376" lon="22.837545">
        <ele>482.9</ele>
      </trkpt>
      <trkpt lat="46.920729" lon="22.837587">
        <ele>483.9</ele>
      </trkpt>
      <trkpt lat="46.920567" lon="22.837597">
        <ele>484.1</ele>
      </trkpt>
      <trkpt lat="46.919121" lon="22.837331">
        <ele>485.5</ele>
      </trkpt>
      <trkpt lat="46.918335" lon="22.837274">
        <ele>486.1</ele>
      </trkpt>
      <trkpt lat="46.917865" lon="22.837281">
        <ele>486.4</ele>
      </trkpt>
      <trkpt lat="46.91764" lon="22.837355">
        <ele>486.6</ele>
      </trkpt>
      <trkpt lat="46.917086" lon="22.837752">
        <ele>487.2</ele>
      </trkpt>
      <trkpt lat="46.916909" lon="22.837847">
        <ele>487.3</ele>
      </trkpt>
      <trkpt lat="46.916483" lon="22.837964">
        <ele>487.7</ele>
      </trkpt>
      <trkpt lat="46.915143" lon="22.838202">
        <ele>489.6</ele>
      </trkpt>
      <trkpt lat="46.915058" lon="22.838218">
        <ele>489.7</ele>
      </trkpt>
      <trkpt lat="46.914457" lon="22.838264">
        <ele>490.6</ele>
      </trkpt>
      <trkpt lat="46.914107" lon="22.838106">
        <ele>491.2</ele>
      </trkpt>
      <trkpt lat="46.913956" lon="22.83804">
        <ele>491.4</ele>
      </trkpt>
      <trkpt lat="46.913365" lon="22.837797">
        <ele>492.2</ele>
      </trkpt>
      <trkpt lat="46.913229" lon="22.837757">
        <ele>492.3</ele>
      </trkpt>
      <trkpt lat="46.913035" lon="22.837763">
        <ele>492.5</ele>
      </trkpt>
      <trkpt lat="46.912854" lon="22.83784">
        <ele>492.7</ele>
      </trkpt>
      <trkpt lat="46.912615" lon="22.837902">
        <ele>492.9</ele>
      </trkpt>
      <trkpt lat="46.912284" lon="22.837937">
        <ele>493.3</ele>
      </trkpt>
      <trkpt lat="46.91204" lon="22.837907">
        <ele>493.5</ele>
      </trkpt>
      <trkpt lat="46.910919" lon="22.837473">
        <ele>494.8</ele>
      </trkpt>
      <trkpt lat="46.910704" lon="22.837357">
        <ele>495.1</ele>
      </trkpt>
      <trkpt lat="46.910179" lon="22.836888">
        <ele>495.9</ele>
      </trkpt>
      <trkpt lat="46.910087" lon="22.836816">
        <ele>496</ele>
      </trkpt>
      <trkpt lat="46.90974" lon="22.836542">
        <ele>496.5</ele>
      </trkpt>
      <trkpt lat="46.909138" lon="22.836282">
        <ele>497.2</ele>
      </trkpt>
      <trkpt lat="46.908868" lon="22.836118">
        <ele>497.6</ele>
      </trkpt>
      <trkpt lat="46.908577" lon="22.835898">
        <ele>498.1</ele>
      </trkpt>
      <trkpt lat="46.908247" lon="22.835724">
        <ele>498.5</ele>
      </trkpt>
      <trkpt lat="46.907334" lon="22.835507">
        <ele>499.9</ele>
      </trkpt>
      <trkpt lat="46.90706" lon="22.835404">
        <ele>500.3</ele>
      </trkpt>
      <trkpt lat="46.906195" lon="22.83493">
        <ele>501.6</ele>
      </trkpt>
      <trkpt lat="46.904972" lon="22.834087">
        <ele>503.1</ele>
      </trkpt>
      <trkpt lat="46.904798" lon="22.833997">
        <ele>503.3</ele>
      </trkpt>
      <trkpt lat="46.904032" lon="22.833747">
        <ele>504.2</ele>
      </trkpt>
      <trkpt lat="46.903347" lon="22.833476">
        <ele>505</ele>
      </trkpt>
      <trkpt lat="46.901646" lon="22.832568">
        <ele>507.1</ele>
      </trkpt>
      <trkpt lat="46.901383" lon="22.832468">
        <ele>507.4</ele>
      </trkpt>
      <trkpt lat="46.898847" lon="22.831876">
        <ele>510.5</ele>
      </trkpt>
      <trkpt lat="46.897953" lon="22.831875">
        <ele>511.4</ele>
      </trkpt>
      <trkpt lat="46.897344" lon="22.83171">
        <ele>512</ele>
      </trkpt>
      <trkpt lat="46.897202" lon="22.831667">
        <ele>512.2</ele>
      </trkpt>
      <trkpt lat="46.89692" lon="22.831669">
        <ele>512.4</ele>
      </trkpt>
      <trkpt lat="46.895918" lon="22.832031">
        <ele>513.7</ele>
      </trkpt>
      <trkpt lat="46.895617" lon="22.832149">
        <ele>514.1</ele>
      </trkpt>
      <trkpt lat="46.895224" lon="22.832299">
        <ele>514.6</ele>
      </trkpt>
      <trkpt lat="46.895046" lon="22.83234">
        <ele>514.9</ele>
      </trkpt>
      <trkpt lat="46.893799" lon="22.832251">
        <ele>516.5</ele>
      </trkpt>
      <trkpt lat="46.893672" lon="22.832169">
        <ele>516.7</ele>
      </trkpt>
      <trkpt lat="46.893527" lon="22.83201">
        <ele>516.9</ele>
      </trkpt>
      <trkpt lat="46.892702" lon="22.830855">
        <ele>518.1</ele>
      </trkpt>
      <trkpt lat="46.892419" lon="22.830594">
        <ele>518.5</ele>
      </trkpt>
      <trkpt lat="46.892316" lon="22.830548">
        <ele>518.6</ele>
      </trkpt>
      <trkpt lat="46.891279" lon="22.830462">
        <ele>520</ele>
      </trkpt>
      <trkpt lat="46.890958" lon="22.830486">
        <ele>520.6</ele>
      </trkpt>
      <trkpt lat="46.89075" lon="22.830547">
        <ele>521.1</ele>
      </trkpt>
      <trkpt lat="46.890016" lon="22.830931">
        <ele>522.1</ele>
      </trkpt>
      <trkpt lat="46.889857" lon="22.830938">
        <ele>522.3</ele>
      </trkpt>
      <trkpt lat="46.889756" lon="22.830886">
        <ele>522.5</ele>
      </trkpt>
      <trkpt lat="46.889661" lon="22.830721">
        <ele>522.7</ele>
      </trkpt>
      <trkpt lat="46.889594" lon="22.83051">
        <ele>523</ele>
      </trkpt>
      <trkpt lat="46.889508" lon="22.830233">
        <ele>523.3</ele>
      </trkpt>
      <trkpt lat="46.88938" lon="22.829935">
        <ele>523.6</ele>
      </trkpt>
      <trkpt lat="46.889139" lon="22.829602">
        <ele>524</ele>
      </trkpt>
      <trkpt lat="46.888729" lon="22.829159">
        <ele>525</ele>
      </trkpt>
      <trkpt lat="46.887577" lon="22.828052">
        <ele>527.9</ele>
      </trkpt>
      <trkpt lat="46.887318" lon="22.827805">
        <ele>528.2</ele>
      </trkpt>
      <trkpt lat="46.887033" lon="22.827646">
        <ele>528.3</ele>
      </trkpt>
      <trkpt lat="46.885797" lon="22.827339">
        <ele>528.8</ele>
      </trkpt>
      <trkpt lat="46.885607" lon="22.827293">
        <ele>529</ele>
      </trkpt>
      <trkpt lat="46.884063" lon="22.826902">
        <ele>531.6</ele>
      </trkpt>
      <trkpt lat="46.883942" lon="22.826833">
        <ele>531.8</ele>
      </trkpt>
      <trkpt lat="46.883623" lon="22.826528">
        <ele>532.1</ele>
      </trkpt>
      <trkpt lat="46.883117" lon="22.825939">
        <ele>532.2</ele>
      </trkpt>
      <trkpt lat="46.882137" lon="22.825064">
        <ele>532.5</ele>
      </trkpt>
      <trkpt lat="46.881364" lon="22.824455">
        <ele>533.5</ele>
      </trkpt>
      <trkpt lat="46.880947" lon="22.824201">
        <ele>534.2</ele>
      </trkpt>
      <trkpt lat="46.879583" lon="22.823597">
        <ele>536.9</ele>
      </trkpt>
      <trkpt lat="46.879407" lon="22.8235">
        <ele>537.2</ele>
      </trkpt>
      <trkpt lat="46.87918" lon="22.823262">
        <ele>537.6</ele>
      </trkpt>
      <trkpt lat="46.87902" lon="22.822962">
        <ele>538</ele>
      </trkpt>
      <trkpt lat="46.87833" lon="22.82104">
        <ele>539.7</ele>
      </trkpt>
      <trkpt lat="46.878246" lon="22.820737">
        <ele>540</ele>
      </trkpt>
      <trkpt lat="46.878233" lon="22.820489">
        <ele>540.2</ele>
      </trkpt>
      <trkpt lat="46.878255" lon="22.820259">
        <ele>540.4</ele>
      </trkpt>
      <trkpt lat="46.878457" lon="22.819601">
        <ele>541.2</ele>
      </trkpt>
      <trkpt lat="46.878475" lon="22.819475">
        <ele>541.4</ele>
      </trkpt>
      <trkpt lat="46.878452" lon="22.819175">
        <ele>541.7</ele>
      </trkpt>
      <trkpt lat="46.878297" lon="22.818357">
        <ele>542.5</ele>
      </trkpt>
      <trkpt lat="46.878117" lon="22.817437">
        <ele>543.1</ele>
      </trkpt>
      <trkpt lat="46.878043" lon="22.817284">
        <ele>543.1</ele>
      </trkpt>
      <trkpt lat="46.877849" lon="22.816975">
        <ele>543.3</ele>
      </trkpt>
      <trkpt lat="46.877379" lon="22.81649">
        <ele>543.6</ele>
      </trkpt>
      <trkpt lat="46.877069" lon="22.816206">
        <ele>543.8</ele>
      </trkpt>
      <trkpt lat="46.876563" lon="22.815682">
        <ele>544.6</ele>
      </trkpt>
      <trkpt lat="46.875607" lon="22.814456">
        <ele>546.9</ele>
      </trkpt>
      <trkpt lat="46.875468" lon="22.814369">
        <ele>547.1</ele>
      </trkpt>
      <trkpt lat="46.874708" lon="22.814058">
        <ele>548.4</ele>
      </trkpt>
      <trkpt lat="46.874124" lon="22.813779">
        <ele>549.2</ele>
      </trkpt>
      <trkpt lat="46.87282" lon="22.812935">
        <ele>551.6</ele>
      </trkpt>
      <trkpt lat="46.872597" lon="22.812841">
        <ele>552</ele>
      </trkpt>
      <trkpt lat="46.87238" lon="22.812815">
        <ele>552.4</ele>
      </trkpt>
      <trkpt lat="46.870432" lon="22.81289">
        <ele>557</ele>
      </trkpt>
      <trkpt lat="46.87015" lon="22.81295">
        <ele>557.8</ele>
      </trkpt>
      <trkpt lat="46.869863" lon="22.813105">
        <ele>558.6</ele>
      </trkpt>
      <trkpt lat="46.868782" lon="22.814031">
        <ele>561.9</ele>
      </trkpt>
      <trkpt lat="46.868465" lon="22.814231">
        <ele>562.4</ele>
      </trkpt>
      <trkpt lat="46.868295" lon="22.814302">
        <ele>562.6</ele>
      </trkpt>
      <trkpt lat="46.867912" lon="22.814313">
        <ele>562.7</ele>
      </trkpt>
      <trkpt lat="46.867497" lon="22.814187">
        <ele>562.8</ele>
      </trkpt>
      <trkpt lat="46.866955" lon="22.813838">
        <ele>562.9</ele>
      </trkpt>
      <trkpt lat="46.865932" lon="22.812717">
        <ele>567.1</ele>
      </trkpt>
      <trkpt lat="46.865626" lon="22.81224">
        <ele>569.9</ele>
      </trkpt>
      <trkpt lat="46.865589" lon="22.812155">
        <ele>570.4</ele>
      </trkpt>
      <trkpt lat="46.865507" lon="22.811974">
        <ele>571.3</ele>
      </trkpt>
      <trkpt lat="46.865445" lon="22.811804">
        <ele>572</ele>
      </trkpt>
      <trkpt lat="46.865364" lon="22.811546">
        <ele>573</ele>
      </trkpt>
      <trkpt lat="46.865178" lon="22.81038">
        <ele>575.4</ele>
      </trkpt>
      <trkpt lat="46.865106" lon="22.810132">
        <ele>575.2</ele>
      </trkpt>
      <trkpt lat="46.864981" lon="22.810026">
        <ele>574.9</ele>
      </trkpt>
      <trkpt lat="46.86435" lon="22.809728">
        <ele>573.1</ele>
      </trkpt>
      <trkpt lat="46.862464" lon="22.807905">
        <ele>570.2</ele>
      </trkpt>
      <trkpt lat="46.861741" lon="22.807314">
        <ele>572</ele>
      </trkpt>
      <trkpt lat="46.861121" lon="22.806869">
        <ele>574.9</ele>
      </trkpt>
      <trkpt lat="46.860834" lon="22.806689">
        <ele>576.3</ele>
      </trkpt>
      <trkpt lat="46.860028" lon="22.806284">
        <ele>579.5</ele>
      </trkpt>
      <trkpt lat="46.858483" lon="22.80518">
        <ele>583.8</ele>
      </trkpt>
      <trkpt lat="46.857935" lon="22.804827">
        <ele>585.5</ele>
      </trkpt>
      <trkpt lat="46.857588" lon="22.804415">
        <ele>586.6</ele>
      </trkpt>
      <trkpt lat="46.857466" lon="22.804181">
        <ele>587.1</ele>
      </trkpt>
      <trkpt lat="46.856945" lon="22.80287">
        <ele>589.2</ele>
      </trkpt>
      <trkpt lat="46.856739" lon="22.802516">
        <ele>589.7</ele>
      </trkpt>
      <trkpt lat="46.856554" lon="22.802285">
        <ele>590.2</ele>
      </trkpt>
      <trkpt lat="46.856371" lon="22.802143">
        <ele>590.4</ele>
      </trkpt>
      <trkpt lat="46.856226" lon="22.802097">
        <ele>590.6</ele>
      </trkpt>
      <trkpt lat="46.856075" lon="22.802121">
        <ele>590.7</ele>
      </trkpt>
      <trkpt lat="46.855584" lon="22.80247">
        <ele>590.6</ele>
      </trkpt>
      <trkpt lat="46.855204" lon="22.802856">
        <ele>589.8</ele>
      </trkpt>
      <trkpt lat="46.854911" lon="22.803079">
        <ele>588.8</ele>
      </trkpt>
      <trkpt lat="46.854019" lon="22.803406">
        <ele>587.1</ele>
      </trkpt>
      <trkpt lat="46.853772" lon="22.803465">
        <ele>587.2</ele>
      </trkpt>
      <trkpt lat="46.852596" lon="22.803599">
        <ele>589.2</ele>
      </trkpt>
      <trkpt lat="46.851725" lon="22.803579">
        <ele>590.2</ele>
      </trkpt>
      <trkpt lat="46.851438" lon="22.803635">
        <ele>590.4</ele>
      </trkpt>
      <trkpt lat="46.850866" lon="22.803924">
        <ele>591.6</ele>
      </trkpt>
      <trkpt lat="46.850562" lon="22.804028">
        <ele>592.7</ele>
      </trkpt>
      <trkpt lat="46.8502" lon="22.804015">
        <ele>594.2</ele>
      </trkpt>
      <trkpt lat="46.85005" lon="22.803998">
        <ele>594.9</ele>
      </trkpt>
      <trkpt lat="46.84987" lon="22.803921">
        <ele>595.8</ele>
      </trkpt>
      <trkpt lat="46.849655" lon="22.803766">
        <ele>596.9</ele>
      </trkpt>
      <trkpt lat="46.849404" lon="22.803436">
        <ele>598.3</ele>
      </trkpt>
      <trkpt lat="46.849113" lon="22.80296">
        <ele>599.7</ele>
      </trkpt>
      <trkpt lat="46.848177" lon="22.801338">
        <ele>600.8</ele>
      </trkpt>
      <trkpt lat="46.848032" lon="22.801158">
        <ele>600.9</ele>
      </trkpt>
      <trkpt lat="46.847878" lon="22.801032">
        <ele>600.9</ele>
      </trkpt>
      <trkpt lat="46.847603" lon="22.800925">
        <ele>600.9</ele>
      </trkpt>
      <trkpt lat="46.847287" lon="22.800914">
        <ele>601</ele>
      </trkpt>
      <trkpt lat="46.847133" lon="22.800971">
        <ele>601.1</ele>
      </trkpt>
      <trkpt lat="46.846583" lon="22.801365">
        <ele>601.5</ele>
      </trkpt>
      <trkpt lat="46.846399" lon="22.801432">
        <ele>601.6</ele>
      </trkpt>
      <trkpt lat="46.846115" lon="22.801486">
        <ele>601.9</ele>
      </trkpt>
      <trkpt lat="46.845401" lon="22.801539">
        <ele>602.9</ele>
      </trkpt>
      <trkpt lat="46.844431" lon="22.801384">
        <ele>606.7</ele>
      </trkpt>
      <trkpt lat="46.844082" lon="22.801282">
        <ele>609.2</ele>
      </trkpt>
      <trkpt lat="46.843908" lon="22.80118">
        <ele>610.8</ele>
      </trkpt>
      <trkpt lat="46.843735" lon="22.801027">
        <ele>612.6</ele>
      </trkpt>
      <trkpt lat="46.843462" lon="22.800721">
        <ele>616.3</ele>
      </trkpt>
      <trkpt lat="46.843358" lon="22.800578">
        <ele>617.9</ele>
      </trkpt>
      <trkpt lat="46.843236" lon="22.800302">
        <ele>620.5</ele>
      </trkpt>
      <trkpt lat="46.843173" lon="22.800048">
        <ele>622.6</ele>
      </trkpt>
      <trkpt lat="46.84314" lon="22.799753">
        <ele>624.6</ele>
      </trkpt>
      <trkpt lat="46.84316" lon="22.799402">
        <ele>626.7</ele>
      </trkpt>
      <trkpt lat="46.843227" lon="22.799115">
        <ele>628.2</ele>
      </trkpt>
      <trkpt lat="46.843332" lon="22.798859">
        <ele>629.4</ele>
      </trkpt>
      <trkpt lat="46.843486" lon="22.798254">
        <ele>631.2</ele>
      </trkpt>
      <trkpt lat="46.843565" lon="22.797766">
        <ele>632</ele>
      </trkpt>
      <trkpt lat="46.843548" lon="22.797056">
        <ele>632.4</ele>
      </trkpt>
      <trkpt lat="46.843431" lon="22.795262">
        <ele>634.5</ele>
      </trkpt>
      <trkpt lat="46.843434" lon="22.794867">
        <ele>634.9</ele>
      </trkpt>
      <trkpt lat="46.843599" lon="22.793945">
        <ele>634.4</ele>
      </trkpt>
      <trkpt lat="46.843653" lon="22.792859">
        <ele>630.8</ele>
      </trkpt>
      <trkpt lat="46.843705" lon="22.792589">
        <ele>629.5</ele>
      </trkpt>
      <trkpt lat="46.843819" lon="22.792237">
        <ele>627.5</ele>
      </trkpt>
      <trkpt lat="46.843857" lon="22.792016">
        <ele>626.4</ele>
      </trkpt>
      <trkpt lat="46.84387" lon="22.791778">
        <ele>625.2</ele>
      </trkpt>
      <trkpt lat="46.84385" lon="22.791533">
        <ele>624.2</ele>
      </trkpt>
      <trkpt lat="46.843778" lon="22.791226">
        <ele>623</ele>
      </trkpt>
      <trkpt lat="46.843677" lon="22.79095">
        <ele>622.1</ele>
      </trkpt>
      <trkpt lat="46.843334" lon="22.790391">
        <ele>621.2</ele>
      </trkpt>
      <trkpt lat="46.842982" lon="22.790155">
        <ele>621.7</ele>
      </trkpt>
      <trkpt lat="46.841575" lon="22.789453">
        <ele>625</ele>
      </trkpt>
      <trkpt lat="46.841176" lon="22.789178">
        <ele>624.9</ele>
      </trkpt>
      <trkpt lat="46.840966" lon="22.788901">
        <ele>624.6</ele>
      </trkpt>
      <trkpt lat="46.840771" lon="22.788457">
        <ele>624</ele>
      </trkpt>
      <trkpt lat="46.839589" lon="22.784888">
        <ele>620.7</ele>
      </trkpt>
      <trkpt lat="46.838349" lon="22.780935">
        <ele>623.6</ele>
      </trkpt>
      <trkpt lat="46.838286" lon="22.780605">
        <ele>623.9</ele>
      </trkpt>
      <trkpt lat="46.838257" lon="22.779644">
        <ele>624.6</ele>
      </trkpt>
      <trkpt lat="46.838217" lon="22.7794">
        <ele>624.8</ele>
      </trkpt>
      <trkpt lat="46.838143" lon="22.779143">
        <ele>625</ele>
      </trkpt>
      <trkpt lat="46.837999" lon="22.778816">
        <ele>625.3</ele>
      </trkpt>
      <trkpt lat="46.837741" lon="22.778338">
        <ele>625.8</ele>
      </trkpt>
      <trkpt lat="46.836042" lon="22.775888">
        <ele>629.2</ele>
      </trkpt>
      <trkpt lat="46.83594" lon="22.775679">
        <ele>629.5</ele>
      </trkpt>
      <trkpt lat="46.835678" lon="22.774896">
        <ele>630.5</ele>
      </trkpt>
      <trkpt lat="46.835541" lon="22.774616">
        <ele>630.9</ele>
      </trkpt>
      <trkpt lat="46.835296" lon="22.774208">
        <ele>631.6</ele>
      </trkpt>
      <trkpt lat="46.834321" lon="22.772888">
        <ele>635.3</ele>
      </trkpt>
      <trkpt lat="46.833872" lon="22.772445">
        <ele>637.1</ele>
      </trkpt>
      <trkpt lat="46.833288" lon="22.771726">
        <ele>639</ele>
      </trkpt>
      <trkpt lat="46.833027" lon="22.771484">
        <ele>639.4</ele>
      </trkpt>
      <trkpt lat="46.832079" lon="22.770884">
        <ele>639.7</ele>
      </trkpt>
      <trkpt lat="46.831851" lon="22.770793">
        <ele>639.8</ele>
      </trkpt>
      <trkpt lat="46.831216" lon="22.77075">
        <ele>640.6</ele>
      </trkpt>
      <trkpt lat="46.830902" lon="22.770665">
        <ele>641.3</ele>
      </trkpt>
      <trkpt lat="46.830282" lon="22.770644">
        <ele>643.1</ele>
      </trkpt>
      <trkpt lat="46.829895" lon="22.770412">
        <ele>644.2</ele>
      </trkpt>
      <trkpt lat="46.82906" lon="22.769999">
        <ele>645.4</ele>
      </trkpt>
      <trkpt lat="46.828816" lon="22.769771">
        <ele>645.4</ele>
      </trkpt>
      <trkpt lat="46.828595" lon="22.769476">
        <ele>645.3</ele>
      </trkpt>
      <trkpt lat="46.828452" lon="22.769208">
        <ele>645.2</ele>
      </trkpt>
      <trkpt lat="46.828131" lon="22.768224">
        <ele>645.2</ele>
      </trkpt>
      <trkpt lat="46.828009" lon="22.76795">
        <ele>645.6</ele>
      </trkpt>
      <trkpt lat="46.827832" lon="22.767665">
        <ele>646.2</ele>
      </trkpt>
      <trkpt lat="46.827585" lon="22.767346">
        <ele>647.2</ele>
      </trkpt>
      <trkpt lat="46.82735" lon="22.766965">
        <ele>648.5</ele>
      </trkpt>
      <trkpt lat="46.826549" lon="22.765396">
        <ele>653.7</ele>
      </trkpt>
      <trkpt lat="46.826047" lon="22.764269">
        <ele>656.2</ele>
      </trkpt>
      <trkpt lat="46.825647" lon="22.763125">
        <ele>657.7</ele>
      </trkpt>
      <trkpt lat="46.82533" lon="22.762003">
        <ele>657.5</ele>
      </trkpt>
      <trkpt lat="46.825078" lon="22.760964">
        <ele>656.5</ele>
      </trkpt>
      <trkpt lat="46.825017" lon="22.760829">
        <ele>656.4</ele>
      </trkpt>
      <trkpt lat="46.824909" lon="22.760697">
        <ele>656.2</ele>
      </trkpt>
      <trkpt lat="46.824248" lon="22.760145">
        <ele>655.6</ele>
      </trkpt>
      <trkpt lat="46.824081" lon="22.759919">
        <ele>655.7</ele>
      </trkpt>
      <trkpt lat="46.82369" lon="22.759142">
        <ele>656.2</ele>
      </trkpt>
      <trkpt lat="46.823575" lon="22.758973">
        <ele>656.4</ele>
      </trkpt>
      <trkpt lat="46.823431" lon="22.758876">
        <ele>656.7</ele>
      </trkpt>
      <trkpt lat="46.823263" lon="22.758844">
        <ele>657</ele>
      </trkpt>
      <trkpt lat="46.823015" lon="22.75886">
        <ele>657.5</ele>
      </trkpt>
      <trkpt lat="46.822431" lon="22.758914">
        <ele>658.9</ele>
      </trkpt>
      <trkpt lat="46.822007" lon="22.759072">
        <ele>660</ele>
      </trkpt>
      <trkpt lat="46.821771" lon="22.759101">
        <ele>660.5</ele>
      </trkpt>
      <trkpt lat="46.821526" lon="22.759045">
        <ele>661.1</ele>
      </trkpt>
      <trkpt lat="46.821009" lon="22.758718">
        <ele>662.1</ele>
      </trkpt>
      <trkpt lat="46.820741" lon="22.758614">
        <ele>662.7</ele>
      </trkpt>
      <trkpt lat="46.819992" lon="22.758624">
        <ele>664.3</ele>
      </trkpt>
      <trkpt lat="46.819723" lon="22.758599">
        <ele>665</ele>
      </trkpt>
      <trkpt lat="46.819219" lon="22.758431">
        <ele>666.2</ele>
      </trkpt>
      <trkpt lat="46.819003" lon="22.758444">
        <ele>666.7</ele>
      </trkpt>
      <trkpt lat="46.818388" lon="22.758576">
        <ele>667.9</ele>
      </trkpt>
      <trkpt lat="46.817533" lon="22.758662">
        <ele>669.7</ele>
      </trkpt>
      <trkpt lat="46.81723" lon="22.758645">
        <ele>670.6</ele>
      </trkpt>
      <trkpt lat="46.815346" lon="22.758254">
        <ele>678.1</ele>
      </trkpt>
      <trkpt lat="46.815" lon="22.758256">
        <ele>679.3</ele>
      </trkpt>
      <trkpt lat="46.814295" lon="22.758286">
        <ele>681.3</ele>
      </trkpt>
      <trkpt lat="46.813544" lon="22.758161">
        <ele>682.7</ele>
      </trkpt>
      <trkpt lat="46.812118" lon="22.75768">
        <ele>684.2</ele>
      </trkpt>
      <trkpt lat="46.811793" lon="22.757416">
        <ele>685.1</ele>
      </trkpt>
      <trkpt lat="46.810807" lon="22.755907">
        <ele>693.4</ele>
      </trkpt>
      <trkpt lat="46.810739" lon="22.755853">
        <ele>694.2</ele>
      </trkpt>
      <trkpt lat="46.81042" lon="22.755853">
        <ele>697.4</ele>
      </trkpt>
      <trkpt lat="46.810246" lon="22.755781">
        <ele>699.2</ele>
      </trkpt>
      <trkpt lat="46.809784" lon="22.755213">
        <ele>703.7</ele>
      </trkpt>
      <trkpt lat="46.809744" lon="22.755054">
        <ele>704.3</ele>
      </trkpt>
      <trkpt lat="46.8097" lon="22.75455">
        <ele>705.2</ele>
      </trkpt>
      <trkpt lat="46.809523" lon="22.753307">
        <ele>702.1</ele>
      </trkpt>
      <trkpt lat="46.809413" lon="22.752994">
        <ele>700.6</ele>
      </trkpt>
      <trkpt lat="46.809235" lon="22.752739">
        <ele>699.1</ele>
      </trkpt>
      <trkpt lat="46.808826" lon="22.752366">
        <ele>697.3</ele>
      </trkpt>
      <trkpt lat="46.808699" lon="22.752315">
        <ele>697</ele>
      </trkpt>
      <trkpt lat="46.808239" lon="22.752256">
        <ele>696.4</ele>
      </trkpt>
      <trkpt lat="46.807864" lon="22.752099">
        <ele>696.1</ele>
      </trkpt>
      <trkpt lat="46.80762" lon="22.751934">
        <ele>696.1</ele>
      </trkpt>
      <trkpt lat="46.8075" lon="22.75172">
        <ele>696.1</ele>
      </trkpt>
      <trkpt lat="46.807216" lon="22.750996">
        <ele>696</ele>
      </trkpt>
      <trkpt lat="46.807115" lon="22.750813">
        <ele>696.1</ele>
      </trkpt>
      <trkpt lat="46.806987" lon="22.750649">
        <ele>696.1</ele>
      </trkpt>
      <trkpt lat="46.806574" lon="22.750293">
        <ele>696.5</ele>
      </trkpt>
      <trkpt lat="46.806452" lon="22.750245">
        <ele>696.7</ele>
      </trkpt>
      <trkpt lat="46.806067" lon="22.750183">
        <ele>697.7</ele>
      </trkpt>
      <trkpt lat="46.80592" lon="22.750098">
        <ele>698.2</ele>
      </trkpt>
      <trkpt lat="46.805609" lon="22.749839">
        <ele>699.5</ele>
      </trkpt>
      <trkpt lat="46.80474" lon="22.748819">
        <ele>702.8</ele>
      </trkpt>
      <trkpt lat="46.804081" lon="22.747651">
        <ele>706.5</ele>
      </trkpt>
      <trkpt lat="46.80382" lon="22.747049">
        <ele>708.9</ele>
      </trkpt>
      <trkpt lat="46.803521" lon="22.74646">
        <ele>712.2</ele>
      </trkpt>
      <trkpt lat="46.803221" lon="22.745974">
        <ele>715.5</ele>
      </trkpt>
      <trkpt lat="46.80305" lon="22.74577">
        <ele>717</ele>
      </trkpt>
      <trkpt lat="46.802862" lon="22.745642">
        <ele>718.1</ele>
      </trkpt>
      <trkpt lat="46.802579" lon="22.745588">
        <ele>719.3</ele>
      </trkpt>
      <trkpt lat="46.802438" lon="22.745604">
        <ele>719.8</ele>
      </trkpt>
      <trkpt lat="46.801979" lon="22.745788">
        <ele>720.2</ele>
      </trkpt>
      <trkpt lat="46.80144" lon="22.74595">
        <ele>718.8</ele>
      </trkpt>
      <trkpt lat="46.801088" lon="22.746023">
        <ele>717</ele>
      </trkpt>
      <trkpt lat="46.800614" lon="22.745984">
        <ele>714.2</ele>
      </trkpt>
      <trkpt lat="46.800114" lon="22.745847">
        <ele>711.5</ele>
      </trkpt>
      <trkpt lat="46.799932" lon="22.745764">
        <ele>710.7</ele>
      </trkpt>
      <trkpt lat="46.799584" lon="22.745556">
        <ele>709.5</ele>
      </trkpt>
      <trkpt lat="46.799256" lon="22.74523">
        <ele>708.9</ele>
      </trkpt>
      <trkpt lat="46.798611" lon="22.74447">
        <ele>710</ele>
      </trkpt>
      <trkpt lat="46.797517" lon="22.743101">
        <ele>714</ele>
      </trkpt>
      <trkpt lat="46.797421" lon="22.742952">
        <ele>714.4</ele>
      </trkpt>
      <trkpt lat="46.797392" lon="22.742862">
        <ele>714.6</ele>
      </trkpt>
      <trkpt lat="46.797397" lon="22.742695">
        <ele>714.9</ele>
      </trkpt>
      <trkpt lat="46.797456" lon="22.742416">
        <ele>715.6</ele>
      </trkpt>
      <trkpt lat="46.797514" lon="22.74212">
        <ele>716.3</ele>
      </trkpt>
      <trkpt lat="46.797503" lon="22.741853">
        <ele>716.8</ele>
      </trkpt>
      <trkpt lat="46.797473" lon="22.741552">
        <ele>717.4</ele>
      </trkpt>
      <trkpt lat="46.797355" lon="22.741058">
        <ele>718.1</ele>
      </trkpt>
      <trkpt lat="46.797114" lon="22.740581">
        <ele>719.1</ele>
      </trkpt>
      <trkpt lat="46.796795" lon="22.740111">
        <ele>719.8</ele>
      </trkpt>
      <trkpt lat="46.796701" lon="22.739915">
        <ele>720</ele>
      </trkpt>
      <trkpt lat="46.796496" lon="22.739248">
        <ele>720.6</ele>
      </trkpt>
      <trkpt lat="46.79616" lon="22.738031">
        <ele>723.7</ele>
      </trkpt>
      <trkpt lat="46.795889" lon="22.737248">
        <ele>728.8</ele>
      </trkpt>
      <trkpt lat="46.795803" lon="22.736824">
        <ele>732</ele>
      </trkpt>
      <trkpt lat="46.795823" lon="22.736276">
        <ele>736.4</ele>
      </trkpt>
      <trkpt lat="46.795965" lon="22.735442">
        <ele>744.2</ele>
      </trkpt>
      <trkpt lat="46.795991" lon="22.73466">
        <ele>752.1</ele>
      </trkpt>
      <trkpt lat="46.79607" lon="22.73393">
        <ele>759.5</ele>
      </trkpt>
      <trkpt lat="46.79616" lon="22.73361">
        <ele>762.7</ele>
      </trkpt>
      <trkpt lat="46.796528" lon="22.733146">
        <ele>768.3</ele>
      </trkpt>
      <trkpt lat="46.79682" lon="22.73234">
        <ele>773.4</ele>
      </trkpt>
      <trkpt lat="46.79738" lon="22.73191">
        <ele>776</ele>
      </trkpt>
      <trkpt lat="46.798178" lon="22.731366">
        <ele>778.8</ele>
      </trkpt>
      <trkpt lat="46.799137" lon="22.73092">
        <ele>784.4</ele>
      </trkpt>
      <trkpt lat="46.799372" lon="22.730866">
        <ele>786.2</ele>
      </trkpt>
      <trkpt lat="46.799982" lon="22.731051">
        <ele>792</ele>
      </trkpt>
      <trkpt lat="46.80007" lon="22.730997">
        <ele>792.9</ele>
      </trkpt>
      <trkpt lat="46.800141" lon="22.730854">
        <ele>794.2</ele>
      </trkpt>
      <trkpt lat="46.800127" lon="22.730701">
        <ele>795.4</ele>
      </trkpt>
      <trkpt lat="46.800061" lon="22.73058">
        <ele>796.6</ele>
      </trkpt>
      <trkpt lat="46.799145" lon="22.72993">
        <ele>808.3</ele>
      </trkpt>
      <trkpt lat="46.79889" lon="22.729858">
        <ele>811.2</ele>
      </trkpt>
      <trkpt lat="46.798726" lon="22.729849">
        <ele>812.9</ele>
      </trkpt>
      <trkpt lat="46.798233" lon="22.729968">
        <ele>817.5</ele>
      </trkpt>
      <trkpt lat="46.797094" lon="22.730168">
        <ele>820.3</ele>
      </trkpt>
      <trkpt lat="46.796958" lon="22.730249">
        <ele>819.5</ele>
      </trkpt>
      <trkpt lat="46.796481" lon="22.730727">
        <ele>815</ele>
      </trkpt>
      <trkpt lat="46.796167" lon="22.730818">
        <ele>811.9</ele>
      </trkpt>
      <trkpt lat="46.795747" lon="22.730827">
        <ele>808.3</ele>
      </trkpt>
      <trkpt lat="46.79564" lon="22.73071">
        <ele>807.5</ele>
      </trkpt>
      <trkpt lat="46.795608" lon="22.730412">
        <ele>806.7</ele>
      </trkpt>
      <trkpt lat="46.79562" lon="22.73011">
        <ele>806.3</ele>
      </trkpt>
      <trkpt lat="46.79579" lon="22.72932">
        <ele>808.6</ele>
      </trkpt>
      <trkpt lat="46.79584" lon="22.7287">
        <ele>813</ele>
      </trkpt>
      <trkpt lat="46.795901" lon="22.72584">
        <ele>840.4</ele>
      </trkpt>
      <trkpt lat="46.795896" lon="22.725579">
        <ele>842.1</ele>
      </trkpt>
      <trkpt lat="46.795827" lon="22.725062">
        <ele>844.5</ele>
      </trkpt>
      <trkpt lat="46.79586" lon="22.724441">
        <ele>845.7</ele>
      </trkpt>
      <trkpt lat="46.795824" lon="22.724294">
        <ele>845.9</ele>
      </trkpt>
      <trkpt lat="46.79572" lon="22.724212">
        <ele>846.2</ele>
      </trkpt>
      <trkpt lat="46.795575" lon="22.724196">
        <ele>846.6</ele>
      </trkpt>
      <trkpt lat="46.795352" lon="22.724235">
        <ele>847.3</ele>
      </trkpt>
      <trkpt lat="46.795307" lon="22.724214">
        <ele>847.4</ele>
      </trkpt>
      <trkpt lat="46.795244" lon="22.724084">
        <ele>847.7</ele>
      </trkpt>
      <trkpt lat="46.795239" lon="22.723963">
        <ele>848</ele>
      </trkpt>
      <trkpt lat="46.7953" lon="22.723691">
        <ele>848.8</ele>
      </trkpt>
      <trkpt lat="46.795699" lon="22.72292">
        <ele>853</ele>
      </trkpt>
      <trkpt lat="46.795769" lon="22.722638">
        <ele>855</ele>
      </trkpt>
      <trkpt lat="46.795777" lon="22.722108">
        <ele>859.1</ele>
      </trkpt>
      <trkpt lat="46.795674" lon="22.721925">
        <ele>861</ele>
      </trkpt>
      <trkpt lat="46.795601" lon="22.72171">
        <ele>862.9</ele>
      </trkpt>
      <trkpt lat="46.795645" lon="22.721395">
        <ele>865.3</ele>
      </trkpt>
      <trkpt lat="46.795664" lon="22.720912">
        <ele>868.9</ele>
      </trkpt>
      <trkpt lat="46.795046" lon="22.718758">
        <ele>888</ele>
      </trkpt>
      <trkpt lat="46.795004" lon="22.718409">
        <ele>889.6</ele>
      </trkpt>
      <trkpt lat="46.794965" lon="22.718316">
        <ele>890</ele>
      </trkpt>
      <trkpt lat="46.794873" lon="22.718247">
        <ele>890.5</ele>
      </trkpt>
      <trkpt lat="46.794807" lon="22.718256">
        <ele>890.9</ele>
      </trkpt>
      <trkpt lat="46.794734" lon="22.718314">
        <ele>891.3</ele>
      </trkpt>
      <trkpt lat="46.794439" lon="22.718659">
        <ele>893.3</ele>
      </trkpt>
      <trkpt lat="46.794327" lon="22.718697">
        <ele>893.8</ele>
      </trkpt>
      <trkpt lat="46.794232" lon="22.718628">
        <ele>894.4</ele>
      </trkpt>
      <trkpt lat="46.794143" lon="22.718519">
        <ele>894.7</ele>
      </trkpt>
      <trkpt lat="46.79379" lon="22.717948">
        <ele>894.9</ele>
      </trkpt>
      <trkpt lat="46.793631" lon="22.717738">
        <ele>895.4</ele>
      </trkpt>
      <trkpt lat="46.793272" lon="22.717467">
        <ele>896.7</ele>
      </trkpt>
      <trkpt lat="46.79216" lon="22.716969">
        <ele>898.6</ele>
      </trkpt>
      <trkpt lat="46.792051" lon="22.716846">
        <ele>899</ele>
      </trkpt>
      <trkpt lat="46.791971" lon="22.716665">
        <ele>899.6</ele>
      </trkpt>
      <trkpt lat="46.791944" lon="22.7165">
        <ele>900.1</ele>
      </trkpt>
      <trkpt lat="46.791986" lon="22.716136">
        <ele>901.7</ele>
      </trkpt>
      <trkpt lat="46.792041" lon="22.71599">
        <ele>902.5</ele>
      </trkpt>
      <trkpt lat="46.792141" lon="22.715892">
        <ele>903.4</ele>
      </trkpt>
      <trkpt lat="46.792231" lon="22.715856">
        <ele>904.1</ele>
      </trkpt>
      <trkpt lat="46.792828" lon="22.71591">
        <ele>909</ele>
      </trkpt>
      <trkpt lat="46.792995" lon="22.715878">
        <ele>910.4</ele>
      </trkpt>
      <trkpt lat="46.79308" lon="22.715816">
        <ele>911.2</ele>
      </trkpt>
      <trkpt lat="46.79319" lon="22.715644">
        <ele>912.5</ele>
      </trkpt>
      <trkpt lat="46.793244" lon="22.715355">
        <ele>914</ele>
      </trkpt>
      <trkpt lat="46.793375" lon="22.714274">
        <ele>919</ele>
      </trkpt>
      <trkpt lat="46.793676" lon="22.713305">
        <ele>920.3</ele>
      </trkpt>
      <trkpt lat="46.793708" lon="22.71313">
        <ele>920.2</ele>
      </trkpt>
      <trkpt lat="46.793685" lon="22.71291">
        <ele>920.5</ele>
      </trkpt>
      <trkpt lat="46.79357" lon="22.712611">
        <ele>921.6</ele>
      </trkpt>
      <trkpt lat="46.793222" lon="22.712148">
        <ele>924.4</ele>
      </trkpt>
      <trkpt lat="46.793183" lon="22.71205">
        <ele>924.8</ele>
      </trkpt>
      <trkpt lat="46.793197" lon="22.711878">
        <ele>925.6</ele>
      </trkpt>
      <trkpt lat="46.793244" lon="22.711833">
        <ele>926.1</ele>
      </trkpt>
      <trkpt lat="46.793301" lon="22.711826">
        <ele>926.5</ele>
      </trkpt>
      <trkpt lat="46.79342" lon="22.711953">
        <ele>927.7</ele>
      </trkpt>
      <trkpt lat="46.79395" lon="22.712678">
        <ele>934.9</ele>
      </trkpt>
      <trkpt lat="46.794021" lon="22.712808">
        <ele>936.4</ele>
      </trkpt>
      <trkpt lat="46.794057" lon="22.712931">
        <ele>937.7</ele>
      </trkpt>
      <trkpt lat="46.794077" lon="22.713036">
        <ele>938.7</ele>
      </trkpt>
      <trkpt lat="46.794067" lon="22.713281">
        <ele>940.5</ele>
      </trkpt>
      <trkpt lat="46.793909" lon="22.713948">
        <ele>944.9</ele>
      </trkpt>
      <trkpt lat="46.793881" lon="22.714273">
        <ele>946.5</ele>
      </trkpt>
      <trkpt lat="46.793894" lon="22.714474">
        <ele>947.5</ele>
      </trkpt>
      <trkpt lat="46.793924" lon="22.71471">
        <ele>948.7</ele>
      </trkpt>
      <trkpt lat="46.794015" lon="22.714945">
        <ele>950.1</ele>
      </trkpt>
      <trkpt lat="46.794139" lon="22.715014">
        <ele>951.1</ele>
      </trkpt>
      <trkpt lat="46.794207" lon="22.715">
        <ele>951.7</ele>
      </trkpt>
      <trkpt lat="46.794272" lon="22.714961">
        <ele>952.3</ele>
      </trkpt>
      <trkpt lat="46.794349" lon="22.714836">
        <ele>953.2</ele>
      </trkpt>
      <trkpt lat="46.794375" lon="22.714648">
        <ele>954.4</ele>
      </trkpt>
      <trkpt lat="46.794387" lon="22.714001">
        <ele>958.1</ele>
      </trkpt>
      <trkpt lat="46.794452" lon="22.713717">
        <ele>959.6</ele>
      </trkpt>
      <trkpt lat="46.794663" lon="22.713112">
        <ele>962.5</ele>
      </trkpt>
      <trkpt lat="46.794778" lon="22.712363">
        <ele>965.4</ele>
      </trkpt>
      <trkpt lat="46.794854" lon="22.712267">
        <ele>966</ele>
      </trkpt>
      <trkpt lat="46.79495" lon="22.712218">
        <ele>966.5</ele>
      </trkpt>
      <trkpt lat="46.795691" lon="22.712144">
        <ele>971.4</ele>
      </trkpt>
      <trkpt lat="46.796339" lon="22.711857">
        <ele>976</ele>
      </trkpt>
      <trkpt lat="46.796765" lon="22.711605">
        <ele>978.8</ele>
      </trkpt>
      <trkpt lat="46.797276" lon="22.710956">
        <ele>982.4</ele>
      </trkpt>
      <trkpt lat="46.798031" lon="22.710135">
        <ele>987.8</ele>
      </trkpt>
      <trkpt lat="46.798888" lon="22.709427">
        <ele>996.3</ele>
      </trkpt>
      <trkpt lat="46.799455" lon="22.708914">
        <ele>1003.2</ele>
      </trkpt>
      <trkpt lat="46.800265" lon="22.708064">
        <ele>1013.8</ele>
      </trkpt>
      <trkpt lat="46.80165" lon="22.707126">
        <ele>1027.8</ele>
      </trkpt>
      <trkpt lat="46.802009" lon="22.706938">
        <ele>1031.1</ele>
      </trkpt>
      <trkpt lat="46.802288" lon="22.706911">
        <ele>1033.6</ele>
      </trkpt>
      <trkpt lat="46.802667" lon="22.706948">
        <ele>1036.8</ele>
      </trkpt>
      <trkpt lat="46.803379" lon="22.707217">
        <ele>1043.1</ele>
      </trkpt>
      <trkpt lat="46.803757" lon="22.707383">
        <ele>1046.5</ele>
      </trkpt>
      <trkpt lat="46.804089" lon="22.70757">
        <ele>1049.5</ele>
      </trkpt>
      <trkpt lat="46.80474" lon="22.70827">
        <ele>1054.4</ele>
      </trkpt>
      <trkpt lat="46.804825" lon="22.708323">
        <ele>1054.8</ele>
      </trkpt>
      <trkpt lat="46.804969" lon="22.708277">
        <ele>1055.4</ele>
      </trkpt>
      <trkpt lat="46.805069" lon="22.708025">
        <ele>1056.1</ele>
      </trkpt>
      <trkpt lat="46.805168" lon="22.707121">
        <ele>1057.7</ele>
      </trkpt>
      <trkpt lat="46.805494" lon="22.705893">
        <ele>1060.5</ele>
      </trkpt>
      <trkpt lat="46.805517" lon="22.705459">
        <ele>1061.7</ele>
      </trkpt>
      <trkpt lat="46.805456" lon="22.704708">
        <ele>1062.5</ele>
      </trkpt>
      <trkpt lat="46.805502" lon="22.704426">
        <ele>1062.6</ele>
      </trkpt>
      <trkpt lat="46.80556" lon="22.704378">
        <ele>1062.5</ele>
      </trkpt>
      <trkpt lat="46.80576" lon="22.704317">
        <ele>1062.4</ele>
      </trkpt>
      <trkpt lat="46.806038" lon="22.704183">
        <ele>1061.8</ele>
      </trkpt>
      <trkpt lat="46.806349" lon="22.703954">
        <ele>1060.4</ele>
      </trkpt>
      <trkpt lat="46.806446" lon="22.703812">
        <ele>1059.6</ele>
      </trkpt>
      <trkpt lat="46.806574" lon="22.703476">
        <ele>1057.8</ele>
      </trkpt>
      <trkpt lat="46.80681" lon="22.703182">
        <ele>1055.4</ele>
      </trkpt>
      <trkpt lat="46.807431" lon="22.702749">
        <ele>1049.9</ele>
      </trkpt>
      <trkpt lat="46.807635" lon="22.702484">
        <ele>1047.3</ele>
      </trkpt>
      <trkpt lat="46.807751" lon="22.702377">
        <ele>1045.9</ele>
      </trkpt>
      <trkpt lat="46.808159" lon="22.702082">
        <ele>1041.3</ele>
      </trkpt>
      <trkpt lat="46.808248" lon="22.701969">
        <ele>1040.2</ele>
      </trkpt>
      <trkpt lat="46.808583" lon="22.701366">
        <ele>1035.5</ele>
      </trkpt>
      <trkpt lat="46.808856" lon="22.701065">
        <ele>1033.1</ele>
      </trkpt>
      <trkpt lat="46.809108" lon="22.70092">
        <ele>1031.8</ele>
      </trkpt>
      <trkpt lat="46.809697" lon="22.700863">
        <ele>1031.1</ele>
      </trkpt>
      <trkpt lat="46.809795" lon="22.700875">
        <ele>1031.2</ele>
      </trkpt>
      <trkpt lat="46.809951" lon="22.70097">
        <ele>1031.6</ele>
      </trkpt>
      <trkpt lat="46.810009" lon="22.701039">
        <ele>1031.8</ele>
      </trkpt>
      <trkpt lat="46.810102" lon="22.701246">
        <ele>1032.3</ele>
      </trkpt>
      <trkpt lat="46.810134" lon="22.701414">
        <ele>1032.6</ele>
      </trkpt>
      <trkpt lat="46.810151" lon="22.702102">
        <ele>1032.7</ele>
      </trkpt>
      <trkpt lat="46.810249" lon="22.702688">
        <ele>1031.9</ele>
      </trkpt>
      <trkpt lat="46.810302" lon="22.702787">
        <ele>1031.6</ele>
      </trkpt>
      <trkpt lat="46.810496" lon="22.702903">
        <ele>1030.7</ele>
      </trkpt>
      <trkpt lat="46.810984" lon="22.703019">
        <ele>1027.8</ele>
      </trkpt>
      <trkpt lat="46.811044" lon="22.703067">
        <ele>1027.3</ele>
      </trkpt>
      <trkpt lat="46.81146" lon="22.703721">
        <ele>1022.1</ele>
      </trkpt>
      <trkpt lat="46.811717" lon="22.703903">
        <ele>1019.6</ele>
      </trkpt>
      <trkpt lat="46.811937" lon="22.703994">
        <ele>1017.8</ele>
      </trkpt>
      <trkpt lat="46.812194" lon="22.70402">
        <ele>1015.8</ele>
      </trkpt>
      <trkpt lat="46.812398" lon="22.704009">
        <ele>1014.3</ele>
      </trkpt>
      <trkpt lat="46.812595" lon="22.703948">
        <ele>1012.8</ele>
      </trkpt>
      <trkpt lat="46.812657" lon="22.703795">
        <ele>1011.9</ele>
      </trkpt>
      <trkpt lat="46.81262" lon="22.7034">
        <ele>1009.8</ele>
      </trkpt>
      <trkpt lat="46.812714" lon="22.703111">
        <ele>1008</ele>
      </trkpt>
      <trkpt lat="46.812846" lon="22.703028">
        <ele>1006.9</ele>
      </trkpt>
      <trkpt lat="46.813274" lon="22.702888">
        <ele>1003.7</ele>
      </trkpt>
      <trkpt lat="46.813426" lon="22.702802">
        <ele>1002.7</ele>
      </trkpt>
      <trkpt lat="46.813709" lon="22.702236">
        <ele>999.8</ele>
      </trkpt>
      <trkpt lat="46.813848" lon="22.702011">
        <ele>998.6</ele>
      </trkpt>
      <trkpt lat="46.814179" lon="22.701587">
        <ele>996.1</ele>
      </trkpt>
      <trkpt lat="46.814384" lon="22.701187">
        <ele>994</ele>
      </trkpt>
      <trkpt lat="46.814759" lon="22.700852">
        <ele>991</ele>
      </trkpt>
      <trkpt lat="46.815075" lon="22.700646">
        <ele>988.5</ele>
      </trkpt>
      <trkpt lat="46.815197" lon="22.700533">
        <ele>987.4</ele>
      </trkpt>
      <trkpt lat="46.815324" lon="22.700348">
        <ele>986</ele>
      </trkpt>
      <trkpt lat="46.81555" lon="22.699833">
        <ele>982.7</ele>
      </trkpt>
      <trkpt lat="46.815978" lon="22.699111">
        <ele>977.3</ele>
      </trkpt>
      <trkpt lat="46.8166" lon="22.698154">
        <ele>970.9</ele>
      </trkpt>
      <trkpt lat="46.816943" lon="22.697524">
        <ele>968</ele>
      </trkpt>
      <trkpt lat="46.817186" lon="22.697175">
        <ele>966.5</ele>
      </trkpt>
      <trkpt lat="46.817663" lon="22.696695">
        <ele>963.6</ele>
      </trkpt>
      <trkpt lat="46.817931" lon="22.696244">
        <ele>961.4</ele>
      </trkpt>
      <trkpt lat="46.818131" lon="22.69597">
        <ele>959.6</ele>
      </trkpt>
      <trkpt lat="46.818358" lon="22.695735">
        <ele>957.7</ele>
      </trkpt>
      <trkpt lat="46.818505" lon="22.695619">
        <ele>956.5</ele>
      </trkpt>
      <trkpt lat="46.818639" lon="22.69556">
        <ele>955.6</ele>
      </trkpt>
      <trkpt lat="46.819225" lon="22.695493">
        <ele>951.6</ele>
      </trkpt>
      <trkpt lat="46.819838" lon="22.695512">
        <ele>948</ele>
      </trkpt>
      <trkpt lat="46.820407" lon="22.695483">
        <ele>945.1</ele>
      </trkpt>
      <trkpt lat="46.820676" lon="22.695527">
        <ele>943.6</ele>
      </trkpt>
      <trkpt lat="46.821021" lon="22.69564">
        <ele>941.6</ele>
      </trkpt>
      <trkpt lat="46.821506" lon="22.695537">
        <ele>938.5</ele>
      </trkpt>
      <trkpt lat="46.821706" lon="22.695428">
        <ele>937.3</ele>
      </trkpt>
      <trkpt lat="46.821784" lon="22.695324">
        <ele>936.7</ele>
      </trkpt>
      <trkpt lat="46.821813" lon="22.695214">
        <ele>936.3</ele>
      </trkpt>
      <trkpt lat="46.821809" lon="22.695072">
        <ele>935.8</ele>
      </trkpt>
      <trkpt lat="46.821771" lon="22.694964">
        <ele>935.4</ele>
      </trkpt>
      <trkpt lat="46.821682" lon="22.694883">
        <ele>934.9</ele>
      </trkpt>
      <trkpt lat="46.821413" lon="22.694868">
        <ele>933.8</ele>
      </trkpt>
      <trkpt lat="46.820609" lon="22.695056">
        <ele>929.7</ele>
      </trkpt>
      <trkpt lat="46.820386" lon="22.695027">
        <ele>928.2</ele>
      </trkpt>
      <trkpt lat="46.819964" lon="22.694898">
        <ele>925</ele>
      </trkpt>
      <trkpt lat="46.819424" lon="22.694678">
        <ele>919.9</ele>
      </trkpt>
      <trkpt lat="46.818222" lon="22.694324">
        <ele>909.6</ele>
      </trkpt>
      <trkpt lat="46.817921" lon="22.694208">
        <ele>908</ele>
      </trkpt>
      <trkpt lat="46.81774" lon="22.694231">
        <ele>907.1</ele>
      </trkpt>
      <trkpt lat="46.817435" lon="22.694341">
        <ele>905.9</ele>
      </trkpt>
      <trkpt lat="46.817362" lon="22.694333">
        <ele>905.6</ele>
      </trkpt>
      <trkpt lat="46.817311" lon="22.694288">
        <ele>905.4</ele>
      </trkpt>
      <trkpt lat="46.817283" lon="22.694195">
        <ele>905.2</ele>
      </trkpt>
      <trkpt lat="46.817287" lon="22.694054">
        <ele>904.9</ele>
      </trkpt>
      <trkpt lat="46.817335" lon="22.693933">
        <ele>904.7</ele>
      </trkpt>
      <trkpt lat="46.817518" lon="22.693854">
        <ele>904.1</ele>
      </trkpt>
      <trkpt lat="46.818256" lon="22.693967">
        <ele>901.9</ele>
      </trkpt>
      <trkpt lat="46.81893" lon="22.693957">
        <ele>898.7</ele>
      </trkpt>
      <trkpt lat="46.819532" lon="22.694048">
        <ele>894.7</ele>
      </trkpt>
      <trkpt lat="46.819928" lon="22.694047">
        <ele>891.3</ele>
      </trkpt>
      <trkpt lat="46.820438" lon="22.693897">
        <ele>885.9</ele>
      </trkpt>
      <trkpt lat="46.820622" lon="22.693797">
        <ele>883.7</ele>
      </trkpt>
      <trkpt lat="46.820784" lon="22.693657">
        <ele>881.6</ele>
      </trkpt>
      <trkpt lat="46.821052" lon="22.69333">
        <ele>877.8</ele>
      </trkpt>
      <trkpt lat="46.821437" lon="22.692711">
        <ele>871.3</ele>
      </trkpt>
      <trkpt lat="46.822126" lon="22.691193">
        <ele>860.7</ele>
      </trkpt>
      <trkpt lat="46.822233" lon="22.691023">
        <ele>859.9</ele>
      </trkpt>
      <trkpt lat="46.82229" lon="22.691004">
        <ele>859.6</ele>
      </trkpt>
      <trkpt lat="46.822418" lon="22.691035">
        <ele>859</ele>
      </trkpt>
      <trkpt lat="46.82287" lon="22.691335">
        <ele>856.4</ele>
      </trkpt>
      <trkpt lat="46.823155" lon="22.691459">
        <ele>854.7</ele>
      </trkpt>
      <trkpt lat="46.823256" lon="22.691478">
        <ele>854</ele>
      </trkpt>
      <trkpt lat="46.823422" lon="22.691452">
        <ele>852.9</ele>
      </trkpt>
      <trkpt lat="46.823499" lon="22.691419">
        <ele>852.4</ele>
      </trkpt>
      <trkpt lat="46.824899" lon="22.690334">
        <ele>840.2</ele>
      </trkpt>
      <trkpt lat="46.825373" lon="22.6899">
        <ele>837.2</ele>
      </trkpt>
      <trkpt lat="46.825502" lon="22.689745">
        <ele>836.5</ele>
      </trkpt>
      <trkpt lat="46.826229" lon="22.68866">
        <ele>831.4</ele>
      </trkpt>
      <trkpt lat="46.826327" lon="22.688445">
        <ele>830.1</ele>
      </trkpt>
      <trkpt lat="46.826274" lon="22.688312">
        <ele>829.2</ele>
      </trkpt>
      <trkpt lat="46.82622" lon="22.688276">
        <ele>828.8</ele>
      </trkpt>
      <trkpt lat="46.826096" lon="22.688318">
        <ele>827.8</ele>
      </trkpt>
      <trkpt lat="46.825699" lon="22.688944">
        <ele>823.7</ele>
      </trkpt>
      <trkpt lat="46.825516" lon="22.689141">
        <ele>822.4</ele>
      </trkpt>
      <trkpt lat="46.825288" lon="22.68932">
        <ele>821.1</ele>
      </trkpt>
      <trkpt lat="46.824957" lon="22.689518">
        <ele>819.7</ele>
      </trkpt>
      <trkpt lat="46.824205" lon="22.689907">
        <ele>817.1</ele>
      </trkpt>
      <trkpt lat="46.823865" lon="22.689919">
        <ele>815.7</ele>
      </trkpt>
      <trkpt lat="46.823071" lon="22.689776">
        <ele>809.8</ele>
      </trkpt>
      <trkpt lat="46.822932" lon="22.689698">
        <ele>808.2</ele>
      </trkpt>
      <trkpt lat="46.822645" lon="22.689391">
        <ele>804.8</ele>
      </trkpt>
      <trkpt lat="46.822338" lon="22.689155">
        <ele>801.9</ele>
      </trkpt>
      <trkpt lat="46.822027" lon="22.688994">
        <ele>799.6</ele>
      </trkpt>
      <trkpt lat="46.821676" lon="22.688932">
        <ele>797.7</ele>
      </trkpt>
      <trkpt lat="46.821547" lon="22.688999">
        <ele>797</ele>
      </trkpt>
      <trkpt lat="46.821403" lon="22.689129">
        <ele>796.2</ele>
      </trkpt>
      <trkpt lat="46.82118" lon="22.689533">
        <ele>795</ele>
      </trkpt>
      <trkpt lat="46.821053" lon="22.68971">
        <ele>794.4</ele>
      </trkpt>
      <trkpt lat="46.820916" lon="22.689829">
        <ele>793.9</ele>
      </trkpt>
      <trkpt lat="46.820253" lon="22.690078">
        <ele>791.5</ele>
      </trkpt>
      <trkpt lat="46.820096" lon="22.690187">
        <ele>790.7</ele>
      </trkpt>
      <trkpt lat="46.819762" lon="22.690523">
        <ele>788.5</ele>
      </trkpt>
      <trkpt lat="46.819613" lon="22.690666">
        <ele>787.5</ele>
      </trkpt>
      <trkpt lat="46.819425" lon="22.690791">
        <ele>786.5</ele>
      </trkpt>
      <trkpt lat="46.818647" lon="22.691236">
        <ele>784.4</ele>
      </trkpt>
      <trkpt lat="46.818522" lon="22.69125">
        <ele>784</ele>
      </trkpt>
      <trkpt lat="46.818138" lon="22.691159">
        <ele>782.5</ele>
      </trkpt>
      <trkpt lat="46.817956" lon="22.691057">
        <ele>781.5</ele>
      </trkpt>
      <trkpt lat="46.817657" lon="22.690751">
        <ele>779.3</ele>
      </trkpt>
      <trkpt lat="46.816762" lon="22.689581">
        <ele>766.6</ele>
      </trkpt>
      <trkpt lat="46.816413" lon="22.689407">
        <ele>762.5</ele>
      </trkpt>
      <trkpt lat="46.816312" lon="22.689377">
        <ele>761.6</ele>
      </trkpt>
      <trkpt lat="46.816224" lon="22.689396">
        <ele>760.8</ele>
      </trkpt>
      <trkpt lat="46.816013" lon="22.689546">
        <ele>759.1</ele>
      </trkpt>
      <trkpt lat="46.815899" lon="22.689681">
        <ele>758.3</ele>
      </trkpt>
      <trkpt lat="46.815712" lon="22.690032">
        <ele>757.2</ele>
      </trkpt>
      <trkpt lat="46.815581" lon="22.690555">
        <ele>756.9</ele>
      </trkpt>
      <trkpt lat="46.815343" lon="22.691357">
        <ele>759</ele>
      </trkpt>
      <trkpt lat="46.815249" lon="22.691615">
        <ele>760.2</ele>
      </trkpt>
      <trkpt lat="46.815097" lon="22.691923">
        <ele>762</ele>
      </trkpt>
      <trkpt lat="46.814141" lon="22.69302">
        <ele>772</ele>
      </trkpt>
      <trkpt lat="46.814006" lon="22.693052">
        <ele>772.7</ele>
      </trkpt>
      <trkpt lat="46.813935" lon="22.692983">
        <ele>773</ele>
      </trkpt>
      <trkpt lat="46.813864" lon="22.692834">
        <ele>773.4</ele>
      </trkpt>
      <trkpt lat="46.813851" lon="22.692722">
        <ele>773.7</ele>
      </trkpt>
      <trkpt lat="46.813951" lon="22.692441">
        <ele>774</ele>
      </trkpt>
      <trkpt lat="46.814359" lon="22.691692">
        <ele>774.5</ele>
      </trkpt>
      <trkpt lat="46.814544" lon="22.691419">
        <ele>774.2</ele>
      </trkpt>
      <trkpt lat="46.814594" lon="22.691217">
        <ele>773.8</ele>
      </trkpt>
      <trkpt lat="46.814599" lon="22.691014">
        <ele>773.3</ele>
      </trkpt>
      <trkpt lat="46.814559" lon="22.690778">
        <ele>772.7</ele>
      </trkpt>
      <trkpt lat="46.814419" lon="22.690411">
        <ele>771.3</ele>
      </trkpt>
      <trkpt lat="46.814366" lon="22.690177">
        <ele>770.5</ele>
      </trkpt>
      <trkpt lat="46.814372" lon="22.689928">
        <ele>769.7</ele>
      </trkpt>
      <trkpt lat="46.814427" lon="22.689684">
        <ele>768.9</ele>
      </trkpt>
      <trkpt lat="46.814746" lon="22.68886">
        <ele>766.2</ele>
      </trkpt>
      <trkpt lat="46.814764" lon="22.688729">
        <ele>765.8</ele>
      </trkpt>
      <trkpt lat="46.814742" lon="22.688581">
        <ele>765.3</ele>
      </trkpt>
      <trkpt lat="46.814643" lon="22.688428">
        <ele>764.4</ele>
      </trkpt>
      <trkpt lat="46.814346" lon="22.68809">
        <ele>761.7</ele>
      </trkpt>
      <trkpt lat="46.814245" lon="22.687911">
        <ele>760.5</ele>
      </trkpt>
      <trkpt lat="46.81419" lon="22.687666">
        <ele>759.4</ele>
      </trkpt>
      <trkpt lat="46.814175" lon="22.687463">
        <ele>758.5</ele>
      </trkpt>
      <trkpt lat="46.814195" lon="22.687291">
        <ele>757.7</ele>
      </trkpt>
      <trkpt lat="46.814296" lon="22.687133">
        <ele>756.7</ele>
      </trkpt>
      <trkpt lat="46.814423" lon="22.687044">
        <ele>755.6</ele>
      </trkpt>
      <trkpt lat="46.815456" lon="22.686913">
        <ele>749</ele>
      </trkpt>
      <trkpt lat="46.815624" lon="22.686798">
        <ele>748</ele>
      </trkpt>
      <trkpt lat="46.815807" lon="22.686255">
        <ele>745.8</ele>
      </trkpt>
      <trkpt lat="46.815925" lon="22.686065">
        <ele>744.9</ele>
      </trkpt>
      <trkpt lat="46.816677" lon="22.685327">
        <ele>739.1</ele>
      </trkpt>
      <trkpt lat="46.8172" lon="22.684525">
        <ele>730.6</ele>
      </trkpt>
      <trkpt lat="46.817399" lon="22.684364">
        <ele>728.1</ele>
      </trkpt>
      <trkpt lat="46.818297" lon="22.684098">
        <ele>720.4</ele>
      </trkpt>
      <trkpt lat="46.818513" lon="22.683922">
        <ele>719.5</ele>
      </trkpt>
      <trkpt lat="46.818856" lon="22.68356">
        <ele>718.9</ele>
      </trkpt>
      <trkpt lat="46.818966" lon="22.683418">
        <ele>718.9</ele>
      </trkpt>
      <trkpt lat="46.819302" lon="22.682438">
        <ele>717.2</ele>
      </trkpt>
      <trkpt lat="46.81941" lon="22.68224">
        <ele>716.3</ele>
      </trkpt>
      <trkpt lat="46.81951" lon="22.682143">
        <ele>715.6</ele>
      </trkpt>
      <trkpt lat="46.819621" lon="22.682114">
        <ele>714.8</ele>
      </trkpt>
      <trkpt lat="46.819709" lon="22.682133">
        <ele>714.2</ele>
      </trkpt>
      <trkpt lat="46.819864" lon="22.68228">
        <ele>712.7</ele>
      </trkpt>
      <trkpt lat="46.820084" lon="22.682701">
        <ele>709.6</ele>
      </trkpt>
      <trkpt lat="46.820176" lon="22.682801">
        <ele>708.5</ele>
      </trkpt>
      <trkpt lat="46.820251" lon="22.682814">
        <ele>707.7</ele>
      </trkpt>
      <trkpt lat="46.820612" lon="22.682643">
        <ele>703.6</ele>
      </trkpt>
      <trkpt lat="46.820733" lon="22.682527">
        <ele>702.1</ele>
      </trkpt>
      <trkpt lat="46.820974" lon="22.682181">
        <ele>699.1</ele>
      </trkpt>
      <trkpt lat="46.821103" lon="22.68209">
        <ele>698.1</ele>
      </trkpt>
      <trkpt lat="46.821238" lon="22.682074">
        <ele>697.3</ele>
      </trkpt>
      <trkpt lat="46.821626" lon="22.682211">
        <ele>696.2</ele>
      </trkpt>
      <trkpt lat="46.821927" lon="22.682205">
        <ele>696.3</ele>
      </trkpt>
      <trkpt lat="46.822035" lon="22.682109">
        <ele>696.4</ele>
      </trkpt>
      <trkpt lat="46.822141" lon="22.681913">
        <ele>696.7</ele>
      </trkpt>
      <trkpt lat="46.822202" lon="22.681631">
        <ele>697</ele>
      </trkpt>
      <trkpt lat="46.822246" lon="22.68077">
        <ele>698.2</ele>
      </trkpt>
      <trkpt lat="46.822308" lon="22.680523">
        <ele>698.3</ele>
      </trkpt>
      <trkpt lat="46.822378" lon="22.68036">
        <ele>698.3</ele>
      </trkpt>
      <trkpt lat="46.822521" lon="22.68022">
        <ele>698.1</ele>
      </trkpt>
      <trkpt lat="46.822642" lon="22.680212">
        <ele>697.7</ele>
      </trkpt>
      <trkpt lat="46.822966" lon="22.680274">
        <ele>695.5</ele>
      </trkpt>
      <trkpt lat="46.823134" lon="22.680161">
        <ele>693.4</ele>
      </trkpt>
      <trkpt lat="46.823314" lon="22.679968">
        <ele>690.3</ele>
      </trkpt>
      <trkpt lat="46.823465" lon="22.67989">
        <ele>687.8</ele>
      </trkpt>
      <trkpt lat="46.823573" lon="22.679971">
        <ele>685.8</ele>
      </trkpt>
      <trkpt lat="46.823868" lon="22.680902">
        <ele>675</ele>
      </trkpt>
      <trkpt lat="46.823918" lon="22.680996">
        <ele>674</ele>
      </trkpt>
      <trkpt lat="46.823977" lon="22.681052">
        <ele>673.2</ele>
      </trkpt>
      <trkpt lat="46.824241" lon="22.681057">
        <ele>670.5</ele>
      </trkpt>
      <trkpt lat="46.824656" lon="22.681159">
        <ele>668.1</ele>
      </trkpt>
      <trkpt lat="46.824718" lon="22.681154">
        <ele>667.9</ele>
      </trkpt>
      <trkpt lat="46.825008" lon="22.680958">
        <ele>667.7</ele>
      </trkpt>
      <trkpt lat="46.825212" lon="22.68077">
        <ele>668.1</ele>
      </trkpt>
      <trkpt lat="46.825924" lon="22.680246">
        <ele>668.8</ele>
      </trkpt>
      <trkpt lat="46.826186" lon="22.680099">
        <ele>668.1</ele>
      </trkpt>
      <trkpt lat="46.827981" lon="22.679916">
        <ele>652.2</ele>
      </trkpt>
      <trkpt lat="46.82825" lon="22.679778">
        <ele>649.1</ele>
      </trkpt>
      <trkpt lat="46.828485" lon="22.679573">
        <ele>645.8</ele>
      </trkpt>
      <trkpt lat="46.828603" lon="22.679509">
        <ele>644.1</ele>
      </trkpt>
      <trkpt lat="46.828797" lon="22.679501">
        <ele>641.6</ele>
      </trkpt>
      <trkpt lat="46.829265" lon="22.679749">
        <ele>635.6</ele>
      </trkpt>
      <trkpt lat="46.829725" lon="22.6799">
        <ele>631.4</ele>
      </trkpt>
      <trkpt lat="46.829968" lon="22.679903">
        <ele>630.2</ele>
      </trkpt>
      <trkpt lat="46.830143" lon="22.679843">
        <ele>629.7</ele>
      </trkpt>
      <trkpt lat="46.830307" lon="22.679696">
        <ele>629.6</ele>
      </trkpt>
      <trkpt lat="46.83039" lon="22.679585">
        <ele>629.6</ele>
      </trkpt>
      <trkpt lat="46.830519" lon="22.679328">
        <ele>629.8</ele>
      </trkpt>
      <trkpt lat="46.830559" lon="22.679068">
        <ele>629.9</ele>
      </trkpt>
      <trkpt lat="46.830536" lon="22.678433">
        <ele>629.8</ele>
      </trkpt>
      <trkpt lat="46.830594" lon="22.678236">
        <ele>629.5</ele>
      </trkpt>
      <trkpt lat="46.830801" lon="22.677966">
        <ele>628.6</ele>
      </trkpt>
      <trkpt lat="46.831319" lon="22.677621">
        <ele>625.4</ele>
      </trkpt>
      <trkpt lat="46.831449" lon="22.677407">
        <ele>624.1</ele>
      </trkpt>
      <trkpt lat="46.831488" lon="22.677235">
        <ele>623.3</ele>
      </trkpt>
      <trkpt lat="46.83149" lon="22.676948">
        <ele>622.2</ele>
      </trkpt>
      <trkpt lat="46.831379" lon="22.676147">
        <ele>620.7</ele>
      </trkpt>
      <trkpt lat="46.831318" lon="22.675909">
        <ele>620.4</ele>
      </trkpt>
      <trkpt lat="46.83114" lon="22.675445">
        <ele>620.1</ele>
      </trkpt>
      <trkpt lat="46.831127" lon="22.675289">
        <ele>619.8</ele>
      </trkpt>
      <trkpt lat="46.831185" lon="22.675174">
        <ele>619.4</ele>
      </trkpt>
      <trkpt lat="46.83123" lon="22.675145">
        <ele>619.1</ele>
      </trkpt>
      <trkpt lat="46.831344" lon="22.675177">
        <ele>618.3</ele>
      </trkpt>
      <trkpt lat="46.831401" lon="22.675263">
        <ele>617.6</ele>
      </trkpt>
      <trkpt lat="46.831476" lon="22.675492">
        <ele>615.9</ele>
      </trkpt>
      <trkpt lat="46.831514" lon="22.675796">
        <ele>613.4</ele>
      </trkpt>
      <trkpt lat="46.831521" lon="22.67599">
        <ele>611.7</ele>
      </trkpt>
      <trkpt lat="46.831599" lon="22.676425">
        <ele>607.3</ele>
      </trkpt>
      <trkpt lat="46.831661" lon="22.676563">
        <ele>605.6</ele>
      </trkpt>
      <trkpt lat="46.83191" lon="22.676959">
        <ele>600.3</ele>
      </trkpt>
      <trkpt lat="46.831952" lon="22.677093">
        <ele>598.9</ele>
      </trkpt>
      <trkpt lat="46.831959" lon="22.677219">
        <ele>597.7</ele>
      </trkpt>
      <trkpt lat="46.831834" lon="22.677719">
        <ele>592.6</ele>
      </trkpt>
      <trkpt lat="46.831734" lon="22.677965">
        <ele>590.2</ele>
      </trkpt>
      <trkpt lat="46.831626" lon="22.678174">
        <ele>588.2</ele>
      </trkpt>
      <trkpt lat="46.831303" lon="22.678628">
        <ele>584</ele>
      </trkpt>
      <trkpt lat="46.831258" lon="22.678758">
        <ele>583.2</ele>
      </trkpt>
      <trkpt lat="46.831233" lon="22.679467">
        <ele>579.2</ele>
      </trkpt>
      <trkpt lat="46.830865" lon="22.680612">
        <ele>574.1</ele>
      </trkpt>
      <trkpt lat="46.830718" lon="22.680821">
        <ele>573.8</ele>
      </trkpt>
      <trkpt lat="46.830572" lon="22.680878">
        <ele>573.8</ele>
      </trkpt>
      <trkpt lat="46.830019" lon="22.680942">
        <ele>574.4</ele>
      </trkpt>
      <trkpt lat="46.829504" lon="22.68095">
        <ele>575.1</ele>
      </trkpt>
      <trkpt lat="46.829079" lon="22.68108">
        <ele>574.2</ele>
      </trkpt>
      <trkpt lat="46.828841" lon="22.68121">
        <ele>573.1</ele>
      </trkpt>
      <trkpt lat="46.828618" lon="22.681426">
        <ele>571.5</ele>
      </trkpt>
      <trkpt lat="46.828571" lon="22.681502">
        <ele>571</ele>
      </trkpt>
      <trkpt lat="46.828539" lon="22.681631">
        <ele>570.3</ele>
      </trkpt>
      <trkpt lat="46.828563" lon="22.681756">
        <ele>569.5</ele>
      </trkpt>
      <trkpt lat="46.828645" lon="22.681878">
        <ele>568.5</ele>
      </trkpt>
      <trkpt lat="46.828821" lon="22.681935">
        <ele>566.8</ele>
      </trkpt>
      <trkpt lat="46.82937" lon="22.681823">
        <ele>560.7</ele>
      </trkpt>
      <trkpt lat="46.8297" lon="22.681813">
        <ele>556.6</ele>
      </trkpt>
      <trkpt lat="46.830381" lon="22.681892">
        <ele>547.7</ele>
      </trkpt>
      <trkpt lat="46.830859" lon="22.681998">
        <ele>541.1</ele>
      </trkpt>
      <trkpt lat="46.831498" lon="22.682067">
        <ele>533.2</ele>
      </trkpt>
      <trkpt lat="46.831593" lon="22.68206">
        <ele>532.2</ele>
      </trkpt>
      <trkpt lat="46.831654" lon="22.682026">
        <ele>531.5</ele>
      </trkpt>
      <trkpt lat="46.831981" lon="22.681178">
        <ele>525.6</ele>
      </trkpt>
      <trkpt lat="46.832865" lon="22.67966">
        <ele>518.9</ele>
      </trkpt>
      <trkpt lat="46.833156" lon="22.679188">
        <ele>517.6</ele>
      </trkpt>
      <trkpt lat="46.833398" lon="22.678679">
        <ele>516.8</ele>
      </trkpt>
      <trkpt lat="46.833458" lon="22.67852">
        <ele>516.7</ele>
      </trkpt>
      <trkpt lat="46.833838" lon="22.677305">
        <ele>516.2</ele>
      </trkpt>
      <trkpt lat="46.834046" lon="22.676455">
        <ele>515.8</ele>
      </trkpt>
      <trkpt lat="46.834111" lon="22.67611">
        <ele>515.5</ele>
      </trkpt>
      <trkpt lat="46.83417" lon="22.674938">
        <ele>514</ele>
      </trkpt>
      <trkpt lat="46.834244" lon="22.674575">
        <ele>513.3</ele>
      </trkpt>
      <trkpt lat="46.834739" lon="22.673167">
        <ele>510.8</ele>
      </trkpt>
      <trkpt lat="46.834826" lon="22.672876">
        <ele>510.9</ele>
      </trkpt>
      <trkpt lat="46.834926" lon="22.672368">
        <ele>511.5</ele>
      </trkpt>
      <trkpt lat="46.834935" lon="22.671195">
        <ele>512.9</ele>
      </trkpt>
      <trkpt lat="46.834962" lon="22.670946">
        <ele>513</ele>
      </trkpt>
      <trkpt lat="46.835026" lon="22.670675">
        <ele>513</ele>
      </trkpt>
      <trkpt lat="46.835063" lon="22.670536">
        <ele>512.9</ele>
      </trkpt>
      <trkpt lat="46.835161" lon="22.670355">
        <ele>512.7</ele>
      </trkpt>
      <trkpt lat="46.835498" lon="22.669985">
        <ele>511.4</ele>
      </trkpt>
      <trkpt lat="46.835587" lon="22.669744">
        <ele>510.6</ele>
      </trkpt>
      <trkpt lat="46.835627" lon="22.669191">
        <ele>508.7</ele>
      </trkpt>
      <trkpt lat="46.835622" lon="22.668381">
        <ele>506.5</ele>
      </trkpt>
      <trkpt lat="46.835559" lon="22.667861">
        <ele>505.6</ele>
      </trkpt>
      <trkpt lat="46.835572" lon="22.666658">
        <ele>503</ele>
      </trkpt>
      <trkpt lat="46.835599" lon="22.666167">
        <ele>501.1</ele>
      </trkpt>
      <trkpt lat="46.835751" lon="22.66568">
        <ele>498.5</ele>
      </trkpt>
      <trkpt lat="46.835849" lon="22.665514">
        <ele>497.4</ele>
      </trkpt>
      <trkpt lat="46.836288" lon="22.664916">
        <ele>492.2</ele>
      </trkpt>
      <trkpt lat="46.836908" lon="22.664173">
        <ele>487.9</ele>
      </trkpt>
      <trkpt lat="46.837063" lon="22.663903">
        <ele>487.6</ele>
      </trkpt>
      <trkpt lat="46.837375" lon="22.663155">
        <ele>488.2</ele>
      </trkpt>
      <trkpt lat="46.837508" lon="22.662986">
        <ele>488.5</ele>
      </trkpt>
      <trkpt lat="46.83763" lon="22.662897">
        <ele>488.8</ele>
      </trkpt>
      <trkpt lat="46.83835" lon="22.662573">
        <ele>490.7</ele>
      </trkpt>
      <trkpt lat="46.838815" lon="22.662319">
        <ele>490.9</ele>
      </trkpt>
      <trkpt lat="46.839494" lon="22.661676">
        <ele>489.7</ele>
      </trkpt>
      <trkpt lat="46.83987" lon="22.66146">
        <ele>488.4</ele>
      </trkpt>
      <trkpt lat="46.840018" lon="22.661451">
        <ele>487.9</ele>
      </trkpt>
      <trkpt lat="46.840628" lon="22.661519">
        <ele>485.3</ele>
      </trkpt>
      <trkpt lat="46.841074" lon="22.661326">
        <ele>482.8</ele>
      </trkpt>
      <trkpt lat="46.841479" lon="22.661213">
        <ele>480.9</ele>
      </trkpt>
      <trkpt lat="46.841725" lon="22.661179">
        <ele>479.9</ele>
      </trkpt>
      <trkpt lat="46.841926" lon="22.661085">
        <ele>479.1</ele>
      </trkpt>
      <trkpt lat="46.842173" lon="22.660764">
        <ele>477.8</ele>
      </trkpt>
      <trkpt lat="46.842227" lon="22.66067">
        <ele>477.5</ele>
      </trkpt>
      <trkpt lat="46.842305" lon="22.66043">
        <ele>476.8</ele>
      </trkpt>
      <trkpt lat="46.842315" lon="22.660148">
        <ele>476.1</ele>
      </trkpt>
      <trkpt lat="46.842345" lon="22.659868">
        <ele>475.6</ele>
      </trkpt>
      <trkpt lat="46.842413" lon="22.659755">
        <ele>475.2</ele>
      </trkpt>
      <trkpt lat="46.842489" lon="22.659384">
        <ele>474.4</ele>
      </trkpt>
      <trkpt lat="46.8425" lon="22.659171">
        <ele>473.9</ele>
      </trkpt>
      <trkpt lat="46.842444" lon="22.658711">
        <ele>472.6</ele>
      </trkpt>
      <trkpt lat="46.84235" lon="22.658282">
        <ele>471.1</ele>
      </trkpt>
      <trkpt lat="46.842328" lon="22.658058">
        <ele>470.2</ele>
      </trkpt>
      <trkpt lat="46.842352" lon="22.657788">
        <ele>469.1</ele>
      </trkpt>
      <trkpt lat="46.842491" lon="22.657431">
        <ele>467.2</ele>
      </trkpt>
      <trkpt lat="46.842571" lon="22.657289">
        <ele>466.3</ele>
      </trkpt>
      <trkpt lat="46.842732" lon="22.657086">
        <ele>464.7</ele>
      </trkpt>
      <trkpt lat="46.843022" lon="22.65673">
        <ele>462</ele>
      </trkpt>
      <trkpt lat="46.843242" lon="22.656543">
        <ele>460.4</ele>
      </trkpt>
      <trkpt lat="46.84388" lon="22.656099">
        <ele>456.2</ele>
      </trkpt>
      <trkpt lat="46.844414" lon="22.65578">
        <ele>453.9</ele>
      </trkpt>
      <trkpt lat="46.845205" lon="22.655251">
        <ele>451.6</ele>
      </trkpt>
      <trkpt lat="46.845284" lon="22.655198">
        <ele>451.4</ele>
      </trkpt>
      <trkpt lat="46.84543" lon="22.654986">
        <ele>450.9</ele>
      </trkpt>
      <trkpt lat="46.845133" lon="22.654347">
        <ele>449.9</ele>
      </trkpt>
      <trkpt lat="46.845045" lon="22.654147">
        <ele>449.7</ele>
      </trkpt>
      <trkpt lat="46.844268" lon="22.652507">
        <ele>448.7</ele>
      </trkpt>
      <trkpt lat="46.844009" lon="22.651951">
        <ele>448.7</ele>
      </trkpt>
      <trkpt lat="46.843849" lon="22.651577">
        <ele>448.8</ele>
      </trkpt>
      <trkpt lat="46.843687" lon="22.651314">
        <ele>449</ele>
      </trkpt>
      <trkpt lat="46.843552" lon="22.65117">
        <ele>449.2</ele>
      </trkpt>
      <trkpt lat="46.84343" lon="22.651103">
        <ele>449.3</ele>
      </trkpt>
      <trkpt lat="46.843269" lon="22.651078">
        <ele>449.5</ele>
      </trkpt>
      <trkpt lat="46.842579" lon="22.651008">
        <ele>450.3</ele>
      </trkpt>
      <trkpt lat="46.842168" lon="22.650885">
        <ele>450.8</ele>
      </trkpt>
      <trkpt lat="46.84205" lon="22.650813">
        <ele>451</ele>
      </trkpt>
      <trkpt lat="46.841291" lon="22.650354">
        <ele>452.2</ele>
      </trkpt>
      <trkpt lat="46.84052" lon="22.64979">
        <ele>453.2</ele>
      </trkpt>
      <trkpt lat="46.840201" lon="22.649415">
        <ele>453.6</ele>
      </trkpt>
      <trkpt lat="46.839519" lon="22.648524">
        <ele>454.1</ele>
      </trkpt>
      <trkpt lat="46.839181" lon="22.647977">
        <ele>454.4</ele>
      </trkpt>
      <trkpt lat="46.839001" lon="22.647596">
        <ele>454.6</ele>
      </trkpt>
      <trkpt lat="46.838829" lon="22.647073">
        <ele>455</ele>
      </trkpt>
      <trkpt lat="46.83873" lon="22.646548">
        <ele>455.5</ele>
      </trkpt>
      <trkpt lat="46.838495" lon="22.644616">
        <ele>458.5</ele>
      </trkpt>
      <trkpt lat="46.838355" lon="22.643861">
        <ele>460</ele>
      </trkpt>
      <trkpt lat="46.838192" lon="22.643305">
        <ele>461.3</ele>
      </trkpt>
      <trkpt lat="46.83806" lon="22.642993">
        <ele>462.1</ele>
      </trkpt>
      <trkpt lat="46.837532" lon="22.642098">
        <ele>465.5</ele>
      </trkpt>
      <trkpt lat="46.837427" lon="22.641845">
        <ele>466.5</ele>
      </trkpt>
      <trkpt lat="46.836871" lon="22.640239">
        <ele>474.2</ele>
      </trkpt>
      <trkpt lat="46.836635" lon="22.63937">
        <ele>480.1</ele>
      </trkpt>
      <trkpt lat="46.836472" lon="22.639073">
        <ele>483</ele>
      </trkpt>
      <trkpt lat="46.835747" lon="22.637922">
        <ele>496.7</ele>
      </trkpt>
      <trkpt lat="46.835558" lon="22.637525">
        <ele>500.2</ele>
      </trkpt>
      <trkpt lat="46.835108" lon="22.636302">
        <ele>502.2</ele>
      </trkpt>
      <trkpt lat="46.835077" lon="22.635961">
        <ele>501.1</ele>
      </trkpt>
      <trkpt lat="46.835073" lon="22.635602">
        <ele>499.8</ele>
      </trkpt>
      <trkpt lat="46.835143" lon="22.634781">
        <ele>496.2</ele>
      </trkpt>
      <trkpt lat="46.835431" lon="22.633676">
        <ele>491.5</ele>
      </trkpt>
      <trkpt lat="46.835867" lon="22.632648">
        <ele>487.5</ele>
      </trkpt>
      <trkpt lat="46.83617" lon="22.632139">
        <ele>484.8</ele>
      </trkpt>
      <trkpt lat="46.837257" lon="22.630596">
        <ele>478.2</ele>
      </trkpt>
      <trkpt lat="46.837427" lon="22.630269">
        <ele>477.6</ele>
      </trkpt>
      <trkpt lat="46.837475" lon="22.630092">
        <ele>477.4</ele>
      </trkpt>
      <trkpt lat="46.837504" lon="22.62991">
        <ele>477.2</ele>
      </trkpt>
      <trkpt lat="46.83751" lon="22.629633">
        <ele>477</ele>
      </trkpt>
      <trkpt lat="46.837409" lon="22.628974">
        <ele>476.8</ele>
      </trkpt>
      <trkpt lat="46.836876" lon="22.626923">
        <ele>476</ele>
      </trkpt>
      <trkpt lat="46.836855" lon="22.626856">
        <ele>476</ele>
      </trkpt>
      <trkpt lat="46.836811" lon="22.626675">
        <ele>475.9</ele>
      </trkpt>
      <trkpt lat="46.836732" lon="22.626329">
        <ele>475.6</ele>
      </trkpt>
      <trkpt lat="46.836513" lon="22.62476">
        <ele>475.3</ele>
      </trkpt>
      <trkpt lat="46.836248" lon="22.62328">
        <ele>476.2</ele>
      </trkpt>
      <trkpt lat="46.836013" lon="22.621872">
        <ele>477.2</ele>
      </trkpt>
      <trkpt lat="46.83595" lon="22.621648">
        <ele>477.3</ele>
      </trkpt>
      <trkpt lat="46.835768" lon="22.621243">
        <ele>477.6</ele>
      </trkpt>
      <trkpt lat="46.835627" lon="22.620989">
        <ele>477.8</ele>
      </trkpt>
      <trkpt lat="46.83537" lon="22.620618">
        <ele>478.2</ele>
      </trkpt>
      <trkpt lat="46.834625" lon="22.6199">
        <ele>482.1</ele>
      </trkpt>
      <trkpt lat="46.834132" lon="22.619446">
        <ele>488</ele>
      </trkpt>
      <trkpt lat="46.833954" lon="22.619199">
        <ele>490.9</ele>
      </trkpt>
      <trkpt lat="46.833787" lon="22.618928">
        <ele>493.9</ele>
      </trkpt>
      <trkpt lat="46.833439" lon="22.618143">
        <ele>501.1</ele>
      </trkpt>
      <trkpt lat="46.83309" lon="22.617457">
        <ele>506.1</ele>
      </trkpt>
      <trkpt lat="46.832815" lon="22.616617">
        <ele>509.1</ele>
      </trkpt>
      <trkpt lat="46.83236" lon="22.614831">
        <ele>510.3</ele>
      </trkpt>
      <trkpt lat="46.831873" lon="22.613207">
        <ele>505.5</ele>
      </trkpt>
      <trkpt lat="46.831719" lon="22.612804">
        <ele>503.3</ele>
      </trkpt>
      <trkpt lat="46.831439" lon="22.612352">
        <ele>500.5</ele>
      </trkpt>
      <trkpt lat="46.831313" lon="22.611998">
        <ele>498.7</ele>
      </trkpt>
      <trkpt lat="46.831263" lon="22.611731">
        <ele>497.7</ele>
      </trkpt>
      <trkpt lat="46.831213" lon="22.611204">
        <ele>495.8</ele>
      </trkpt>
      <trkpt lat="46.831203" lon="22.610799">
        <ele>494.6</ele>
      </trkpt>
      <trkpt lat="46.831196" lon="22.610681">
        <ele>494.3</ele>
      </trkpt>
      <trkpt lat="46.831061" lon="22.609569">
        <ele>496.4</ele>
      </trkpt>
      <trkpt lat="46.830787" lon="22.608335">
        <ele>506.6</ele>
      </trkpt>
      <trkpt lat="46.830613" lon="22.607567">
        <ele>514.9</ele>
      </trkpt>
      <trkpt lat="46.830525" lon="22.606972">
        <ele>520.6</ele>
      </trkpt>
      <trkpt lat="46.830269" lon="22.605706">
        <ele>525.2</ele>
      </trkpt>
      <trkpt lat="46.830386" lon="22.603961">
        <ele>516</ele>
      </trkpt>
      <trkpt lat="46.83037" lon="22.603807">
        <ele>514.9</ele>
      </trkpt>
      <trkpt lat="46.830229" lon="22.603147">
        <ele>511.8</ele>
      </trkpt>
      <trkpt lat="46.830123" lon="22.602838">
        <ele>511</ele>
      </trkpt>
      <trkpt lat="46.829906" lon="22.602477">
        <ele>510.2</ele>
      </trkpt>
      <trkpt lat="46.829442" lon="22.601851">
        <ele>508.4</ele>
      </trkpt>
      <trkpt lat="46.829346" lon="22.601581">
        <ele>507.7</ele>
      </trkpt>
      <trkpt lat="46.82929" lon="22.601248">
        <ele>506.7</ele>
      </trkpt>
      <trkpt lat="46.829284" lon="22.601012">
        <ele>505.8</ele>
      </trkpt>
      <trkpt lat="46.82929" lon="22.600746">
        <ele>504.7</ele>
      </trkpt>
      <trkpt lat="46.829342" lon="22.600209">
        <ele>502.1</ele>
      </trkpt>
      <trkpt lat="46.82955" lon="22.59905">
        <ele>497.5</ele>
      </trkpt>
      <trkpt lat="46.829615" lon="22.598548">
        <ele>497.1</ele>
      </trkpt>
      <trkpt lat="46.8297" lon="22.597442">
        <ele>497.5</ele>
      </trkpt>
      <trkpt lat="46.829735" lon="22.596501">
        <ele>498.3</ele>
      </trkpt>
      <trkpt lat="46.829723" lon="22.596272">
        <ele>498.4</ele>
      </trkpt>
      <trkpt lat="46.829567" lon="22.595143">
        <ele>499.4</ele>
      </trkpt>
      <trkpt lat="46.829521" lon="22.594917">
        <ele>499.7</ele>
      </trkpt>
      <trkpt lat="46.829395" lon="22.594562">
        <ele>500.1</ele>
      </trkpt>
      <trkpt lat="46.829069" lon="22.593538">
        <ele>501.5</ele>
      </trkpt>
      <trkpt lat="46.828957" lon="22.593109">
        <ele>502.2</ele>
      </trkpt>
      <trkpt lat="46.828938" lon="22.592738">
        <ele>502.7</ele>
      </trkpt>
      <trkpt lat="46.828978" lon="22.591996">
        <ele>503.7</ele>
      </trkpt>
      <trkpt lat="46.82898" lon="22.590949">
        <ele>504.3</ele>
      </trkpt>
      <trkpt lat="46.82895" lon="22.590713">
        <ele>504.4</ele>
      </trkpt>
      <trkpt lat="46.828865" lon="22.590416">
        <ele>504.6</ele>
      </trkpt>
      <trkpt lat="46.828703" lon="22.590138">
        <ele>504.8</ele>
      </trkpt>
      <trkpt lat="46.82855" lon="22.589977">
        <ele>505</ele>
      </trkpt>
      <trkpt lat="46.828246" lon="22.589637">
        <ele>505.6</ele>
      </trkpt>
      <trkpt lat="46.827482" lon="22.588976">
        <ele>507.1</ele>
      </trkpt>
      <trkpt lat="46.826677" lon="22.587999">
        <ele>509.4</ele>
      </trkpt>
      <trkpt lat="46.826039" lon="22.586983">
        <ele>515</ele>
      </trkpt>
      <trkpt lat="46.825661" lon="22.586757">
        <ele>517.9</ele>
      </trkpt>
      <trkpt lat="46.825519" lon="22.586668">
        <ele>519.1</ele>
      </trkpt>
      <trkpt lat="46.825347" lon="22.586493">
        <ele>520.6</ele>
      </trkpt>
      <trkpt lat="46.824804" lon="22.58531">
        <ele>527.6</ele>
      </trkpt>
      <trkpt lat="46.8247" lon="22.585155">
        <ele>528.2</ele>
      </trkpt>
      <trkpt lat="46.824525" lon="22.584959">
        <ele>528.9</ele>
      </trkpt>
      <trkpt lat="46.824061" lon="22.584533">
        <ele>530.3</ele>
      </trkpt>
      <trkpt lat="46.823938" lon="22.584358">
        <ele>530.6</ele>
      </trkpt>
      <trkpt lat="46.82367" lon="22.583621">
        <ele>531.5</ele>
      </trkpt>
      <trkpt lat="46.823589" lon="22.583454">
        <ele>531.7</ele>
      </trkpt>
      <trkpt lat="46.823439" lon="22.583234">
        <ele>532</ele>
      </trkpt>
      <trkpt lat="46.823284" lon="22.583083">
        <ele>532.2</ele>
      </trkpt>
      <trkpt lat="46.823118" lon="22.582985">
        <ele>532.7</ele>
      </trkpt>
      <trkpt lat="46.822945" lon="22.582931">
        <ele>533.3</ele>
      </trkpt>
      <trkpt lat="46.822291" lon="22.582855">
        <ele>537.5</ele>
      </trkpt>
      <trkpt lat="46.820778" lon="22.582891">
        <ele>552.9</ele>
      </trkpt>
      <trkpt lat="46.82016" lon="22.582954">
        <ele>557.3</ele>
      </trkpt>
      <trkpt lat="46.820022" lon="22.583005">
        <ele>558.2</ele>
      </trkpt>
      <trkpt lat="46.8197" lon="22.583191">
        <ele>559.9</ele>
      </trkpt>
      <trkpt lat="46.818679" lon="22.583882">
        <ele>567</ele>
      </trkpt>
      <trkpt lat="46.818481" lon="22.583976">
        <ele>568.8</ele>
      </trkpt>
      <trkpt lat="46.818144" lon="22.584027">
        <ele>571.9</ele>
      </trkpt>
      <trkpt lat="46.817319" lon="22.584083">
        <ele>574.8</ele>
      </trkpt>
      <trkpt lat="46.817072" lon="22.584149">
        <ele>575.2</ele>
      </trkpt>
      <trkpt lat="46.816906" lon="22.584228">
        <ele>575.2</ele>
      </trkpt>
      <trkpt lat="46.816709" lon="22.584386">
        <ele>575</ele>
      </trkpt>
      <trkpt lat="46.816093" lon="22.585383">
        <ele>573.8</ele>
      </trkpt>
      <trkpt lat="46.816009" lon="22.585474">
        <ele>574.1</ele>
      </trkpt>
      <trkpt lat="46.815776" lon="22.585605">
        <ele>574.9</ele>
      </trkpt>
      <trkpt lat="46.815684" lon="22.585797">
        <ele>575.6</ele>
      </trkpt>
      <trkpt lat="46.815648" lon="22.586404">
        <ele>577.6</ele>
      </trkpt>
      <trkpt lat="46.81575" lon="22.586842">
        <ele>579.8</ele>
      </trkpt>
      <trkpt lat="46.815699" lon="22.587001">
        <ele>580.8</ele>
      </trkpt>
      <trkpt lat="46.815552" lon="22.587169">
        <ele>582.5</ele>
      </trkpt>
      <trkpt lat="46.815517" lon="22.587249">
        <ele>583.2</ele>
      </trkpt>
      <trkpt lat="46.815475" lon="22.587385">
        <ele>584.3</ele>
      </trkpt>
      <trkpt lat="46.815468" lon="22.587503">
        <ele>585.2</ele>
      </trkpt>
      <trkpt lat="46.815467" lon="22.587764">
        <ele>587.2</ele>
      </trkpt>
      <trkpt lat="46.815502" lon="22.588073">
        <ele>589.8</ele>
      </trkpt>
      <trkpt lat="46.815482" lon="22.588285">
        <ele>591.6</ele>
      </trkpt>
      <trkpt lat="46.815431" lon="22.588489">
        <ele>593.4</ele>
      </trkpt>
      <trkpt lat="46.815429" lon="22.588864">
        <ele>596.5</ele>
      </trkpt>
      <trkpt lat="46.815545" lon="22.589429">
        <ele>601.2</ele>
      </trkpt>
      <trkpt lat="46.815527" lon="22.58955">
        <ele>602.2</ele>
      </trkpt>
      <trkpt lat="46.815478" lon="22.589624">
        <ele>603</ele>
      </trkpt>
      <trkpt lat="46.815421" lon="22.589643">
        <ele>603.8</ele>
      </trkpt>
      <trkpt lat="46.815328" lon="22.589612">
        <ele>605</ele>
      </trkpt>
      <trkpt lat="46.815218" lon="22.589514">
        <ele>606.8</ele>
      </trkpt>
      <trkpt lat="46.814853" lon="22.588936">
        <ele>609.8</ele>
      </trkpt>
      <trkpt lat="46.814745" lon="22.588849">
        <ele>609.7</ele>
      </trkpt>
      <trkpt lat="46.814445" lon="22.588759">
        <ele>609.5</ele>
      </trkpt>
      <trkpt lat="46.814368" lon="22.588678">
        <ele>609.6</ele>
      </trkpt>
      <trkpt lat="46.814356" lon="22.588602">
        <ele>609.4</ele>
      </trkpt>
      <trkpt lat="46.81438" lon="22.588501">
        <ele>609.5</ele>
      </trkpt>
      <trkpt lat="46.814516" lon="22.588285">
        <ele>609.3</ele>
      </trkpt>
      <trkpt lat="46.814559" lon="22.588152">
        <ele>609.3</ele>
      </trkpt>
      <trkpt lat="46.814522" lon="22.587811">
        <ele>609</ele>
      </trkpt>
      <trkpt lat="46.814417" lon="22.587564">
        <ele>608.5</ele>
      </trkpt>
      <trkpt lat="46.814265" lon="22.587424">
        <ele>607.4</ele>
      </trkpt>
      <trkpt lat="46.813952" lon="22.587266">
        <ele>604.2</ele>
      </trkpt>
      <trkpt lat="46.81385" lon="22.587133">
        <ele>603.2</ele>
      </trkpt>
      <trkpt lat="46.813843" lon="22.58703">
        <ele>602.8</ele>
      </trkpt>
      <trkpt lat="46.813878" lon="22.586855">
        <ele>602.1</ele>
      </trkpt>
      <trkpt lat="46.814144" lon="22.586281">
        <ele>599.8</ele>
      </trkpt>
      <trkpt lat="46.814141" lon="22.585991">
        <ele>598.9</ele>
      </trkpt>
      <trkpt lat="46.814022" lon="22.585671">
        <ele>598</ele>
      </trkpt>
      <trkpt lat="46.813952" lon="22.585568">
        <ele>597.6</ele>
      </trkpt>
      <trkpt lat="46.813875" lon="22.585507">
        <ele>597.4</ele>
      </trkpt>
      <trkpt lat="46.813642" lon="22.585389">
        <ele>596.7</ele>
      </trkpt>
      <trkpt lat="46.813084" lon="22.585357">
        <ele>596.2</ele>
      </trkpt>
      <trkpt lat="46.81281" lon="22.585276">
        <ele>595.6</ele>
      </trkpt>
      <trkpt lat="46.812516" lon="22.585108">
        <ele>594.5</ele>
      </trkpt>
      <trkpt lat="46.812436" lon="22.585003">
        <ele>593.9</ele>
      </trkpt>
      <trkpt lat="46.812278" lon="22.584609">
        <ele>591.6</ele>
      </trkpt>
      <trkpt lat="46.81208" lon="22.584212">
        <ele>588.2</ele>
      </trkpt>
      <trkpt lat="46.811794" lon="22.58377">
        <ele>583.8</ele>
      </trkpt>
      <trkpt lat="46.811639" lon="22.58372">
        <ele>582.3</ele>
      </trkpt>
      <trkpt lat="46.81156" lon="22.583783">
        <ele>581.5</ele>
      </trkpt>
      <trkpt lat="46.811363" lon="22.584078">
        <ele>579.7</ele>
      </trkpt>
      <trkpt lat="46.811181" lon="22.584283">
        <ele>579.1</ele>
      </trkpt>
      <trkpt lat="46.810948" lon="22.584495">
        <ele>579.4</ele>
      </trkpt>
      <trkpt lat="46.810889" lon="22.584567">
        <ele>579.7</ele>
      </trkpt>
      <trkpt lat="46.810847" lon="22.584672">
        <ele>580</ele>
      </trkpt>
      <trkpt lat="46.810801" lon="22.585186">
        <ele>581.8</ele>
      </trkpt>
      <trkpt lat="46.810819" lon="22.585556">
        <ele>583.1</ele>
      </trkpt>
      <trkpt lat="46.810847" lon="22.585769">
        <ele>583.9</ele>
      </trkpt>
      <trkpt lat="46.810906" lon="22.58594">
        <ele>584.5</ele>
      </trkpt>
      <trkpt lat="46.811031" lon="22.586156">
        <ele>585.2</ele>
      </trkpt>
      <trkpt lat="46.811059" lon="22.586235">
        <ele>585.4</ele>
      </trkpt>
      <trkpt lat="46.811061" lon="22.586357">
        <ele>585.7</ele>
      </trkpt>
      <trkpt lat="46.810994" lon="22.586434">
        <ele>585.9</ele>
      </trkpt>
      <trkpt lat="46.810569" lon="22.586403">
        <ele>586.9</ele>
      </trkpt>
      <trkpt lat="46.810418" lon="22.586492">
        <ele>587.3</ele>
      </trkpt>
      <trkpt lat="46.810087" lon="22.587158">
        <ele>588.5</ele>
      </trkpt>
      <trkpt lat="46.809891" lon="22.587628">
        <ele>590.5</ele>
      </trkpt>
      <trkpt lat="46.80977" lon="22.588035">
        <ele>592.6</ele>
      </trkpt>
      <trkpt lat="46.809732" lon="22.588231">
        <ele>593.5</ele>
      </trkpt>
      <trkpt lat="46.809727" lon="22.588406">
        <ele>594.3</ele>
      </trkpt>
      <trkpt lat="46.809774" lon="22.588652">
        <ele>595.4</ele>
      </trkpt>
      <trkpt lat="46.809902" lon="22.589059">
        <ele>596.8</ele>
      </trkpt>
      <trkpt lat="46.809896" lon="22.58922">
        <ele>597</ele>
      </trkpt>
      <trkpt lat="46.809841" lon="22.589291">
        <ele>597.1</ele>
      </trkpt>
      <trkpt lat="46.809779" lon="22.58929">
        <ele>597.1</ele>
      </trkpt>
      <trkpt lat="46.8097" lon="22.589242">
        <ele>597.1</ele>
      </trkpt>
      <trkpt lat="46.809347" lon="22.588659">
        <ele>595.5</ele>
      </trkpt>
      <trkpt lat="46.809258" lon="22.588415">
        <ele>594.3</ele>
      </trkpt>
      <trkpt lat="46.809219" lon="22.588236">
        <ele>593.4</ele>
      </trkpt>
      <trkpt lat="46.809172" lon="22.587769">
        <ele>590.7</ele>
      </trkpt>
      <trkpt lat="46.809125" lon="22.586492">
        <ele>585</ele>
      </trkpt>
      <trkpt lat="46.809085" lon="22.5863">
        <ele>584.6</ele>
      </trkpt>
      <trkpt lat="46.809043" lon="22.586214">
        <ele>584.4</ele>
      </trkpt>
      <trkpt lat="46.808936" lon="22.586179">
        <ele>584.1</ele>
      </trkpt>
      <trkpt lat="46.808838" lon="22.586255">
        <ele>584</ele>
      </trkpt>
      <trkpt lat="46.808768" lon="22.586471">
        <ele>583.8</ele>
      </trkpt>
      <trkpt lat="46.808679" lon="22.587367">
        <ele>584.7</ele>
      </trkpt>
      <trkpt lat="46.808635" lon="22.587649">
        <ele>585.4</ele>
      </trkpt>
      <trkpt lat="46.808589" lon="22.587797">
        <ele>585.8</ele>
      </trkpt>
      <trkpt lat="46.808093" lon="22.588808">
        <ele>589.9</ele>
      </trkpt>
      <trkpt lat="46.807996" lon="22.588958">
        <ele>590.7</ele>
      </trkpt>
      <trkpt lat="46.807738" lon="22.589264">
        <ele>592.6</ele>
      </trkpt>
      <trkpt lat="46.807372" lon="22.58987">
        <ele>595.9</ele>
      </trkpt>
      <trkpt lat="46.807063" lon="22.590252">
        <ele>597.9</ele>
      </trkpt>
      <trkpt lat="46.806944" lon="22.590343">
        <ele>598.3</ele>
      </trkpt>
      <trkpt lat="46.806885" lon="22.590355">
        <ele>598.5</ele>
      </trkpt>
      <trkpt lat="46.806757" lon="22.590289">
        <ele>598.8</ele>
      </trkpt>
      <trkpt lat="46.806666" lon="22.590013">
        <ele>599</ele>
      </trkpt>
      <trkpt lat="46.806664" lon="22.589678">
        <ele>599</ele>
      </trkpt>
      <trkpt lat="46.806701" lon="22.58952">
        <ele>598.9</ele>
      </trkpt>
      <trkpt lat="46.807253" lon="22.588229">
        <ele>595.4</ele>
      </trkpt>
      <trkpt lat="46.807446" lon="22.587875">
        <ele>595.1</ele>
      </trkpt>
      <trkpt lat="46.807473" lon="22.587754">
        <ele>595.2</ele>
      </trkpt>
      <trkpt lat="46.80747" lon="22.587663">
        <ele>595.2</ele>
      </trkpt>
      <trkpt lat="46.807422" lon="22.587571">
        <ele>595.4</ele>
      </trkpt>
      <trkpt lat="46.807337" lon="22.587531">
        <ele>595.7</ele>
      </trkpt>
      <trkpt lat="46.805889" lon="22.587349">
        <ele>605.9</ele>
      </trkpt>
      <trkpt lat="46.80583" lon="22.587311">
        <ele>606.2</ele>
      </trkpt>
      <trkpt lat="46.805797" lon="22.587199">
        <ele>606.4</ele>
      </trkpt>
      <trkpt lat="46.805818" lon="22.587137">
        <ele>606.5</ele>
      </trkpt>
      <trkpt lat="46.805995" lon="22.587009">
        <ele>606.8</ele>
      </trkpt>
      <trkpt lat="46.806953" lon="22.586621">
        <ele>604.5</ele>
      </trkpt>
      <trkpt lat="46.807085" lon="22.586525">
        <ele>603.8</ele>
      </trkpt>
      <trkpt lat="46.807172" lon="22.586418">
        <ele>603.3</ele>
      </trkpt>
      <trkpt lat="46.807258" lon="22.586241">
        <ele>602.6</ele>
      </trkpt>
      <trkpt lat="46.807295" lon="22.586105">
        <ele>602.1</ele>
      </trkpt>
      <trkpt lat="46.80733" lon="22.585455">
        <ele>600.3</ele>
      </trkpt>
      <trkpt lat="46.807367" lon="22.585278">
        <ele>599.9</ele>
      </trkpt>
      <trkpt lat="46.807708" lon="22.584363">
        <ele>599</ele>
      </trkpt>
      <trkpt lat="46.807721" lon="22.584186">
        <ele>598.9</ele>
      </trkpt>
      <trkpt lat="46.807644" lon="22.58405">
        <ele>598.8</ele>
      </trkpt>
      <trkpt lat="46.807564" lon="22.583996">
        <ele>598.8</ele>
      </trkpt>
      <trkpt lat="46.807012" lon="22.583932">
        <ele>599.2</ele>
      </trkpt>
      <trkpt lat="46.806832" lon="22.583836">
        <ele>599.9</ele>
      </trkpt>
      <trkpt lat="46.806803" lon="22.583773">
        <ele>600.1</ele>
      </trkpt>
      <trkpt lat="46.806801" lon="22.583701">
        <ele>600.3</ele>
      </trkpt>
      <trkpt lat="46.806833" lon="22.583388">
        <ele>601.5</ele>
      </trkpt>
      <trkpt lat="46.806771" lon="22.583205">
        <ele>602.5</ele>
      </trkpt>
      <trkpt lat="46.806035" lon="22.582468">
        <ele>609.6</ele>
      </trkpt>
      <trkpt lat="46.80588" lon="22.582274">
        <ele>611</ele>
      </trkpt>
      <trkpt lat="46.805586" lon="22.581772">
        <ele>613.4</ele>
      </trkpt>
      <trkpt lat="46.805443" lon="22.581376">
        <ele>614.5</ele>
      </trkpt>
      <trkpt lat="46.805226" lon="22.580458">
        <ele>616.2</ele>
      </trkpt>
      <trkpt lat="46.805086" lon="22.580119">
        <ele>616.9</ele>
      </trkpt>
      <trkpt lat="46.804922" lon="22.579881">
        <ele>617.7</ele>
      </trkpt>
      <trkpt lat="46.804864" lon="22.579752">
        <ele>618</ele>
      </trkpt>
      <trkpt lat="46.804598" lon="22.578803">
        <ele>620.3</ele>
      </trkpt>
      <trkpt lat="46.80444" lon="22.578534">
        <ele>620.6</ele>
      </trkpt>
      <trkpt lat="46.804243" lon="22.578267">
        <ele>620.6</ele>
      </trkpt>
      <trkpt lat="46.804177" lon="22.577992">
        <ele>620.2</ele>
      </trkpt>
      <trkpt lat="46.804172" lon="22.577736">
        <ele>619.6</ele>
      </trkpt>
      <trkpt lat="46.804132" lon="22.577508">
        <ele>618.9</ele>
      </trkpt>
      <trkpt lat="46.803998" lon="22.577154">
        <ele>617.1</ele>
      </trkpt>
      <trkpt lat="46.80332" lon="22.575558">
        <ele>605.1</ele>
      </trkpt>
      <trkpt lat="46.802742" lon="22.574426">
        <ele>597.4</ele>
      </trkpt>
      <trkpt lat="46.802681" lon="22.574367">
        <ele>597</ele>
      </trkpt>
      <trkpt lat="46.802538" lon="22.574364">
        <ele>596.1</ele>
      </trkpt>
      <trkpt lat="46.802386" lon="22.574472">
        <ele>595.3</ele>
      </trkpt>
      <trkpt lat="46.802235" lon="22.574632">
        <ele>594.6</ele>
      </trkpt>
      <trkpt lat="46.801578" lon="22.576893">
        <ele>593.9</ele>
      </trkpt>
      <trkpt lat="46.80092" lon="22.578588">
        <ele>592.5</ele>
      </trkpt>
      <trkpt lat="46.800701" lon="22.579049">
        <ele>592.9</ele>
      </trkpt>
      <trkpt lat="46.800513" lon="22.579537">
        <ele>593.7</ele>
      </trkpt>
      <trkpt lat="46.8005" lon="22.579772">
        <ele>594.1</ele>
      </trkpt>
      <trkpt lat="46.80059" lon="22.58">
        <ele>594.6</ele>
      </trkpt>
      <trkpt lat="46.800717" lon="22.580178">
        <ele>595.1</ele>
      </trkpt>
      <trkpt lat="46.800737" lon="22.580243">
        <ele>595.3</ele>
      </trkpt>
      <trkpt lat="46.800704" lon="22.580373">
        <ele>595.6</ele>
      </trkpt>
      <trkpt lat="46.800662" lon="22.580394">
        <ele>595.7</ele>
      </trkpt>
      <trkpt lat="46.800432" lon="22.580364">
        <ele>596.5</ele>
      </trkpt>
      <trkpt lat="46.800328" lon="22.580396">
        <ele>596.8</ele>
      </trkpt>
      <trkpt lat="46.799885" lon="22.580919">
        <ele>597.9</ele>
      </trkpt>
      <trkpt lat="46.799727" lon="22.581276">
        <ele>598.2</ele>
      </trkpt>
      <trkpt lat="46.799604" lon="22.581445">
        <ele>598.3</ele>
      </trkpt>
      <trkpt lat="46.79918" lon="22.581799">
        <ele>598.3</ele>
      </trkpt>
      <trkpt lat="46.798031" lon="22.582638">
        <ele>596.7</ele>
      </trkpt>
      <trkpt lat="46.797858" lon="22.582841">
        <ele>596.3</ele>
      </trkpt>
      <trkpt lat="46.797615" lon="22.583323">
        <ele>596.4</ele>
      </trkpt>
      <trkpt lat="46.797448" lon="22.583465">
        <ele>596.9</ele>
      </trkpt>
      <trkpt lat="46.797344" lon="22.58351">
        <ele>597.3</ele>
      </trkpt>
      <trkpt lat="46.797163" lon="22.583503">
        <ele>598.1</ele>
      </trkpt>
      <trkpt lat="46.797098" lon="22.583474">
        <ele>598.4</ele>
      </trkpt>
      <trkpt lat="46.797044" lon="22.583403">
        <ele>598.8</ele>
      </trkpt>
      <trkpt lat="46.796945" lon="22.583158">
        <ele>599.8</ele>
      </trkpt>
      <trkpt lat="46.796959" lon="22.582892">
        <ele>600.9</ele>
      </trkpt>
      <trkpt lat="46.797068" lon="22.582541">
        <ele>602.6</ele>
      </trkpt>
      <trkpt lat="46.797311" lon="22.582031">
        <ele>606</ele>
      </trkpt>
      <trkpt lat="46.797455" lon="22.581809">
        <ele>607.7</ele>
      </trkpt>
      <trkpt lat="46.797744" lon="22.58152">
        <ele>610</ele>
      </trkpt>
      <trkpt lat="46.798104" lon="22.581031">
        <ele>611.8</ele>
      </trkpt>
      <trkpt lat="46.798315" lon="22.580879">
        <ele>612.3</ele>
      </trkpt>
      <trkpt lat="46.798495" lon="22.580814">
        <ele>612.5</ele>
      </trkpt>
      <trkpt lat="46.798631" lon="22.580724">
        <ele>612.7</ele>
      </trkpt>
      <trkpt lat="46.799391" lon="22.579811">
        <ele>614</ele>
      </trkpt>
      <trkpt lat="46.799469" lon="22.579534">
        <ele>614.3</ele>
      </trkpt>
      <trkpt lat="46.799444" lon="22.578627">
        <ele>615.1</ele>
      </trkpt>
      <trkpt lat="46.799477" lon="22.578196">
        <ele>615.3</ele>
      </trkpt>
      <trkpt lat="46.799876" lon="22.576353">
        <ele>610.1</ele>
      </trkpt>
      <trkpt lat="46.800097" lon="22.575525">
        <ele>604.8</ele>
      </trkpt>
      <trkpt lat="46.800175" lon="22.575142">
        <ele>602.6</ele>
      </trkpt>
      <trkpt lat="46.800192" lon="22.574752">
        <ele>600.6</ele>
      </trkpt>
      <trkpt lat="46.800175" lon="22.574601">
        <ele>599.9</ele>
      </trkpt>
      <trkpt lat="46.800115" lon="22.574384">
        <ele>599</ele>
      </trkpt>
      <trkpt lat="46.799856" lon="22.573863">
        <ele>596.9</ele>
      </trkpt>
      <trkpt lat="46.799675" lon="22.573599">
        <ele>596.2</ele>
      </trkpt>
      <trkpt lat="46.799338" lon="22.573167">
        <ele>595.6</ele>
      </trkpt>
      <trkpt lat="46.798908" lon="22.572753">
        <ele>595.6</ele>
      </trkpt>
      <trkpt lat="46.798518" lon="22.572517">
        <ele>595.6</ele>
      </trkpt>
      <trkpt lat="46.797768" lon="22.57218">
        <ele>595.4</ele>
      </trkpt>
      <trkpt lat="46.797217" lon="22.571707">
        <ele>596.2</ele>
      </trkpt>
      <trkpt lat="46.796897" lon="22.571562">
        <ele>596.7</ele>
      </trkpt>
      <trkpt lat="46.796222" lon="22.571344">
        <ele>598.1</ele>
      </trkpt>
      <trkpt lat="46.795884" lon="22.571175">
        <ele>598.8</ele>
      </trkpt>
      <trkpt lat="46.795768" lon="22.571079">
        <ele>599.1</ele>
      </trkpt>
      <trkpt lat="46.795371" lon="22.570872">
        <ele>599.5</ele>
      </trkpt>
      <trkpt lat="46.793361" lon="22.569629">
        <ele>595.9</ele>
      </trkpt>
      <trkpt lat="46.792914" lon="22.569426">
        <ele>595.6</ele>
      </trkpt>
      <trkpt lat="46.792422" lon="22.569127">
        <ele>595.7</ele>
      </trkpt>
      <trkpt lat="46.792109" lon="22.56887">
        <ele>596.1</ele>
      </trkpt>
      <trkpt lat="46.791986" lon="22.568698">
        <ele>596.3</ele>
      </trkpt>
      <trkpt lat="46.791682" lon="22.568153">
        <ele>597</ele>
      </trkpt>
      <trkpt lat="46.790818" lon="22.567226">
        <ele>597.7</ele>
      </trkpt>
      <trkpt lat="46.790332" lon="22.56672">
        <ele>597.5</ele>
      </trkpt>
      <trkpt lat="46.789687" lon="22.566132">
        <ele>597.1</ele>
      </trkpt>
      <trkpt lat="46.789599" lon="22.565891">
        <ele>597</ele>
      </trkpt>
      <trkpt lat="46.78963" lon="22.565061">
        <ele>596.9</ele>
      </trkpt>
      <trkpt lat="46.789604" lon="22.564946">
        <ele>596.8</ele>
      </trkpt>
      <trkpt lat="46.789506" lon="22.564769">
        <ele>596.8</ele>
      </trkpt>
      <trkpt lat="46.787442" lon="22.56183">
        <ele>592.8</ele>
      </trkpt>
      <trkpt lat="46.786903" lon="22.561101">
        <ele>591.1</ele>
      </trkpt>
      <trkpt lat="46.785148" lon="22.558957">
        <ele>587.7</ele>
      </trkpt>
      <trkpt lat="46.784111" lon="22.557749">
        <ele>587.6</ele>
      </trkpt>
      <trkpt lat="46.783952" lon="22.557658">
        <ele>587.7</ele>
      </trkpt>
      <trkpt lat="46.783449" lon="22.557733">
        <ele>588.1</ele>
      </trkpt>
      <trkpt lat="46.783085" lon="22.557731">
        <ele>588.3</ele>
      </trkpt>
      <trkpt lat="46.782995" lon="22.557696">
        <ele>588.3</ele>
      </trkpt>
      <trkpt lat="46.782853" lon="22.55752">
        <ele>588.3</ele>
      </trkpt>
      <trkpt lat="46.782687" lon="22.557056">
        <ele>588.3</ele>
      </trkpt>
      <trkpt lat="46.782433" lon="22.556279">
        <ele>588</ele>
      </trkpt>
      <trkpt lat="46.782218" lon="22.555944">
        <ele>587.8</ele>
      </trkpt>
      <trkpt lat="46.781907" lon="22.556089">
        <ele>587.6</ele>
      </trkpt>
      <trkpt lat="46.781787" lon="22.556146">
        <ele>587.6</ele>
      </trkpt>
      <trkpt lat="46.781495" lon="22.556321">
        <ele>587.6</ele>
      </trkpt>
      <trkpt lat="46.781414" lon="22.556371">
        <ele>587.7</ele>
      </trkpt>
      <trkpt lat="46.777342" lon="22.558546">
        <ele>594.4</ele>
      </trkpt>
      <trkpt lat="46.77651" lon="22.558863">
        <ele>597.1</ele>
      </trkpt>
      <trkpt lat="46.776454" lon="22.558883">
        <ele>597.3</ele>
      </trkpt>
      <trkpt lat="46.776042" lon="22.559031">
        <ele>599.5</ele>
      </trkpt>
      <trkpt lat="46.775837" lon="22.559107">
        <ele>600.8</ele>
      </trkpt>
      <trkpt lat="46.775465" lon="22.559218">
        <ele>603.3</ele>
      </trkpt>
      <trkpt lat="46.775393" lon="22.55923">
        <ele>603.8</ele>
      </trkpt>
      <trkpt lat="46.775033" lon="22.559319">
        <ele>605.6</ele>
      </trkpt>
      <trkpt lat="46.774891" lon="22.559383">
        <ele>606.2</ele>
      </trkpt>
      <trkpt lat="46.77462" lon="22.559537">
        <ele>607</ele>
      </trkpt>
      <trkpt lat="46.774377" lon="22.559786">
        <ele>607.7</ele>
      </trkpt>
      <trkpt lat="46.774244" lon="22.560031">
        <ele>608.1</ele>
      </trkpt>
      <trkpt lat="46.773938" lon="22.560668">
        <ele>608</ele>
      </trkpt>
      <trkpt lat="46.773771" lon="22.560937">
        <ele>607.8</ele>
      </trkpt>
      <trkpt lat="46.773657" lon="22.561052">
        <ele>607.7</ele>
      </trkpt>
      <trkpt lat="46.772836" lon="22.561647">
        <ele>609.9</ele>
      </trkpt>
      <trkpt lat="46.77257" lon="22.561763">
        <ele>611.2</ele>
      </trkpt>
      <trkpt lat="46.772079" lon="22.561771">
        <ele>613.6</ele>
      </trkpt>
      <trkpt lat="46.771774" lon="22.561822">
        <ele>614.8</ele>
      </trkpt>
      <trkpt lat="46.771201" lon="22.562085">
        <ele>616.1</ele>
      </trkpt>
      <trkpt lat="46.770909" lon="22.562139">
        <ele>616.2</ele>
      </trkpt>
      <trkpt lat="46.770562" lon="22.562061">
        <ele>616.1</ele>
      </trkpt>
      <trkpt lat="46.770402" lon="22.561975">
        <ele>615.9</ele>
      </trkpt>
      <trkpt lat="46.770263" lon="22.561841">
        <ele>615.7</ele>
      </trkpt>
      <trkpt lat="46.769285" lon="22.560629">
        <ele>614.5</ele>
      </trkpt>
      <trkpt lat="46.768425" lon="22.559652">
        <ele>615.1</ele>
      </trkpt>
      <trkpt lat="46.768207" lon="22.559466">
        <ele>615.4</ele>
      </trkpt>
      <trkpt lat="46.768082" lon="22.559415">
        <ele>615.5</ele>
      </trkpt>
      <trkpt lat="46.767854" lon="22.559429">
        <ele>615.8</ele>
      </trkpt>
      <trkpt lat="46.76715" lon="22.559625">
        <ele>617.1</ele>
      </trkpt>
      <trkpt lat="46.766825" lon="22.559746">
        <ele>617.9</ele>
      </trkpt>
      <trkpt lat="46.766664" lon="22.559802">
        <ele>618.4</ele>
      </trkpt>
      <trkpt lat="46.766581" lon="22.559834">
        <ele>618.7</ele>
      </trkpt>
      <trkpt lat="46.766116" lon="22.560048">
        <ele>620.7</ele>
      </trkpt>
      <trkpt lat="46.765812" lon="22.560112">
        <ele>622.2</ele>
      </trkpt>
      <trkpt lat="46.763972" lon="22.560178">
        <ele>631.9</ele>
      </trkpt>
      <trkpt lat="46.763733" lon="22.560239">
        <ele>632.3</ele>
      </trkpt>
      <trkpt lat="46.763422" lon="22.560371">
        <ele>632.7</ele>
      </trkpt>
      <trkpt lat="46.762864" lon="22.560701">
        <ele>633.4</ele>
      </trkpt>
      <trkpt lat="46.762746" lon="22.560821">
        <ele>633.8</ele>
      </trkpt>
      <trkpt lat="46.762228" lon="22.561519">
        <ele>638</ele>
      </trkpt>
      <trkpt lat="46.761973" lon="22.561771">
        <ele>640.8</ele>
      </trkpt>
      <trkpt lat="46.761883" lon="22.561825">
        <ele>641.7</ele>
      </trkpt>
      <trkpt lat="46.761699" lon="22.561854">
        <ele>643.4</ele>
      </trkpt>
      <trkpt lat="46.761455" lon="22.561819">
        <ele>645.4</ele>
      </trkpt>
      <trkpt lat="46.76123" lon="22.561651">
        <ele>647.1</ele>
      </trkpt>
      <trkpt lat="46.761004" lon="22.561302">
        <ele>648.8</ele>
      </trkpt>
      <trkpt lat="46.760843" lon="22.560918">
        <ele>649.6</ele>
      </trkpt>
      <trkpt lat="46.760714" lon="22.560379">
        <ele>649.6</ele>
      </trkpt>
      <trkpt lat="46.760587" lon="22.55951">
        <ele>648.4</ele>
      </trkpt>
      <trkpt lat="46.760246" lon="22.558485">
        <ele>647.3</ele>
      </trkpt>
      <trkpt lat="46.760177" lon="22.558311">
        <ele>647.1</ele>
      </trkpt>
      <trkpt lat="46.76006" lon="22.558147">
        <ele>646.9</ele>
      </trkpt>
      <trkpt lat="46.75974" lon="22.557986">
        <ele>646.4</ele>
      </trkpt>
      <trkpt lat="46.758142" lon="22.55753">
        <ele>643.7</ele>
      </trkpt>
      <trkpt lat="46.757872" lon="22.557619">
        <ele>643.9</ele>
      </trkpt>
      <trkpt lat="46.757494" lon="22.557807">
        <ele>644.5</ele>
      </trkpt>
      <trkpt lat="46.75737" lon="22.557902">
        <ele>644.9</ele>
      </trkpt>
      <trkpt lat="46.757226" lon="22.557941">
        <ele>645.3</ele>
      </trkpt>
      <trkpt lat="46.756222" lon="22.557973">
        <ele>648.7</ele>
      </trkpt>
      <trkpt lat="46.755775" lon="22.557759">
        <ele>649.6</ele>
      </trkpt>
      <trkpt lat="46.754818" lon="22.557157">
        <ele>649.9</ele>
      </trkpt>
      <trkpt lat="46.754237" lon="22.557016">
        <ele>648.8</ele>
      </trkpt>
      <trkpt lat="46.753971" lon="22.556832">
        <ele>648.2</ele>
      </trkpt>
      <trkpt lat="46.75333" lon="22.556008">
        <ele>647.9</ele>
      </trkpt>
      <trkpt lat="46.753116" lon="22.555831">
        <ele>648.4</ele>
      </trkpt>
      <trkpt lat="46.752613" lon="22.555634">
        <ele>650.1</ele>
      </trkpt>
      <trkpt lat="46.75224" lon="22.555539">
        <ele>651.6</ele>
      </trkpt>
      <trkpt lat="46.751855" lon="22.555538">
        <ele>653.4</ele>
      </trkpt>
      <trkpt lat="46.751341" lon="22.555697">
        <ele>656</ele>
      </trkpt>
      <trkpt lat="46.751148" lon="22.555785">
        <ele>657.1</ele>
      </trkpt>
      <trkpt lat="46.750593" lon="22.556171">
        <ele>660.9</ele>
      </trkpt>
      <trkpt lat="46.750273" lon="22.556208">
        <ele>663</ele>
      </trkpt>
      <trkpt lat="46.749708" lon="22.55605">
        <ele>665.6</ele>
      </trkpt>
      <trkpt lat="46.749431" lon="22.555868">
        <ele>665.9</ele>
      </trkpt>
      <trkpt lat="46.74931" lon="22.55564">
        <ele>665.6</ele>
      </trkpt>
      <trkpt lat="46.749048" lon="22.55495">
        <ele>664.5</ele>
      </trkpt>
      <trkpt lat="46.748933" lon="22.554724">
        <ele>664.1</ele>
      </trkpt>
      <trkpt lat="46.748784" lon="22.554497">
        <ele>663.7</ele>
      </trkpt>
      <trkpt lat="46.748635" lon="22.554379">
        <ele>663.4</ele>
      </trkpt>
      <trkpt lat="46.748479" lon="22.554314">
        <ele>663.3</ele>
      </trkpt>
      <trkpt lat="46.748268" lon="22.554368">
        <ele>663.5</ele>
      </trkpt>
      <trkpt lat="46.748151" lon="22.554496">
        <ele>663.7</ele>
      </trkpt>
      <trkpt lat="46.748046" lon="22.554674">
        <ele>664.1</ele>
      </trkpt>
      <trkpt lat="46.747492" lon="22.555425">
        <ele>667.3</ele>
      </trkpt>
      <trkpt lat="46.747354" lon="22.555508">
        <ele>667.9</ele>
      </trkpt>
      <trkpt lat="46.747155" lon="22.555515">
        <ele>668.5</ele>
      </trkpt>
      <trkpt lat="46.746694" lon="22.555354">
        <ele>669.6</ele>
      </trkpt>
      <trkpt lat="46.746554" lon="22.555332">
        <ele>669.8</ele>
      </trkpt>
      <trkpt lat="46.746387" lon="22.555349">
        <ele>670.2</ele>
      </trkpt>
      <trkpt lat="46.746273" lon="22.555413">
        <ele>670.4</ele>
      </trkpt>
      <trkpt lat="46.746132" lon="22.555582">
        <ele>670.9</ele>
      </trkpt>
      <trkpt lat="46.746089" lon="22.55587">
        <ele>671.5</ele>
      </trkpt>
      <trkpt lat="46.746084" lon="22.55632">
        <ele>672.5</ele>
      </trkpt>
      <trkpt lat="46.746004" lon="22.55678">
        <ele>673.8</ele>
      </trkpt>
      <trkpt lat="46.745731" lon="22.55773">
        <ele>676.4</ele>
      </trkpt>
      <trkpt lat="46.745605" lon="22.558083">
        <ele>677.1</ele>
      </trkpt>
      <trkpt lat="46.745485" lon="22.558288">
        <ele>677.4</ele>
      </trkpt>
      <trkpt lat="46.745354" lon="22.558423">
        <ele>677.7</ele>
      </trkpt>
      <trkpt lat="46.745189" lon="22.558485">
        <ele>678.1</ele>
      </trkpt>
      <trkpt lat="46.745001" lon="22.558495">
        <ele>678.5</ele>
      </trkpt>
      <trkpt lat="46.744826" lon="22.55846">
        <ele>679</ele>
      </trkpt>
      <trkpt lat="46.744743" lon="22.558397">
        <ele>679.2</ele>
      </trkpt>
      <trkpt lat="46.74468" lon="22.558283">
        <ele>679.5</ele>
      </trkpt>
      <trkpt lat="46.744635" lon="22.558096">
        <ele>680</ele>
      </trkpt>
      <trkpt lat="46.744615" lon="22.557772">
        <ele>680.9</ele>
      </trkpt>
      <trkpt lat="46.744602" lon="22.557605">
        <ele>681.4</ele>
      </trkpt>
      <trkpt lat="46.744595" lon="22.557203">
        <ele>682.9</ele>
      </trkpt>
      <trkpt lat="46.744547" lon="22.556909">
        <ele>684.2</ele>
      </trkpt>
      <trkpt lat="46.74443" lon="22.5567">
        <ele>685.5</ele>
      </trkpt>
      <trkpt lat="46.744287" lon="22.556558">
        <ele>686.8</ele>
      </trkpt>
      <trkpt lat="46.744119" lon="22.556461">
        <ele>688.1</ele>
      </trkpt>
      <trkpt lat="46.743784" lon="22.55635">
        <ele>690.4</ele>
      </trkpt>
      <trkpt lat="46.743193" lon="22.556219">
        <ele>694.3</ele>
      </trkpt>
      <trkpt lat="46.742781" lon="22.556225">
        <ele>697</ele>
      </trkpt>
      <trkpt lat="46.742649" lon="22.556291">
        <ele>697.9</ele>
      </trkpt>
      <trkpt lat="46.742371" lon="22.556531">
        <ele>700.1</ele>
      </trkpt>
      <trkpt lat="46.741677" lon="22.55736">
        <ele>706.9</ele>
      </trkpt>
      <trkpt lat="46.741115" lon="22.558182">
        <ele>713.1</ele>
      </trkpt>
      <trkpt lat="46.740928" lon="22.558386">
        <ele>714.7</ele>
      </trkpt>
      <trkpt lat="46.740736" lon="22.558518">
        <ele>715.9</ele>
      </trkpt>
      <trkpt lat="46.740454" lon="22.558593">
        <ele>717.3</ele>
      </trkpt>
      <trkpt lat="46.740314" lon="22.558667">
        <ele>717.8</ele>
      </trkpt>
      <trkpt lat="46.740108" lon="22.558848">
        <ele>718.6</ele>
      </trkpt>
      <trkpt lat="46.739956" lon="22.559095">
        <ele>719.2</ele>
      </trkpt>
      <trkpt lat="46.739598" lon="22.559882">
        <ele>720.4</ele>
      </trkpt>
      <trkpt lat="46.739436" lon="22.560044">
        <ele>720.7</ele>
      </trkpt>
      <trkpt lat="46.7393" lon="22.560128">
        <ele>721</ele>
      </trkpt>
      <trkpt lat="46.739117" lon="22.560118">
        <ele>721.4</ele>
      </trkpt>
      <trkpt lat="46.738491" lon="22.559866">
        <ele>723.5</ele>
      </trkpt>
      <trkpt lat="46.738382" lon="22.55986">
        <ele>723.9</ele>
      </trkpt>
      <trkpt lat="46.738259" lon="22.559911">
        <ele>724.5</ele>
      </trkpt>
      <trkpt lat="46.737764" lon="22.560407">
        <ele>727.6</ele>
      </trkpt>
      <trkpt lat="46.737191" lon="22.560806">
        <ele>731</ele>
      </trkpt>
      <trkpt lat="46.736741" lon="22.561044">
        <ele>733.4</ele>
      </trkpt>
      <trkpt lat="46.736129" lon="22.561139">
        <ele>735.9</ele>
      </trkpt>
      <trkpt lat="46.736002" lon="22.561201">
        <ele>736.5</ele>
      </trkpt>
      <trkpt lat="46.735909" lon="22.561305">
        <ele>737</ele>
      </trkpt>
      <trkpt lat="46.735661" lon="22.561754">
        <ele>738.8</ele>
      </trkpt>
      <trkpt lat="46.735552" lon="22.561816">
        <ele>739.5</ele>
      </trkpt>
      <trkpt lat="46.735203" lon="22.561805">
        <ele>741.4</ele>
      </trkpt>
      <trkpt lat="46.735042" lon="22.561738">
        <ele>742.4</ele>
      </trkpt>
      <trkpt lat="46.734964" lon="22.561668">
        <ele>742.9</ele>
      </trkpt>
      <trkpt lat="46.734886" lon="22.561509">
        <ele>743.7</ele>
      </trkpt>
      <trkpt lat="46.734836" lon="22.561236">
        <ele>745</ele>
      </trkpt>
      <trkpt lat="46.734834" lon="22.561014">
        <ele>745.9</ele>
      </trkpt>
      <trkpt lat="46.734789" lon="22.560683">
        <ele>747.3</ele>
      </trkpt>
      <trkpt lat="46.734697" lon="22.560397">
        <ele>748.6</ele>
      </trkpt>
      <trkpt lat="46.734492" lon="22.560019">
        <ele>750.2</ele>
      </trkpt>
      <trkpt lat="46.734425" lon="22.559801">
        <ele>751</ele>
      </trkpt>
      <trkpt lat="46.734309" lon="22.559258">
        <ele>752.4</ele>
      </trkpt>
      <trkpt lat="46.734206" lon="22.559071">
        <ele>753.1</ele>
      </trkpt>
      <trkpt lat="46.734045" lon="22.558879">
        <ele>754</ele>
      </trkpt>
      <trkpt lat="46.733625" lon="22.558539">
        <ele>756</ele>
      </trkpt>
      <trkpt lat="46.73332" lon="22.558179">
        <ele>757.9</ele>
      </trkpt>
      <trkpt lat="46.733232" lon="22.558142">
        <ele>758.4</ele>
      </trkpt>
      <trkpt lat="46.73307" lon="22.558166">
        <ele>759.3</ele>
      </trkpt>
      <trkpt lat="46.732706" lon="22.558459">
        <ele>761.7</ele>
      </trkpt>
      <trkpt lat="46.732523" lon="22.558706">
        <ele>763.1</ele>
      </trkpt>
      <trkpt lat="46.732352" lon="22.559058">
        <ele>764.6</ele>
      </trkpt>
      <trkpt lat="46.732249" lon="22.559407">
        <ele>765.7</ele>
      </trkpt>
      <trkpt lat="46.73166" lon="22.560864">
        <ele>770.3</ele>
      </trkpt>
      <trkpt lat="46.731551" lon="22.560956">
        <ele>770.8</ele>
      </trkpt>
      <trkpt lat="46.731395" lon="22.561028">
        <ele>771.4</ele>
      </trkpt>
      <trkpt lat="46.731207" lon="22.561039">
        <ele>772.2</ele>
      </trkpt>
      <trkpt lat="46.730435" lon="22.560973">
        <ele>775.2</ele>
      </trkpt>
      <trkpt lat="46.729836" lon="22.560827">
        <ele>777.7</ele>
      </trkpt>
      <trkpt lat="46.729536" lon="22.560717">
        <ele>779</ele>
      </trkpt>
      <trkpt lat="46.729383" lon="22.56072">
        <ele>779.7</ele>
      </trkpt>
      <trkpt lat="46.728863" lon="22.560907">
        <ele>781.9</ele>
      </trkpt>
      <trkpt lat="46.728773" lon="22.560909">
        <ele>782.2</ele>
      </trkpt>
      <trkpt lat="46.728693" lon="22.560879">
        <ele>782.5</ele>
      </trkpt>
      <trkpt lat="46.728398" lon="22.560505">
        <ele>783.9</ele>
      </trkpt>
      <trkpt lat="46.728247" lon="22.560472">
        <ele>784.4</ele>
      </trkpt>
      <trkpt lat="46.728131" lon="22.560529">
        <ele>784.9</ele>
      </trkpt>
      <trkpt lat="46.72785" lon="22.560774">
        <ele>785.9</ele>
      </trkpt>
      <trkpt lat="46.727564" lon="22.560876">
        <ele>786.7</ele>
      </trkpt>
      <trkpt lat="46.727199" lon="22.561171">
        <ele>787.5</ele>
      </trkpt>
      <trkpt lat="46.727028" lon="22.561222">
        <ele>787.7</ele>
      </trkpt>
      <trkpt lat="46.726689" lon="22.56124">
        <ele>787.8</ele>
      </trkpt>
      <trkpt lat="46.726405" lon="22.561214">
        <ele>787.9</ele>
      </trkpt>
      <trkpt lat="46.72619" lon="22.561101">
        <ele>788.1</ele>
      </trkpt>
      <trkpt lat="46.725714" lon="22.560524">
        <ele>789.5</ele>
      </trkpt>
      <trkpt lat="46.725637" lon="22.560481">
        <ele>789.7</ele>
      </trkpt>
      <trkpt lat="46.725439" lon="22.560527">
        <ele>790.2</ele>
      </trkpt>
      <trkpt lat="46.725152" lon="22.560717">
        <ele>790.9</ele>
      </trkpt>
      <trkpt lat="46.724882" lon="22.560989">
        <ele>791.8</ele>
      </trkpt>
      <trkpt lat="46.724776" lon="22.5612">
        <ele>792.2</ele>
      </trkpt>
      <trkpt lat="46.724059" lon="22.562636">
        <ele>795.9</ele>
      </trkpt>
      <trkpt lat="46.723844" lon="22.562819">
        <ele>796.6</ele>
      </trkpt>
      <trkpt lat="46.723659" lon="22.562858">
        <ele>797.1</ele>
      </trkpt>
      <trkpt lat="46.723459" lon="22.562765">
        <ele>797.6</ele>
      </trkpt>
      <trkpt lat="46.72314" lon="22.562465">
        <ele>798.6</ele>
      </trkpt>
      <trkpt lat="46.722941" lon="22.562098">
        <ele>799.8</ele>
      </trkpt>
      <trkpt lat="46.722907" lon="22.561954">
        <ele>800.3</ele>
      </trkpt>
      <trkpt lat="46.722921" lon="22.561501">
        <ele>801.8</ele>
      </trkpt>
      <trkpt lat="46.722889" lon="22.56119">
        <ele>803</ele>
      </trkpt>
      <trkpt lat="46.722807" lon="22.560921">
        <ele>804.3</ele>
      </trkpt>
      <trkpt lat="46.722722" lon="22.560777">
        <ele>805.1</ele>
      </trkpt>
      <trkpt lat="46.722608" lon="22.560673">
        <ele>806.1</ele>
      </trkpt>
      <trkpt lat="46.722508" lon="22.560653">
        <ele>806.8</ele>
      </trkpt>
      <trkpt lat="46.722381" lon="22.560693">
        <ele>807.9</ele>
      </trkpt>
      <trkpt lat="46.722248" lon="22.560783">
        <ele>809.2</ele>
      </trkpt>
      <trkpt lat="46.721999" lon="22.561039">
        <ele>812</ele>
      </trkpt>
      <trkpt lat="46.721364" lon="22.561986">
        <ele>819</ele>
      </trkpt>
      <trkpt lat="46.721082" lon="22.562428">
        <ele>820.5</ele>
      </trkpt>
      <trkpt lat="46.720602" lon="22.563293">
        <ele>822.1</ele>
      </trkpt>
      <trkpt lat="46.720044" lon="22.564751">
        <ele>821.2</ele>
      </trkpt>
      <trkpt lat="46.719733" lon="22.565963">
        <ele>818.5</ele>
      </trkpt>
      <trkpt lat="46.71949" lon="22.566533">
        <ele>817.8</ele>
      </trkpt>
      <trkpt lat="46.71933" lon="22.566772">
        <ele>817.9</ele>
      </trkpt>
      <trkpt lat="46.719023" lon="22.567127">
        <ele>819.1</ele>
      </trkpt>
      <trkpt lat="46.718847" lon="22.567203">
        <ele>820.2</ele>
      </trkpt>
      <trkpt lat="46.718573" lon="22.567212">
        <ele>822.4</ele>
      </trkpt>
      <trkpt lat="46.718151" lon="22.567113">
        <ele>827.3</ele>
      </trkpt>
      <trkpt lat="46.717872" lon="22.567106">
        <ele>830.6</ele>
      </trkpt>
      <trkpt lat="46.717455" lon="22.567239">
        <ele>832.9</ele>
      </trkpt>
      <trkpt lat="46.717293" lon="22.567341">
        <ele>833.4</ele>
      </trkpt>
      <trkpt lat="46.71712" lon="22.567497">
        <ele>833.8</ele>
      </trkpt>
      <trkpt lat="46.717039" lon="22.567659">
        <ele>833.7</ele>
      </trkpt>
      <trkpt lat="46.717031" lon="22.567895">
        <ele>833.3</ele>
      </trkpt>
      <trkpt lat="46.71705" lon="22.568011">
        <ele>832.9</ele>
      </trkpt>
      <trkpt lat="46.717072" lon="22.568231">
        <ele>832.2</ele>
      </trkpt>
      <trkpt lat="46.717313" lon="22.569511">
        <ele>826.1</ele>
      </trkpt>
      <trkpt lat="46.717423" lon="22.569828">
        <ele>825.4</ele>
      </trkpt>
      <trkpt lat="46.717607" lon="22.57009">
        <ele>825</ele>
      </trkpt>
      <trkpt lat="46.718131" lon="22.570568">
        <ele>825.2</ele>
      </trkpt>
      <trkpt lat="46.718323" lon="22.570633">
        <ele>825.4</ele>
      </trkpt>
      <trkpt lat="46.718516" lon="22.570631">
        <ele>825.6</ele>
      </trkpt>
      <trkpt lat="46.718969" lon="22.570505">
        <ele>825.8</ele>
      </trkpt>
      <trkpt lat="46.719218" lon="22.570556">
        <ele>826.1</ele>
      </trkpt>
      <trkpt lat="46.719406" lon="22.570711">
        <ele>826.6</ele>
      </trkpt>
      <trkpt lat="46.719644" lon="22.571133">
        <ele>828.3</ele>
      </trkpt>
      <trkpt lat="46.71973" lon="22.571497">
        <ele>830</ele>
      </trkpt>
      <trkpt lat="46.71973" lon="22.571722">
        <ele>831.3</ele>
      </trkpt>
      <trkpt lat="46.719644" lon="22.571987">
        <ele>833.1</ele>
      </trkpt>
      <trkpt lat="46.719332" lon="22.572564">
        <ele>838.4</ele>
      </trkpt>
      <trkpt lat="46.71905" lon="22.573191">
        <ele>845.5</ele>
      </trkpt>
      <trkpt lat="46.718923" lon="22.573481">
        <ele>848.7</ele>
      </trkpt>
      <trkpt lat="46.718841" lon="22.573567">
        <ele>849.9</ele>
      </trkpt>
      <trkpt lat="46.718672" lon="22.573596">
        <ele>851.8</ele>
      </trkpt>
      <trkpt lat="46.718454" lon="22.573577">
        <ele>853.8</ele>
      </trkpt>
      <trkpt lat="46.718158" lon="22.573625">
        <ele>855.7</ele>
      </trkpt>
      <trkpt lat="46.718068" lon="22.573714">
        <ele>856</ele>
      </trkpt>
      <trkpt lat="46.717951" lon="22.573942">
        <ele>856.5</ele>
      </trkpt>
      <trkpt lat="46.717889" lon="22.574271">
        <ele>856.9</ele>
      </trkpt>
      <trkpt lat="46.717918" lon="22.574651">
        <ele>857.1</ele>
      </trkpt>
      <trkpt lat="46.717991" lon="22.574909">
        <ele>857</ele>
      </trkpt>
      <trkpt lat="46.718028" lon="22.575193">
        <ele>856.7</ele>
      </trkpt>
      <trkpt lat="46.718028" lon="22.575397">
        <ele>856.3</ele>
      </trkpt>
      <trkpt lat="46.718001" lon="22.575528">
        <ele>856.1</ele>
      </trkpt>
      <trkpt lat="46.717835" lon="22.575826">
        <ele>855.6</ele>
      </trkpt>
      <trkpt lat="46.717555" lon="22.576159">
        <ele>855.3</ele>
      </trkpt>
      <trkpt lat="46.717467" lon="22.576408">
        <ele>855.3</ele>
      </trkpt>
      <trkpt lat="46.717352" lon="22.577183">
        <ele>856.6</ele>
      </trkpt>
      <trkpt lat="46.717235" lon="22.577658">
        <ele>857.7</ele>
      </trkpt>
      <trkpt lat="46.717112" lon="22.578004">
        <ele>858.5</ele>
      </trkpt>
      <trkpt lat="46.717005" lon="22.578179">
        <ele>859</ele>
      </trkpt>
      <trkpt lat="46.716864" lon="22.578324">
        <ele>859.6</ele>
      </trkpt>
      <trkpt lat="46.716704" lon="22.578405">
        <ele>860.2</ele>
      </trkpt>
      <trkpt lat="46.716087" lon="22.578556">
        <ele>863.3</ele>
      </trkpt>
      <trkpt lat="46.715963" lon="22.578637">
        <ele>864.3</ele>
      </trkpt>
      <trkpt lat="46.715771" lon="22.578901">
        <ele>866.7</ele>
      </trkpt>
      <trkpt lat="46.715693" lon="22.579123">
        <ele>868.3</ele>
      </trkpt>
      <trkpt lat="46.715533" lon="22.579427">
        <ele>870.7</ele>
      </trkpt>
      <trkpt lat="46.715196" lon="22.57946">
        <ele>874</ele>
      </trkpt>
      <trkpt lat="46.714838" lon="22.57961">
        <ele>877.9</ele>
      </trkpt>
      <trkpt lat="46.714659" lon="22.579757">
        <ele>880</ele>
      </trkpt>
      <trkpt lat="46.714357" lon="22.580128">
        <ele>883.7</ele>
      </trkpt>
      <trkpt lat="46.714169" lon="22.580428">
        <ele>885.6</ele>
      </trkpt>
      <trkpt lat="46.714047" lon="22.580779">
        <ele>886.4</ele>
      </trkpt>
      <trkpt lat="46.714008" lon="22.581153">
        <ele>886.7</ele>
      </trkpt>
      <trkpt lat="46.714006" lon="22.581574">
        <ele>886.7</ele>
      </trkpt>
      <trkpt lat="46.714299" lon="22.583234">
        <ele>884.5</ele>
      </trkpt>
      <trkpt lat="46.71431" lon="22.583385">
        <ele>884.7</ele>
      </trkpt>
      <trkpt lat="46.714288" lon="22.583733">
        <ele>885.2</ele>
      </trkpt>
      <trkpt lat="46.714214" lon="22.584052">
        <ele>885.7</ele>
      </trkpt>
      <trkpt lat="46.71412" lon="22.58426">
        <ele>886.1</ele>
      </trkpt>
      <trkpt lat="46.713675" lon="22.584768">
        <ele>887.5</ele>
      </trkpt>
      <trkpt lat="46.713617" lon="22.584969">
        <ele>888</ele>
      </trkpt>
      <trkpt lat="46.713622" lon="22.585078">
        <ele>888.1</ele>
      </trkpt>
      <trkpt lat="46.713622" lon="22.585173">
        <ele>888.3</ele>
      </trkpt>
      <trkpt lat="46.713677" lon="22.585362">
        <ele>888.6</ele>
      </trkpt>
      <trkpt lat="46.713764" lon="22.585602">
        <ele>889</ele>
      </trkpt>
      <trkpt lat="46.713878" lon="22.585828">
        <ele>889.3</ele>
      </trkpt>
      <trkpt lat="46.714388" lon="22.586465">
        <ele>890</ele>
      </trkpt>
      <trkpt lat="46.714447" lon="22.586626">
        <ele>890.2</ele>
      </trkpt>
      <trkpt lat="46.714455" lon="22.586765">
        <ele>890.5</ele>
      </trkpt>
      <trkpt lat="46.714435" lon="22.586913">
        <ele>890.7</ele>
      </trkpt>
      <trkpt lat="46.714247" lon="22.587357">
        <ele>891.4</ele>
      </trkpt>
      <trkpt lat="46.714189" lon="22.587555">
        <ele>891.6</ele>
      </trkpt>
      <trkpt lat="46.714185" lon="22.587821">
        <ele>891.8</ele>
      </trkpt>
      <trkpt lat="46.714231" lon="22.588041">
        <ele>891.9</ele>
      </trkpt>
      <trkpt lat="46.714346" lon="22.588224">
        <ele>891.9</ele>
      </trkpt>
      <trkpt lat="46.714737" lon="22.588509">
        <ele>892.5</ele>
      </trkpt>
      <trkpt lat="46.714875" lon="22.588743">
        <ele>893</ele>
      </trkpt>
      <trkpt lat="46.714906" lon="22.589018">
        <ele>893.6</ele>
      </trkpt>
      <trkpt lat="46.714889" lon="22.589154">
        <ele>893.9</ele>
      </trkpt>
      <trkpt lat="46.714844" lon="22.589278">
        <ele>894.2</ele>
      </trkpt>
      <trkpt lat="46.714426" lon="22.58982">
        <ele>896</ele>
      </trkpt>
      <trkpt lat="46.714287" lon="22.590133">
        <ele>896.7</ele>
      </trkpt>
      <trkpt lat="46.714198" lon="22.590459">
        <ele>897.4</ele>
      </trkpt>
      <trkpt lat="46.714231" lon="22.590733">
        <ele>897.9</ele>
      </trkpt>
      <trkpt lat="46.714388" lon="22.591189">
        <ele>898.1</ele>
      </trkpt>
      <trkpt lat="46.714562" lon="22.591522">
        <ele>897.7</ele>
      </trkpt>
      <trkpt lat="46.714652" lon="22.591778">
        <ele>897.2</ele>
      </trkpt>
      <trkpt lat="46.71468" lon="22.591969">
        <ele>896.8</ele>
      </trkpt>
      <trkpt lat="46.714621" lon="22.592196">
        <ele>896.3</ele>
      </trkpt>
      <trkpt lat="46.714396" lon="22.592452">
        <ele>895.6</ele>
      </trkpt>
      <trkpt lat="46.71433" lon="22.592574">
        <ele>895.4</ele>
      </trkpt>
      <trkpt lat="46.714311" lon="22.592802">
        <ele>895.4</ele>
      </trkpt>
      <trkpt lat="46.71432" lon="22.593083">
        <ele>895.6</ele>
      </trkpt>
      <trkpt lat="46.714379" lon="22.593452">
        <ele>896.1</ele>
      </trkpt>
      <trkpt lat="46.714359" lon="22.593653">
        <ele>896.5</ele>
      </trkpt>
      <trkpt lat="46.714312" lon="22.593799">
        <ele>896.9</ele>
      </trkpt>
      <trkpt lat="46.714079" lon="22.594379">
        <ele>898.6</ele>
      </trkpt>
      <trkpt lat="46.713933" lon="22.594674">
        <ele>899.6</ele>
      </trkpt>
      <trkpt lat="46.713762" lon="22.594948">
        <ele>900.7</ele>
      </trkpt>
      <trkpt lat="46.713527" lon="22.595244">
        <ele>902.1</ele>
      </trkpt>
      <trkpt lat="46.71341" lon="22.595564">
        <ele>903</ele>
      </trkpt>
      <trkpt lat="46.713309" lon="22.596061">
        <ele>903.8</ele>
      </trkpt>
      <trkpt lat="46.713277" lon="22.596235">
        <ele>904.1</ele>
      </trkpt>
      <trkpt lat="46.713259" lon="22.596559">
        <ele>904.5</ele>
      </trkpt>
      <trkpt lat="46.713282" lon="22.596996">
        <ele>905</ele>
      </trkpt>
      <trkpt lat="46.713383" lon="22.597541">
        <ele>905.7</ele>
      </trkpt>
      <trkpt lat="46.713503" lon="22.598037">
        <ele>906.8</ele>
      </trkpt>
      <trkpt lat="46.713547" lon="22.598316">
        <ele>907.3</ele>
      </trkpt>
      <trkpt lat="46.713563" lon="22.598619">
        <ele>907.9</ele>
      </trkpt>
      <trkpt lat="46.713543" lon="22.59893">
        <ele>908.6</ele>
      </trkpt>
      <trkpt lat="46.713559" lon="22.59915">
        <ele>909.2</ele>
      </trkpt>
      <trkpt lat="46.713591" lon="22.599357">
        <ele>909.7</ele>
      </trkpt>
      <trkpt lat="46.713656" lon="22.599535">
        <ele>910.2</ele>
      </trkpt>
      <trkpt lat="46.713845" lon="22.600008">
        <ele>911.5</ele>
      </trkpt>
      <trkpt lat="46.71408" lon="22.600417">
        <ele>912.9</ele>
      </trkpt>
      <trkpt lat="46.714154" lon="22.600634">
        <ele>913.5</ele>
      </trkpt>
      <trkpt lat="46.714201" lon="22.600956">
        <ele>914.3</ele>
      </trkpt>
      <trkpt lat="46.714345" lon="22.601326">
        <ele>915.6</ele>
      </trkpt>
      <trkpt lat="46.714507" lon="22.601661">
        <ele>917.3</ele>
      </trkpt>
      <trkpt lat="46.71489" lon="22.602158">
        <ele>920.6</ele>
      </trkpt>
      <trkpt lat="46.715102" lon="22.602664">
        <ele>923.3</ele>
      </trkpt>
      <trkpt lat="46.71521" lon="22.603193">
        <ele>925.2</ele>
      </trkpt>
      <trkpt lat="46.71525" lon="22.603906">
        <ele>927.3</ele>
      </trkpt>
      <trkpt lat="46.715252" lon="22.60454">
        <ele>929.2</ele>
      </trkpt>
      <trkpt lat="46.715362" lon="22.605295">
        <ele>931.9</ele>
      </trkpt>
      <trkpt lat="46.71534" lon="22.605486">
        <ele>932.6</ele>
      </trkpt>
      <trkpt lat="46.715249" lon="22.605749">
        <ele>933.7</ele>
      </trkpt>
      <trkpt lat="46.715132" lon="22.605985">
        <ele>934.8</ele>
      </trkpt>
      <trkpt lat="46.715109" lon="22.606264">
        <ele>935.9</ele>
      </trkpt>
      <trkpt lat="46.714922" lon="22.606902">
        <ele>938.6</ele>
      </trkpt>
      <trkpt lat="46.714488" lon="22.608131">
        <ele>943.3</ele>
      </trkpt>
      <trkpt lat="46.714431" lon="22.60876">
        <ele>945.6</ele>
      </trkpt>
      <trkpt lat="46.714161" lon="22.609721">
        <ele>950.1</ele>
      </trkpt>
      <trkpt lat="46.714016" lon="22.610153">
        <ele>952.6</ele>
      </trkpt>
      <trkpt lat="46.713819" lon="22.610553">
        <ele>955.2</ele>
      </trkpt>
      <trkpt lat="46.713603" lon="22.611108">
        <ele>958.6</ele>
      </trkpt>
      <trkpt lat="46.71348" lon="22.611333">
        <ele>960</ele>
      </trkpt>
      <trkpt lat="46.713301" lon="22.611545">
        <ele>961.4</ele>
      </trkpt>
      <trkpt lat="46.712951" lon="22.611706">
        <ele>963.5</ele>
      </trkpt>
      <trkpt lat="46.712809" lon="22.611853">
        <ele>964.6</ele>
      </trkpt>
      <trkpt lat="46.71273" lon="22.612006">
        <ele>965.4</ele>
      </trkpt>
      <trkpt lat="46.712511" lon="22.61269">
        <ele>968.3</ele>
      </trkpt>
      <trkpt lat="46.711893" lon="22.613771">
        <ele>972.5</ele>
      </trkpt>
      <trkpt lat="46.711776" lon="22.61419">
        <ele>974</ele>
      </trkpt>
      <trkpt lat="46.711695" lon="22.614393">
        <ele>974.9</ele>
      </trkpt>
      <trkpt lat="46.711309" lon="22.615032">
        <ele>978.2</ele>
      </trkpt>
      <trkpt lat="46.710949" lon="22.615794">
        <ele>982.5</ele>
      </trkpt>
      <trkpt lat="46.710858" lon="22.615912">
        <ele>983.2</ele>
      </trkpt>
      <trkpt lat="46.710575" lon="22.616129">
        <ele>985.1</ele>
      </trkpt>
      <trkpt lat="46.710313" lon="22.616402">
        <ele>986.5</ele>
      </trkpt>
      <trkpt lat="46.710201" lon="22.616547">
        <ele>986.8</ele>
      </trkpt>
      <trkpt lat="46.710107" lon="22.616764">
        <ele>987.1</ele>
      </trkpt>
      <trkpt lat="46.71003" lon="22.617108">
        <ele>987.3</ele>
      </trkpt>
      <trkpt lat="46.710021" lon="22.617347">
        <ele>987.3</ele>
      </trkpt>
      <trkpt lat="46.710063" lon="22.617674">
        <ele>987.2</ele>
      </trkpt>
      <trkpt lat="46.710139" lon="22.618015">
        <ele>987.2</ele>
      </trkpt>
      <trkpt lat="46.710282" lon="22.618473">
        <ele>987.4</ele>
      </trkpt>
      <trkpt lat="46.710659" lon="22.619075">
        <ele>988.8</ele>
      </trkpt>
      <trkpt lat="46.710704" lon="22.619214">
        <ele>989.2</ele>
      </trkpt>
      <trkpt lat="46.710723" lon="22.619366">
        <ele>989.7</ele>
      </trkpt>
      <trkpt lat="46.710702" lon="22.619958">
        <ele>991.6</ele>
      </trkpt>
      <trkpt lat="46.710741" lon="22.620886">
        <ele>993.9</ele>
      </trkpt>
      <trkpt lat="46.710698" lon="22.62133">
        <ele>994.7</ele>
      </trkpt>
      <trkpt lat="46.710662" lon="22.621456">
        <ele>994.9</ele>
      </trkpt>
      <trkpt lat="46.710277" lon="22.62185">
        <ele>995.2</ele>
      </trkpt>
      <trkpt lat="46.710148" lon="22.621933">
        <ele>995.1</ele>
      </trkpt>
      <trkpt lat="46.709708" lon="22.62207">
        <ele>994.9</ele>
      </trkpt>
      <trkpt lat="46.709342" lon="22.622271">
        <ele>995</ele>
      </trkpt>
      <trkpt lat="46.709263" lon="22.622368">
        <ele>995</ele>
      </trkpt>
      <trkpt lat="46.70921" lon="22.622462">
        <ele>995</ele>
      </trkpt>
      <trkpt lat="46.709127" lon="22.622556">
        <ele>995.1</ele>
      </trkpt>
      <trkpt lat="46.709025" lon="22.622616">
        <ele>995.1</ele>
      </trkpt>
      <trkpt lat="46.708691" lon="22.622684">
        <ele>995</ele>
      </trkpt>
      <trkpt lat="46.708538" lon="22.622749">
        <ele>995</ele>
      </trkpt>
      <trkpt lat="46.708274" lon="22.622933">
        <ele>995</ele>
      </trkpt>
      <trkpt lat="46.708118" lon="22.622986">
        <ele>995.2</ele>
      </trkpt>
      <trkpt lat="46.707059" lon="22.623089">
        <ele>997.8</ele>
      </trkpt>
      <trkpt lat="46.706559" lon="22.622998">
        <ele>1000</ele>
      </trkpt>
      <trkpt lat="46.706211" lon="22.622854">
        <ele>1001.9</ele>
      </trkpt>
      <trkpt lat="46.70576" lon="22.622459">
        <ele>1004.9</ele>
      </trkpt>
      <trkpt lat="46.705535" lon="22.62234">
        <ele>1006.4</ele>
      </trkpt>
      <trkpt lat="46.704811" lon="22.622172">
        <ele>1011.2</ele>
      </trkpt>
      <trkpt lat="46.704533" lon="22.622048">
        <ele>1012.9</ele>
      </trkpt>
      <trkpt lat="46.704356" lon="22.621917">
        <ele>1013.9</ele>
      </trkpt>
      <trkpt lat="46.703928" lon="22.621489">
        <ele>1016.4</ele>
      </trkpt>
      <trkpt lat="46.702785" lon="22.619658">
        <ele>1022</ele>
      </trkpt>
      <trkpt lat="46.702649" lon="22.619414">
        <ele>1023</ele>
      </trkpt>
      <trkpt lat="46.702572" lon="22.619222">
        <ele>1023.7</ele>
      </trkpt>
      <trkpt lat="46.702498" lon="22.618929">
        <ele>1024.9</ele>
      </trkpt>
      <trkpt lat="46.702402" lon="22.618244">
        <ele>1027.8</ele>
      </trkpt>
      <trkpt lat="46.702412" lon="22.617626">
        <ele>1030.4</ele>
      </trkpt>
      <trkpt lat="46.702446" lon="22.617488">
        <ele>1031</ele>
      </trkpt>
      <trkpt lat="46.702712" lon="22.616791">
        <ele>1034.1</ele>
      </trkpt>
      <trkpt lat="46.702959" lon="22.616228">
        <ele>1036.4</ele>
      </trkpt>
      <trkpt lat="46.703019" lon="22.615772">
        <ele>1037.6</ele>
      </trkpt>
      <trkpt lat="46.703" lon="22.61549">
        <ele>1038.3</ele>
      </trkpt>
      <trkpt lat="46.702942" lon="22.61523">
        <ele>1038.9</ele>
      </trkpt>
      <trkpt lat="46.702427" lon="22.613691">
        <ele>1040.9</ele>
      </trkpt>
      <trkpt lat="46.702278" lon="22.613335">
        <ele>1040.9</ele>
      </trkpt>
      <trkpt lat="46.702229" lon="22.613268">
        <ele>1040.9</ele>
      </trkpt>
      <trkpt lat="46.702086" lon="22.613258">
        <ele>1040.9</ele>
      </trkpt>
      <trkpt lat="46.701495" lon="22.613496">
        <ele>1041.6</ele>
      </trkpt>
      <trkpt lat="46.700956" lon="22.613543">
        <ele>1043.5</ele>
      </trkpt>
      <trkpt lat="46.700764" lon="22.613516">
        <ele>1044.6</ele>
      </trkpt>
      <trkpt lat="46.700298" lon="22.613277">
        <ele>1047.5</ele>
      </trkpt>
      <trkpt lat="46.700187" lon="22.613163">
        <ele>1048.3</ele>
      </trkpt>
      <trkpt lat="46.699943" lon="22.612808">
        <ele>1050.2</ele>
      </trkpt>
      <trkpt lat="46.699784" lon="22.61246">
        <ele>1051.6</ele>
      </trkpt>
      <trkpt lat="46.699641" lon="22.611948">
        <ele>1053</ele>
      </trkpt>
      <trkpt lat="46.699483" lon="22.611587">
        <ele>1053.9</ele>
      </trkpt>
      <trkpt lat="46.699366" lon="22.6114">
        <ele>1054.3</ele>
      </trkpt>
      <trkpt lat="46.699027" lon="22.610926">
        <ele>1055.4</ele>
      </trkpt>
      <trkpt lat="46.698758" lon="22.610706">
        <ele>1056.4</ele>
      </trkpt>
      <trkpt lat="46.698595" lon="22.61065">
        <ele>1057.1</ele>
      </trkpt>
      <trkpt lat="46.698457" lon="22.610654">
        <ele>1057.7</ele>
      </trkpt>
      <trkpt lat="46.698026" lon="22.610819">
        <ele>1059.9</ele>
      </trkpt>
      <trkpt lat="46.697138" lon="22.610649">
        <ele>1064.1</ele>
      </trkpt>
      <trkpt lat="46.696872" lon="22.610677">
        <ele>1065.4</ele>
      </trkpt>
      <trkpt lat="46.696187" lon="22.610833">
        <ele>1068.7</ele>
      </trkpt>
      <trkpt lat="46.69511" lon="22.610737">
        <ele>1074.6</ele>
      </trkpt>
      <trkpt lat="46.694682" lon="22.610662">
        <ele>1077.1</ele>
      </trkpt>
      <trkpt lat="46.694463" lon="22.610669">
        <ele>1078.3</ele>
      </trkpt>
      <trkpt lat="46.694301" lon="22.610733">
        <ele>1079.2</ele>
      </trkpt>
      <trkpt lat="46.694211" lon="22.610805">
        <ele>1079.7</ele>
      </trkpt>
      <trkpt lat="46.693972" lon="22.611065">
        <ele>1081.2</ele>
      </trkpt>
      <trkpt lat="46.693574" lon="22.611395">
        <ele>1083.3</ele>
      </trkpt>
      <trkpt lat="46.693401" lon="22.611466">
        <ele>1084</ele>
      </trkpt>
      <trkpt lat="46.692962" lon="22.611573">
        <ele>1085.3</ele>
      </trkpt>
      <trkpt lat="46.692363" lon="22.61155">
        <ele>1086</ele>
      </trkpt>
      <trkpt lat="46.691943" lon="22.611834">
        <ele>1085.4</ele>
      </trkpt>
      <trkpt lat="46.691333" lon="22.612187">
        <ele>1083.5</ele>
      </trkpt>
      <trkpt lat="46.690748" lon="22.612637">
        <ele>1082.8</ele>
      </trkpt>
      <trkpt lat="46.69054" lon="22.612801">
        <ele>1082.9</ele>
      </trkpt>
      <trkpt lat="46.690428" lon="22.612893">
        <ele>1083</ele>
      </trkpt>
      <trkpt lat="46.690272" lon="22.613014">
        <ele>1083.3</ele>
      </trkpt>
      <trkpt lat="46.690188" lon="22.612989">
        <ele>1083.5</ele>
      </trkpt>
      <trkpt lat="46.69009" lon="22.612835">
        <ele>1083.9</ele>
      </trkpt>
      <trkpt lat="46.69007" lon="22.612338">
        <ele>1085.1</ele>
      </trkpt>
      <trkpt lat="46.68993" lon="22.611592">
        <ele>1087.3</ele>
      </trkpt>
      <trkpt lat="46.689915" lon="22.610834">
        <ele>1089.3</ele>
      </trkpt>
      <trkpt lat="46.68988" lon="22.610609">
        <ele>1090</ele>
      </trkpt>
      <trkpt lat="46.689807" lon="22.610363">
        <ele>1091</ele>
      </trkpt>
      <trkpt lat="46.689613" lon="22.609865">
        <ele>1093.3</ele>
      </trkpt>
      <trkpt lat="46.68949" lon="22.609642">
        <ele>1094.6</ele>
      </trkpt>
      <trkpt lat="46.688859" lon="22.608953">
        <ele>1101.5</ele>
      </trkpt>
      <trkpt lat="46.688641" lon="22.608634">
        <ele>1104.7</ele>
      </trkpt>
      <trkpt lat="46.688361" lon="22.608444">
        <ele>1107.9</ele>
      </trkpt>
      <trkpt lat="46.688147" lon="22.608438">
        <ele>1110.2</ele>
      </trkpt>
      <trkpt lat="46.688109" lon="22.608393">
        <ele>1110.7</ele>
      </trkpt>
      <trkpt lat="46.688041" lon="22.608211">
        <ele>1112.2</ele>
      </trkpt>
      <trkpt lat="46.688035" lon="22.608083">
        <ele>1113.2</ele>
      </trkpt>
      <trkpt lat="46.688122" lon="22.607836">
        <ele>1115.4</ele>
      </trkpt>
      <trkpt lat="46.688482" lon="22.607254">
        <ele>1121.9</ele>
      </trkpt>
      <trkpt lat="46.688752" lon="22.606324">
        <ele>1129.6</ele>
      </trkpt>
      <trkpt lat="46.68883" lon="22.605911">
        <ele>1132.8</ele>
      </trkpt>
      <trkpt lat="46.688885" lon="22.605132">
        <ele>1138.6</ele>
      </trkpt>
      <trkpt lat="46.688869" lon="22.604953">
        <ele>1139.8</ele>
      </trkpt>
      <trkpt lat="46.688826" lon="22.604754">
        <ele>1141.2</ele>
      </trkpt>
      <trkpt lat="46.688748" lon="22.604541">
        <ele>1142.8</ele>
      </trkpt>
      <trkpt lat="46.688415" lon="22.603947">
        <ele>1147.5</ele>
      </trkpt>
      <trkpt lat="46.688364" lon="22.603743">
        <ele>1148.9</ele>
      </trkpt>
      <trkpt lat="46.688369" lon="22.603593">
        <ele>1149.9</ele>
      </trkpt>
      <trkpt lat="46.688463" lon="22.603435">
        <ele>1151.3</ele>
      </trkpt>
      <trkpt lat="46.688731" lon="22.603316">
        <ele>1154.3</ele>
      </trkpt>
      <trkpt lat="46.68885" lon="22.60322">
        <ele>1155.7</ele>
      </trkpt>
      <trkpt lat="46.688942" lon="22.603108">
        <ele>1157</ele>
      </trkpt>
      <trkpt lat="46.689003" lon="22.602978">
        <ele>1158.2</ele>
      </trkpt>
      <trkpt lat="46.689042" lon="22.602738">
        <ele>1160</ele>
      </trkpt>
      <trkpt lat="46.689032" lon="22.602632">
        <ele>1160.8</ele>
      </trkpt>
      <trkpt lat="46.688957" lon="22.602383">
        <ele>1162.7</ele>
      </trkpt>
      <trkpt lat="46.688959" lon="22.602286">
        <ele>1163.4</ele>
      </trkpt>
      <trkpt lat="46.689141" lon="22.601457">
        <ele>1168.9</ele>
      </trkpt>
      <trkpt lat="46.68924" lon="22.600926">
        <ele>1172.2</ele>
      </trkpt>
      <trkpt lat="46.689267" lon="22.600295">
        <ele>1175.8</ele>
      </trkpt>
      <trkpt lat="46.689312" lon="22.599926">
        <ele>1178</ele>
      </trkpt>
      <trkpt lat="46.689362" lon="22.599069">
        <ele>1183.2</ele>
      </trkpt>
      <trkpt lat="46.689371" lon="22.597839">
        <ele>1192.4</ele>
      </trkpt>
      <trkpt lat="46.689511" lon="22.596609">
        <ele>1200.1</ele>
      </trkpt>
      <trkpt lat="46.689539" lon="22.596499">
        <ele>1200.7</ele>
      </trkpt>
      <trkpt lat="46.689637" lon="22.596372">
        <ele>1201.5</ele>
      </trkpt>
      <trkpt lat="46.69018" lon="22.596061">
        <ele>1203.9</ele>
      </trkpt>
      <trkpt lat="46.690264" lon="22.595957">
        <ele>1204.2</ele>
      </trkpt>
      <trkpt lat="46.690332" lon="22.59576">
        <ele>1204.3</ele>
      </trkpt>
      <trkpt lat="46.690328" lon="22.595368">
        <ele>1204.3</ele>
      </trkpt>
      <trkpt lat="46.690265" lon="22.594419">
        <ele>1203.2</ele>
      </trkpt>
      <trkpt lat="46.690184" lon="22.593615">
        <ele>1201.2</ele>
      </trkpt>
      <trkpt lat="46.690145" lon="22.593322">
        <ele>1200.2</ele>
      </trkpt>
      <trkpt lat="46.689996" lon="22.592619">
        <ele>1197.3</ele>
      </trkpt>
      <trkpt lat="46.690004" lon="22.59112">
        <ele>1188.3</ele>
      </trkpt>
      <trkpt lat="46.689919" lon="22.589524">
        <ele>1173.2</ele>
      </trkpt>
      <trkpt lat="46.689527" lon="22.585914">
        <ele>1130</ele>
      </trkpt>
      <trkpt lat="46.689501" lon="22.585268">
        <ele>1124.4</ele>
      </trkpt>
      <trkpt lat="46.689547" lon="22.584905">
        <ele>1122</ele>
      </trkpt>
      <trkpt lat="46.689693" lon="22.584319">
        <ele>1119.3</ele>
      </trkpt>
      <trkpt lat="46.689848" lon="22.583817">
        <ele>1117.6</ele>
      </trkpt>
      <trkpt lat="46.689998" lon="22.583617">
        <ele>1116.4</ele>
      </trkpt>
      <trkpt lat="46.690281" lon="22.583492">
        <ele>1114.9</ele>
      </trkpt>
      <trkpt lat="46.690473" lon="22.583342">
        <ele>1113.8</ele>
      </trkpt>
      <trkpt lat="46.690579" lon="22.583098">
        <ele>1112.8</ele>
      </trkpt>
      <trkpt lat="46.690605" lon="22.582783">
        <ele>1111.6</ele>
      </trkpt>
      <trkpt lat="46.690576" lon="22.582136">
        <ele>1109.1</ele>
      </trkpt>
      <trkpt lat="46.690611" lon="22.5819">
        <ele>1108</ele>
      </trkpt>
      <trkpt lat="46.690694" lon="22.581593">
        <ele>1106.6</ele>
      </trkpt>
      <trkpt lat="46.690951" lon="22.580639">
        <ele>1103.4</ele>
      </trkpt>
      <trkpt lat="46.690992" lon="22.580415">
        <ele>1102.8</ele>
      </trkpt>
      <trkpt lat="46.690961" lon="22.580028">
        <ele>1102</ele>
      </trkpt>
      <trkpt lat="46.69084" lon="22.579636">
        <ele>1101</ele>
      </trkpt>
      <trkpt lat="46.690765" lon="22.579491">
        <ele>1100.5</ele>
      </trkpt>
      <trkpt lat="46.689906" lon="22.578278">
        <ele>1097</ele>
      </trkpt>
      <trkpt lat="46.689529" lon="22.577841">
        <ele>1097</ele>
      </trkpt>
      <trkpt lat="46.68935" lon="22.577417">
        <ele>1097.2</ele>
      </trkpt>
      <trkpt lat="46.689271" lon="22.576993">
        <ele>1097.2</ele>
      </trkpt>
      <trkpt lat="46.689005" lon="22.576647">
        <ele>1097.1</ele>
      </trkpt>
      <trkpt lat="46.688327" lon="22.576057">
        <ele>1095.4</ele>
      </trkpt>
      <trkpt lat="46.687996" lon="22.575901">
        <ele>1093.3</ele>
      </trkpt>
      <trkpt lat="46.687915" lon="22.575799">
        <ele>1092.5</ele>
      </trkpt>
      <trkpt lat="46.687764" lon="22.575483">
        <ele>1090.2</ele>
      </trkpt>
      <trkpt lat="46.687672" lon="22.575419">
        <ele>1089.2</ele>
      </trkpt>
      <trkpt lat="46.68729" lon="22.575322">
        <ele>1084.9</ele>
      </trkpt>
      <trkpt lat="46.68697" lon="22.575354">
        <ele>1080.7</ele>
      </trkpt>
      <trkpt lat="46.686627" lon="22.575338">
        <ele>1075.3</ele>
      </trkpt>
      <trkpt lat="46.685825" lon="22.575027">
        <ele>1061</ele>
      </trkpt>
      <trkpt lat="46.685331" lon="22.574931">
        <ele>1054.2</ele>
      </trkpt>
      <trkpt lat="46.685242" lon="22.574886">
        <ele>1053.2</ele>
      </trkpt>
      <trkpt lat="46.685171" lon="22.574804">
        <ele>1052.3</ele>
      </trkpt>
      <trkpt lat="46.685133" lon="22.574684">
        <ele>1051.5</ele>
      </trkpt>
      <trkpt lat="46.68511" lon="22.574395">
        <ele>1050</ele>
      </trkpt>
      <trkpt lat="46.685119" lon="22.574148">
        <ele>1049</ele>
      </trkpt>
      <trkpt lat="46.68509" lon="22.573882">
        <ele>1048.1</ele>
      </trkpt>
      <trkpt lat="46.68503" lon="22.573675">
        <ele>1047.6</ele>
      </trkpt>
      <trkpt lat="46.684946" lon="22.573498">
        <ele>1047.3</ele>
      </trkpt>
      <trkpt lat="46.684693" lon="22.573163">
        <ele>1046.9</ele>
      </trkpt>
      <trkpt lat="46.684526" lon="22.572736">
        <ele>1046.5</ele>
      </trkpt>
      <trkpt lat="46.684438" lon="22.572651">
        <ele>1046.3</ele>
      </trkpt>
      <trkpt lat="46.684316" lon="22.572624">
        <ele>1046.1</ele>
      </trkpt>
      <trkpt lat="46.683985" lon="22.572624">
        <ele>1044.6</ele>
      </trkpt>
      <trkpt lat="46.683686" lon="22.572586">
        <ele>1042.3</ele>
      </trkpt>
      <trkpt lat="46.683418" lon="22.572549">
        <ele>1039.6</ele>
      </trkpt>
      <trkpt lat="46.683286" lon="22.572575">
        <ele>1038</ele>
      </trkpt>
      <trkpt lat="46.682612" lon="22.572854">
        <ele>1028.1</ele>
      </trkpt>
      <trkpt lat="46.682425" lon="22.572903">
        <ele>1025.1</ele>
      </trkpt>
      <trkpt lat="46.682244" lon="22.572887">
        <ele>1022.1</ele>
      </trkpt>
      <trkpt lat="46.68208" lon="22.572841">
        <ele>1019.4</ele>
      </trkpt>
      <trkpt lat="46.681851" lon="22.572726">
        <ele>1015.4</ele>
      </trkpt>
      <trkpt lat="46.681446" lon="22.572736">
        <ele>1009.7</ele>
      </trkpt>
      <trkpt lat="46.681221" lon="22.572696">
        <ele>1006.9</ele>
      </trkpt>
      <trkpt lat="46.681149" lon="22.572644">
        <ele>1006</ele>
      </trkpt>
      <trkpt lat="46.681031" lon="22.572492">
        <ele>1004.2</ele>
      </trkpt>
      <trkpt lat="46.680929" lon="22.57229">
        <ele>1002.4</ele>
      </trkpt>
      <trkpt lat="46.680901" lon="22.572174">
        <ele>1001.5</ele>
      </trkpt>
      <trkpt lat="46.680901" lon="22.571941">
        <ele>1000</ele>
      </trkpt>
      <trkpt lat="46.68096" lon="22.571735">
        <ele>998.4</ele>
      </trkpt>
      <trkpt lat="46.681025" lon="22.571611">
        <ele>997.3</ele>
      </trkpt>
      <trkpt lat="46.681441" lon="22.571062">
        <ele>991.5</ele>
      </trkpt>
      <trkpt lat="46.681568" lon="22.570816">
        <ele>989.8</ele>
      </trkpt>
      <trkpt lat="46.681638" lon="22.570341">
        <ele>987.6</ele>
      </trkpt>
      <trkpt lat="46.681644" lon="22.569585">
        <ele>985.2</ele>
      </trkpt>
      <trkpt lat="46.681696" lon="22.569389">
        <ele>984.7</ele>
      </trkpt>
      <trkpt lat="46.681855" lon="22.56923">
        <ele>983.9</ele>
      </trkpt>
      <trkpt lat="46.68228" lon="22.569062">
        <ele>982</ele>
      </trkpt>
      <trkpt lat="46.682423" lon="22.568967">
        <ele>981.1</ele>
      </trkpt>
      <trkpt lat="46.682648" lon="22.568767">
        <ele>979.6</ele>
      </trkpt>
      <trkpt lat="46.682731" lon="22.568553">
        <ele>978.4</ele>
      </trkpt>
      <trkpt lat="46.682826" lon="22.568016">
        <ele>974.7</ele>
      </trkpt>
      <trkpt lat="46.682856" lon="22.567504">
        <ele>970.2</ele>
      </trkpt>
      <trkpt lat="46.68276" lon="22.566527">
        <ele>960.9</ele>
      </trkpt>
      <trkpt lat="46.682801" lon="22.56591">
        <ele>956.2</ele>
      </trkpt>
      <trkpt lat="46.682772" lon="22.565816">
        <ele>955.6</ele>
      </trkpt>
      <trkpt lat="46.682709" lon="22.565765">
        <ele>955.1</ele>
      </trkpt>
      <trkpt lat="46.682635" lon="22.565776">
        <ele>954.6</ele>
      </trkpt>
      <trkpt lat="46.682593" lon="22.565834">
        <ele>954.3</ele>
      </trkpt>
      <trkpt lat="46.682564" lon="22.566001">
        <ele>953.6</ele>
      </trkpt>
      <trkpt lat="46.682626" lon="22.566904">
        <ele>951.7</ele>
      </trkpt>
      <trkpt lat="46.682611" lon="22.567541">
        <ele>950.2</ele>
      </trkpt>
      <trkpt lat="46.682492" lon="22.568013">
        <ele>948</ele>
      </trkpt>
      <trkpt lat="46.682434" lon="22.568181">
        <ele>946.9</ele>
      </trkpt>
      <trkpt lat="46.682395" lon="22.568231">
        <ele>946.5</ele>
      </trkpt>
      <trkpt lat="46.682288" lon="22.568342">
        <ele>945.4</ele>
      </trkpt>
      <trkpt lat="46.682198" lon="22.568386">
        <ele>944.6</ele>
      </trkpt>
      <trkpt lat="46.681438" lon="22.568423">
        <ele>938</ele>
      </trkpt>
      <trkpt lat="46.681219" lon="22.568461">
        <ele>936.4</ele>
      </trkpt>
      <trkpt lat="46.681041" lon="22.568571">
        <ele>935.3</ele>
      </trkpt>
      <trkpt lat="46.680969" lon="22.568648">
        <ele>934.8</ele>
      </trkpt>
      <trkpt lat="46.680904" lon="22.568799">
        <ele>934.3</ele>
      </trkpt>
      <trkpt lat="46.680817" lon="22.569548">
        <ele>932.8</ele>
      </trkpt>
      <trkpt lat="46.680747" lon="22.569889">
        <ele>932.2</ele>
      </trkpt>
      <trkpt lat="46.680689" lon="22.570029">
        <ele>931.9</ele>
      </trkpt>
      <trkpt lat="46.680596" lon="22.570124">
        <ele>931.5</ele>
      </trkpt>
      <trkpt lat="46.680443" lon="22.570171">
        <ele>930.8</ele>
      </trkpt>
      <trkpt lat="46.679828" lon="22.570089">
        <ele>926.7</ele>
      </trkpt>
      <trkpt lat="46.679678" lon="22.5701">
        <ele>925</ele>
      </trkpt>
      <trkpt lat="46.679464" lon="22.570218">
        <ele>922.4</ele>
      </trkpt>
      <trkpt lat="46.679046" lon="22.570721">
        <ele>916.6</ele>
      </trkpt>
      <trkpt lat="46.678965" lon="22.570756">
        <ele>915.9</ele>
      </trkpt>
      <trkpt lat="46.67888" lon="22.570687">
        <ele>915.2</ele>
      </trkpt>
      <trkpt lat="46.678851" lon="22.570564">
        <ele>914.6</ele>
      </trkpt>
      <trkpt lat="46.678887" lon="22.570412">
        <ele>914.2</ele>
      </trkpt>
      <trkpt lat="46.679404" lon="22.569894">
        <ele>913.6</ele>
      </trkpt>
      <trkpt lat="46.679553" lon="22.569813">
        <ele>913.8</ele>
      </trkpt>
      <trkpt lat="46.68024" lon="22.569756">
        <ele>913.1</ele>
      </trkpt>
      <trkpt lat="46.680313" lon="22.569686">
        <ele>912.7</ele>
      </trkpt>
      <trkpt lat="46.680364" lon="22.569585">
        <ele>912.4</ele>
      </trkpt>
      <trkpt lat="46.680446" lon="22.569295">
        <ele>911.4</ele>
      </trkpt>
      <trkpt lat="46.680421" lon="22.568196">
        <ele>905.3</ele>
      </trkpt>
      <trkpt lat="46.680444" lon="22.568023">
        <ele>904</ele>
      </trkpt>
      <trkpt lat="46.68048" lon="22.567934">
        <ele>903.2</ele>
      </trkpt>
      <trkpt lat="46.680582" lon="22.567832">
        <ele>901.7</ele>
      </trkpt>
      <trkpt lat="46.681224" lon="22.567629">
        <ele>895.1</ele>
      </trkpt>
      <trkpt lat="46.681575" lon="22.567453">
        <ele>892.4</ele>
      </trkpt>
      <trkpt lat="46.681647" lon="22.567393">
        <ele>891.8</ele>
      </trkpt>
      <trkpt lat="46.681721" lon="22.567246">
        <ele>890.9</ele>
      </trkpt>
      <trkpt lat="46.681737" lon="22.567023">
        <ele>889.7</ele>
      </trkpt>
      <trkpt lat="46.68173" lon="22.566795">
        <ele>888.5</ele>
      </trkpt>
      <trkpt lat="46.681662" lon="22.566503">
        <ele>886.6</ele>
      </trkpt>
      <trkpt lat="46.681111" lon="22.564946">
        <ele>873.6</ele>
      </trkpt>
      <trkpt lat="46.680615" lon="22.563403">
        <ele>865.3</ele>
      </trkpt>
      <trkpt lat="46.680605" lon="22.563209">
        <ele>865</ele>
      </trkpt>
      <trkpt lat="46.680675" lon="22.563118">
        <ele>864.8</ele>
      </trkpt>
      <trkpt lat="46.680867" lon="22.56308">
        <ele>864.7</ele>
      </trkpt>
      <trkpt lat="46.681154" lon="22.563102">
        <ele>865.1</ele>
      </trkpt>
      <trkpt lat="46.681816" lon="22.563279">
        <ele>867.4</ele>
      </trkpt>
      <trkpt lat="46.682046" lon="22.563445">
        <ele>868.5</ele>
      </trkpt>
      <trkpt lat="46.682347" lon="22.563769">
        <ele>869</ele>
      </trkpt>
      <trkpt lat="46.682421" lon="22.563799">
        <ele>869</ele>
      </trkpt>
      <trkpt lat="46.682524" lon="22.563708">
        <ele>868.8</ele>
      </trkpt>
      <trkpt lat="46.682844" lon="22.563124">
        <ele>866.3</ele>
      </trkpt>
      <trkpt lat="46.682929" lon="22.562807">
        <ele>863.9</ele>
      </trkpt>
      <trkpt lat="46.682859" lon="22.561874">
        <ele>854.5</ele>
      </trkpt>
      <trkpt lat="46.682795" lon="22.561498">
        <ele>850</ele>
      </trkpt>
      <trkpt lat="46.682593" lon="22.560778">
        <ele>841.6</ele>
      </trkpt>
      <trkpt lat="46.682588" lon="22.560574">
        <ele>839.8</ele>
      </trkpt>
      <trkpt lat="46.682631" lon="22.560414">
        <ele>838.2</ele>
      </trkpt>
      <trkpt lat="46.682914" lon="22.55988">
        <ele>833.3</ele>
      </trkpt>
      <trkpt lat="46.682965" lon="22.559705">
        <ele>832.2</ele>
      </trkpt>
      <trkpt lat="46.682963" lon="22.559318">
        <ele>830.4</ele>
      </trkpt>
      <trkpt lat="46.682996" lon="22.559129">
        <ele>829.6</ele>
      </trkpt>
      <trkpt lat="46.683267" lon="22.558588">
        <ele>827</ele>
      </trkpt>
      <trkpt lat="46.683348" lon="22.558287">
        <ele>825.7</ele>
      </trkpt>
      <trkpt lat="46.683386" lon="22.558067">
        <ele>824.7</ele>
      </trkpt>
      <trkpt lat="46.683395" lon="22.557835">
        <ele>823.6</ele>
      </trkpt>
      <trkpt lat="46.683324" lon="22.556902">
        <ele>818.5</ele>
      </trkpt>
      <trkpt lat="46.683488" lon="22.555995">
        <ele>812.7</ele>
      </trkpt>
      <trkpt lat="46.683469" lon="22.555896">
        <ele>812.1</ele>
      </trkpt>
      <trkpt lat="46.683371" lon="22.55579">
        <ele>811.1</ele>
      </trkpt>
      <trkpt lat="46.683301" lon="22.555782">
        <ele>810.6</ele>
      </trkpt>
      <trkpt lat="46.683191" lon="22.55588">
        <ele>809.6</ele>
      </trkpt>
      <trkpt lat="46.683104" lon="22.556151">
        <ele>808.1</ele>
      </trkpt>
      <trkpt lat="46.682975" lon="22.556915">
        <ele>804.1</ele>
      </trkpt>
      <trkpt lat="46.682952" lon="22.557185">
        <ele>802.7</ele>
      </trkpt>
      <trkpt lat="46.683001" lon="22.55772">
        <ele>799.8</ele>
      </trkpt>
      <trkpt lat="46.682992" lon="22.557839">
        <ele>799.2</ele>
      </trkpt>
      <trkpt lat="46.682953" lon="22.557956">
        <ele>798.6</ele>
      </trkpt>
      <trkpt lat="46.682831" lon="22.558175">
        <ele>797.2</ele>
      </trkpt>
      <trkpt lat="46.682518" lon="22.558408">
        <ele>794.5</ele>
      </trkpt>
      <trkpt lat="46.682221" lon="22.558708">
        <ele>791.6</ele>
      </trkpt>
      <trkpt lat="46.682177" lon="22.55886">
        <ele>790.7</ele>
      </trkpt>
      <trkpt lat="46.682155" lon="22.559247">
        <ele>789</ele>
      </trkpt>
      <trkpt lat="46.682094" lon="22.559473">
        <ele>788.2</ele>
      </trkpt>
      <trkpt lat="46.682006" lon="22.559635">
        <ele>787.7</ele>
      </trkpt>
      <trkpt lat="46.681683" lon="22.560082">
        <ele>788</ele>
      </trkpt>
      <trkpt lat="46.681585" lon="22.560363">
        <ele>788.7</ele>
      </trkpt>
      <trkpt lat="46.681515" lon="22.560873">
        <ele>789.6</ele>
      </trkpt>
      <trkpt lat="46.681404" lon="22.561103">
        <ele>789.9</ele>
      </trkpt>
      <trkpt lat="46.681312" lon="22.561202">
        <ele>790</ele>
      </trkpt>
      <trkpt lat="46.681229" lon="22.561232">
        <ele>790</ele>
      </trkpt>
      <trkpt lat="46.681061" lon="22.561192">
        <ele>789.7</ele>
      </trkpt>
      <trkpt lat="46.68094" lon="22.561125">
        <ele>789.2</ele>
      </trkpt>
      <trkpt lat="46.680842" lon="22.561037">
        <ele>788.7</ele>
      </trkpt>
      <trkpt lat="46.680568" lon="22.560623">
        <ele>785.2</ele>
      </trkpt>
      <trkpt lat="46.680421" lon="22.560361">
        <ele>782</ele>
      </trkpt>
      <trkpt lat="46.680312" lon="22.560063">
        <ele>778</ele>
      </trkpt>
      <trkpt lat="46.680169" lon="22.559223">
        <ele>766</ele>
      </trkpt>
      <trkpt lat="46.680084" lon="22.558971">
        <ele>762</ele>
      </trkpt>
      <trkpt lat="46.679955" lon="22.558784">
        <ele>758.5</ele>
      </trkpt>
      <trkpt lat="46.679734" lon="22.558564">
        <ele>754.2</ele>
      </trkpt>
      <trkpt lat="46.67955" lon="22.558464">
        <ele>751.7</ele>
      </trkpt>
      <trkpt lat="46.67926" lon="22.558427">
        <ele>749</ele>
      </trkpt>
      <trkpt lat="46.679191" lon="22.558369">
        <ele>748.4</ele>
      </trkpt>
      <trkpt lat="46.679172" lon="22.558325">
        <ele>748.2</ele>
      </trkpt>
      <trkpt lat="46.679174" lon="22.558137">
        <ele>747.6</ele>
      </trkpt>
      <trkpt lat="46.679235" lon="22.558024">
        <ele>747.3</ele>
      </trkpt>
      <trkpt lat="46.679319" lon="22.557975">
        <ele>747.1</ele>
      </trkpt>
      <trkpt lat="46.67943" lon="22.558016">
        <ele>747</ele>
      </trkpt>
      <trkpt lat="46.679586" lon="22.558183">
        <ele>747.3</ele>
      </trkpt>
      <trkpt lat="46.679981" lon="22.558472">
        <ele>749.4</ele>
      </trkpt>
      <trkpt lat="46.680202" lon="22.558725">
        <ele>751.5</ele>
      </trkpt>
      <trkpt lat="46.680366" lon="22.559159">
        <ele>753.4</ele>
      </trkpt>
      <trkpt lat="46.680472" lon="22.559551">
        <ele>754.1</ele>
      </trkpt>
      <trkpt lat="46.680649" lon="22.559873">
        <ele>753.7</ele>
      </trkpt>
      <trkpt lat="46.680719" lon="22.559945">
        <ele>753.3</ele>
      </trkpt>
      <trkpt lat="46.68078" lon="22.559956">
        <ele>753.1</ele>
      </trkpt>
      <trkpt lat="46.680864" lon="22.559894">
        <ele>752.5</ele>
      </trkpt>
      <trkpt lat="46.681089" lon="22.559427">
        <ele>748.9</ele>
      </trkpt>
      <trkpt lat="46.681407" lon="22.558068">
        <ele>733.3</ele>
      </trkpt>
      <trkpt lat="46.681498" lon="22.557541">
        <ele>726.9</ele>
      </trkpt>
      <trkpt lat="46.68149" lon="22.557305">
        <ele>724</ele>
      </trkpt>
      <trkpt lat="46.681345" lon="22.556817">
        <ele>717.7</ele>
      </trkpt>
      <trkpt lat="46.681342" lon="22.556512">
        <ele>714</ele>
      </trkpt>
      <trkpt lat="46.681309" lon="22.556397">
        <ele>712.5</ele>
      </trkpt>
      <trkpt lat="46.680708" lon="22.555533">
        <ele>696.4</ele>
      </trkpt>
      <trkpt lat="46.680491" lon="22.555337">
        <ele>691.4</ele>
      </trkpt>
      <trkpt lat="46.68031" lon="22.555119">
        <ele>687</ele>
      </trkpt>
      <trkpt lat="46.680167" lon="22.554747">
        <ele>682.1</ele>
      </trkpt>
      <trkpt lat="46.680142" lon="22.554485">
        <ele>679.3</ele>
      </trkpt>
      <trkpt lat="46.680148" lon="22.554093">
        <ele>675.5</ele>
      </trkpt>
      <trkpt lat="46.680198" lon="22.553287">
        <ele>668.2</ele>
      </trkpt>
      <trkpt lat="46.680381" lon="22.552707">
        <ele>662.5</ele>
      </trkpt>
      <trkpt lat="46.680406" lon="22.551989">
        <ele>656.5</ele>
      </trkpt>
      <trkpt lat="46.680661" lon="22.551359">
        <ele>650.9</ele>
      </trkpt>
      <trkpt lat="46.681033" lon="22.550281">
        <ele>642.8</ele>
      </trkpt>
      <trkpt lat="46.681123" lon="22.550109">
        <ele>641.4</ele>
      </trkpt>
      <trkpt lat="46.681299" lon="22.549907">
        <ele>639.4</ele>
      </trkpt>
      <trkpt lat="46.681365" lon="22.549742">
        <ele>638.1</ele>
      </trkpt>
      <trkpt lat="46.681389" lon="22.549543">
        <ele>636.7</ele>
      </trkpt>
      <trkpt lat="46.681385" lon="22.549308">
        <ele>635</ele>
      </trkpt>
      <trkpt lat="46.681333" lon="22.54884">
        <ele>631.2</ele>
      </trkpt>
      <trkpt lat="46.681345" lon="22.548705">
        <ele>630</ele>
      </trkpt>
      <trkpt lat="46.681594" lon="22.548346">
        <ele>626.1</ele>
      </trkpt>
      <trkpt lat="46.681672" lon="22.54819">
        <ele>624.8</ele>
      </trkpt>
      <trkpt lat="46.681804" lon="22.547538">
        <ele>622</ele>
      </trkpt>
      <trkpt lat="46.681905" lon="22.547207">
        <ele>621.6</ele>
      </trkpt>
      <trkpt lat="46.682" lon="22.547061">
        <ele>621.7</ele>
      </trkpt>
      <trkpt lat="46.68213" lon="22.547016">
        <ele>621.7</ele>
      </trkpt>
      <trkpt lat="46.68219" lon="22.547049">
        <ele>621.7</ele>
      </trkpt>
      <trkpt lat="46.682285" lon="22.547162">
        <ele>621.7</ele>
      </trkpt>
      <trkpt lat="46.682503" lon="22.54756">
        <ele>621.5</ele>
      </trkpt>
      <trkpt lat="46.682618" lon="22.547688">
        <ele>621.2</ele>
      </trkpt>
      <trkpt lat="46.682696" lon="22.54773">
        <ele>621</ele>
      </trkpt>
      <trkpt lat="46.682744" lon="22.547716">
        <ele>620.8</ele>
      </trkpt>
      <trkpt lat="46.682808" lon="22.547652">
        <ele>620.5</ele>
      </trkpt>
      <trkpt lat="46.682847" lon="22.547545">
        <ele>620.1</ele>
      </trkpt>
      <trkpt lat="46.682851" lon="22.54696">
        <ele>616.7</ele>
      </trkpt>
      <trkpt lat="46.682754" lon="22.545459">
        <ele>604.5</ele>
      </trkpt>
      <trkpt lat="46.682764" lon="22.545349">
        <ele>603.8</ele>
      </trkpt>
      <trkpt lat="46.682831" lon="22.545132">
        <ele>602.4</ele>
      </trkpt>
      <trkpt lat="46.683024" lon="22.544844">
        <ele>600.7</ele>
      </trkpt>
      <trkpt lat="46.683253" lon="22.544774">
        <ele>599.7</ele>
      </trkpt>
      <trkpt lat="46.683455" lon="22.544627">
        <ele>599.3</ele>
      </trkpt>
      <trkpt lat="46.683476" lon="22.544538">
        <ele>599.2</ele>
      </trkpt>
      <trkpt lat="46.683473" lon="22.544328">
        <ele>599.3</ele>
      </trkpt>
      <trkpt lat="46.683499" lon="22.544113">
        <ele>599.5</ele>
      </trkpt>
      <trkpt lat="46.6836" lon="22.543934">
        <ele>599.8</ele>
      </trkpt>
      <trkpt lat="46.683809" lon="22.543653">
        <ele>600.2</ele>
      </trkpt>
      <trkpt lat="46.683872" lon="22.543327">
        <ele>600.3</ele>
      </trkpt>
      <trkpt lat="46.684012" lon="22.543043">
        <ele>600.5</ele>
      </trkpt>
      <trkpt lat="46.684078" lon="22.542811">
        <ele>600.8</ele>
      </trkpt>
      <trkpt lat="46.684071" lon="22.54262">
        <ele>601.1</ele>
      </trkpt>
      <trkpt lat="46.683988" lon="22.542383">
        <ele>601.6</ele>
      </trkpt>
      <trkpt lat="46.684049" lon="22.542063">
        <ele>602.8</ele>
      </trkpt>
      <trkpt lat="46.684053" lon="22.541907">
        <ele>603.4</ele>
      </trkpt>
      <trkpt lat="46.68385" lon="22.540811">
        <ele>606.7</ele>
      </trkpt>
      <trkpt lat="46.683848" lon="22.540666">
        <ele>607</ele>
      </trkpt>
      <trkpt lat="46.683908" lon="22.540491">
        <ele>607.3</ele>
      </trkpt>
      <trkpt lat="46.684673" lon="22.539396">
        <ele>603.1</ele>
      </trkpt>
      <trkpt lat="46.684855" lon="22.539051">
        <ele>599.4</ele>
      </trkpt>
      <trkpt lat="46.68498" lon="22.538733">
        <ele>596.2</ele>
      </trkpt>
      <trkpt lat="46.685065" lon="22.538319">
        <ele>592.4</ele>
      </trkpt>
      <trkpt lat="46.685201" lon="22.537383">
        <ele>583.8</ele>
      </trkpt>
      <trkpt lat="46.685215" lon="22.536704">
        <ele>578.8</ele>
      </trkpt>
      <trkpt lat="46.685179" lon="22.536398">
        <ele>576.9</ele>
      </trkpt>
      <trkpt lat="46.685197" lon="22.536231">
        <ele>576</ele>
      </trkpt>
      <trkpt lat="46.685227" lon="22.53618">
        <ele>575.7</ele>
      </trkpt>
      <trkpt lat="46.685319" lon="22.536113">
        <ele>574.9</ele>
      </trkpt>
      <trkpt lat="46.685369" lon="22.536105">
        <ele>574.6</ele>
      </trkpt>
      <trkpt lat="46.685427" lon="22.536143">
        <ele>574.1</ele>
      </trkpt>
      <trkpt lat="46.685488" lon="22.53621">
        <ele>573.6</ele>
      </trkpt>
      <trkpt lat="46.685563" lon="22.536363">
        <ele>572.9</ele>
      </trkpt>
      <trkpt lat="46.685647" lon="22.536627">
        <ele>571.7</ele>
      </trkpt>
      <trkpt lat="46.685682" lon="22.537122">
        <ele>570</ele>
      </trkpt>
      <trkpt lat="46.685677" lon="22.538134">
        <ele>566.2</ele>
      </trkpt>
      <trkpt lat="46.685716" lon="22.53821">
        <ele>565.8</ele>
      </trkpt>
      <trkpt lat="46.68581" lon="22.538273">
        <ele>565.2</ele>
      </trkpt>
      <trkpt lat="46.685932" lon="22.538231">
        <ele>564.4</ele>
      </trkpt>
      <trkpt lat="46.685994" lon="22.538111">
        <ele>563.8</ele>
      </trkpt>
      <trkpt lat="46.686016" lon="22.537965">
        <ele>563.1</ele>
      </trkpt>
      <trkpt lat="46.686012" lon="22.536843">
        <ele>557.4</ele>
      </trkpt>
      <trkpt lat="46.685961" lon="22.535336">
        <ele>551</ele>
      </trkpt>
      <trkpt lat="46.685933" lon="22.535057">
        <ele>550.1</ele>
      </trkpt>
      <trkpt lat="46.685653" lon="22.533561">
        <ele>544.1</ele>
      </trkpt>
      <trkpt lat="46.685387" lon="22.532476">
        <ele>538.2</ele>
      </trkpt>
      <trkpt lat="46.68537" lon="22.532346">
        <ele>537.4</ele>
      </trkpt>
      <trkpt lat="46.685411" lon="22.531654">
        <ele>533.4</ele>
      </trkpt>
      <trkpt lat="46.685385" lon="22.531154">
        <ele>530.5</ele>
      </trkpt>
      <trkpt lat="46.685183" lon="22.529872">
        <ele>521.4</ele>
      </trkpt>
      <trkpt lat="46.685107" lon="22.529485">
        <ele>518.2</ele>
      </trkpt>
      <trkpt lat="46.684793" lon="22.528571">
        <ele>510.4</ele>
      </trkpt>
      <trkpt lat="46.684612" lon="22.527765">
        <ele>505.1</ele>
      </trkpt>
      <trkpt lat="46.684487" lon="22.527536">
        <ele>503.7</ele>
      </trkpt>
      <trkpt lat="46.684084" lon="22.527031">
        <ele>501.4</ele>
      </trkpt>
      <trkpt lat="46.683527" lon="22.526039">
        <ele>499.6</ele>
      </trkpt>
      <trkpt lat="46.683037" lon="22.525076">
        <ele>496.8</ele>
      </trkpt>
      <trkpt lat="46.682925" lon="22.524572">
        <ele>494.9</ele>
      </trkpt>
      <trkpt lat="46.682564" lon="22.523379">
        <ele>488.1</ele>
      </trkpt>
      <trkpt lat="46.68224" lon="22.522086">
        <ele>479.2</ele>
      </trkpt>
      <trkpt lat="46.681878" lon="22.520804">
        <ele>471</ele>
      </trkpt>
      <trkpt lat="46.681278" lon="22.519167">
        <ele>462</ele>
      </trkpt>
      <trkpt lat="46.680991" lon="22.518701">
        <ele>458.9</ele>
      </trkpt>
      <trkpt lat="46.680872" lon="22.518279">
        <ele>456.6</ele>
      </trkpt>
      <trkpt lat="46.680633" lon="22.51696">
        <ele>449.9</ele>
      </trkpt>
      <trkpt lat="46.680511" lon="22.515924">
        <ele>445.2</ele>
      </trkpt>
      <trkpt lat="46.680402" lon="22.51263">
        <ele>430.6</ele>
      </trkpt>
      <trkpt lat="46.680347" lon="22.51064">
        <ele>419</ele>
      </trkpt>
      <trkpt lat="46.680292" lon="22.510202">
        <ele>416.2</ele>
      </trkpt>
      <trkpt lat="46.680154" lon="22.509798">
        <ele>413.4</ele>
      </trkpt>
      <trkpt lat="46.679912" lon="22.509267">
        <ele>409.7</ele>
      </trkpt>
      <trkpt lat="46.67971" lon="22.508649">
        <ele>405.7</ele>
      </trkpt>
      <trkpt lat="46.679663" lon="22.508406">
        <ele>404.3</ele>
      </trkpt>
      <trkpt lat="46.679561" lon="22.507398">
        <ele>399.2</ele>
      </trkpt>
      <trkpt lat="46.679421" lon="22.506789">
        <ele>396.3</ele>
      </trkpt>
      <trkpt lat="46.679242" lon="22.506287">
        <ele>393.9</ele>
      </trkpt>
      <trkpt lat="46.67878" lon="22.505244">
        <ele>388.8</ele>
      </trkpt>
      <trkpt lat="46.678632" lon="22.504751">
        <ele>386.7</ele>
      </trkpt>
      <trkpt lat="46.678526" lon="22.50417">
        <ele>384.2</ele>
      </trkpt>
      <trkpt lat="46.678481" lon="22.503272">
        <ele>380.6</ele>
      </trkpt>
      <trkpt lat="46.678301" lon="22.502452">
        <ele>377.4</ele>
      </trkpt>
      <trkpt lat="46.678201" lon="22.50216">
        <ele>376.2</ele>
      </trkpt>
      <trkpt lat="46.678042" lon="22.501841">
        <ele>374.7</ele>
      </trkpt>
      <trkpt lat="46.677375" lon="22.500679">
        <ele>369.1</ele>
      </trkpt>
      <trkpt lat="46.677075" lon="22.500071">
        <ele>366.3</ele>
      </trkpt>
      <trkpt lat="46.676743" lon="22.499112">
        <ele>363</ele>
      </trkpt>
      <trkpt lat="46.67647" lon="22.498474">
        <ele>361.7</ele>
      </trkpt>
      <trkpt lat="46.676348" lon="22.498196">
        <ele>361.3</ele>
      </trkpt>
      <trkpt lat="46.676322" lon="22.498074">
        <ele>361.2</ele>
      </trkpt>
      <trkpt lat="46.676332" lon="22.497845">
        <ele>361</ele>
      </trkpt>
      <trkpt lat="46.676433" lon="22.49742">
        <ele>360.8</ele>
      </trkpt>
      <trkpt lat="46.676714" lon="22.496528">
        <ele>360.5</ele>
      </trkpt>
      <trkpt lat="46.67685" lon="22.496201">
        <ele>360.3</ele>
      </trkpt>
      <trkpt lat="46.677261" lon="22.495348">
        <ele>359.4</ele>
      </trkpt>
      <trkpt lat="46.67754" lon="22.494891">
        <ele>358.6</ele>
      </trkpt>
      <trkpt lat="46.677675" lon="22.494723">
        <ele>358.3</ele>
      </trkpt>
      <trkpt lat="46.67829" lon="22.493981">
        <ele>356.9</ele>
      </trkpt>
      <trkpt lat="46.678548" lon="22.493768">
        <ele>356.3</ele>
      </trkpt>
      <trkpt lat="46.678771" lon="22.493662">
        <ele>355.9</ele>
      </trkpt>
      <trkpt lat="46.679245" lon="22.493474">
        <ele>355.1</ele>
      </trkpt>
      <trkpt lat="46.679502" lon="22.49327">
        <ele>354.6</ele>
      </trkpt>
      <trkpt lat="46.679857" lon="22.492706">
        <ele>353.8</ele>
      </trkpt>
      <trkpt lat="46.680362" lon="22.492188">
        <ele>352.7</ele>
      </trkpt>
      <trkpt lat="46.680641" lon="22.491833">
        <ele>351.9</ele>
      </trkpt>
      <trkpt lat="46.681056" lon="22.49122">
        <ele>350.4</ele>
      </trkpt>
      <trkpt lat="46.681713" lon="22.490113">
        <ele>347.8</ele>
      </trkpt>
      <trkpt lat="46.682621" lon="22.489358">
        <ele>345.7</ele>
      </trkpt>
      <trkpt lat="46.682899" lon="22.489095">
        <ele>345.3</ele>
      </trkpt>
      <trkpt lat="46.682981" lon="22.488935">
        <ele>345.1</ele>
      </trkpt>
      <trkpt lat="46.683002" lon="22.48882">
        <ele>345.1</ele>
      </trkpt>
      <trkpt lat="46.68299" lon="22.488536">
        <ele>344.9</ele>
      </trkpt>
      <trkpt lat="46.682546" lon="22.487428">
        <ele>344.1</ele>
      </trkpt>
      <trkpt lat="46.682156" lon="22.486172">
        <ele>343.4</ele>
      </trkpt>
      <trkpt lat="46.681991" lon="22.485743">
        <ele>343.3</ele>
      </trkpt>
      <trkpt lat="46.68129" lon="22.484371">
        <ele>346</ele>
      </trkpt>
      <trkpt lat="46.681061" lon="22.48379">
        <ele>348.3</ele>
      </trkpt>
      <trkpt lat="46.681003" lon="22.48357">
        <ele>349.1</ele>
      </trkpt>
      <trkpt lat="46.680937" lon="22.483144">
        <ele>350.9</ele>
      </trkpt>
      <trkpt lat="46.680923" lon="22.482139">
        <ele>354.3</ele>
      </trkpt>
      <trkpt lat="46.680876" lon="22.481579">
        <ele>355.7</ele>
      </trkpt>
      <trkpt lat="46.680258" lon="22.47912">
        <ele>356.2</ele>
      </trkpt>
      <trkpt lat="46.680121" lon="22.478733">
        <ele>355.8</ele>
      </trkpt>
      <trkpt lat="46.67945" lon="22.4774">
        <ele>353.9</ele>
      </trkpt>
      <trkpt lat="46.679289" lon="22.477009">
        <ele>353.2</ele>
      </trkpt>
      <trkpt lat="46.679219" lon="22.476763">
        <ele>352.9</ele>
      </trkpt>
      <trkpt lat="46.678974" lon="22.475491">
        <ele>351.2</ele>
      </trkpt>
      <trkpt lat="46.678236" lon="22.471362">
        <ele>347.7</ele>
      </trkpt>
      <trkpt lat="46.678003" lon="22.470018">
        <ele>346.2</ele>
      </trkpt>
      <trkpt lat="46.677684" lon="22.467819">
        <ele>343</ele>
      </trkpt>
      <trkpt lat="46.677622" lon="22.467534">
        <ele>342.5</ele>
      </trkpt>
      <trkpt lat="46.67738" lon="22.466833">
        <ele>341.1</ele>
      </trkpt>
      <trkpt lat="46.677307" lon="22.466557">
        <ele>340.5</ele>
      </trkpt>
      <trkpt lat="46.677197" lon="22.465929">
        <ele>339.1</ele>
      </trkpt>
      <trkpt lat="46.67707" lon="22.464784">
        <ele>336.1</ele>
      </trkpt>
      <trkpt lat="46.677115" lon="22.463801">
        <ele>333.9</ele>
      </trkpt>
      <trkpt lat="46.677101" lon="22.46357">
        <ele>333.4</ele>
      </trkpt>
      <trkpt lat="46.676758" lon="22.461278">
        <ele>331</ele>
      </trkpt>
      <trkpt lat="46.676609" lon="22.460225">
        <ele>330.1</ele>
      </trkpt>
      <trkpt lat="46.676501" lon="22.456743">
        <ele>324.7</ele>
      </trkpt>
      <trkpt lat="46.676459" lon="22.45634">
        <ele>323.9</ele>
      </trkpt>
      <trkpt lat="46.676373" lon="22.455937">
        <ele>323.2</ele>
      </trkpt>
      <trkpt lat="46.676271" lon="22.455648">
        <ele>322.6</ele>
      </trkpt>
      <trkpt lat="46.675976" lon="22.455053">
        <ele>321.7</ele>
      </trkpt>
      <trkpt lat="46.675748" lon="22.454649">
        <ele>321.2</ele>
      </trkpt>
      <trkpt lat="46.675672" lon="22.454525">
        <ele>321.1</ele>
      </trkpt>
      <trkpt lat="46.675474" lon="22.45417">
        <ele>320.9</ele>
      </trkpt>
      <trkpt lat="46.675398" lon="22.453969">
        <ele>320.8</ele>
      </trkpt>
      <trkpt lat="46.675323" lon="22.453661">
        <ele>320.8</ele>
      </trkpt>
      <trkpt lat="46.675321" lon="22.453271">
        <ele>320.8</ele>
      </trkpt>
      <trkpt lat="46.675356" lon="22.45301">
        <ele>320.8</ele>
      </trkpt>
      <trkpt lat="46.675515" lon="22.452324">
        <ele>320.6</ele>
      </trkpt>
      <trkpt lat="46.675543" lon="22.452145">
        <ele>320.5</ele>
      </trkpt>
      <trkpt lat="46.675551" lon="22.451837">
        <ele>320.3</ele>
      </trkpt>
      <trkpt lat="46.675253" lon="22.447907">
        <ele>316.1</ele>
      </trkpt>
      <trkpt lat="46.674791" lon="22.445241">
        <ele>313.5</ele>
      </trkpt>
      <trkpt lat="46.674648" lon="22.444301">
        <ele>312.3</ele>
      </trkpt>
      <trkpt lat="46.673893" lon="22.438551">
        <ele>302.8</ele>
      </trkpt>
      <trkpt lat="46.673787" lon="22.437431">
        <ele>301.7</ele>
      </trkpt>
      <trkpt lat="46.673724" lon="22.435341">
        <ele>300.4</ele>
      </trkpt>
      <trkpt lat="46.673775" lon="22.434922">
        <ele>300.1</ele>
      </trkpt>
      <trkpt lat="46.673914" lon="22.434227">
        <ele>299.5</ele>
      </trkpt>
      <trkpt lat="46.673962" lon="22.433861">
        <ele>299.1</ele>
      </trkpt>
      <trkpt lat="46.673978" lon="22.433567">
        <ele>298.8</ele>
      </trkpt>
      <trkpt lat="46.673953" lon="22.431935">
        <ele>296.7</ele>
      </trkpt>
      <trkpt lat="46.673975" lon="22.431614">
        <ele>296.3</ele>
      </trkpt>
      <trkpt lat="46.674121" lon="22.430562">
        <ele>294.7</ele>
      </trkpt>
      <trkpt lat="46.674153" lon="22.430166">
        <ele>294.1</ele>
      </trkpt>
      <trkpt lat="46.674142" lon="22.428642">
        <ele>291</ele>
      </trkpt>
      <trkpt lat="46.674175" lon="22.427516">
        <ele>288.6</ele>
      </trkpt>
      <trkpt lat="46.674269" lon="22.426526">
        <ele>286.7</ele>
      </trkpt>
      <trkpt lat="46.674535" lon="22.42445">
        <ele>283.8</ele>
      </trkpt>
      <trkpt lat="46.674556" lon="22.424061">
        <ele>283.4</ele>
      </trkpt>
      <trkpt lat="46.674545" lon="22.423839">
        <ele>283.1</ele>
      </trkpt>
      <trkpt lat="46.674418" lon="22.423216">
        <ele>282.3</ele>
      </trkpt>
      <trkpt lat="46.673489" lon="22.419613">
        <ele>277.6</ele>
      </trkpt>
      <trkpt lat="46.673236" lon="22.418795">
        <ele>276.4</ele>
      </trkpt>
      <trkpt lat="46.673065" lon="22.418359">
        <ele>275.7</ele>
      </trkpt>
      <trkpt lat="46.672632" lon="22.41749">
        <ele>274.5</ele>
      </trkpt>
      <trkpt lat="46.670812" lon="22.414615">
        <ele>271</ele>
      </trkpt>
      <trkpt lat="46.669771" lon="22.412871">
        <ele>268.6</ele>
      </trkpt>
      <trkpt lat="46.668938" lon="22.410878">
        <ele>266.4</ele>
      </trkpt>
      <trkpt lat="46.668267" lon="22.408912">
        <ele>263.5</ele>
      </trkpt>
      <trkpt lat="46.667952" lon="22.40793">
        <ele>261.9</ele>
      </trkpt>
      <trkpt lat="46.667882" lon="22.407598">
        <ele>261.5</ele>
      </trkpt>
      <trkpt lat="46.667826" lon="22.407228">
        <ele>261</ele>
      </trkpt>
      <trkpt lat="46.667597" lon="22.404864">
        <ele>258.5</ele>
      </trkpt>
      <trkpt lat="46.667502" lon="22.404417">
        <ele>258</ele>
      </trkpt>
      <trkpt lat="46.667347" lon="22.403888">
        <ele>257.3</ele>
      </trkpt>
      <trkpt lat="46.666399" lon="22.401154">
        <ele>252.2</ele>
      </trkpt>
      <trkpt lat="46.665924" lon="22.398913">
        <ele>247.8</ele>
      </trkpt>
      <trkpt lat="46.665703" lon="22.398114">
        <ele>246.5</ele>
      </trkpt>
      <trkpt lat="46.66535" lon="22.397053">
        <ele>245.1</ele>
      </trkpt>
      <trkpt lat="46.664877" lon="22.39547">
        <ele>243.4</ele>
      </trkpt>
      <trkpt lat="46.664415" lon="22.393269">
        <ele>240.9</ele>
      </trkpt>
      <trkpt lat="46.664316" lon="22.392889">
        <ele>240.5</ele>
      </trkpt>
      <trkpt lat="46.664162" lon="22.392439">
        <ele>239.9</ele>
      </trkpt>
      <trkpt lat="46.663707" lon="22.391588">
        <ele>238.3</ele>
      </trkpt>
      <trkpt lat="46.663671" lon="22.391405">
        <ele>238</ele>
      </trkpt>
      <trkpt lat="46.663662" lon="22.390987">
        <ele>237.1</ele>
      </trkpt>
      <trkpt lat="46.663893" lon="22.386127">
        <ele>224.4</ele>
      </trkpt>
      <trkpt lat="46.663895" lon="22.385513">
        <ele>222.6</ele>
      </trkpt>
      <trkpt lat="46.663875" lon="22.38535">
        <ele>222.2</ele>
      </trkpt>
      <trkpt lat="46.663789" lon="22.385038">
        <ele>221.2</ele>
      </trkpt>
      <trkpt lat="46.663715" lon="22.384893">
        <ele>220.6</ele>
      </trkpt>
      <trkpt lat="46.662279" lon="22.382472">
        <ele>211</ele>
      </trkpt>
      <trkpt lat="46.662144" lon="22.38213">
        <ele>209.8</ele>
      </trkpt>
      <trkpt lat="46.662072" lon="22.381664">
        <ele>208.4</ele>
      </trkpt>
      <trkpt lat="46.661983" lon="22.381406">
        <ele>207.6</ele>
      </trkpt>
      <trkpt lat="46.661914" lon="22.381281">
        <ele>207.1</ele>
      </trkpt>
      <trkpt lat="46.661116" lon="22.380226">
        <ele>202.7</ele>
      </trkpt>
      <trkpt lat="46.661042" lon="22.380113">
        <ele>202.3</ele>
      </trkpt>
      <trkpt lat="46.66099" lon="22.379977">
        <ele>201.9</ele>
      </trkpt>
      <trkpt lat="46.660943" lon="22.379665">
        <ele>201</ele>
      </trkpt>
      <trkpt lat="46.661095" lon="22.37867">
        <ele>198.7</ele>
      </trkpt>
      <trkpt lat="46.661121" lon="22.378246">
        <ele>197.8</ele>
      </trkpt>
      <trkpt lat="46.661105" lon="22.377863">
        <ele>197.2</ele>
      </trkpt>
      <trkpt lat="46.660992" lon="22.377152">
        <ele>196.3</ele>
      </trkpt>
      <trkpt lat="46.660569" lon="22.37523">
        <ele>194.7</ele>
      </trkpt>
      <trkpt lat="46.66055" lon="22.375103">
        <ele>194.7</ele>
      </trkpt>
      <trkpt lat="46.660545" lon="22.374985">
        <ele>194.6</ele>
      </trkpt>
      <trkpt lat="46.660547" lon="22.37485">
        <ele>194.5</ele>
      </trkpt>
      <trkpt lat="46.660552" lon="22.374459">
        <ele>194.2</ele>
      </trkpt>
      <trkpt lat="46.66063" lon="22.373767">
        <ele>193.8</ele>
      </trkpt>
      <trkpt lat="46.660889" lon="22.372501">
        <ele>193.6</ele>
      </trkpt>
      <trkpt lat="46.661216" lon="22.371509">
        <ele>193.6</ele>
      </trkpt>
      <trkpt lat="46.661465" lon="22.37061">
        <ele>193.5</ele>
      </trkpt>
      <trkpt lat="46.661645" lon="22.369824">
        <ele>193.3</ele>
      </trkpt>
      <trkpt lat="46.661882" lon="22.369007">
        <ele>193.2</ele>
      </trkpt>
      <trkpt lat="46.662167" lon="22.368101">
        <ele>193.2</ele>
      </trkpt>
      <trkpt lat="46.662346" lon="22.367562">
        <ele>193.4</ele>
      </trkpt>
      <trkpt lat="46.662524" lon="22.367123">
        <ele>193.5</ele>
      </trkpt>
      <trkpt lat="46.662974" lon="22.366179">
        <ele>193.6</ele>
      </trkpt>
      <trkpt lat="46.663712" lon="22.363856">
        <ele>193.3</ele>
      </trkpt>
      <trkpt lat="46.664307" lon="22.362011">
        <ele>193.2</ele>
      </trkpt>
      <trkpt lat="46.665074" lon="22.359592">
        <ele>191.7</ele>
      </trkpt>
      <trkpt lat="46.665115" lon="22.359478">
        <ele>191.6</ele>
      </trkpt>
      <trkpt lat="46.665207" lon="22.359292">
        <ele>191.4</ele>
      </trkpt>
      <trkpt lat="46.665233" lon="22.359179">
        <ele>191.3</ele>
      </trkpt>
      <trkpt lat="46.665318" lon="22.359067">
        <ele>191.2</ele>
      </trkpt>
      <trkpt lat="46.665358" lon="22.358959">
        <ele>191.1</ele>
      </trkpt>
      <trkpt lat="46.665354" lon="22.358915">
        <ele>191.1</ele>
      </trkpt>
      <trkpt lat="46.665518" lon="22.358477">
        <ele>190.8</ele>
      </trkpt>
      <trkpt lat="46.666007" lon="22.357237">
        <ele>190.2</ele>
      </trkpt>
      <trkpt lat="46.665992" lon="22.357225">
        <ele>190.2</ele>
      </trkpt>
      <trkpt lat="46.665798" lon="22.357058">
        <ele>190.2</ele>
      </trkpt>
      <trkpt lat="46.665972" lon="22.356586">
        <ele>190.1</ele>
      </trkpt>
      </trkseg>
    </trk>
</gpx>
