<?xml version="1.0" encoding="UTF-8"?>
<gpx version="1.1"
     creator="Komoot GPX Exporter"
     xmlns="http://www.topografix.com/GPX/1/1">
  <metadata>
    <name>D5 From Câmpeni to Aiud</name>
  </metadata>
    <trk>
      <name>D5 From Câmpeni to Aiud</name>
      <trkseg>
      <trkpt lat="46.364811" lon="23.051493">
        <ele>552.3</ele>
      </trkpt>
      <trkpt lat="46.364685" lon="23.05148">
        <ele>552.2</ele>
      </trkpt>
      <trkpt lat="46.364451" lon="23.051607">
        <ele>552</ele>
      </trkpt>
      <trkpt lat="46.36402" lon="23.052002">
        <ele>551.8</ele>
      </trkpt>
      <trkpt lat="46.36421" lon="23.052524">
        <ele>551.6</ele>
      </trkpt>
      <trkpt lat="46.364354" lon="23.053843">
        <ele>551.2</ele>
      </trkpt>
      <trkpt lat="46.364362" lon="23.054068">
        <ele>551.2</ele>
      </trkpt>
      <trkpt lat="46.364165" lon="23.054479">
        <ele>551.2</ele>
      </trkpt>
      <trkpt lat="46.364113" lon="23.054588">
        <ele>551.2</ele>
      </trkpt>
      <trkpt lat="46.364029" lon="23.054764">
        <ele>551.3</ele>
      </trkpt>
      <trkpt lat="46.364169" lon="23.056295">
        <ele>551.7</ele>
      </trkpt>
      <trkpt lat="46.364158" lon="23.056456">
        <ele>551.7</ele>
      </trkpt>
      <trkpt lat="46.363983" lon="23.056964">
        <ele>551.9</ele>
      </trkpt>
      <trkpt lat="46.36375" lon="23.057344">
        <ele>551.8</ele>
      </trkpt>
      <trkpt lat="46.363583" lon="23.057712">
        <ele>551.4</ele>
      </trkpt>
      <trkpt lat="46.363104" lon="23.05856">
        <ele>549.6</ele>
      </trkpt>
      <trkpt lat="46.362927" lon="23.05879">
        <ele>549.2</ele>
      </trkpt>
      <trkpt lat="46.36282" lon="23.058875">
        <ele>548.9</ele>
      </trkpt>
      <trkpt lat="46.362689" lon="23.058877">
        <ele>548.7</ele>
      </trkpt>
      <trkpt lat="46.362576" lon="23.059393">
        <ele>548.2</ele>
      </trkpt>
      <trkpt lat="46.362511" lon="23.059568">
        <ele>548</ele>
      </trkpt>
      <trkpt lat="46.361261" lon="23.061882">
        <ele>548.5</ele>
      </trkpt>
      <trkpt lat="46.361079" lon="23.062278">
        <ele>548.3</ele>
      </trkpt>
      <trkpt lat="46.360652" lon="23.063608">
        <ele>547.1</ele>
      </trkpt>
      <trkpt lat="46.359927" lon="23.065186">
        <ele>546.5</ele>
      </trkpt>
      <trkpt lat="46.359636" lon="23.066077">
        <ele>547.1</ele>
      </trkpt>
      <trkpt lat="46.359539" lon="23.066532">
        <ele>547.4</ele>
      </trkpt>
      <trkpt lat="46.359498" lon="23.066865">
        <ele>547.5</ele>
      </trkpt>
      <trkpt lat="46.359487" lon="23.067276">
        <ele>547.5</ele>
      </trkpt>
      <trkpt lat="46.359502" lon="23.067488">
        <ele>547.5</ele>
      </trkpt>
      <trkpt lat="46.359918" lon="23.069894">
        <ele>544.8</ele>
      </trkpt>
      <trkpt lat="46.360158" lon="23.071366">
        <ele>544.5</ele>
      </trkpt>
      <trkpt lat="46.360183" lon="23.071933">
        <ele>545</ele>
      </trkpt>
      <trkpt lat="46.360213" lon="23.072377">
        <ele>545.5</ele>
      </trkpt>
      <trkpt lat="46.360345" lon="23.073555">
        <ele>547.1</ele>
      </trkpt>
      <trkpt lat="46.360349" lon="23.075078">
        <ele>546.6</ele>
      </trkpt>
      <trkpt lat="46.360368" lon="23.075373">
        <ele>546.1</ele>
      </trkpt>
      <trkpt lat="46.360472" lon="23.075945">
        <ele>545</ele>
      </trkpt>
      <trkpt lat="46.360647" lon="23.076911">
        <ele>543.3</ele>
      </trkpt>
      <trkpt lat="46.360585" lon="23.07694">
        <ele>543.1</ele>
      </trkpt>
      <trkpt lat="46.360556" lon="23.077014">
        <ele>543</ele>
      </trkpt>
      <trkpt lat="46.360561" lon="23.07708">
        <ele>542.9</ele>
      </trkpt>
      <trkpt lat="46.360593" lon="23.077136">
        <ele>542.8</ele>
      </trkpt>
      <trkpt lat="46.360683" lon="23.07714">
        <ele>542.7</ele>
      </trkpt>
      <trkpt lat="46.361052" lon="23.078002">
        <ele>542.6</ele>
      </trkpt>
      <trkpt lat="46.361572" lon="23.079151">
        <ele>542.9</ele>
      </trkpt>
      <trkpt lat="46.362147" lon="23.080017">
        <ele>543.1</ele>
      </trkpt>
      <trkpt lat="46.362503" lon="23.080363">
        <ele>543.3</ele>
      </trkpt>
      <trkpt lat="46.362844" lon="23.080492">
        <ele>543.6</ele>
      </trkpt>
      <trkpt lat="46.363393" lon="23.08056">
        <ele>544.3</ele>
      </trkpt>
      <trkpt lat="46.363608" lon="23.080589">
        <ele>544.6</ele>
      </trkpt>
      <trkpt lat="46.363911" lon="23.080696">
        <ele>545.1</ele>
      </trkpt>
      <trkpt lat="46.364486" lon="23.081101">
        <ele>545.9</ele>
      </trkpt>
      <trkpt lat="46.364795" lon="23.08126">
        <ele>546.3</ele>
      </trkpt>
      <trkpt lat="46.365977" lon="23.081504">
        <ele>547.2</ele>
      </trkpt>
      <trkpt lat="46.366216" lon="23.081541">
        <ele>547.1</ele>
      </trkpt>
      <trkpt lat="46.366557" lon="23.081488">
        <ele>546.8</ele>
      </trkpt>
      <trkpt lat="46.367014" lon="23.081252">
        <ele>545.9</ele>
      </trkpt>
      <trkpt lat="46.36717" lon="23.08122">
        <ele>545.5</ele>
      </trkpt>
      <trkpt lat="46.367329" lon="23.081217">
        <ele>545.2</ele>
      </trkpt>
      <trkpt lat="46.3681" lon="23.081397">
        <ele>543.9</ele>
      </trkpt>
      <trkpt lat="46.368401" lon="23.081479">
        <ele>544</ele>
      </trkpt>
      <trkpt lat="46.369064" lon="23.081672">
        <ele>544.4</ele>
      </trkpt>
      <trkpt lat="46.369177" lon="23.081775">
        <ele>544.5</ele>
      </trkpt>
      <trkpt lat="46.369232" lon="23.081864">
        <ele>544.6</ele>
      </trkpt>
      <trkpt lat="46.370339" lon="23.084673">
        <ele>541.4</ele>
      </trkpt>
      <trkpt lat="46.370707" lon="23.085344">
        <ele>540.4</ele>
      </trkpt>
      <trkpt lat="46.37201" lon="23.087293">
        <ele>539.4</ele>
      </trkpt>
      <trkpt lat="46.374126" lon="23.090129">
        <ele>537.5</ele>
      </trkpt>
      <trkpt lat="46.37555" lon="23.09184">
        <ele>536</ele>
      </trkpt>
      <trkpt lat="46.37572" lon="23.092095">
        <ele>535.8</ele>
      </trkpt>
      <trkpt lat="46.376154" lon="23.093012">
        <ele>535.3</ele>
      </trkpt>
      <trkpt lat="46.376419" lon="23.093721">
        <ele>535.2</ele>
      </trkpt>
      <trkpt lat="46.376993" lon="23.095515">
        <ele>536.2</ele>
      </trkpt>
      <trkpt lat="46.377276" lon="23.096564">
        <ele>537.4</ele>
      </trkpt>
      <trkpt lat="46.377412" lon="23.097084">
        <ele>538.3</ele>
      </trkpt>
      <trkpt lat="46.377513" lon="23.097404">
        <ele>538.9</ele>
      </trkpt>
      <trkpt lat="46.377695" lon="23.097642">
        <ele>539.6</ele>
      </trkpt>
      <trkpt lat="46.378653" lon="23.098478">
        <ele>543.1</ele>
      </trkpt>
      <trkpt lat="46.378843" lon="23.098737">
        <ele>543.7</ele>
      </trkpt>
      <trkpt lat="46.378913" lon="23.098903">
        <ele>544</ele>
      </trkpt>
      <trkpt lat="46.378963" lon="23.099247">
        <ele>544.3</ele>
      </trkpt>
      <trkpt lat="46.378941" lon="23.099503">
        <ele>544.5</ele>
      </trkpt>
      <trkpt lat="46.378863" lon="23.099675">
        <ele>544.6</ele>
      </trkpt>
      <trkpt lat="46.378345" lon="23.100365">
        <ele>545</ele>
      </trkpt>
      <trkpt lat="46.378152" lon="23.100732">
        <ele>545.2</ele>
      </trkpt>
      <trkpt lat="46.378021" lon="23.101006">
        <ele>545.5</ele>
      </trkpt>
      <trkpt lat="46.37789" lon="23.101187">
        <ele>545.9</ele>
      </trkpt>
      <trkpt lat="46.377677" lon="23.101373">
        <ele>546.6</ele>
      </trkpt>
      <trkpt lat="46.377625" lon="23.101406">
        <ele>546.8</ele>
      </trkpt>
      <trkpt lat="46.377555" lon="23.10145">
        <ele>547</ele>
      </trkpt>
      <trkpt lat="46.37729" lon="23.101624">
        <ele>547.9</ele>
      </trkpt>
      <trkpt lat="46.377137" lon="23.101766">
        <ele>548.4</ele>
      </trkpt>
      <trkpt lat="46.377035" lon="23.101903">
        <ele>548.8</ele>
      </trkpt>
      <trkpt lat="46.376787" lon="23.102341">
        <ele>549.7</ele>
      </trkpt>
      <trkpt lat="46.376635" lon="23.102519">
        <ele>550</ele>
      </trkpt>
      <trkpt lat="46.376562" lon="23.102598">
        <ele>550.1</ele>
      </trkpt>
      <trkpt lat="46.376191" lon="23.103058">
        <ele>550.3</ele>
      </trkpt>
      <trkpt lat="46.375959" lon="23.103411">
        <ele>550</ele>
      </trkpt>
      <trkpt lat="46.375059" lon="23.104841">
        <ele>546.1</ele>
      </trkpt>
      <trkpt lat="46.374973" lon="23.104989">
        <ele>545.7</ele>
      </trkpt>
      <trkpt lat="46.374904" lon="23.105228">
        <ele>545.1</ele>
      </trkpt>
      <trkpt lat="46.374914" lon="23.105411">
        <ele>544.6</ele>
      </trkpt>
      <trkpt lat="46.375076" lon="23.106131">
        <ele>542.6</ele>
      </trkpt>
      <trkpt lat="46.375117" lon="23.106497">
        <ele>541.5</ele>
      </trkpt>
      <trkpt lat="46.375114" lon="23.106672">
        <ele>541</ele>
      </trkpt>
      <trkpt lat="46.375064" lon="23.107029">
        <ele>540.4</ele>
      </trkpt>
      <trkpt lat="46.374843" lon="23.107854">
        <ele>539</ele>
      </trkpt>
      <trkpt lat="46.374812" lon="23.108159">
        <ele>538.5</ele>
      </trkpt>
      <trkpt lat="46.375105" lon="23.111579">
        <ele>535.5</ele>
      </trkpt>
      <trkpt lat="46.375178" lon="23.112409">
        <ele>535</ele>
      </trkpt>
      <trkpt lat="46.375225" lon="23.112991">
        <ele>534.8</ele>
      </trkpt>
      <trkpt lat="46.375333" lon="23.114601">
        <ele>534.4</ele>
      </trkpt>
      <trkpt lat="46.375404" lon="23.115092">
        <ele>534.2</ele>
      </trkpt>
      <trkpt lat="46.375473" lon="23.115309">
        <ele>534.2</ele>
      </trkpt>
      <trkpt lat="46.375658" lon="23.115619">
        <ele>534</ele>
      </trkpt>
      <trkpt lat="46.376239" lon="23.116361">
        <ele>533.7</ele>
      </trkpt>
      <trkpt lat="46.37698" lon="23.117112">
        <ele>533.6</ele>
      </trkpt>
      <trkpt lat="46.377512" lon="23.117596">
        <ele>533.9</ele>
      </trkpt>
      <trkpt lat="46.37942" lon="23.119228">
        <ele>535.3</ele>
      </trkpt>
      <trkpt lat="46.379654" lon="23.119454">
        <ele>535.2</ele>
      </trkpt>
      <trkpt lat="46.37989" lon="23.119831">
        <ele>534.9</ele>
      </trkpt>
      <trkpt lat="46.380335" lon="23.12062">
        <ele>533.5</ele>
      </trkpt>
      <trkpt lat="46.38082" lon="23.121259">
        <ele>531.7</ele>
      </trkpt>
      <trkpt lat="46.381043" lon="23.121633">
        <ele>530.8</ele>
      </trkpt>
      <trkpt lat="46.381206" lon="23.121963">
        <ele>530.2</ele>
      </trkpt>
      <trkpt lat="46.381909" lon="23.124144">
        <ele>528.8</ele>
      </trkpt>
      <trkpt lat="46.382359" lon="23.12559">
        <ele>528.6</ele>
      </trkpt>
      <trkpt lat="46.382421" lon="23.125853">
        <ele>528.5</ele>
      </trkpt>
      <trkpt lat="46.38244" lon="23.126009">
        <ele>528.5</ele>
      </trkpt>
      <trkpt lat="46.382441" lon="23.126599">
        <ele>528.8</ele>
      </trkpt>
      <trkpt lat="46.382542" lon="23.127353">
        <ele>529.1</ele>
      </trkpt>
      <trkpt lat="46.382546" lon="23.127486">
        <ele>529.1</ele>
      </trkpt>
      <trkpt lat="46.382512" lon="23.127762">
        <ele>529</ele>
      </trkpt>
      <trkpt lat="46.3824" lon="23.12811">
        <ele>528.9</ele>
      </trkpt>
      <trkpt lat="46.381921" lon="23.129086">
        <ele>528.1</ele>
      </trkpt>
      <trkpt lat="46.381784" lon="23.129443">
        <ele>527.5</ele>
      </trkpt>
      <trkpt lat="46.381689" lon="23.129948">
        <ele>526.8</ele>
      </trkpt>
      <trkpt lat="46.381645" lon="23.130533">
        <ele>526.2</ele>
      </trkpt>
      <trkpt lat="46.381617" lon="23.131839">
        <ele>525.4</ele>
      </trkpt>
      <trkpt lat="46.38163" lon="23.132216">
        <ele>525.2</ele>
      </trkpt>
      <trkpt lat="46.381677" lon="23.132605">
        <ele>525.1</ele>
      </trkpt>
      <trkpt lat="46.381812" lon="23.133157">
        <ele>525.1</ele>
      </trkpt>
      <trkpt lat="46.38191" lon="23.133454">
        <ele>525.1</ele>
      </trkpt>
      <trkpt lat="46.382309" lon="23.134369">
        <ele>525.3</ele>
      </trkpt>
      <trkpt lat="46.3824" lon="23.134627">
        <ele>525.4</ele>
      </trkpt>
      <trkpt lat="46.382498" lon="23.135158">
        <ele>525.8</ele>
      </trkpt>
      <trkpt lat="46.382505" lon="23.13589">
        <ele>526.1</ele>
      </trkpt>
      <trkpt lat="46.382428" lon="23.136689">
        <ele>526</ele>
      </trkpt>
      <trkpt lat="46.38238" lon="23.136961">
        <ele>525.8</ele>
      </trkpt>
      <trkpt lat="46.382256" lon="23.137381">
        <ele>525.5</ele>
      </trkpt>
      <trkpt lat="46.381986" lon="23.137955">
        <ele>524.9</ele>
      </trkpt>
      <trkpt lat="46.381828" lon="23.138354">
        <ele>524.5</ele>
      </trkpt>
      <trkpt lat="46.381794" lon="23.138557">
        <ele>524.3</ele>
      </trkpt>
      <trkpt lat="46.381861" lon="23.140032">
        <ele>523.5</ele>
      </trkpt>
      <trkpt lat="46.381952" lon="23.142685">
        <ele>524.1</ele>
      </trkpt>
      <trkpt lat="46.381972" lon="23.143884">
        <ele>526</ele>
      </trkpt>
      <trkpt lat="46.381958" lon="23.144171">
        <ele>526.9</ele>
      </trkpt>
      <trkpt lat="46.381925" lon="23.144361">
        <ele>527.6</ele>
      </trkpt>
      <trkpt lat="46.381866" lon="23.144525">
        <ele>528.4</ele>
      </trkpt>
      <trkpt lat="46.381509" lon="23.145151">
        <ele>531.8</ele>
      </trkpt>
      <trkpt lat="46.381328" lon="23.145341">
        <ele>532.9</ele>
      </trkpt>
      <trkpt lat="46.381203" lon="23.14542">
        <ele>533.4</ele>
      </trkpt>
      <trkpt lat="46.380846" lon="23.145559">
        <ele>534.1</ele>
      </trkpt>
      <trkpt lat="46.38057" lon="23.145599">
        <ele>533.8</ele>
      </trkpt>
      <trkpt lat="46.379796" lon="23.145518">
        <ele>530.5</ele>
      </trkpt>
      <trkpt lat="46.379673" lon="23.145536">
        <ele>529.7</ele>
      </trkpt>
      <trkpt lat="46.379467" lon="23.145666">
        <ele>528.4</ele>
      </trkpt>
      <trkpt lat="46.379292" lon="23.145903">
        <ele>527.3</ele>
      </trkpt>
      <trkpt lat="46.378884" lon="23.146633">
        <ele>526.1</ele>
      </trkpt>
      <trkpt lat="46.378763" lon="23.14689">
        <ele>526.1</ele>
      </trkpt>
      <trkpt lat="46.37862" lon="23.147299">
        <ele>526.3</ele>
      </trkpt>
      <trkpt lat="46.378361" lon="23.148177">
        <ele>526.2</ele>
      </trkpt>
      <trkpt lat="46.378197" lon="23.148577">
        <ele>525.9</ele>
      </trkpt>
      <trkpt lat="46.378037" lon="23.148887">
        <ele>525.5</ele>
      </trkpt>
      <trkpt lat="46.377642" lon="23.14954">
        <ele>524.5</ele>
      </trkpt>
      <trkpt lat="46.377539" lon="23.14977">
        <ele>524.2</ele>
      </trkpt>
      <trkpt lat="46.377428" lon="23.15026">
        <ele>523.9</ele>
      </trkpt>
      <trkpt lat="46.377403" lon="23.150541">
        <ele>523.8</ele>
      </trkpt>
      <trkpt lat="46.377356" lon="23.151397">
        <ele>524</ele>
      </trkpt>
      <trkpt lat="46.37736" lon="23.151653">
        <ele>524</ele>
      </trkpt>
      <trkpt lat="46.377395" lon="23.151901">
        <ele>524</ele>
      </trkpt>
      <trkpt lat="46.37747" lon="23.152066">
        <ele>524</ele>
      </trkpt>
      <trkpt lat="46.377586" lon="23.152191">
        <ele>523.9</ele>
      </trkpt>
      <trkpt lat="46.378178" lon="23.152592">
        <ele>523.4</ele>
      </trkpt>
      <trkpt lat="46.378651" lon="23.153154">
        <ele>523.2</ele>
      </trkpt>
      <trkpt lat="46.379396" lon="23.154364">
        <ele>523.9</ele>
      </trkpt>
      <trkpt lat="46.380102" lon="23.155256">
        <ele>525.1</ele>
      </trkpt>
      <trkpt lat="46.380235" lon="23.155469">
        <ele>525.2</ele>
      </trkpt>
      <trkpt lat="46.380331" lon="23.155654">
        <ele>525.3</ele>
      </trkpt>
      <trkpt lat="46.380449" lon="23.15601">
        <ele>525.4</ele>
      </trkpt>
      <trkpt lat="46.380659" lon="23.156386">
        <ele>525.4</ele>
      </trkpt>
      <trkpt lat="46.380736" lon="23.156571">
        <ele>525.4</ele>
      </trkpt>
      <trkpt lat="46.380815" lon="23.156845">
        <ele>525.3</ele>
      </trkpt>
      <trkpt lat="46.380831" lon="23.156978">
        <ele>525.3</ele>
      </trkpt>
      <trkpt lat="46.380887" lon="23.157994">
        <ele>525.3</ele>
      </trkpt>
      <trkpt lat="46.380901" lon="23.158423">
        <ele>525.6</ele>
      </trkpt>
      <trkpt lat="46.380867" lon="23.159161">
        <ele>526.2</ele>
      </trkpt>
      <trkpt lat="46.380662" lon="23.160172">
        <ele>526.8</ele>
      </trkpt>
      <trkpt lat="46.380432" lon="23.160831">
        <ele>526.9</ele>
      </trkpt>
      <trkpt lat="46.38026" lon="23.161226">
        <ele>526.6</ele>
      </trkpt>
      <trkpt lat="46.379635" lon="23.162301">
        <ele>524.7</ele>
      </trkpt>
      <trkpt lat="46.379416" lon="23.162733">
        <ele>523.9</ele>
      </trkpt>
      <trkpt lat="46.378704" lon="23.164488">
        <ele>522.3</ele>
      </trkpt>
      <trkpt lat="46.378469" lon="23.164984">
        <ele>522.6</ele>
      </trkpt>
      <trkpt lat="46.378169" lon="23.165428">
        <ele>523.2</ele>
      </trkpt>
      <trkpt lat="46.377076" lon="23.166611">
        <ele>524.4</ele>
      </trkpt>
      <trkpt lat="46.376483" lon="23.167191">
        <ele>523.4</ele>
      </trkpt>
      <trkpt lat="46.376125" lon="23.167495">
        <ele>522.9</ele>
      </trkpt>
      <trkpt lat="46.37604" lon="23.167614">
        <ele>522.8</ele>
      </trkpt>
      <trkpt lat="46.375795" lon="23.168101">
        <ele>522.4</ele>
      </trkpt>
      <trkpt lat="46.37545" lon="23.168819">
        <ele>521.8</ele>
      </trkpt>
      <trkpt lat="46.375351" lon="23.1691">
        <ele>521.6</ele>
      </trkpt>
      <trkpt lat="46.374803" lon="23.171025">
        <ele>521.9</ele>
      </trkpt>
      <trkpt lat="46.374709" lon="23.171315">
        <ele>522.3</ele>
      </trkpt>
      <trkpt lat="46.37451" lon="23.171798">
        <ele>523.2</ele>
      </trkpt>
      <trkpt lat="46.374423" lon="23.172154">
        <ele>524</ele>
      </trkpt>
      <trkpt lat="46.374404" lon="23.172329">
        <ele>524.4</ele>
      </trkpt>
      <trkpt lat="46.374415" lon="23.172581">
        <ele>525</ele>
      </trkpt>
      <trkpt lat="46.374485" lon="23.173303">
        <ele>526.2</ele>
      </trkpt>
      <trkpt lat="46.374551" lon="23.173575">
        <ele>526.6</ele>
      </trkpt>
      <trkpt lat="46.374598" lon="23.173684">
        <ele>526.8</ele>
      </trkpt>
      <trkpt lat="46.374669" lon="23.173776">
        <ele>527</ele>
      </trkpt>
      <trkpt lat="46.374825" lon="23.173887">
        <ele>527.4</ele>
      </trkpt>
      <trkpt lat="46.37586" lon="23.174411">
        <ele>526.1</ele>
      </trkpt>
      <trkpt lat="46.376104" lon="23.17452">
        <ele>525.5</ele>
      </trkpt>
      <trkpt lat="46.376401" lon="23.174547">
        <ele>524.5</ele>
      </trkpt>
      <trkpt lat="46.37673" lon="23.174562">
        <ele>523.3</ele>
      </trkpt>
      <trkpt lat="46.377056" lon="23.17466">
        <ele>521.9</ele>
      </trkpt>
      <trkpt lat="46.377951" lon="23.175325">
        <ele>518.7</ele>
      </trkpt>
      <trkpt lat="46.378116" lon="23.175487">
        <ele>518.2</ele>
      </trkpt>
      <trkpt lat="46.378875" lon="23.176772">
        <ele>515.9</ele>
      </trkpt>
      <trkpt lat="46.379013" lon="23.177066">
        <ele>515.5</ele>
      </trkpt>
      <trkpt lat="46.37913" lon="23.17735">
        <ele>515.1</ele>
      </trkpt>
      <trkpt lat="46.379319" lon="23.177934">
        <ele>514.3</ele>
      </trkpt>
      <trkpt lat="46.379526" lon="23.178908">
        <ele>513.2</ele>
      </trkpt>
      <trkpt lat="46.37955" lon="23.179253">
        <ele>513</ele>
      </trkpt>
      <trkpt lat="46.379403" lon="23.179954">
        <ele>512.9</ele>
      </trkpt>
      <trkpt lat="46.37941" lon="23.180804">
        <ele>513.6</ele>
      </trkpt>
      <trkpt lat="46.379362" lon="23.181123">
        <ele>514</ele>
      </trkpt>
      <trkpt lat="46.379312" lon="23.181286">
        <ele>514.3</ele>
      </trkpt>
      <trkpt lat="46.379166" lon="23.181595">
        <ele>514.9</ele>
      </trkpt>
      <trkpt lat="46.379003" lon="23.181874">
        <ele>515.3</ele>
      </trkpt>
      <trkpt lat="46.378633" lon="23.182392">
        <ele>516</ele>
      </trkpt>
      <trkpt lat="46.378421" lon="23.182614">
        <ele>516.1</ele>
      </trkpt>
      <trkpt lat="46.377931" lon="23.182999">
        <ele>516</ele>
      </trkpt>
      <trkpt lat="46.37578" lon="23.184078">
        <ele>512.8</ele>
      </trkpt>
      <trkpt lat="46.375285" lon="23.184513">
        <ele>513.2</ele>
      </trkpt>
      <trkpt lat="46.374567" lon="23.185007">
        <ele>515.4</ele>
      </trkpt>
      <trkpt lat="46.374185" lon="23.185392">
        <ele>516.8</ele>
      </trkpt>
      <trkpt lat="46.374052" lon="23.185493">
        <ele>517.1</ele>
      </trkpt>
      <trkpt lat="46.373603" lon="23.185689">
        <ele>517.9</ele>
      </trkpt>
      <trkpt lat="46.373019" lon="23.186092">
        <ele>518.1</ele>
      </trkpt>
      <trkpt lat="46.372698" lon="23.186436">
        <ele>517.7</ele>
      </trkpt>
      <trkpt lat="46.372261" lon="23.187043">
        <ele>516.9</ele>
      </trkpt>
      <trkpt lat="46.371214" lon="23.188369">
        <ele>514.7</ele>
      </trkpt>
      <trkpt lat="46.371048" lon="23.188648">
        <ele>514.2</ele>
      </trkpt>
      <trkpt lat="46.37077" lon="23.189235">
        <ele>513.5</ele>
      </trkpt>
      <trkpt lat="46.370389" lon="23.19024">
        <ele>511.9</ele>
      </trkpt>
      <trkpt lat="46.370291" lon="23.190574">
        <ele>511.7</ele>
      </trkpt>
      <trkpt lat="46.370169" lon="23.191215">
        <ele>511.4</ele>
      </trkpt>
      <trkpt lat="46.370129" lon="23.191776">
        <ele>511</ele>
      </trkpt>
      <trkpt lat="46.370107" lon="23.192217">
        <ele>510.8</ele>
      </trkpt>
      <trkpt lat="46.370114" lon="23.192789">
        <ele>510.7</ele>
      </trkpt>
      <trkpt lat="46.370039" lon="23.193525">
        <ele>510.8</ele>
      </trkpt>
      <trkpt lat="46.370042" lon="23.194547">
        <ele>511.2</ele>
      </trkpt>
      <trkpt lat="46.369974" lon="23.195082">
        <ele>511.4</ele>
      </trkpt>
      <trkpt lat="46.369746" lon="23.196217">
        <ele>511.5</ele>
      </trkpt>
      <trkpt lat="46.369185" lon="23.199041">
        <ele>508.8</ele>
      </trkpt>
      <trkpt lat="46.368871" lon="23.200549">
        <ele>507.7</ele>
      </trkpt>
      <trkpt lat="46.36876" lon="23.201025">
        <ele>507.8</ele>
      </trkpt>
      <trkpt lat="46.368484" lon="23.201636">
        <ele>508.4</ele>
      </trkpt>
      <trkpt lat="46.368408" lon="23.201881">
        <ele>508.7</ele>
      </trkpt>
      <trkpt lat="46.368386" lon="23.202005">
        <ele>509</ele>
      </trkpt>
      <trkpt lat="46.368378" lon="23.202678">
        <ele>510.2</ele>
      </trkpt>
      <trkpt lat="46.368289" lon="23.203183">
        <ele>511.1</ele>
      </trkpt>
      <trkpt lat="46.368271" lon="23.203772">
        <ele>512</ele>
      </trkpt>
      <trkpt lat="46.368319" lon="23.204391">
        <ele>512.3</ele>
      </trkpt>
      <trkpt lat="46.368305" lon="23.204666">
        <ele>512.4</ele>
      </trkpt>
      <trkpt lat="46.368268" lon="23.205123">
        <ele>512.4</ele>
      </trkpt>
      <trkpt lat="46.368221" lon="23.205367">
        <ele>512.3</ele>
      </trkpt>
      <trkpt lat="46.368051" lon="23.205923">
        <ele>511.8</ele>
      </trkpt>
      <trkpt lat="46.368037" lon="23.206139">
        <ele>511.5</ele>
      </trkpt>
      <trkpt lat="46.368106" lon="23.20637">
        <ele>511.2</ele>
      </trkpt>
      <trkpt lat="46.368235" lon="23.206674">
        <ele>510.7</ele>
      </trkpt>
      <trkpt lat="46.36839" lon="23.206892">
        <ele>510.3</ele>
      </trkpt>
      <trkpt lat="46.368558" lon="23.207007">
        <ele>509.9</ele>
      </trkpt>
      <trkpt lat="46.368795" lon="23.207119">
        <ele>509.4</ele>
      </trkpt>
      <trkpt lat="46.369028" lon="23.207248">
        <ele>508.8</ele>
      </trkpt>
      <trkpt lat="46.369276" lon="23.207432">
        <ele>507.9</ele>
      </trkpt>
      <trkpt lat="46.369418" lon="23.207598">
        <ele>507.3</ele>
      </trkpt>
      <trkpt lat="46.369515" lon="23.207744">
        <ele>506.8</ele>
      </trkpt>
      <trkpt lat="46.369879" lon="23.208461">
        <ele>504.8</ele>
      </trkpt>
      <trkpt lat="46.370461" lon="23.20925">
        <ele>503.2</ele>
      </trkpt>
      <trkpt lat="46.370779" lon="23.209683">
        <ele>502.8</ele>
      </trkpt>
      <trkpt lat="46.371129" lon="23.210085">
        <ele>502.7</ele>
      </trkpt>
      <trkpt lat="46.371957" lon="23.210765">
        <ele>503.1</ele>
      </trkpt>
      <trkpt lat="46.372381" lon="23.211101">
        <ele>502.7</ele>
      </trkpt>
      <trkpt lat="46.372486" lon="23.211204">
        <ele>502.6</ele>
      </trkpt>
      <trkpt lat="46.372692" lon="23.211493">
        <ele>502.2</ele>
      </trkpt>
      <trkpt lat="46.373146" lon="23.212285">
        <ele>501.1</ele>
      </trkpt>
      <trkpt lat="46.373987" lon="23.213825">
        <ele>499.3</ele>
      </trkpt>
      <trkpt lat="46.374272" lon="23.214348">
        <ele>498.9</ele>
      </trkpt>
      <trkpt lat="46.375905" lon="23.217299">
        <ele>498</ele>
      </trkpt>
      <trkpt lat="46.378736" lon="23.222391">
        <ele>505.1</ele>
      </trkpt>
      <trkpt lat="46.378979" lon="23.222884">
        <ele>506.8</ele>
      </trkpt>
      <trkpt lat="46.379083" lon="23.223301">
        <ele>508.1</ele>
      </trkpt>
      <trkpt lat="46.379298" lon="23.224462">
        <ele>512.2</ele>
      </trkpt>
      <trkpt lat="46.379388" lon="23.224838">
        <ele>513.5</ele>
      </trkpt>
      <trkpt lat="46.379455" lon="23.224986">
        <ele>514</ele>
      </trkpt>
      <trkpt lat="46.379622" lon="23.225233">
        <ele>515</ele>
      </trkpt>
      <trkpt lat="46.380434" lon="23.225799">
        <ele>518.4</ele>
      </trkpt>
      <trkpt lat="46.380537" lon="23.225898">
        <ele>518.8</ele>
      </trkpt>
      <trkpt lat="46.380651" lon="23.226121">
        <ele>519.4</ele>
      </trkpt>
      <trkpt lat="46.380878" lon="23.226831">
        <ele>520.6</ele>
      </trkpt>
      <trkpt lat="46.381193" lon="23.227451">
        <ele>520.3</ele>
      </trkpt>
      <trkpt lat="46.381243" lon="23.227639">
        <ele>520.1</ele>
      </trkpt>
      <trkpt lat="46.381244" lon="23.227789">
        <ele>519.8</ele>
      </trkpt>
      <trkpt lat="46.381178" lon="23.228044">
        <ele>519.2</ele>
      </trkpt>
      <trkpt lat="46.380466" lon="23.229472">
        <ele>511.6</ele>
      </trkpt>
      <trkpt lat="46.380321" lon="23.229883">
        <ele>509.5</ele>
      </trkpt>
      <trkpt lat="46.380309" lon="23.230089">
        <ele>508.7</ele>
      </trkpt>
      <trkpt lat="46.380353" lon="23.230493">
        <ele>507.4</ele>
      </trkpt>
      <trkpt lat="46.380461" lon="23.230765">
        <ele>506.7</ele>
      </trkpt>
      <trkpt lat="46.380532" lon="23.230851">
        <ele>506.5</ele>
      </trkpt>
      <trkpt lat="46.380592" lon="23.230873">
        <ele>506.4</ele>
      </trkpt>
      <trkpt lat="46.380818" lon="23.230818">
        <ele>506</ele>
      </trkpt>
      <trkpt lat="46.381692" lon="23.230353">
        <ele>506</ele>
      </trkpt>
      <trkpt lat="46.382115" lon="23.230186">
        <ele>505.6</ele>
      </trkpt>
      <trkpt lat="46.382287" lon="23.230151">
        <ele>505.1</ele>
      </trkpt>
      <trkpt lat="46.382843" lon="23.230172">
        <ele>502.8</ele>
      </trkpt>
      <trkpt lat="46.3833" lon="23.230102">
        <ele>500.6</ele>
      </trkpt>
      <trkpt lat="46.383573" lon="23.23013">
        <ele>499.4</ele>
      </trkpt>
      <trkpt lat="46.383883" lon="23.230274">
        <ele>498.3</ele>
      </trkpt>
      <trkpt lat="46.383981" lon="23.230356">
        <ele>498</ele>
      </trkpt>
      <trkpt lat="46.38421" lon="23.230658">
        <ele>497.6</ele>
      </trkpt>
      <trkpt lat="46.384521" lon="23.231184">
        <ele>497.9</ele>
      </trkpt>
      <trkpt lat="46.384902" lon="23.231983">
        <ele>499.4</ele>
      </trkpt>
      <trkpt lat="46.385286" lon="23.232619">
        <ele>500.6</ele>
      </trkpt>
      <trkpt lat="46.385592" lon="23.233235">
        <ele>500.8</ele>
      </trkpt>
      <trkpt lat="46.385773" lon="23.233745">
        <ele>500.3</ele>
      </trkpt>
      <trkpt lat="46.385829" lon="23.234062">
        <ele>499.9</ele>
      </trkpt>
      <trkpt lat="46.385906" lon="23.234759">
        <ele>498.5</ele>
      </trkpt>
      <trkpt lat="46.385916" lon="23.235188">
        <ele>497.7</ele>
      </trkpt>
      <trkpt lat="46.385859" lon="23.236138">
        <ele>496.4</ele>
      </trkpt>
      <trkpt lat="46.385822" lon="23.237492">
        <ele>496.5</ele>
      </trkpt>
      <trkpt lat="46.385709" lon="23.238051">
        <ele>496.9</ele>
      </trkpt>
      <trkpt lat="46.385308" lon="23.239324">
        <ele>497.2</ele>
      </trkpt>
      <trkpt lat="46.385195" lon="23.23961">
        <ele>497.2</ele>
      </trkpt>
      <trkpt lat="46.385041" lon="23.239904">
        <ele>497.1</ele>
      </trkpt>
      <trkpt lat="46.383508" lon="23.24191">
        <ele>496.3</ele>
      </trkpt>
      <trkpt lat="46.383262" lon="23.242184">
        <ele>496</ele>
      </trkpt>
      <trkpt lat="46.382307" lon="23.243101">
        <ele>494.6</ele>
      </trkpt>
      <trkpt lat="46.381288" lon="23.244029">
        <ele>493.8</ele>
      </trkpt>
      <trkpt lat="46.381056" lon="23.244277">
        <ele>493.8</ele>
      </trkpt>
      <trkpt lat="46.38044" lon="23.245056">
        <ele>493.8</ele>
      </trkpt>
      <trkpt lat="46.380157" lon="23.245248">
        <ele>493.7</ele>
      </trkpt>
      <trkpt lat="46.379427" lon="23.245517">
        <ele>493.1</ele>
      </trkpt>
      <trkpt lat="46.379142" lon="23.245694">
        <ele>492.8</ele>
      </trkpt>
      <trkpt lat="46.378824" lon="23.246001">
        <ele>492.3</ele>
      </trkpt>
      <trkpt lat="46.378397" lon="23.246536">
        <ele>491.6</ele>
      </trkpt>
      <trkpt lat="46.37766" lon="23.247653">
        <ele>491.1</ele>
      </trkpt>
      <trkpt lat="46.377342" lon="23.248279">
        <ele>491.6</ele>
      </trkpt>
      <trkpt lat="46.377011" lon="23.248963">
        <ele>493</ele>
      </trkpt>
      <trkpt lat="46.376881" lon="23.249148">
        <ele>493.7</ele>
      </trkpt>
      <trkpt lat="46.376644" lon="23.249402">
        <ele>494.7</ele>
      </trkpt>
      <trkpt lat="46.375994" lon="23.250007">
        <ele>497.1</ele>
      </trkpt>
      <trkpt lat="46.375876" lon="23.250162">
        <ele>497.4</ele>
      </trkpt>
      <trkpt lat="46.375653" lon="23.250495">
        <ele>497.6</ele>
      </trkpt>
      <trkpt lat="46.374954" lon="23.25189">
        <ele>497.1</ele>
      </trkpt>
      <trkpt lat="46.374842" lon="23.252159">
        <ele>497.4</ele>
      </trkpt>
      <trkpt lat="46.374586" lon="23.252985">
        <ele>499.3</ele>
      </trkpt>
      <trkpt lat="46.37453" lon="23.253471">
        <ele>500.8</ele>
      </trkpt>
      <trkpt lat="46.374635" lon="23.254543">
        <ele>503.2</ele>
      </trkpt>
      <trkpt lat="46.374509" lon="23.255818">
        <ele>502.4</ele>
      </trkpt>
      <trkpt lat="46.374512" lon="23.256091">
        <ele>501.8</ele>
      </trkpt>
      <trkpt lat="46.374586" lon="23.256485">
        <ele>500.8</ele>
      </trkpt>
      <trkpt lat="46.374685" lon="23.256833">
        <ele>500</ele>
      </trkpt>
      <trkpt lat="46.374858" lon="23.257274">
        <ele>499.2</ele>
      </trkpt>
      <trkpt lat="46.37547" lon="23.258503">
        <ele>498.7</ele>
      </trkpt>
      <trkpt lat="46.376137" lon="23.259744">
        <ele>500</ele>
      </trkpt>
      <trkpt lat="46.376376" lon="23.260137">
        <ele>500.5</ele>
      </trkpt>
      <trkpt lat="46.376734" lon="23.261072">
        <ele>502.2</ele>
      </trkpt>
      <trkpt lat="46.376858" lon="23.261216">
        <ele>502.7</ele>
      </trkpt>
      <trkpt lat="46.376981" lon="23.261296">
        <ele>503.1</ele>
      </trkpt>
      <trkpt lat="46.377115" lon="23.261312">
        <ele>503.5</ele>
      </trkpt>
      <trkpt lat="46.377479" lon="23.261209">
        <ele>504.5</ele>
      </trkpt>
      <trkpt lat="46.378339" lon="23.260791">
        <ele>506.3</ele>
      </trkpt>
      <trkpt lat="46.378736" lon="23.260527">
        <ele>506.5</ele>
      </trkpt>
      <trkpt lat="46.378972" lon="23.260283">
        <ele>506.6</ele>
      </trkpt>
      <trkpt lat="46.379658" lon="23.259235">
        <ele>507.2</ele>
      </trkpt>
      <trkpt lat="46.379927" lon="23.258903">
        <ele>507.1</ele>
      </trkpt>
      <trkpt lat="46.380315" lon="23.258574">
        <ele>506.2</ele>
      </trkpt>
      <trkpt lat="46.380842" lon="23.258217">
        <ele>504</ele>
      </trkpt>
      <trkpt lat="46.381446" lon="23.257944">
        <ele>500.2</ele>
      </trkpt>
      <trkpt lat="46.381805" lon="23.257905">
        <ele>498</ele>
      </trkpt>
      <trkpt lat="46.381938" lon="23.257932">
        <ele>497.2</ele>
      </trkpt>
      <trkpt lat="46.382125" lon="23.25807">
        <ele>496.1</ele>
      </trkpt>
      <trkpt lat="46.382223" lon="23.25821">
        <ele>495.4</ele>
      </trkpt>
      <trkpt lat="46.382313" lon="23.258424">
        <ele>494.6</ele>
      </trkpt>
      <trkpt lat="46.382686" lon="23.259702">
        <ele>491.7</ele>
      </trkpt>
      <trkpt lat="46.382761" lon="23.260322">
        <ele>490.9</ele>
      </trkpt>
      <trkpt lat="46.382732" lon="23.260861">
        <ele>490.4</ele>
      </trkpt>
      <trkpt lat="46.382685" lon="23.261101">
        <ele>490.2</ele>
      </trkpt>
      <trkpt lat="46.382464" lon="23.261798">
        <ele>489.6</ele>
      </trkpt>
      <trkpt lat="46.3821" lon="23.262819">
        <ele>488.8</ele>
      </trkpt>
      <trkpt lat="46.381366" lon="23.26471">
        <ele>487.3</ele>
      </trkpt>
      <trkpt lat="46.381078" lon="23.265516">
        <ele>486.2</ele>
      </trkpt>
      <trkpt lat="46.380972" lon="23.265953">
        <ele>485.6</ele>
      </trkpt>
      <trkpt lat="46.380945" lon="23.266286">
        <ele>485.2</ele>
      </trkpt>
      <trkpt lat="46.380952" lon="23.26677">
        <ele>484.6</ele>
      </trkpt>
      <trkpt lat="46.380996" lon="23.267232">
        <ele>484.1</ele>
      </trkpt>
      <trkpt lat="46.38119" lon="23.269061">
        <ele>484</ele>
      </trkpt>
      <trkpt lat="46.381252" lon="23.26944">
        <ele>484.2</ele>
      </trkpt>
      <trkpt lat="46.38141" lon="23.269958">
        <ele>484.2</ele>
      </trkpt>
      <trkpt lat="46.381577" lon="23.270398">
        <ele>484.1</ele>
      </trkpt>
      <trkpt lat="46.382062" lon="23.271446">
        <ele>483.6</ele>
      </trkpt>
      <trkpt lat="46.382134" lon="23.271657">
        <ele>483.4</ele>
      </trkpt>
      <trkpt lat="46.382383" lon="23.272644">
        <ele>483.1</ele>
      </trkpt>
      <trkpt lat="46.382585" lon="23.273636">
        <ele>482.9</ele>
      </trkpt>
      <trkpt lat="46.382683" lon="23.274676">
        <ele>482.2</ele>
      </trkpt>
      <trkpt lat="46.382756" lon="23.275851">
        <ele>480.8</ele>
      </trkpt>
      <trkpt lat="46.382758" lon="23.277006">
        <ele>480.3</ele>
      </trkpt>
      <trkpt lat="46.382731" lon="23.277378">
        <ele>480.4</ele>
      </trkpt>
      <trkpt lat="46.382653" lon="23.277936">
        <ele>480.7</ele>
      </trkpt>
      <trkpt lat="46.382519" lon="23.278605">
        <ele>480.8</ele>
      </trkpt>
      <trkpt lat="46.382426" lon="23.278871">
        <ele>480.8</ele>
      </trkpt>
      <trkpt lat="46.382335" lon="23.279018">
        <ele>480.8</ele>
      </trkpt>
      <trkpt lat="46.382174" lon="23.279172">
        <ele>480.8</ele>
      </trkpt>
      <trkpt lat="46.3818" lon="23.279373">
        <ele>480.6</ele>
      </trkpt>
      <trkpt lat="46.381666" lon="23.279525">
        <ele>480.5</ele>
      </trkpt>
      <trkpt lat="46.381623" lon="23.279614">
        <ele>480.4</ele>
      </trkpt>
      <trkpt lat="46.381566" lon="23.279863">
        <ele>480.3</ele>
      </trkpt>
      <trkpt lat="46.381609" lon="23.280374">
        <ele>480.2</ele>
      </trkpt>
      <trkpt lat="46.38175" lon="23.280898">
        <ele>480.8</ele>
      </trkpt>
      <trkpt lat="46.381933" lon="23.281259">
        <ele>481.6</ele>
      </trkpt>
      <trkpt lat="46.382013" lon="23.28136">
        <ele>481.8</ele>
      </trkpt>
      <trkpt lat="46.382219" lon="23.281531">
        <ele>482.3</ele>
      </trkpt>
      <trkpt lat="46.382435" lon="23.281636">
        <ele>482.7</ele>
      </trkpt>
      <trkpt lat="46.382877" lon="23.28173">
        <ele>483.9</ele>
      </trkpt>
      <trkpt lat="46.383463" lon="23.281772">
        <ele>484.9</ele>
      </trkpt>
      <trkpt lat="46.383751" lon="23.28175">
        <ele>484.8</ele>
      </trkpt>
      <trkpt lat="46.384088" lon="23.281608">
        <ele>484.2</ele>
      </trkpt>
      <trkpt lat="46.38593" lon="23.280333">
        <ele>479.5</ele>
      </trkpt>
      <trkpt lat="46.386346" lon="23.280098">
        <ele>479.5</ele>
      </trkpt>
      <trkpt lat="46.386714" lon="23.279983">
        <ele>479.7</ele>
      </trkpt>
      <trkpt lat="46.386913" lon="23.279949">
        <ele>480</ele>
      </trkpt>
      <trkpt lat="46.387307" lon="23.27995">
        <ele>481.7</ele>
      </trkpt>
      <trkpt lat="46.387835" lon="23.280072">
        <ele>483.7</ele>
      </trkpt>
      <trkpt lat="46.388295" lon="23.280241">
        <ele>484.7</ele>
      </trkpt>
      <trkpt lat="46.38847" lon="23.28036">
        <ele>485</ele>
      </trkpt>
      <trkpt lat="46.388878" lon="23.280736">
        <ele>485.6</ele>
      </trkpt>
      <trkpt lat="46.389076" lon="23.280957">
        <ele>485.5</ele>
      </trkpt>
      <trkpt lat="46.389405" lon="23.281462">
        <ele>484</ele>
      </trkpt>
      <trkpt lat="46.389549" lon="23.281731">
        <ele>483</ele>
      </trkpt>
      <trkpt lat="46.389954" lon="23.28262">
        <ele>479.6</ele>
      </trkpt>
      <trkpt lat="46.390543" lon="23.283808">
        <ele>475.2</ele>
      </trkpt>
      <trkpt lat="46.390684" lon="23.284156">
        <ele>474.3</ele>
      </trkpt>
      <trkpt lat="46.39085" lon="23.284823">
        <ele>473.3</ele>
      </trkpt>
      <trkpt lat="46.391155" lon="23.286402">
        <ele>473.3</ele>
      </trkpt>
      <trkpt lat="46.391399" lon="23.288004">
        <ele>474.8</ele>
      </trkpt>
      <trkpt lat="46.391432" lon="23.288418">
        <ele>474.9</ele>
      </trkpt>
      <trkpt lat="46.39144" lon="23.288845">
        <ele>474.8</ele>
      </trkpt>
      <trkpt lat="46.391379" lon="23.289344">
        <ele>474.6</ele>
      </trkpt>
      <trkpt lat="46.391251" lon="23.289784">
        <ele>474.4</ele>
      </trkpt>
      <trkpt lat="46.390927" lon="23.290405">
        <ele>474.2</ele>
      </trkpt>
      <trkpt lat="46.390839" lon="23.290539">
        <ele>474.2</ele>
      </trkpt>
      <trkpt lat="46.390739" lon="23.290678">
        <ele>474.2</ele>
      </trkpt>
      <trkpt lat="46.390438" lon="23.29114">
        <ele>474.5</ele>
      </trkpt>
      <trkpt lat="46.390074" lon="23.292079">
        <ele>476.3</ele>
      </trkpt>
      <trkpt lat="46.389639" lon="23.293096">
        <ele>478</ele>
      </trkpt>
      <trkpt lat="46.389537" lon="23.293402">
        <ele>478.3</ele>
      </trkpt>
      <trkpt lat="46.389405" lon="23.293962">
        <ele>478.5</ele>
      </trkpt>
      <trkpt lat="46.38929" lon="23.294539">
        <ele>478.5</ele>
      </trkpt>
      <trkpt lat="46.389209" lon="23.295122">
        <ele>478</ele>
      </trkpt>
      <trkpt lat="46.389204" lon="23.295373">
        <ele>477.8</ele>
      </trkpt>
      <trkpt lat="46.389245" lon="23.296039">
        <ele>476.7</ele>
      </trkpt>
      <trkpt lat="46.389278" lon="23.296261">
        <ele>476.3</ele>
      </trkpt>
      <trkpt lat="46.389421" lon="23.296878">
        <ele>475.2</ele>
      </trkpt>
      <trkpt lat="46.389607" lon="23.297322">
        <ele>474.2</ele>
      </trkpt>
      <trkpt lat="46.389762" lon="23.297601">
        <ele>473.6</ele>
      </trkpt>
      <trkpt lat="46.390094" lon="23.298063">
        <ele>472.4</ele>
      </trkpt>
      <trkpt lat="46.390288" lon="23.298259">
        <ele>471.8</ele>
      </trkpt>
      <trkpt lat="46.391765" lon="23.299571">
        <ele>469.2</ele>
      </trkpt>
      <trkpt lat="46.392047" lon="23.29977">
        <ele>469</ele>
      </trkpt>
      <trkpt lat="46.392671" lon="23.29998">
        <ele>469.2</ele>
      </trkpt>
      <trkpt lat="46.392894" lon="23.30012">
        <ele>469.5</ele>
      </trkpt>
      <trkpt lat="46.393045" lon="23.300226">
        <ele>469.8</ele>
      </trkpt>
      <trkpt lat="46.393257" lon="23.300327">
        <ele>470.3</ele>
      </trkpt>
      <trkpt lat="46.393479" lon="23.300344">
        <ele>470.8</ele>
      </trkpt>
      <trkpt lat="46.393725" lon="23.300228">
        <ele>471.4</ele>
      </trkpt>
      <trkpt lat="46.394127" lon="23.299892">
        <ele>472.5</ele>
      </trkpt>
      <trkpt lat="46.394386" lon="23.299758">
        <ele>472.9</ele>
      </trkpt>
      <trkpt lat="46.394605" lon="23.299725">
        <ele>473</ele>
      </trkpt>
      <trkpt lat="46.394702" lon="23.299741">
        <ele>473</ele>
      </trkpt>
      <trkpt lat="46.394889" lon="23.299833">
        <ele>472.9</ele>
      </trkpt>
      <trkpt lat="46.394979" lon="23.299895">
        <ele>472.8</ele>
      </trkpt>
      <trkpt lat="46.395327" lon="23.300093">
        <ele>472.2</ele>
      </trkpt>
      <trkpt lat="46.395568" lon="23.300157">
        <ele>471.7</ele>
      </trkpt>
      <trkpt lat="46.396071" lon="23.30013">
        <ele>470.6</ele>
      </trkpt>
      <trkpt lat="46.396475" lon="23.300167">
        <ele>469.8</ele>
      </trkpt>
      <trkpt lat="46.397694" lon="23.30043">
        <ele>469.1</ele>
      </trkpt>
      <trkpt lat="46.398246" lon="23.300625">
        <ele>468.8</ele>
      </trkpt>
      <trkpt lat="46.399035" lon="23.301023">
        <ele>468.3</ele>
      </trkpt>
      <trkpt lat="46.399285" lon="23.301113">
        <ele>468.2</ele>
      </trkpt>
      <trkpt lat="46.400608" lon="23.301417">
        <ele>471.4</ele>
      </trkpt>
      <trkpt lat="46.401065" lon="23.3016">
        <ele>473.7</ele>
      </trkpt>
      <trkpt lat="46.401275" lon="23.301771">
        <ele>474.6</ele>
      </trkpt>
      <trkpt lat="46.401524" lon="23.302097">
        <ele>475.5</ele>
      </trkpt>
      <trkpt lat="46.401769" lon="23.30268">
        <ele>475.7</ele>
      </trkpt>
      <trkpt lat="46.401959" lon="23.303437">
        <ele>473.9</ele>
      </trkpt>
      <trkpt lat="46.402064" lon="23.304301">
        <ele>471.2</ele>
      </trkpt>
      <trkpt lat="46.402097" lon="23.304739">
        <ele>470.5</ele>
      </trkpt>
      <trkpt lat="46.402104" lon="23.305229">
        <ele>470.1</ele>
      </trkpt>
      <trkpt lat="46.402046" lon="23.305717">
        <ele>470.2</ele>
      </trkpt>
      <trkpt lat="46.401888" lon="23.306514">
        <ele>470.9</ele>
      </trkpt>
      <trkpt lat="46.401738" lon="23.307215">
        <ele>471.3</ele>
      </trkpt>
      <trkpt lat="46.40156" lon="23.307892">
        <ele>471.1</ele>
      </trkpt>
      <trkpt lat="46.401332" lon="23.308312">
        <ele>470.7</ele>
      </trkpt>
      <trkpt lat="46.399814" lon="23.310348">
        <ele>468.4</ele>
      </trkpt>
      <trkpt lat="46.399463" lon="23.310912">
        <ele>467.9</ele>
      </trkpt>
      <trkpt lat="46.398551" lon="23.312503">
        <ele>466.2</ele>
      </trkpt>
      <trkpt lat="46.397909" lon="23.313343">
        <ele>464.9</ele>
      </trkpt>
      <trkpt lat="46.397722" lon="23.313683">
        <ele>464.6</ele>
      </trkpt>
      <trkpt lat="46.397582" lon="23.314176">
        <ele>464.3</ele>
      </trkpt>
      <trkpt lat="46.397291" lon="23.315659">
        <ele>464.3</ele>
      </trkpt>
      <trkpt lat="46.397267" lon="23.316249">
        <ele>464.7</ele>
      </trkpt>
      <trkpt lat="46.397347" lon="23.316771">
        <ele>465.1</ele>
      </trkpt>
      <trkpt lat="46.397419" lon="23.317098">
        <ele>465.4</ele>
      </trkpt>
      <trkpt lat="46.397508" lon="23.317496">
        <ele>465.7</ele>
      </trkpt>
      <trkpt lat="46.397689" lon="23.318152">
        <ele>466.3</ele>
      </trkpt>
      <trkpt lat="46.397808" lon="23.318402">
        <ele>466.5</ele>
      </trkpt>
      <trkpt lat="46.397886" lon="23.318513">
        <ele>466.6</ele>
      </trkpt>
      <trkpt lat="46.398327" lon="23.319022">
        <ele>466.8</ele>
      </trkpt>
      <trkpt lat="46.398747" lon="23.319647">
        <ele>466.8</ele>
      </trkpt>
      <trkpt lat="46.398939" lon="23.319895">
        <ele>466.8</ele>
      </trkpt>
      <trkpt lat="46.399391" lon="23.320354">
        <ele>467.4</ele>
      </trkpt>
      <trkpt lat="46.399833" lon="23.320672">
        <ele>467.4</ele>
      </trkpt>
      <trkpt lat="46.400154" lon="23.320916">
        <ele>467.2</ele>
      </trkpt>
      <trkpt lat="46.400761" lon="23.321541">
        <ele>466.8</ele>
      </trkpt>
      <trkpt lat="46.401757" lon="23.322048">
        <ele>465.8</ele>
      </trkpt>
      <trkpt lat="46.401905" lon="23.322152">
        <ele>466.1</ele>
      </trkpt>
      <trkpt lat="46.402205" lon="23.322411">
        <ele>466.9</ele>
      </trkpt>
      <trkpt lat="46.40304" lon="23.323281">
        <ele>469.7</ele>
      </trkpt>
      <trkpt lat="46.403684" lon="23.324028">
        <ele>471.5</ele>
      </trkpt>
      <trkpt lat="46.404639" lon="23.325001">
        <ele>469.6</ele>
      </trkpt>
      <trkpt lat="46.404915" lon="23.325377">
        <ele>468.1</ele>
      </trkpt>
      <trkpt lat="46.405147" lon="23.325781">
        <ele>466.3</ele>
      </trkpt>
      <trkpt lat="46.40567" lon="23.326796">
        <ele>462.1</ele>
      </trkpt>
      <trkpt lat="46.406911" lon="23.329028">
        <ele>459.2</ele>
      </trkpt>
      <trkpt lat="46.407325" lon="23.329857">
        <ele>459</ele>
      </trkpt>
      <trkpt lat="46.407611" lon="23.330565">
        <ele>458.9</ele>
      </trkpt>
      <trkpt lat="46.407738" lon="23.330948">
        <ele>458.9</ele>
      </trkpt>
      <trkpt lat="46.407885" lon="23.331706">
        <ele>458.9</ele>
      </trkpt>
      <trkpt lat="46.407986" lon="23.332445">
        <ele>458.7</ele>
      </trkpt>
      <trkpt lat="46.407969" lon="23.332711">
        <ele>458.7</ele>
      </trkpt>
      <trkpt lat="46.40788" lon="23.332991">
        <ele>458.6</ele>
      </trkpt>
      <trkpt lat="46.407639" lon="23.333354">
        <ele>458.6</ele>
      </trkpt>
      <trkpt lat="46.40749" lon="23.333633">
        <ele>458.8</ele>
      </trkpt>
      <trkpt lat="46.407424" lon="23.333915">
        <ele>458.9</ele>
      </trkpt>
      <trkpt lat="46.407393" lon="23.334316">
        <ele>459.3</ele>
      </trkpt>
      <trkpt lat="46.407332" lon="23.334626">
        <ele>459.6</ele>
      </trkpt>
      <trkpt lat="46.407136" lon="23.335206">
        <ele>460.4</ele>
      </trkpt>
      <trkpt lat="46.406946" lon="23.335622">
        <ele>460.9</ele>
      </trkpt>
      <trkpt lat="46.406829" lon="23.335799">
        <ele>461.2</ele>
      </trkpt>
      <trkpt lat="46.406626" lon="23.336016">
        <ele>461.5</ele>
      </trkpt>
      <trkpt lat="46.405567" lon="23.336796">
        <ele>461</ele>
      </trkpt>
      <trkpt lat="46.405285" lon="23.33705">
        <ele>460.8</ele>
      </trkpt>
      <trkpt lat="46.405044" lon="23.337332">
        <ele>460.8</ele>
      </trkpt>
      <trkpt lat="46.404758" lon="23.337822">
        <ele>461.3</ele>
      </trkpt>
      <trkpt lat="46.404423" lon="23.338679">
        <ele>463</ele>
      </trkpt>
      <trkpt lat="46.404307" lon="23.339094">
        <ele>464.1</ele>
      </trkpt>
      <trkpt lat="46.40428" lon="23.339368">
        <ele>464.6</ele>
      </trkpt>
      <trkpt lat="46.404257" lon="23.340221">
        <ele>465.8</ele>
      </trkpt>
      <trkpt lat="46.404212" lon="23.340591">
        <ele>466</ele>
      </trkpt>
      <trkpt lat="46.404169" lon="23.340763">
        <ele>466.1</ele>
      </trkpt>
      <trkpt lat="46.404074" lon="23.341056">
        <ele>466</ele>
      </trkpt>
      <trkpt lat="46.403787" lon="23.341747">
        <ele>465.3</ele>
      </trkpt>
      <trkpt lat="46.403356" lon="23.342914">
        <ele>463.6</ele>
      </trkpt>
      <trkpt lat="46.403089" lon="23.343739">
        <ele>462.6</ele>
      </trkpt>
      <trkpt lat="46.402654" lon="23.345816">
        <ele>459.9</ele>
      </trkpt>
      <trkpt lat="46.402362" lon="23.347681">
        <ele>457.6</ele>
      </trkpt>
      <trkpt lat="46.40218" lon="23.348395">
        <ele>456.9</ele>
      </trkpt>
      <trkpt lat="46.402144" lon="23.34874">
        <ele>456.6</ele>
      </trkpt>
      <trkpt lat="46.40213" lon="23.349733">
        <ele>456.1</ele>
      </trkpt>
      <trkpt lat="46.402146" lon="23.350357">
        <ele>455.8</ele>
      </trkpt>
      <trkpt lat="46.402219" lon="23.350793">
        <ele>455.5</ele>
      </trkpt>
      <trkpt lat="46.402643" lon="23.352212">
        <ele>453.7</ele>
      </trkpt>
      <trkpt lat="46.403012" lon="23.353292">
        <ele>451.8</ele>
      </trkpt>
      <trkpt lat="46.403174" lon="23.353679">
        <ele>451.5</ele>
      </trkpt>
      <trkpt lat="46.403389" lon="23.354039">
        <ele>451.4</ele>
      </trkpt>
      <trkpt lat="46.40365" lon="23.354324">
        <ele>451.7</ele>
      </trkpt>
      <trkpt lat="46.404088" lon="23.354639">
        <ele>452.7</ele>
      </trkpt>
      <trkpt lat="46.404377" lon="23.354892">
        <ele>453.5</ele>
      </trkpt>
      <trkpt lat="46.404651" lon="23.355245">
        <ele>454.2</ele>
      </trkpt>
      <trkpt lat="46.404802" lon="23.355503">
        <ele>454.5</ele>
      </trkpt>
      <trkpt lat="46.404932" lon="23.355787">
        <ele>454.8</ele>
      </trkpt>
      <trkpt lat="46.405057" lon="23.356241">
        <ele>454.9</ele>
      </trkpt>
      <trkpt lat="46.405192" lon="23.356896">
        <ele>454.9</ele>
      </trkpt>
      <trkpt lat="46.406049" lon="23.358465">
        <ele>455.4</ele>
      </trkpt>
      <trkpt lat="46.40624" lon="23.358916">
        <ele>455.8</ele>
      </trkpt>
      <trkpt lat="46.406312" lon="23.359156">
        <ele>456</ele>
      </trkpt>
      <trkpt lat="46.406365" lon="23.359463">
        <ele>456.2</ele>
      </trkpt>
      <trkpt lat="46.406391" lon="23.360097">
        <ele>456.6</ele>
      </trkpt>
      <trkpt lat="46.406317" lon="23.360724">
        <ele>457</ele>
      </trkpt>
      <trkpt lat="46.406239" lon="23.361011">
        <ele>457.2</ele>
      </trkpt>
      <trkpt lat="46.4061" lon="23.361323">
        <ele>457.4</ele>
      </trkpt>
      <trkpt lat="46.405312" lon="23.362702">
        <ele>459.6</ele>
      </trkpt>
      <trkpt lat="46.405146" lon="23.362921">
        <ele>460.5</ele>
      </trkpt>
      <trkpt lat="46.404736" lon="23.363275">
        <ele>462.5</ele>
      </trkpt>
      <trkpt lat="46.404368" lon="23.363545">
        <ele>464.6</ele>
      </trkpt>
      <trkpt lat="46.404011" lon="23.363697">
        <ele>466.2</ele>
      </trkpt>
      <trkpt lat="46.403531" lon="23.363751">
        <ele>467.2</ele>
      </trkpt>
      <trkpt lat="46.40326" lon="23.363725">
        <ele>467.2</ele>
      </trkpt>
      <trkpt lat="46.402286" lon="23.363504">
        <ele>464.1</ele>
      </trkpt>
      <trkpt lat="46.401664" lon="23.363526">
        <ele>460.7</ele>
      </trkpt>
      <trkpt lat="46.401166" lon="23.363605">
        <ele>458.4</ele>
      </trkpt>
      <trkpt lat="46.400639" lon="23.363736">
        <ele>456.5</ele>
      </trkpt>
      <trkpt lat="46.400393" lon="23.363849">
        <ele>455.9</ele>
      </trkpt>
      <trkpt lat="46.400217" lon="23.364009">
        <ele>455.4</ele>
      </trkpt>
      <trkpt lat="46.399766" lon="23.364575">
        <ele>454.4</ele>
      </trkpt>
      <trkpt lat="46.399326" lon="23.365211">
        <ele>454.2</ele>
      </trkpt>
      <trkpt lat="46.399241" lon="23.365389">
        <ele>454.3</ele>
      </trkpt>
      <trkpt lat="46.399156" lon="23.365688">
        <ele>454.4</ele>
      </trkpt>
      <trkpt lat="46.399107" lon="23.366027">
        <ele>454.7</ele>
      </trkpt>
      <trkpt lat="46.398908" lon="23.366437">
        <ele>455.1</ele>
      </trkpt>
      <trkpt lat="46.398692" lon="23.367135">
        <ele>455.9</ele>
      </trkpt>
      <trkpt lat="46.398641" lon="23.367572">
        <ele>456.5</ele>
      </trkpt>
      <trkpt lat="46.39866" lon="23.369115">
        <ele>456.8</ele>
      </trkpt>
      <trkpt lat="46.398687" lon="23.369319">
        <ele>456.6</ele>
      </trkpt>
      <trkpt lat="46.398817" lon="23.369747">
        <ele>456.2</ele>
      </trkpt>
      <trkpt lat="46.399243" lon="23.370591">
        <ele>454.8</ele>
      </trkpt>
      <trkpt lat="46.399739" lon="23.371883">
        <ele>453.1</ele>
      </trkpt>
      <trkpt lat="46.40034" lon="23.373598">
        <ele>452.1</ele>
      </trkpt>
      <trkpt lat="46.400402" lon="23.374092">
        <ele>451.8</ele>
      </trkpt>
      <trkpt lat="46.40045" lon="23.375041">
        <ele>451.2</ele>
      </trkpt>
      <trkpt lat="46.400402" lon="23.376545">
        <ele>450.9</ele>
      </trkpt>
      <trkpt lat="46.400358" lon="23.377002">
        <ele>451.1</ele>
      </trkpt>
      <trkpt lat="46.400309" lon="23.37726">
        <ele>451.2</ele>
      </trkpt>
      <trkpt lat="46.399975" lon="23.378391">
        <ele>452.1</ele>
      </trkpt>
      <trkpt lat="46.399693" lon="23.37913">
        <ele>452.3</ele>
      </trkpt>
      <trkpt lat="46.399535" lon="23.379434">
        <ele>452.2</ele>
      </trkpt>
      <trkpt lat="46.398823" lon="23.380627">
        <ele>450.9</ele>
      </trkpt>
      <trkpt lat="46.397905" lon="23.382282">
        <ele>448.7</ele>
      </trkpt>
      <trkpt lat="46.397134" lon="23.383352">
        <ele>448.1</ele>
      </trkpt>
      <trkpt lat="46.396225" lon="23.384748">
        <ele>448.2</ele>
      </trkpt>
      <trkpt lat="46.395945" lon="23.385347">
        <ele>448.5</ele>
      </trkpt>
      <trkpt lat="46.395181" lon="23.38641">
        <ele>448.7</ele>
      </trkpt>
      <trkpt lat="46.395063" lon="23.386699">
        <ele>448.8</ele>
      </trkpt>
      <trkpt lat="46.394985" lon="23.386996">
        <ele>448.9</ele>
      </trkpt>
      <trkpt lat="46.394779" lon="23.387748">
        <ele>449</ele>
      </trkpt>
      <trkpt lat="46.394616" lon="23.388119">
        <ele>449</ele>
      </trkpt>
      <trkpt lat="46.394533" lon="23.388252">
        <ele>449</ele>
      </trkpt>
      <trkpt lat="46.393695" lon="23.389135">
        <ele>449.3</ele>
      </trkpt>
      <trkpt lat="46.392996" lon="23.39008">
        <ele>450.5</ele>
      </trkpt>
      <trkpt lat="46.392894" lon="23.39026">
        <ele>451</ele>
      </trkpt>
      <trkpt lat="46.392759" lon="23.39066">
        <ele>452</ele>
      </trkpt>
      <trkpt lat="46.392666" lon="23.391575">
        <ele>454.1</ele>
      </trkpt>
      <trkpt lat="46.392643" lon="23.391781">
        <ele>454.6</ele>
      </trkpt>
      <trkpt lat="46.392544" lon="23.392406">
        <ele>456.1</ele>
      </trkpt>
      <trkpt lat="46.39253" lon="23.392626">
        <ele>456.5</ele>
      </trkpt>
      <trkpt lat="46.392545" lon="23.393776">
        <ele>457.8</ele>
      </trkpt>
      <trkpt lat="46.392622" lon="23.394508">
        <ele>458.5</ele>
      </trkpt>
      <trkpt lat="46.392772" lon="23.395158">
        <ele>459</ele>
      </trkpt>
      <trkpt lat="46.392917" lon="23.395761">
        <ele>459.6</ele>
      </trkpt>
      <trkpt lat="46.393133" lon="23.396793">
        <ele>460.1</ele>
      </trkpt>
      <trkpt lat="46.39338" lon="23.398048">
        <ele>460.4</ele>
      </trkpt>
      <trkpt lat="46.393396" lon="23.398165">
        <ele>460.4</ele>
      </trkpt>
      <trkpt lat="46.393427" lon="23.399508">
        <ele>459.3</ele>
      </trkpt>
      <trkpt lat="46.393381" lon="23.400847">
        <ele>456.6</ele>
      </trkpt>
      <trkpt lat="46.393399" lon="23.401204">
        <ele>455.7</ele>
      </trkpt>
      <trkpt lat="46.393471" lon="23.401506">
        <ele>454.9</ele>
      </trkpt>
      <trkpt lat="46.393532" lon="23.40166">
        <ele>454.4</ele>
      </trkpt>
      <trkpt lat="46.393861" lon="23.402233">
        <ele>452.3</ele>
      </trkpt>
      <trkpt lat="46.394385" lon="23.403183">
        <ele>450.1</ele>
      </trkpt>
      <trkpt lat="46.395014" lon="23.404031">
        <ele>450.2</ele>
      </trkpt>
      <trkpt lat="46.395188" lon="23.404379">
        <ele>450.5</ele>
      </trkpt>
      <trkpt lat="46.395436" lon="23.405237">
        <ele>450.5</ele>
      </trkpt>
      <trkpt lat="46.395502" lon="23.405455">
        <ele>450.3</ele>
      </trkpt>
      <trkpt lat="46.395508" lon="23.405479">
        <ele>450.3</ele>
      </trkpt>
      <trkpt lat="46.395828" lon="23.406742">
        <ele>447.7</ele>
      </trkpt>
      <trkpt lat="46.396298" lon="23.408039">
        <ele>443.4</ele>
      </trkpt>
      <trkpt lat="46.396436" lon="23.409181">
        <ele>441</ele>
      </trkpt>
      <trkpt lat="46.396588" lon="23.40982">
        <ele>440.3</ele>
      </trkpt>
      <trkpt lat="46.396754" lon="23.410205">
        <ele>440.2</ele>
      </trkpt>
      <trkpt lat="46.397146" lon="23.410868">
        <ele>440.8</ele>
      </trkpt>
      <trkpt lat="46.39724" lon="23.411156">
        <ele>441.3</ele>
      </trkpt>
      <trkpt lat="46.397276" lon="23.411562">
        <ele>441.9</ele>
      </trkpt>
      <trkpt lat="46.397282" lon="23.412574">
        <ele>442.9</ele>
      </trkpt>
      <trkpt lat="46.39731" lon="23.412922">
        <ele>443</ele>
      </trkpt>
      <trkpt lat="46.39733" lon="23.413097">
        <ele>443</ele>
      </trkpt>
      <trkpt lat="46.39746" lon="23.414218">
        <ele>442.9</ele>
      </trkpt>
      <trkpt lat="46.397478" lon="23.415182">
        <ele>443.3</ele>
      </trkpt>
      <trkpt lat="46.397508" lon="23.415415">
        <ele>443.4</ele>
      </trkpt>
      <trkpt lat="46.397544" lon="23.415569">
        <ele>443.6</ele>
      </trkpt>
      <trkpt lat="46.397756" lon="23.416336">
        <ele>445.1</ele>
      </trkpt>
      <trkpt lat="46.397883" lon="23.417022">
        <ele>447.1</ele>
      </trkpt>
      <trkpt lat="46.398005" lon="23.417308">
        <ele>448.1</ele>
      </trkpt>
      <trkpt lat="46.398379" lon="23.417912">
        <ele>450</ele>
      </trkpt>
      <trkpt lat="46.398449" lon="23.418171">
        <ele>450.6</ele>
      </trkpt>
      <trkpt lat="46.398451" lon="23.418335">
        <ele>450.9</ele>
      </trkpt>
      <trkpt lat="46.398408" lon="23.418942">
        <ele>451.7</ele>
      </trkpt>
      <trkpt lat="46.398434" lon="23.419426">
        <ele>451.7</ele>
      </trkpt>
      <trkpt lat="46.39853" lon="23.419797">
        <ele>451.3</ele>
      </trkpt>
      <trkpt lat="46.398635" lon="23.420147">
        <ele>450.6</ele>
      </trkpt>
      <trkpt lat="46.398774" lon="23.420868">
        <ele>449.1</ele>
      </trkpt>
      <trkpt lat="46.398984" lon="23.421619">
        <ele>447.8</ele>
      </trkpt>
      <trkpt lat="46.399004" lon="23.421686">
        <ele>447.7</ele>
      </trkpt>
      <trkpt lat="46.399127" lon="23.42212">
        <ele>447.5</ele>
      </trkpt>
      <trkpt lat="46.399164" lon="23.422259">
        <ele>447.5</ele>
      </trkpt>
      <trkpt lat="46.399257" lon="23.422623">
        <ele>447.5</ele>
      </trkpt>
      <trkpt lat="46.399414" lon="23.423226">
        <ele>447.8</ele>
      </trkpt>
      <trkpt lat="46.399658" lon="23.423849">
        <ele>448.3</ele>
      </trkpt>
      <trkpt lat="46.399793" lon="23.424222">
        <ele>448.6</ele>
      </trkpt>
      <trkpt lat="46.399874" lon="23.424655">
        <ele>448.7</ele>
      </trkpt>
      <trkpt lat="46.400036" lon="23.425352">
        <ele>448.5</ele>
      </trkpt>
      <trkpt lat="46.400238" lon="23.426002">
        <ele>448.3</ele>
      </trkpt>
      <trkpt lat="46.4009" lon="23.428265">
        <ele>447.5</ele>
      </trkpt>
      <trkpt lat="46.400934" lon="23.428385">
        <ele>447.5</ele>
      </trkpt>
      <trkpt lat="46.401208" lon="23.42924">
        <ele>446.9</ele>
      </trkpt>
      <trkpt lat="46.401516" lon="23.429977">
        <ele>446.5</ele>
      </trkpt>
      <trkpt lat="46.402016" lon="23.431448">
        <ele>445.5</ele>
      </trkpt>
      <trkpt lat="46.402196" lon="23.431784">
        <ele>445</ele>
      </trkpt>
      <trkpt lat="46.402475" lon="23.432059">
        <ele>444.2</ele>
      </trkpt>
      <trkpt lat="46.402881" lon="23.432619">
        <ele>442.1</ele>
      </trkpt>
      <trkpt lat="46.403231" lon="23.433286">
        <ele>439.3</ele>
      </trkpt>
      <trkpt lat="46.403599" lon="23.434084">
        <ele>435.9</ele>
      </trkpt>
      <trkpt lat="46.40373" lon="23.434531">
        <ele>434.4</ele>
      </trkpt>
      <trkpt lat="46.403913" lon="23.43581">
        <ele>431.5</ele>
      </trkpt>
      <trkpt lat="46.403994" lon="23.436208">
        <ele>431</ele>
      </trkpt>
      <trkpt lat="46.404245" lon="23.436892">
        <ele>430.4</ele>
      </trkpt>
      <trkpt lat="46.404581" lon="23.437544">
        <ele>430.1</ele>
      </trkpt>
      <trkpt lat="46.404961" lon="23.438107">
        <ele>430.2</ele>
      </trkpt>
      <trkpt lat="46.405366" lon="23.438617">
        <ele>430.4</ele>
      </trkpt>
      <trkpt lat="46.405568" lon="23.438927">
        <ele>430.3</ele>
      </trkpt>
      <trkpt lat="46.405752" lon="23.439418">
        <ele>430.2</ele>
      </trkpt>
      <trkpt lat="46.405864" lon="23.440007">
        <ele>430.3</ele>
      </trkpt>
      <trkpt lat="46.406187" lon="23.442155">
        <ele>430.6</ele>
      </trkpt>
      <trkpt lat="46.406258" lon="23.442896">
        <ele>430.5</ele>
      </trkpt>
      <trkpt lat="46.406374" lon="23.444755">
        <ele>430.2</ele>
      </trkpt>
      <trkpt lat="46.40642" lon="23.445201">
        <ele>430.2</ele>
      </trkpt>
      <trkpt lat="46.406516" lon="23.445546">
        <ele>430.3</ele>
      </trkpt>
      <trkpt lat="46.406763" lon="23.446154">
        <ele>430.8</ele>
      </trkpt>
      <trkpt lat="46.40688" lon="23.446839">
        <ele>431.7</ele>
      </trkpt>
      <trkpt lat="46.406933" lon="23.447028">
        <ele>432</ele>
      </trkpt>
      <trkpt lat="46.407002" lon="23.447185">
        <ele>432.3</ele>
      </trkpt>
      <trkpt lat="46.40723" lon="23.447543">
        <ele>433</ele>
      </trkpt>
      <trkpt lat="46.407345" lon="23.447775">
        <ele>433.4</ele>
      </trkpt>
      <trkpt lat="46.407403" lon="23.44798">
        <ele>433.6</ele>
      </trkpt>
      <trkpt lat="46.407467" lon="23.448363">
        <ele>433.9</ele>
      </trkpt>
      <trkpt lat="46.407432" lon="23.448682">
        <ele>434.1</ele>
      </trkpt>
      <trkpt lat="46.407391" lon="23.448783">
        <ele>434.2</ele>
      </trkpt>
      <trkpt lat="46.407183" lon="23.449076">
        <ele>434.4</ele>
      </trkpt>
      <trkpt lat="46.407096" lon="23.449314">
        <ele>434.5</ele>
      </trkpt>
      <trkpt lat="46.40705" lon="23.450182">
        <ele>434.4</ele>
      </trkpt>
      <trkpt lat="46.407023" lon="23.450348">
        <ele>434.3</ele>
      </trkpt>
      <trkpt lat="46.406926" lon="23.45065">
        <ele>434.2</ele>
      </trkpt>
      <trkpt lat="46.406711" lon="23.451069">
        <ele>434.2</ele>
      </trkpt>
      <trkpt lat="46.405946" lon="23.452375">
        <ele>434.5</ele>
      </trkpt>
      <trkpt lat="46.405787" lon="23.452809">
        <ele>434.7</ele>
      </trkpt>
      <trkpt lat="46.405534" lon="23.453684">
        <ele>435.7</ele>
      </trkpt>
      <trkpt lat="46.404915" lon="23.454876">
        <ele>437.4</ele>
      </trkpt>
      <trkpt lat="46.404767" lon="23.455245">
        <ele>437.8</ele>
      </trkpt>
      <trkpt lat="46.404685" lon="23.455562">
        <ele>438</ele>
      </trkpt>
      <trkpt lat="46.404613" lon="23.456155">
        <ele>438.4</ele>
      </trkpt>
      <trkpt lat="46.404579" lon="23.457048">
        <ele>438.3</ele>
      </trkpt>
      <trkpt lat="46.4046" lon="23.457669">
        <ele>437.6</ele>
      </trkpt>
      <trkpt lat="46.404654" lon="23.458262">
        <ele>436.2</ele>
      </trkpt>
      <trkpt lat="46.404696" lon="23.45853">
        <ele>435.3</ele>
      </trkpt>
      <trkpt lat="46.404823" lon="23.458938">
        <ele>434</ele>
      </trkpt>
      <trkpt lat="46.405006" lon="23.459268">
        <ele>432.9</ele>
      </trkpt>
      <trkpt lat="46.405233" lon="23.459519">
        <ele>432.1</ele>
      </trkpt>
      <trkpt lat="46.405479" lon="23.459653">
        <ele>431.8</ele>
      </trkpt>
      <trkpt lat="46.40566" lon="23.459703">
        <ele>431.8</ele>
      </trkpt>
      <trkpt lat="46.40624" lon="23.459712">
        <ele>433.2</ele>
      </trkpt>
      <trkpt lat="46.406543" lon="23.4598">
        <ele>434.9</ele>
      </trkpt>
      <trkpt lat="46.406653" lon="23.459786">
        <ele>435.6</ele>
      </trkpt>
      <trkpt lat="46.406787" lon="23.459687">
        <ele>436.5</ele>
      </trkpt>
      <trkpt lat="46.407153" lon="23.459322">
        <ele>439.1</ele>
      </trkpt>
      <trkpt lat="46.407499" lon="23.459101">
        <ele>440.8</ele>
      </trkpt>
      <trkpt lat="46.409046" lon="23.458332">
        <ele>444.4</ele>
      </trkpt>
      <trkpt lat="46.409263" lon="23.458271">
        <ele>444.5</ele>
      </trkpt>
      <trkpt lat="46.409492" lon="23.458256">
        <ele>444.5</ele>
      </trkpt>
      <trkpt lat="46.409861" lon="23.458319">
        <ele>444.2</ele>
      </trkpt>
      <trkpt lat="46.410927" lon="23.458934">
        <ele>440.2</ele>
      </trkpt>
      <trkpt lat="46.411628" lon="23.459235">
        <ele>436.3</ele>
      </trkpt>
      <trkpt lat="46.413608" lon="23.459756">
        <ele>430.3</ele>
      </trkpt>
      <trkpt lat="46.414058" lon="23.459865">
        <ele>431.8</ele>
      </trkpt>
      <trkpt lat="46.414205" lon="23.459874">
        <ele>432.6</ele>
      </trkpt>
      <trkpt lat="46.414341" lon="23.459841">
        <ele>433.5</ele>
      </trkpt>
      <trkpt lat="46.414468" lon="23.459759">
        <ele>434.5</ele>
      </trkpt>
      <trkpt lat="46.414639" lon="23.459518">
        <ele>436.5</ele>
      </trkpt>
      <trkpt lat="46.414996" lon="23.458415">
        <ele>442.4</ele>
      </trkpt>
      <trkpt lat="46.415083" lon="23.458265">
        <ele>443</ele>
      </trkpt>
      <trkpt lat="46.415213" lon="23.458122">
        <ele>443.6</ele>
      </trkpt>
      <trkpt lat="46.41551" lon="23.457922">
        <ele>444.3</ele>
      </trkpt>
      <trkpt lat="46.416989" lon="23.457268">
        <ele>439.3</ele>
      </trkpt>
      <trkpt lat="46.417209" lon="23.457189">
        <ele>438.2</ele>
      </trkpt>
      <trkpt lat="46.417349" lon="23.457184">
        <ele>437.5</ele>
      </trkpt>
      <trkpt lat="46.417497" lon="23.457253">
        <ele>436.7</ele>
      </trkpt>
      <trkpt lat="46.417664" lon="23.457383">
        <ele>435.8</ele>
      </trkpt>
      <trkpt lat="46.417874" lon="23.457611">
        <ele>434.7</ele>
      </trkpt>
      <trkpt lat="46.418074" lon="23.45795">
        <ele>433.7</ele>
      </trkpt>
      <trkpt lat="46.418118" lon="23.45813">
        <ele>433.4</ele>
      </trkpt>
      <trkpt lat="46.418114" lon="23.458453">
        <ele>432.9</ele>
      </trkpt>
      <trkpt lat="46.418066" lon="23.458737">
        <ele>432.6</ele>
      </trkpt>
      <trkpt lat="46.417705" lon="23.460046">
        <ele>433.5</ele>
      </trkpt>
      <trkpt lat="46.417653" lon="23.460321">
        <ele>434.1</ele>
      </trkpt>
      <trkpt lat="46.417624" lon="23.460564">
        <ele>434.5</ele>
      </trkpt>
      <trkpt lat="46.417634" lon="23.460801">
        <ele>434.9</ele>
      </trkpt>
      <trkpt lat="46.41769" lon="23.461098">
        <ele>435.4</ele>
      </trkpt>
      <trkpt lat="46.417868" lon="23.461362">
        <ele>435.9</ele>
      </trkpt>
      <trkpt lat="46.418074" lon="23.461534">
        <ele>436.2</ele>
      </trkpt>
      <trkpt lat="46.418622" lon="23.461793">
        <ele>436.4</ele>
      </trkpt>
      <trkpt lat="46.418974" lon="23.461882">
        <ele>436.3</ele>
      </trkpt>
      <trkpt lat="46.419305" lon="23.461827">
        <ele>436</ele>
      </trkpt>
      <trkpt lat="46.419509" lon="23.461702">
        <ele>435.8</ele>
      </trkpt>
      <trkpt lat="46.419706" lon="23.461526">
        <ele>435.6</ele>
      </trkpt>
      <trkpt lat="46.420507" lon="23.460555">
        <ele>434</ele>
      </trkpt>
      <trkpt lat="46.420665" lon="23.460288">
        <ele>433.5</ele>
      </trkpt>
      <trkpt lat="46.420796" lon="23.459989">
        <ele>432.9</ele>
      </trkpt>
      <trkpt lat="46.422028" lon="23.456506">
        <ele>424.1</ele>
      </trkpt>
      <trkpt lat="46.422356" lon="23.455861">
        <ele>423.7</ele>
      </trkpt>
      <trkpt lat="46.422865" lon="23.455181">
        <ele>424.3</ele>
      </trkpt>
      <trkpt lat="46.423803" lon="23.454158">
        <ele>425.5</ele>
      </trkpt>
      <trkpt lat="46.424017" lon="23.453988">
        <ele>425.1</ele>
      </trkpt>
      <trkpt lat="46.424115" lon="23.453927">
        <ele>424.8</ele>
      </trkpt>
      <trkpt lat="46.424296" lon="23.453875">
        <ele>424.2</ele>
      </trkpt>
      <trkpt lat="46.424472" lon="23.453875">
        <ele>423.6</ele>
      </trkpt>
      <trkpt lat="46.425379" lon="23.454062">
        <ele>419.3</ele>
      </trkpt>
      <trkpt lat="46.425834" lon="23.454289">
        <ele>417.8</ele>
      </trkpt>
      <trkpt lat="46.426063" lon="23.454411">
        <ele>417.5</ele>
      </trkpt>
      <trkpt lat="46.426392" lon="23.454586">
        <ele>417.4</ele>
      </trkpt>
      <trkpt lat="46.426537" lon="23.454709">
        <ele>417.6</ele>
      </trkpt>
      <trkpt lat="46.42669" lon="23.454925">
        <ele>417.8</ele>
      </trkpt>
      <trkpt lat="46.426927" lon="23.455375">
        <ele>418.2</ele>
      </trkpt>
      <trkpt lat="46.427082" lon="23.455933">
        <ele>418.6</ele>
      </trkpt>
      <trkpt lat="46.427111" lon="23.456255">
        <ele>418.6</ele>
      </trkpt>
      <trkpt lat="46.427105" lon="23.456613">
        <ele>418.6</ele>
      </trkpt>
      <trkpt lat="46.427002" lon="23.458221">
        <ele>417.4</ele>
      </trkpt>
      <trkpt lat="46.426988" lon="23.459205">
        <ele>417.3</ele>
      </trkpt>
      <trkpt lat="46.427058" lon="23.459871">
        <ele>418.1</ele>
      </trkpt>
      <trkpt lat="46.427239" lon="23.460883">
        <ele>420.2</ele>
      </trkpt>
      <trkpt lat="46.427335" lon="23.461395">
        <ele>421.4</ele>
      </trkpt>
      <trkpt lat="46.427469" lon="23.461885">
        <ele>422.6</ele>
      </trkpt>
      <trkpt lat="46.427716" lon="23.4624">
        <ele>423.9</ele>
      </trkpt>
      <trkpt lat="46.427966" lon="23.462746">
        <ele>424.7</ele>
      </trkpt>
      <trkpt lat="46.42807" lon="23.462824">
        <ele>425</ele>
      </trkpt>
      <trkpt lat="46.428313" lon="23.462948">
        <ele>425.6</ele>
      </trkpt>
      <trkpt lat="46.428928" lon="23.462891">
        <ele>426.6</ele>
      </trkpt>
      <trkpt lat="46.429411" lon="23.462784">
        <ele>427.2</ele>
      </trkpt>
      <trkpt lat="46.430594" lon="23.462404">
        <ele>427.8</ele>
      </trkpt>
      <trkpt lat="46.43074" lon="23.462318">
        <ele>428</ele>
      </trkpt>
      <trkpt lat="46.431012" lon="23.462044">
        <ele>428.5</ele>
      </trkpt>
      <trkpt lat="46.431485" lon="23.461317">
        <ele>430.4</ele>
      </trkpt>
      <trkpt lat="46.432127" lon="23.460169">
        <ele>432.2</ele>
      </trkpt>
      <trkpt lat="46.432624" lon="23.459348">
        <ele>429.5</ele>
      </trkpt>
      <trkpt lat="46.432793" lon="23.459123">
        <ele>427.9</ele>
      </trkpt>
      <trkpt lat="46.43371" lon="23.458082">
        <ele>418.9</ele>
      </trkpt>
      <trkpt lat="46.433848" lon="23.457855">
        <ele>417.9</ele>
      </trkpt>
      <trkpt lat="46.434283" lon="23.456992">
        <ele>416.5</ele>
      </trkpt>
      <trkpt lat="46.434537" lon="23.456261">
        <ele>417.6</ele>
      </trkpt>
      <trkpt lat="46.435003" lon="23.455164">
        <ele>420.4</ele>
      </trkpt>
      <trkpt lat="46.435262" lon="23.45448">
        <ele>421</ele>
      </trkpt>
      <trkpt lat="46.435439" lon="23.454137">
        <ele>420.7</ele>
      </trkpt>
      <trkpt lat="46.435617" lon="23.45393">
        <ele>420.3</ele>
      </trkpt>
      <trkpt lat="46.436214" lon="23.453584">
        <ele>418.3</ele>
      </trkpt>
      <trkpt lat="46.436574" lon="23.453316">
        <ele>416.6</ele>
      </trkpt>
      <trkpt lat="46.437668" lon="23.452251">
        <ele>414.1</ele>
      </trkpt>
      <trkpt lat="46.437824" lon="23.452128">
        <ele>414</ele>
      </trkpt>
      <trkpt lat="46.437968" lon="23.452063">
        <ele>413.9</ele>
      </trkpt>
      <trkpt lat="46.438126" lon="23.452074">
        <ele>413.9</ele>
      </trkpt>
      <trkpt lat="46.438366" lon="23.452169">
        <ele>413.8</ele>
      </trkpt>
      <trkpt lat="46.439534" lon="23.453047">
        <ele>413</ele>
      </trkpt>
      <trkpt lat="46.44056" lon="23.453932">
        <ele>411.9</ele>
      </trkpt>
      <trkpt lat="46.441725" lon="23.454961">
        <ele>410.9</ele>
      </trkpt>
      <trkpt lat="46.441893" lon="23.455154">
        <ele>410.8</ele>
      </trkpt>
      <trkpt lat="46.44203" lon="23.455374">
        <ele>410.6</ele>
      </trkpt>
      <trkpt lat="46.442167" lon="23.455846">
        <ele>410.3</ele>
      </trkpt>
      <trkpt lat="46.44233" lon="23.456802">
        <ele>409.7</ele>
      </trkpt>
      <trkpt lat="46.442509" lon="23.457591">
        <ele>409.2</ele>
      </trkpt>
      <trkpt lat="46.443008" lon="23.458943">
        <ele>408.4</ele>
      </trkpt>
      <trkpt lat="46.443373" lon="23.460124">
        <ele>407.8</ele>
      </trkpt>
      <trkpt lat="46.44355" lon="23.460826">
        <ele>407.7</ele>
      </trkpt>
      <trkpt lat="46.443977" lon="23.46306">
        <ele>409.3</ele>
      </trkpt>
      <trkpt lat="46.444042" lon="23.463564">
        <ele>409.9</ele>
      </trkpt>
      <trkpt lat="46.444003" lon="23.464014">
        <ele>410.3</ele>
      </trkpt>
      <trkpt lat="46.443857" lon="23.464898">
        <ele>411</ele>
      </trkpt>
      <trkpt lat="46.443859" lon="23.465218">
        <ele>411.2</ele>
      </trkpt>
      <trkpt lat="46.443992" lon="23.465806">
        <ele>411.2</ele>
      </trkpt>
      <trkpt lat="46.444132" lon="23.46622">
        <ele>411</ele>
      </trkpt>
      <trkpt lat="46.444356" lon="23.466647">
        <ele>410.6</ele>
      </trkpt>
      <trkpt lat="46.44494" lon="23.467256">
        <ele>409.5</ele>
      </trkpt>
      <trkpt lat="46.44552" lon="23.468084">
        <ele>408.4</ele>
      </trkpt>
      <trkpt lat="46.445771" lon="23.468315">
        <ele>408.2</ele>
      </trkpt>
      <trkpt lat="46.445924" lon="23.468387">
        <ele>408.1</ele>
      </trkpt>
      <trkpt lat="46.44682" lon="23.468551">
        <ele>407.7</ele>
      </trkpt>
      <trkpt lat="46.447504" lon="23.468906">
        <ele>407.1</ele>
      </trkpt>
      <trkpt lat="46.448069" lon="23.469112">
        <ele>406.4</ele>
      </trkpt>
      <trkpt lat="46.448416" lon="23.4692">
        <ele>405.9</ele>
      </trkpt>
      <trkpt lat="46.448858" lon="23.46925">
        <ele>405.4</ele>
      </trkpt>
      <trkpt lat="46.449712" lon="23.469263">
        <ele>405</ele>
      </trkpt>
      <trkpt lat="46.450697" lon="23.469132">
        <ele>405.2</ele>
      </trkpt>
      <trkpt lat="46.451036" lon="23.469052">
        <ele>405.4</ele>
      </trkpt>
      <trkpt lat="46.451265" lon="23.468938">
        <ele>405.6</ele>
      </trkpt>
      <trkpt lat="46.452833" lon="23.467798">
        <ele>406.8</ele>
      </trkpt>
      <trkpt lat="46.453188" lon="23.467568">
        <ele>406.7</ele>
      </trkpt>
      <trkpt lat="46.453516" lon="23.46747">
        <ele>406.5</ele>
      </trkpt>
      <trkpt lat="46.453784" lon="23.467476">
        <ele>406.3</ele>
      </trkpt>
      <trkpt lat="46.454458" lon="23.467618">
        <ele>405.6</ele>
      </trkpt>
      <trkpt lat="46.454751" lon="23.467713">
        <ele>405.3</ele>
      </trkpt>
      <trkpt lat="46.455769" lon="23.468504">
        <ele>404.9</ele>
      </trkpt>
      <trkpt lat="46.457081" lon="23.469367">
        <ele>404.5</ele>
      </trkpt>
      <trkpt lat="46.457465" lon="23.469576">
        <ele>404.5</ele>
      </trkpt>
      <trkpt lat="46.458773" lon="23.47018">
        <ele>404.8</ele>
      </trkpt>
      <trkpt lat="46.459626" lon="23.470676">
        <ele>405.1</ele>
      </trkpt>
      <trkpt lat="46.460043" lon="23.470919">
        <ele>405.1</ele>
      </trkpt>
      <trkpt lat="46.460845" lon="23.471189">
        <ele>404.7</ele>
      </trkpt>
      <trkpt lat="46.461056" lon="23.471288">
        <ele>404.4</ele>
      </trkpt>
      <trkpt lat="46.461272" lon="23.471465">
        <ele>404.2</ele>
      </trkpt>
      <trkpt lat="46.461811" lon="23.472022">
        <ele>403.5</ele>
      </trkpt>
      <trkpt lat="46.462208" lon="23.472295">
        <ele>403.1</ele>
      </trkpt>
      <trkpt lat="46.462369" lon="23.472355">
        <ele>403</ele>
      </trkpt>
      <trkpt lat="46.463414" lon="23.472593">
        <ele>402.6</ele>
      </trkpt>
      <trkpt lat="46.46465" lon="23.472851">
        <ele>403</ele>
      </trkpt>
      <trkpt lat="46.465059" lon="23.473079">
        <ele>403.2</ele>
      </trkpt>
      <trkpt lat="46.465259" lon="23.473267">
        <ele>403.3</ele>
      </trkpt>
      <trkpt lat="46.465836" lon="23.474024">
        <ele>403.5</ele>
      </trkpt>
      <trkpt lat="46.46597" lon="23.474165">
        <ele>403.5</ele>
      </trkpt>
      <trkpt lat="46.466116" lon="23.474291">
        <ele>403.5</ele>
      </trkpt>
      <trkpt lat="46.466933" lon="23.474837">
        <ele>403.4</ele>
      </trkpt>
      <trkpt lat="46.468044" lon="23.47571">
        <ele>402.7</ele>
      </trkpt>
      <trkpt lat="46.468255" lon="23.475952">
        <ele>402.5</ele>
      </trkpt>
      <trkpt lat="46.46837" lon="23.476144">
        <ele>402.4</ele>
      </trkpt>
      <trkpt lat="46.468528" lon="23.4766">
        <ele>402.2</ele>
      </trkpt>
      <trkpt lat="46.468573" lon="23.476794">
        <ele>402.2</ele>
      </trkpt>
      <trkpt lat="46.468597" lon="23.476961">
        <ele>402.2</ele>
      </trkpt>
      <trkpt lat="46.468615" lon="23.477189">
        <ele>402.2</ele>
      </trkpt>
      <trkpt lat="46.46866" lon="23.477911">
        <ele>402.3</ele>
      </trkpt>
      <trkpt lat="46.468814" lon="23.480192">
        <ele>403.5</ele>
      </trkpt>
      <trkpt lat="46.468806" lon="23.480351">
        <ele>403.5</ele>
      </trkpt>
      <trkpt lat="46.468726" lon="23.48074">
        <ele>403.7</ele>
      </trkpt>
      <trkpt lat="46.468723" lon="23.480844">
        <ele>403.7</ele>
      </trkpt>
      <trkpt lat="46.46894" lon="23.481816">
        <ele>403.8</ele>
      </trkpt>
      <trkpt lat="46.468982" lon="23.48221">
        <ele>403.9</ele>
      </trkpt>
      <trkpt lat="46.468971" lon="23.48284">
        <ele>403.9</ele>
      </trkpt>
      <trkpt lat="46.468998" lon="23.483288">
        <ele>403.9</ele>
      </trkpt>
      <trkpt lat="46.469028" lon="23.483438">
        <ele>404</ele>
      </trkpt>
      <trkpt lat="46.469376" lon="23.484542">
        <ele>404.1</ele>
      </trkpt>
      <trkpt lat="46.469712" lon="23.485371">
        <ele>404.2</ele>
      </trkpt>
      <trkpt lat="46.470707" lon="23.487467">
        <ele>403.7</ele>
      </trkpt>
      <trkpt lat="46.471156" lon="23.488565">
        <ele>403.8</ele>
      </trkpt>
      <trkpt lat="46.471447" lon="23.489058">
        <ele>403.9</ele>
      </trkpt>
      <trkpt lat="46.471661" lon="23.48933">
        <ele>403.8</ele>
      </trkpt>
      <trkpt lat="46.47262" lon="23.490378">
        <ele>403.7</ele>
      </trkpt>
      <trkpt lat="46.472946" lon="23.4907">
        <ele>403.9</ele>
      </trkpt>
      <trkpt lat="46.474206" lon="23.49152">
        <ele>405.2</ele>
      </trkpt>
      <trkpt lat="46.474542" lon="23.491792">
        <ele>405.2</ele>
      </trkpt>
      <trkpt lat="46.474905" lon="23.492229">
        <ele>404.8</ele>
      </trkpt>
      <trkpt lat="46.47509" lon="23.492532">
        <ele>404.5</ele>
      </trkpt>
      <trkpt lat="46.475156" lon="23.49269">
        <ele>404.3</ele>
      </trkpt>
      <trkpt lat="46.475408" lon="23.493758">
        <ele>403.5</ele>
      </trkpt>
      <trkpt lat="46.475837" lon="23.494917">
        <ele>403.9</ele>
      </trkpt>
      <trkpt lat="46.4761" lon="23.495768">
        <ele>404.4</ele>
      </trkpt>
      <trkpt lat="46.476223" lon="23.496242">
        <ele>404.6</ele>
      </trkpt>
      <trkpt lat="46.476324" lon="23.496837">
        <ele>404.7</ele>
      </trkpt>
      <trkpt lat="46.476355" lon="23.497201">
        <ele>404.7</ele>
      </trkpt>
      <trkpt lat="46.476363" lon="23.497725">
        <ele>404.6</ele>
      </trkpt>
      <trkpt lat="46.47632" lon="23.498476">
        <ele>404.2</ele>
      </trkpt>
      <trkpt lat="46.476217" lon="23.499177">
        <ele>403.7</ele>
      </trkpt>
      <trkpt lat="46.475926" lon="23.500656">
        <ele>401.2</ele>
      </trkpt>
      <trkpt lat="46.475864" lon="23.501153">
        <ele>400.2</ele>
      </trkpt>
      <trkpt lat="46.475855" lon="23.501397">
        <ele>399.8</ele>
      </trkpt>
      <trkpt lat="46.475902" lon="23.501926">
        <ele>398.9</ele>
      </trkpt>
      <trkpt lat="46.476098" lon="23.503101">
        <ele>397.5</ele>
      </trkpt>
      <trkpt lat="46.476276" lon="23.503967">
        <ele>397.1</ele>
      </trkpt>
      <trkpt lat="46.476351" lon="23.50424">
        <ele>397.1</ele>
      </trkpt>
      <trkpt lat="46.476928" lon="23.505704">
        <ele>397.6</ele>
      </trkpt>
      <trkpt lat="46.477169" lon="23.506191">
        <ele>398</ele>
      </trkpt>
      <trkpt lat="46.477404" lon="23.506557">
        <ele>398.2</ele>
      </trkpt>
      <trkpt lat="46.477909" lon="23.507141">
        <ele>398.5</ele>
      </trkpt>
      <trkpt lat="46.478317" lon="23.507517">
        <ele>398.4</ele>
      </trkpt>
      <trkpt lat="46.478431" lon="23.507584">
        <ele>398.4</ele>
      </trkpt>
      <trkpt lat="46.478732" lon="23.507695">
        <ele>398.1</ele>
      </trkpt>
      <trkpt lat="46.479085" lon="23.507736">
        <ele>397.7</ele>
      </trkpt>
      <trkpt lat="46.479778" lon="23.507614">
        <ele>397.6</ele>
      </trkpt>
      <trkpt lat="46.479907" lon="23.50762">
        <ele>397.7</ele>
      </trkpt>
      <trkpt lat="46.480204" lon="23.507742">
        <ele>398</ele>
      </trkpt>
      <trkpt lat="46.480345" lon="23.507852">
        <ele>398.3</ele>
      </trkpt>
      <trkpt lat="46.480838" lon="23.508315">
        <ele>399.7</ele>
      </trkpt>
      <trkpt lat="46.480975" lon="23.508489">
        <ele>400.2</ele>
      </trkpt>
      <trkpt lat="46.481317" lon="23.509031">
        <ele>401.2</ele>
      </trkpt>
      <trkpt lat="46.482068" lon="23.509857">
        <ele>401</ele>
      </trkpt>
      <trkpt lat="46.482158" lon="23.510028">
        <ele>400.6</ele>
      </trkpt>
      <trkpt lat="46.482621" lon="23.511252">
        <ele>398.5</ele>
      </trkpt>
      <trkpt lat="46.48329" lon="23.512505">
        <ele>397.7</ele>
      </trkpt>
      <trkpt lat="46.483431" lon="23.512717">
        <ele>397.8</ele>
      </trkpt>
      <trkpt lat="46.483937" lon="23.513291">
        <ele>398.1</ele>
      </trkpt>
      <trkpt lat="46.484062" lon="23.513534">
        <ele>398.2</ele>
      </trkpt>
      <trkpt lat="46.484214" lon="23.514075">
        <ele>398.2</ele>
      </trkpt>
      <trkpt lat="46.484546" lon="23.51494">
        <ele>397.8</ele>
      </trkpt>
      <trkpt lat="46.484594" lon="23.515126">
        <ele>397.7</ele>
      </trkpt>
      <trkpt lat="46.48466" lon="23.515818">
        <ele>397.4</ele>
      </trkpt>
      <trkpt lat="46.484718" lon="23.516058">
        <ele>397.3</ele>
      </trkpt>
      <trkpt lat="46.4849" lon="23.516392">
        <ele>397.2</ele>
      </trkpt>
      <trkpt lat="46.485184" lon="23.516823">
        <ele>396.9</ele>
      </trkpt>
      <trkpt lat="46.485281" lon="23.517111">
        <ele>396.7</ele>
      </trkpt>
      <trkpt lat="46.485303" lon="23.517263">
        <ele>396.6</ele>
      </trkpt>
      <trkpt lat="46.485308" lon="23.517633">
        <ele>396.2</ele>
      </trkpt>
      <trkpt lat="46.485263" lon="23.518853">
        <ele>394.7</ele>
      </trkpt>
      <trkpt lat="46.485272" lon="23.519192">
        <ele>394.3</ele>
      </trkpt>
      <trkpt lat="46.485431" lon="23.519854">
        <ele>394.1</ele>
      </trkpt>
      <trkpt lat="46.48581" lon="23.520958">
        <ele>394.4</ele>
      </trkpt>
      <trkpt lat="46.485856" lon="23.521149">
        <ele>394.5</ele>
      </trkpt>
      <trkpt lat="46.485969" lon="23.52196">
        <ele>394.7</ele>
      </trkpt>
      <trkpt lat="46.486013" lon="23.52212">
        <ele>394.7</ele>
      </trkpt>
      <trkpt lat="46.4862" lon="23.52254">
        <ele>394.6</ele>
      </trkpt>
      <trkpt lat="46.48658" lon="23.523338">
        <ele>394.4</ele>
      </trkpt>
      <trkpt lat="46.48674" lon="23.52388">
        <ele>394.4</ele>
      </trkpt>
      <trkpt lat="46.486883" lon="23.524618">
        <ele>394.5</ele>
      </trkpt>
      <trkpt lat="46.486979" lon="23.524871">
        <ele>394.7</ele>
      </trkpt>
      <trkpt lat="46.487155" lon="23.525093">
        <ele>394.9</ele>
      </trkpt>
      <trkpt lat="46.487278" lon="23.52519">
        <ele>395.1</ele>
      </trkpt>
      <trkpt lat="46.487936" lon="23.525543">
        <ele>395.8</ele>
      </trkpt>
      <trkpt lat="46.488096" lon="23.525668">
        <ele>395.9</ele>
      </trkpt>
      <trkpt lat="46.488556" lon="23.52624">
        <ele>396.1</ele>
      </trkpt>
      <trkpt lat="46.488754" lon="23.526628">
        <ele>396.1</ele>
      </trkpt>
      <trkpt lat="46.489046" lon="23.527487">
        <ele>395.8</ele>
      </trkpt>
      <trkpt lat="46.489743" lon="23.529542">
        <ele>395.9</ele>
      </trkpt>
      <trkpt lat="46.489862" lon="23.529762">
        <ele>396</ele>
      </trkpt>
      <trkpt lat="46.490169" lon="23.530186">
        <ele>396.1</ele>
      </trkpt>
      <trkpt lat="46.490392" lon="23.530423">
        <ele>396.2</ele>
      </trkpt>
      <trkpt lat="46.490616" lon="23.530542">
        <ele>396.3</ele>
      </trkpt>
      <trkpt lat="46.490886" lon="23.530612">
        <ele>396.5</ele>
      </trkpt>
      <trkpt lat="46.491386" lon="23.530637">
        <ele>397.2</ele>
      </trkpt>
      <trkpt lat="46.491645" lon="23.530605">
        <ele>397.7</ele>
      </trkpt>
      <trkpt lat="46.491909" lon="23.53048">
        <ele>398.3</ele>
      </trkpt>
      <trkpt lat="46.492423" lon="23.53008">
        <ele>400.1</ele>
      </trkpt>
      <trkpt lat="46.492796" lon="23.529842">
        <ele>401.4</ele>
      </trkpt>
      <trkpt lat="46.494442" lon="23.529246">
        <ele>403.1</ele>
      </trkpt>
      <trkpt lat="46.494706" lon="23.529175">
        <ele>402.3</ele>
      </trkpt>
      <trkpt lat="46.495005" lon="23.529158">
        <ele>400.9</ele>
      </trkpt>
      <trkpt lat="46.495551" lon="23.529274">
        <ele>397.7</ele>
      </trkpt>
      <trkpt lat="46.495911" lon="23.529388">
        <ele>395.3</ele>
      </trkpt>
      <trkpt lat="46.496461" lon="23.529614">
        <ele>392.5</ele>
      </trkpt>
      <trkpt lat="46.496789" lon="23.52968">
        <ele>391.6</ele>
      </trkpt>
      <trkpt lat="46.496968" lon="23.529666">
        <ele>391.3</ele>
      </trkpt>
      <trkpt lat="46.497205" lon="23.52959">
        <ele>391.2</ele>
      </trkpt>
      <trkpt lat="46.497365" lon="23.529493">
        <ele>391.2</ele>
      </trkpt>
      <trkpt lat="46.497776" lon="23.529019">
        <ele>391.9</ele>
      </trkpt>
      <trkpt lat="46.497967" lon="23.528899">
        <ele>392.4</ele>
      </trkpt>
      <trkpt lat="46.498401" lon="23.52881">
        <ele>393.4</ele>
      </trkpt>
      <trkpt lat="46.499021" lon="23.528894">
        <ele>394.3</ele>
      </trkpt>
      <trkpt lat="46.499635" lon="23.529019">
        <ele>393.9</ele>
      </trkpt>
      <trkpt lat="46.499764" lon="23.529067">
        <ele>393.8</ele>
      </trkpt>
      <trkpt lat="46.499918" lon="23.529182">
        <ele>393.7</ele>
      </trkpt>
      <trkpt lat="46.500095" lon="23.529432">
        <ele>393.5</ele>
      </trkpt>
      <trkpt lat="46.50018" lon="23.529651">
        <ele>393.3</ele>
      </trkpt>
      <trkpt lat="46.500231" lon="23.529928">
        <ele>393.1</ele>
      </trkpt>
      <trkpt lat="46.500237" lon="23.530757">
        <ele>392.1</ele>
      </trkpt>
      <trkpt lat="46.50027" lon="23.531299">
        <ele>391.4</ele>
      </trkpt>
      <trkpt lat="46.500242" lon="23.531691">
        <ele>390.9</ele>
      </trkpt>
      <trkpt lat="46.500152" lon="23.532062">
        <ele>390.1</ele>
      </trkpt>
      <trkpt lat="46.499711" lon="23.533393">
        <ele>387.2</ele>
      </trkpt>
      <trkpt lat="46.499243" lon="23.53517">
        <ele>386.9</ele>
      </trkpt>
      <trkpt lat="46.499045" lon="23.536371">
        <ele>388</ele>
      </trkpt>
      <trkpt lat="46.499023" lon="23.536921">
        <ele>388.4</ele>
      </trkpt>
      <trkpt lat="46.499064" lon="23.537201">
        <ele>388.5</ele>
      </trkpt>
      <trkpt lat="46.499224" lon="23.537784">
        <ele>388.6</ele>
      </trkpt>
      <trkpt lat="46.499849" lon="23.539492">
        <ele>386.4</ele>
      </trkpt>
      <trkpt lat="46.499975" lon="23.539704">
        <ele>385.7</ele>
      </trkpt>
      <trkpt lat="46.500721" lon="23.540529">
        <ele>383.5</ele>
      </trkpt>
      <trkpt lat="46.502314" lon="23.542408">
        <ele>386</ele>
      </trkpt>
      <trkpt lat="46.502414" lon="23.542545">
        <ele>386.1</ele>
      </trkpt>
      <trkpt lat="46.503048" lon="23.54364">
        <ele>386.7</ele>
      </trkpt>
      <trkpt lat="46.503872" lon="23.545775">
        <ele>386.2</ele>
      </trkpt>
      <trkpt lat="46.503946" lon="23.546078">
        <ele>386.2</ele>
      </trkpt>
      <trkpt lat="46.504142" lon="23.547273">
        <ele>386.3</ele>
      </trkpt>
      <trkpt lat="46.50417" lon="23.547662">
        <ele>386.2</ele>
      </trkpt>
      <trkpt lat="46.50412" lon="23.548086">
        <ele>385.9</ele>
      </trkpt>
      <trkpt lat="46.504074" lon="23.548298">
        <ele>385.7</ele>
      </trkpt>
      <trkpt lat="46.503931" lon="23.548641">
        <ele>385.3</ele>
      </trkpt>
      <trkpt lat="46.503761" lon="23.548938">
        <ele>384.8</ele>
      </trkpt>
      <trkpt lat="46.503633" lon="23.549274">
        <ele>384.3</ele>
      </trkpt>
      <trkpt lat="46.50332" lon="23.550849">
        <ele>382.6</ele>
      </trkpt>
      <trkpt lat="46.502948" lon="23.553809">
        <ele>380.8</ele>
      </trkpt>
      <trkpt lat="46.502931" lon="23.554107">
        <ele>380.6</ele>
      </trkpt>
      <trkpt lat="46.502946" lon="23.55444">
        <ele>380.5</ele>
      </trkpt>
      <trkpt lat="46.503202" lon="23.556652">
        <ele>379.6</ele>
      </trkpt>
      <trkpt lat="46.503183" lon="23.55686">
        <ele>379.6</ele>
      </trkpt>
      <trkpt lat="46.503109" lon="23.557173">
        <ele>379.5</ele>
      </trkpt>
      <trkpt lat="46.503136" lon="23.55738">
        <ele>379.5</ele>
      </trkpt>
      <trkpt lat="46.503747" lon="23.558176">
        <ele>379.7</ele>
      </trkpt>
      <trkpt lat="46.504168" lon="23.558781">
        <ele>380.4</ele>
      </trkpt>
      <trkpt lat="46.504464" lon="23.559098">
        <ele>380.8</ele>
      </trkpt>
      <trkpt lat="46.504859" lon="23.559411">
        <ele>381.2</ele>
      </trkpt>
      <trkpt lat="46.505248" lon="23.559617">
        <ele>381.2</ele>
      </trkpt>
      <trkpt lat="46.506158" lon="23.559954">
        <ele>380.3</ele>
      </trkpt>
      <trkpt lat="46.506629" lon="23.560187">
        <ele>379.7</ele>
      </trkpt>
      <trkpt lat="46.508134" lon="23.561098">
        <ele>379.3</ele>
      </trkpt>
      <trkpt lat="46.508946" lon="23.561717">
        <ele>380</ele>
      </trkpt>
      <trkpt lat="46.509088" lon="23.561754">
        <ele>380.1</ele>
      </trkpt>
      <trkpt lat="46.509794" lon="23.561808">
        <ele>381.2</ele>
      </trkpt>
      <trkpt lat="46.510082" lon="23.561945">
        <ele>381.6</ele>
      </trkpt>
      <trkpt lat="46.510373" lon="23.562219">
        <ele>381.9</ele>
      </trkpt>
      <trkpt lat="46.510555" lon="23.562447">
        <ele>381.8</ele>
      </trkpt>
      <trkpt lat="46.51067" lon="23.562648">
        <ele>381.7</ele>
      </trkpt>
      <trkpt lat="46.510744" lon="23.562862">
        <ele>381.6</ele>
      </trkpt>
      <trkpt lat="46.510813" lon="23.563324">
        <ele>381.1</ele>
      </trkpt>
      <trkpt lat="46.51079" lon="23.563801">
        <ele>380.4</ele>
      </trkpt>
      <trkpt lat="46.510742" lon="23.564113">
        <ele>379.8</ele>
      </trkpt>
      <trkpt lat="46.510621" lon="23.564617">
        <ele>378.7</ele>
      </trkpt>
      <trkpt lat="46.510406" lon="23.565279">
        <ele>377.4</ele>
      </trkpt>
      <trkpt lat="46.509992" lon="23.566427">
        <ele>375.6</ele>
      </trkpt>
      <trkpt lat="46.509155" lon="23.568034">
        <ele>373.9</ele>
      </trkpt>
      <trkpt lat="46.508228" lon="23.570003">
        <ele>373.1</ele>
      </trkpt>
      <trkpt lat="46.507821" lon="23.570695">
        <ele>373.5</ele>
      </trkpt>
      <trkpt lat="46.506513" lon="23.572352">
        <ele>376.4</ele>
      </trkpt>
      <trkpt lat="46.505742" lon="23.573189">
        <ele>378</ele>
      </trkpt>
      <trkpt lat="46.503158" lon="23.576215">
        <ele>380.3</ele>
      </trkpt>
      <trkpt lat="46.502969" lon="23.57651">
        <ele>380.4</ele>
      </trkpt>
      <trkpt lat="46.5029" lon="23.576673">
        <ele>380.4</ele>
      </trkpt>
      <trkpt lat="46.502828" lon="23.576923">
        <ele>380.4</ele>
      </trkpt>
      <trkpt lat="46.502778" lon="23.577285">
        <ele>380.3</ele>
      </trkpt>
      <trkpt lat="46.502811" lon="23.578091">
        <ele>380</ele>
      </trkpt>
      <trkpt lat="46.502862" lon="23.578442">
        <ele>379.8</ele>
      </trkpt>
      <trkpt lat="46.502978" lon="23.578882">
        <ele>379.7</ele>
      </trkpt>
      <trkpt lat="46.503135" lon="23.579161">
        <ele>379.7</ele>
      </trkpt>
      <trkpt lat="46.503453" lon="23.579503">
        <ele>380</ele>
      </trkpt>
      <trkpt lat="46.50418" lon="23.580056">
        <ele>380.7</ele>
      </trkpt>
      <trkpt lat="46.504907" lon="23.580882">
        <ele>380.7</ele>
      </trkpt>
      <trkpt lat="46.506102" lon="23.581844">
        <ele>380.3</ele>
      </trkpt>
      <trkpt lat="46.50682" lon="23.582347">
        <ele>380.5</ele>
      </trkpt>
      <trkpt lat="46.507071" lon="23.582635">
        <ele>380.7</ele>
      </trkpt>
      <trkpt lat="46.507312" lon="23.58308">
        <ele>381.1</ele>
      </trkpt>
      <trkpt lat="46.507394" lon="23.583297">
        <ele>381.2</ele>
      </trkpt>
      <trkpt lat="46.507546" lon="23.583836">
        <ele>381.4</ele>
      </trkpt>
      <trkpt lat="46.507692" lon="23.584506">
        <ele>381.4</ele>
      </trkpt>
      <trkpt lat="46.507737" lon="23.584808">
        <ele>381.4</ele>
      </trkpt>
      <trkpt lat="46.508001" lon="23.587592">
        <ele>379.5</ele>
      </trkpt>
      <trkpt lat="46.508253" lon="23.589663">
        <ele>379.4</ele>
      </trkpt>
      <trkpt lat="46.508515" lon="23.591405">
        <ele>378.5</ele>
      </trkpt>
      <trkpt lat="46.508617" lon="23.591804">
        <ele>378</ele>
      </trkpt>
      <trkpt lat="46.508676" lon="23.59215">
        <ele>377.4</ele>
      </trkpt>
      <trkpt lat="46.508684" lon="23.592547">
        <ele>376.7</ele>
      </trkpt>
      <trkpt lat="46.508757" lon="23.593563">
        <ele>374</ele>
      </trkpt>
      <trkpt lat="46.508761" lon="23.593943">
        <ele>373</ele>
      </trkpt>
      <trkpt lat="46.508747" lon="23.594446">
        <ele>371.9</ele>
      </trkpt>
      <trkpt lat="46.508694" lon="23.595701">
        <ele>370.8</ele>
      </trkpt>
      <trkpt lat="46.50862" lon="23.596686">
        <ele>371.2</ele>
      </trkpt>
      <trkpt lat="46.508608" lon="23.597292">
        <ele>371.1</ele>
      </trkpt>
      <trkpt lat="46.508618" lon="23.597809">
        <ele>370.8</ele>
      </trkpt>
      <trkpt lat="46.508687" lon="23.598622">
        <ele>370</ele>
      </trkpt>
      <trkpt lat="46.508822" lon="23.601311">
        <ele>368.3</ele>
      </trkpt>
      <trkpt lat="46.508882" lon="23.601754">
        <ele>368.5</ele>
      </trkpt>
      <trkpt lat="46.509025" lon="23.602508">
        <ele>368.6</ele>
      </trkpt>
      <trkpt lat="46.50908" lon="23.60305">
        <ele>368.7</ele>
      </trkpt>
      <trkpt lat="46.509067" lon="23.603705">
        <ele>368.6</ele>
      </trkpt>
      <trkpt lat="46.509019" lon="23.60409">
        <ele>368.4</ele>
      </trkpt>
      <trkpt lat="46.50894" lon="23.604406">
        <ele>368.2</ele>
      </trkpt>
      <trkpt lat="46.508691" lon="23.604961">
        <ele>367.7</ele>
      </trkpt>
      <trkpt lat="46.508484" lon="23.605255">
        <ele>367.5</ele>
      </trkpt>
      <trkpt lat="46.508403" lon="23.605312">
        <ele>367.4</ele>
      </trkpt>
      <trkpt lat="46.50794" lon="23.605436">
        <ele>367.1</ele>
      </trkpt>
      <trkpt lat="46.507559" lon="23.605694">
        <ele>366.9</ele>
      </trkpt>
      <trkpt lat="46.507098" lon="23.606037">
        <ele>366.6</ele>
      </trkpt>
      <trkpt lat="46.505307" lon="23.607011">
        <ele>365</ele>
      </trkpt>
      <trkpt lat="46.504928" lon="23.607288">
        <ele>364.6</ele>
      </trkpt>
      <trkpt lat="46.504631" lon="23.607616">
        <ele>364.4</ele>
      </trkpt>
      <trkpt lat="46.504532" lon="23.607787">
        <ele>364.2</ele>
      </trkpt>
      <trkpt lat="46.504421" lon="23.608061">
        <ele>364</ele>
      </trkpt>
      <trkpt lat="46.504331" lon="23.608489">
        <ele>363.7</ele>
      </trkpt>
      <trkpt lat="46.504303" lon="23.608943">
        <ele>363.6</ele>
      </trkpt>
      <trkpt lat="46.504133" lon="23.608856">
        <ele>363.5</ele>
      </trkpt>
      <trkpt lat="46.504003" lon="23.608713">
        <ele>363.5</ele>
      </trkpt>
      <trkpt lat="46.50306" lon="23.607693">
        <ele>364</ele>
      </trkpt>
      <trkpt lat="46.50301" lon="23.607639">
        <ele>364</ele>
      </trkpt>
      <trkpt lat="46.502734" lon="23.607228">
        <ele>364.2</ele>
      </trkpt>
      <trkpt lat="46.502662" lon="23.607062">
        <ele>364.3</ele>
      </trkpt>
      <trkpt lat="46.502606" lon="23.606853">
        <ele>364.3</ele>
      </trkpt>
      <trkpt lat="46.50255" lon="23.606419">
        <ele>364.5</ele>
      </trkpt>
      <trkpt lat="46.50255" lon="23.606147">
        <ele>364.5</ele>
      </trkpt>
      <trkpt lat="46.502621" lon="23.6056">
        <ele>364.7</ele>
      </trkpt>
      <trkpt lat="46.502693" lon="23.605335">
        <ele>364.7</ele>
      </trkpt>
      <trkpt lat="46.502903" lon="23.604818">
        <ele>365</ele>
      </trkpt>
      <trkpt lat="46.503033" lon="23.604576">
        <ele>365.2</ele>
      </trkpt>
      <trkpt lat="46.503193" lon="23.604347">
        <ele>365.6</ele>
      </trkpt>
      <trkpt lat="46.5044" lon="23.602839">
        <ele>369.6</ele>
      </trkpt>
      <trkpt lat="46.504604" lon="23.60254">
        <ele>370.7</ele>
      </trkpt>
      <trkpt lat="46.504842" lon="23.602026">
        <ele>372.4</ele>
      </trkpt>
      <trkpt lat="46.504928" lon="23.601772">
        <ele>373.2</ele>
      </trkpt>
      <trkpt lat="46.50501" lon="23.601463">
        <ele>374.1</ele>
      </trkpt>
      <trkpt lat="46.50503" lon="23.601175">
        <ele>374.9</ele>
      </trkpt>
      <trkpt lat="46.505019" lon="23.600867">
        <ele>375.7</ele>
      </trkpt>
      <trkpt lat="46.504897" lon="23.600421">
        <ele>377.1</ele>
      </trkpt>
      <trkpt lat="46.504574" lon="23.599939">
        <ele>378.7</ele>
      </trkpt>
      <trkpt lat="46.504354" lon="23.599531">
        <ele>379.8</ele>
      </trkpt>
      <trkpt lat="46.503573" lon="23.598046">
        <ele>383.9</ele>
      </trkpt>
      <trkpt lat="46.503155" lon="23.59686">
        <ele>387.5</ele>
      </trkpt>
      <trkpt lat="46.503035" lon="23.596557">
        <ele>388.5</ele>
      </trkpt>
      <trkpt lat="46.502733" lon="23.595938">
        <ele>390.4</ele>
      </trkpt>
      <trkpt lat="46.502637" lon="23.595602">
        <ele>391.3</ele>
      </trkpt>
      <trkpt lat="46.502446" lon="23.594985">
        <ele>393.1</ele>
      </trkpt>
      <trkpt lat="46.502212" lon="23.594398">
        <ele>394.9</ele>
      </trkpt>
      <trkpt lat="46.502103" lon="23.594063">
        <ele>395.9</ele>
      </trkpt>
      <trkpt lat="46.502014" lon="23.59355">
        <ele>397.7</ele>
      </trkpt>
      <trkpt lat="46.502009" lon="23.593137">
        <ele>399.2</ele>
      </trkpt>
      <trkpt lat="46.501928" lon="23.592467">
        <ele>401.7</ele>
      </trkpt>
      <trkpt lat="46.501824" lon="23.591989">
        <ele>403.5</ele>
      </trkpt>
      <trkpt lat="46.501619" lon="23.591434">
        <ele>405.2</ele>
      </trkpt>
      <trkpt lat="46.501317" lon="23.590887">
        <ele>406.1</ele>
      </trkpt>
      <trkpt lat="46.500918" lon="23.590294">
        <ele>405.8</ele>
      </trkpt>
      <trkpt lat="46.500702" lon="23.590021">
        <ele>405.5</ele>
      </trkpt>
      <trkpt lat="46.500408" lon="23.589723">
        <ele>405.2</ele>
      </trkpt>
      <trkpt lat="46.500032" lon="23.589278">
        <ele>405.4</ele>
      </trkpt>
      <trkpt lat="46.499832" lon="23.589012">
        <ele>405.7</ele>
      </trkpt>
      <trkpt lat="46.499491" lon="23.588478">
        <ele>406.9</ele>
      </trkpt>
      <trkpt lat="46.499297" lon="23.588258">
        <ele>407.8</ele>
      </trkpt>
      <trkpt lat="46.498649" lon="23.587819">
        <ele>410.1</ele>
      </trkpt>
      <trkpt lat="46.498575" lon="23.587717">
        <ele>410.3</ele>
      </trkpt>
      <trkpt lat="46.498405" lon="23.58744">
        <ele>410.7</ele>
      </trkpt>
      <trkpt lat="46.497506" lon="23.585273">
        <ele>412.7</ele>
      </trkpt>
      <trkpt lat="46.497109" lon="23.584474">
        <ele>414.1</ele>
      </trkpt>
      <trkpt lat="46.49685" lon="23.584055">
        <ele>415.3</ele>
      </trkpt>
      <trkpt lat="46.496756" lon="23.583951">
        <ele>415.7</ele>
      </trkpt>
      <trkpt lat="46.496418" lon="23.583685">
        <ele>416.9</ele>
      </trkpt>
      <trkpt lat="46.496289" lon="23.583618">
        <ele>417.3</ele>
      </trkpt>
      <trkpt lat="46.496176" lon="23.583503">
        <ele>417.6</ele>
      </trkpt>
      <trkpt lat="46.495794" lon="23.582972">
        <ele>419</ele>
      </trkpt>
      <trkpt lat="46.495416" lon="23.582365">
        <ele>420.4</ele>
      </trkpt>
      <trkpt lat="46.495185" lon="23.5817">
        <ele>421.8</ele>
      </trkpt>
      <trkpt lat="46.495063" lon="23.581475">
        <ele>422.3</ele>
      </trkpt>
      <trkpt lat="46.494967" lon="23.581365">
        <ele>422.6</ele>
      </trkpt>
      <trkpt lat="46.494838" lon="23.581252">
        <ele>423</ele>
      </trkpt>
      <trkpt lat="46.494522" lon="23.581102">
        <ele>424</ele>
      </trkpt>
      <trkpt lat="46.494286" lon="23.580876">
        <ele>424.8</ele>
      </trkpt>
      <trkpt lat="46.493942" lon="23.580359">
        <ele>426.3</ele>
      </trkpt>
      <trkpt lat="46.493599" lon="23.579916">
        <ele>427.4</ele>
      </trkpt>
      <trkpt lat="46.493492" lon="23.579815">
        <ele>427.6</ele>
      </trkpt>
      <trkpt lat="46.492745" lon="23.579493">
        <ele>428.5</ele>
      </trkpt>
      <trkpt lat="46.492384" lon="23.579386">
        <ele>428.7</ele>
      </trkpt>
      <trkpt lat="46.492096" lon="23.579394">
        <ele>428.9</ele>
      </trkpt>
      <trkpt lat="46.491309" lon="23.579555">
        <ele>429.5</ele>
      </trkpt>
      <trkpt lat="46.490506" lon="23.579799">
        <ele>431.2</ele>
      </trkpt>
      <trkpt lat="46.490206" lon="23.579933">
        <ele>432.1</ele>
      </trkpt>
      <trkpt lat="46.489516" lon="23.580392">
        <ele>434.8</ele>
      </trkpt>
      <trkpt lat="46.488945" lon="23.580584">
        <ele>437.5</ele>
      </trkpt>
      <trkpt lat="46.488831" lon="23.58062">
        <ele>438.1</ele>
      </trkpt>
      <trkpt lat="46.487719" lon="23.580787">
        <ele>444.7</ele>
      </trkpt>
      <trkpt lat="46.487349" lon="23.58088">
        <ele>447.1</ele>
      </trkpt>
      <trkpt lat="46.486897" lon="23.581059">
        <ele>449.7</ele>
      </trkpt>
      <trkpt lat="46.486667" lon="23.581113">
        <ele>450.9</ele>
      </trkpt>
      <trkpt lat="46.486256" lon="23.581102">
        <ele>452.7</ele>
      </trkpt>
      <trkpt lat="46.485261" lon="23.580992">
        <ele>456.5</ele>
      </trkpt>
      <trkpt lat="46.484742" lon="23.581027">
        <ele>458.1</ele>
      </trkpt>
      <trkpt lat="46.484491" lon="23.581025">
        <ele>459</ele>
      </trkpt>
      <trkpt lat="46.484179" lon="23.580971">
        <ele>460.1</ele>
      </trkpt>
      <trkpt lat="46.484039" lon="23.580917">
        <ele>460.7</ele>
      </trkpt>
      <trkpt lat="46.482979" lon="23.580565">
        <ele>462.2</ele>
      </trkpt>
      <trkpt lat="46.482313" lon="23.580434">
        <ele>463.5</ele>
      </trkpt>
      <trkpt lat="46.482029" lon="23.580472">
        <ele>463.8</ele>
      </trkpt>
      <trkpt lat="46.481798" lon="23.580582">
        <ele>463.8</ele>
      </trkpt>
      <trkpt lat="46.481513" lon="23.580661">
        <ele>463.8</ele>
      </trkpt>
      <trkpt lat="46.481126" lon="23.580624">
        <ele>463.9</ele>
      </trkpt>
      <trkpt lat="46.480972" lon="23.580561">
        <ele>463.9</ele>
      </trkpt>
      <trkpt lat="46.480368" lon="23.580402">
        <ele>462.9</ele>
      </trkpt>
      <trkpt lat="46.480166" lon="23.58043">
        <ele>462.4</ele>
      </trkpt>
      <trkpt lat="46.479625" lon="23.580686">
        <ele>461.5</ele>
      </trkpt>
      <trkpt lat="46.479128" lon="23.581007">
        <ele>461.7</ele>
      </trkpt>
      <trkpt lat="46.478906" lon="23.581212">
        <ele>462.2</ele>
      </trkpt>
      <trkpt lat="46.478809" lon="23.581354">
        <ele>462.5</ele>
      </trkpt>
      <trkpt lat="46.478667" lon="23.581674">
        <ele>463.2</ele>
      </trkpt>
      <trkpt lat="46.478408" lon="23.582403">
        <ele>465.4</ele>
      </trkpt>
      <trkpt lat="46.478324" lon="23.582561">
        <ele>465.9</ele>
      </trkpt>
      <trkpt lat="46.478141" lon="23.582765">
        <ele>466.9</ele>
      </trkpt>
      <trkpt lat="46.477772" lon="23.582958">
        <ele>468.5</ele>
      </trkpt>
      <trkpt lat="46.477115" lon="23.583581">
        <ele>471.3</ele>
      </trkpt>
      <trkpt lat="46.47694" lon="23.583684">
        <ele>471.8</ele>
      </trkpt>
      <trkpt lat="46.475766" lon="23.584139">
        <ele>475.4</ele>
      </trkpt>
      <trkpt lat="46.474797" lon="23.584703">
        <ele>477.6</ele>
      </trkpt>
      <trkpt lat="46.474415" lon="23.584734">
        <ele>478.1</ele>
      </trkpt>
      <trkpt lat="46.473933" lon="23.584586">
        <ele>478.7</ele>
      </trkpt>
      <trkpt lat="46.473626" lon="23.584482">
        <ele>479</ele>
      </trkpt>
      <trkpt lat="46.473409" lon="23.58445">
        <ele>479.1</ele>
      </trkpt>
      <trkpt lat="46.472987" lon="23.584458">
        <ele>479.3</ele>
      </trkpt>
      <trkpt lat="46.472733" lon="23.584384">
        <ele>479.5</ele>
      </trkpt>
      <trkpt lat="46.472322" lon="23.584155">
        <ele>479.7</ele>
      </trkpt>
      <trkpt lat="46.471381" lon="23.583486">
        <ele>479.2</ele>
      </trkpt>
      <trkpt lat="46.471217" lon="23.58338">
        <ele>479.2</ele>
      </trkpt>
      <trkpt lat="46.470301" lon="23.582844">
        <ele>480.3</ele>
      </trkpt>
      <trkpt lat="46.469961" lon="23.58251">
        <ele>481.6</ele>
      </trkpt>
      <trkpt lat="46.469801" lon="23.582265">
        <ele>482.5</ele>
      </trkpt>
      <trkpt lat="46.469232" lon="23.581075">
        <ele>486.2</ele>
      </trkpt>
      <trkpt lat="46.469081" lon="23.580692">
        <ele>487.4</ele>
      </trkpt>
      <trkpt lat="46.468876" lon="23.580174">
        <ele>488.7</ele>
      </trkpt>
      <trkpt lat="46.468733" lon="23.579879">
        <ele>489.5</ele>
      </trkpt>
      <trkpt lat="46.468303" lon="23.579079">
        <ele>492</ele>
      </trkpt>
      <trkpt lat="46.468296" lon="23.579068">
        <ele>492.1</ele>
      </trkpt>
      <trkpt lat="46.468262" lon="23.579014">
        <ele>492.3</ele>
      </trkpt>
      <trkpt lat="46.468004" lon="23.578598">
        <ele>493.9</ele>
      </trkpt>
      <trkpt lat="46.467549" lon="23.577961">
        <ele>496.8</ele>
      </trkpt>
      <trkpt lat="46.466788" lon="23.57702">
        <ele>501.4</ele>
      </trkpt>
      <trkpt lat="46.466591" lon="23.57671">
        <ele>502.6</ele>
      </trkpt>
      <trkpt lat="46.465953" lon="23.575467">
        <ele>506.4</ele>
      </trkpt>
      <trkpt lat="46.465513" lon="23.574791">
        <ele>508.2</ele>
      </trkpt>
      <trkpt lat="46.465029" lon="23.574176">
        <ele>509.9</ele>
      </trkpt>
      <trkpt lat="46.464601" lon="23.573745">
        <ele>511.1</ele>
      </trkpt>
      <trkpt lat="46.463432" lon="23.572789">
        <ele>513.2</ele>
      </trkpt>
      <trkpt lat="46.461896" lon="23.572181">
        <ele>513.8</ele>
      </trkpt>
      <trkpt lat="46.460774" lon="23.571811">
        <ele>512.5</ele>
      </trkpt>
      <trkpt lat="46.460138" lon="23.571558">
        <ele>511.3</ele>
      </trkpt>
      <trkpt lat="46.459766" lon="23.571513">
        <ele>510.5</ele>
      </trkpt>
      <trkpt lat="46.458875" lon="23.5716">
        <ele>509</ele>
      </trkpt>
      <trkpt lat="46.458747" lon="23.571536">
        <ele>508.8</ele>
      </trkpt>
      <trkpt lat="46.458731" lon="23.571516">
        <ele>508.8</ele>
      </trkpt>
      <trkpt lat="46.458612" lon="23.571317">
        <ele>508.7</ele>
      </trkpt>
      <trkpt lat="46.458411" lon="23.570834">
        <ele>508.7</ele>
      </trkpt>
      <trkpt lat="46.458394" lon="23.570796">
        <ele>508.7</ele>
      </trkpt>
      <trkpt lat="46.458171" lon="23.570401">
        <ele>509.2</ele>
      </trkpt>
      <trkpt lat="46.457684" lon="23.569869">
        <ele>511</ele>
      </trkpt>
      <trkpt lat="46.456341" lon="23.568848">
        <ele>518.5</ele>
      </trkpt>
      <trkpt lat="46.456062" lon="23.568694">
        <ele>520</ele>
      </trkpt>
      <trkpt lat="46.456041" lon="23.568683">
        <ele>520.1</ele>
      </trkpt>
      <trkpt lat="46.455776" lon="23.568547">
        <ele>521.4</ele>
      </trkpt>
      <trkpt lat="46.455028" lon="23.568289">
        <ele>524.1</ele>
      </trkpt>
      <trkpt lat="46.453864" lon="23.568201">
        <ele>527</ele>
      </trkpt>
      <trkpt lat="46.45344" lon="23.568156">
        <ele>528</ele>
      </trkpt>
      <trkpt lat="46.452802" lon="23.568053">
        <ele>530</ele>
      </trkpt>
      <trkpt lat="46.452688" lon="23.567988">
        <ele>530.5</ele>
      </trkpt>
      <trkpt lat="46.452515" lon="23.567863">
        <ele>531.2</ele>
      </trkpt>
      <trkpt lat="46.45226" lon="23.567636">
        <ele>532.3</ele>
      </trkpt>
      <trkpt lat="46.451714" lon="23.566948">
        <ele>534.7</ele>
      </trkpt>
      <trkpt lat="46.451581" lon="23.566811">
        <ele>535.1</ele>
      </trkpt>
      <trkpt lat="46.45013" lon="23.566369">
        <ele>537</ele>
      </trkpt>
      <trkpt lat="46.449" lon="23.565923">
        <ele>538.5</ele>
      </trkpt>
      <trkpt lat="46.448248" lon="23.565707">
        <ele>540.5</ele>
      </trkpt>
      <trkpt lat="46.447327" lon="23.565503">
        <ele>543.5</ele>
      </trkpt>
      <trkpt lat="46.446148" lon="23.565386">
        <ele>548</ele>
      </trkpt>
      <trkpt lat="46.445845" lon="23.565313">
        <ele>549.3</ele>
      </trkpt>
      <trkpt lat="46.445624" lon="23.5652">
        <ele>550.3</ele>
      </trkpt>
      <trkpt lat="46.44552" lon="23.565108">
        <ele>550.8</ele>
      </trkpt>
      <trkpt lat="46.445074" lon="23.564578">
        <ele>553.1</ele>
      </trkpt>
      <trkpt lat="46.444779" lon="23.564307">
        <ele>554.3</ele>
      </trkpt>
      <trkpt lat="46.444503" lon="23.56414">
        <ele>555.1</ele>
      </trkpt>
      <trkpt lat="46.444337" lon="23.564084">
        <ele>555.4</ele>
      </trkpt>
      <trkpt lat="46.443154" lon="23.563938">
        <ele>555.8</ele>
      </trkpt>
      <trkpt lat="46.441591" lon="23.563658">
        <ele>553.7</ele>
      </trkpt>
      <trkpt lat="46.441332" lon="23.56368">
        <ele>553.1</ele>
      </trkpt>
      <trkpt lat="46.440584" lon="23.56384">
        <ele>551</ele>
      </trkpt>
      <trkpt lat="46.440421" lon="23.563826">
        <ele>550.4</ele>
      </trkpt>
      <trkpt lat="46.44024" lon="23.563762">
        <ele>549.9</ele>
      </trkpt>
      <trkpt lat="46.439796" lon="23.563448">
        <ele>548.4</ele>
      </trkpt>
      <trkpt lat="46.438563" lon="23.562393">
        <ele>545.6</ele>
      </trkpt>
      <trkpt lat="46.438043" lon="23.56206">
        <ele>545.2</ele>
      </trkpt>
      <trkpt lat="46.436681" lon="23.561506">
        <ele>545.4</ele>
      </trkpt>
      <trkpt lat="46.43555" lon="23.56146">
        <ele>546.1</ele>
      </trkpt>
      <trkpt lat="46.435204" lon="23.561401">
        <ele>546.4</ele>
      </trkpt>
      <trkpt lat="46.435075" lon="23.561333">
        <ele>546.6</ele>
      </trkpt>
      <trkpt lat="46.434847" lon="23.561131">
        <ele>547</ele>
      </trkpt>
      <trkpt lat="46.434524" lon="23.560685">
        <ele>547.8</ele>
      </trkpt>
      <trkpt lat="46.434393" lon="23.560545">
        <ele>548.1</ele>
      </trkpt>
      <trkpt lat="46.434153" lon="23.560406">
        <ele>548.7</ele>
      </trkpt>
      <trkpt lat="46.433912" lon="23.560406">
        <ele>549.3</ele>
      </trkpt>
      <trkpt lat="46.432927" lon="23.560814">
        <ele>551.6</ele>
      </trkpt>
      <trkpt lat="46.432395" lon="23.560989">
        <ele>552.5</ele>
      </trkpt>
      <trkpt lat="46.431868" lon="23.561042">
        <ele>553</ele>
      </trkpt>
      <trkpt lat="46.430977" lon="23.560953">
        <ele>553.5</ele>
      </trkpt>
      <trkpt lat="46.43087" lon="23.560954">
        <ele>553.6</ele>
      </trkpt>
      <trkpt lat="46.429961" lon="23.561162">
        <ele>554.8</ele>
      </trkpt>
      <trkpt lat="46.42966" lon="23.561197">
        <ele>555.4</ele>
      </trkpt>
      <trkpt lat="46.428442" lon="23.561076">
        <ele>559.3</ele>
      </trkpt>
      <trkpt lat="46.428143" lon="23.56109">
        <ele>560.5</ele>
      </trkpt>
      <trkpt lat="46.427623" lon="23.561179">
        <ele>562.4</ele>
      </trkpt>
      <trkpt lat="46.426101" lon="23.561767">
        <ele>567</ele>
      </trkpt>
      <trkpt lat="46.424839" lon="23.561983">
        <ele>568.8</ele>
      </trkpt>
      <trkpt lat="46.423865" lon="23.562207">
        <ele>570.3</ele>
      </trkpt>
      <trkpt lat="46.423793" lon="23.562223">
        <ele>570.4</ele>
      </trkpt>
      <trkpt lat="46.42365" lon="23.562229">
        <ele>570.7</ele>
      </trkpt>
      <trkpt lat="46.423457" lon="23.562102">
        <ele>571</ele>
      </trkpt>
      <trkpt lat="46.422556" lon="23.561316">
        <ele>572</ele>
      </trkpt>
      <trkpt lat="46.422256" lon="23.561138">
        <ele>571.9</ele>
      </trkpt>
      <trkpt lat="46.421649" lon="23.561027">
        <ele>571.5</ele>
      </trkpt>
      <trkpt lat="46.421227" lon="23.560888">
        <ele>571</ele>
      </trkpt>
      <trkpt lat="46.420222" lon="23.560213">
        <ele>570.1</ele>
      </trkpt>
      <trkpt lat="46.419373" lon="23.55981">
        <ele>569.7</ele>
      </trkpt>
      <trkpt lat="46.418833" lon="23.559529">
        <ele>569.5</ele>
      </trkpt>
      <trkpt lat="46.418206" lon="23.558958">
        <ele>569</ele>
      </trkpt>
      <trkpt lat="46.418054" lon="23.558859">
        <ele>568.7</ele>
      </trkpt>
      <trkpt lat="46.417651" lon="23.558652">
        <ele>567.8</ele>
      </trkpt>
      <trkpt lat="46.4167" lon="23.558172">
        <ele>563.9</ele>
      </trkpt>
      <trkpt lat="46.416509" lon="23.558115">
        <ele>563</ele>
      </trkpt>
      <trkpt lat="46.416035" lon="23.558055">
        <ele>560.6</ele>
      </trkpt>
      <trkpt lat="46.41412" lon="23.557972">
        <ele>551.6</ele>
      </trkpt>
      <trkpt lat="46.413694" lon="23.558039">
        <ele>549.8</ele>
      </trkpt>
      <trkpt lat="46.412733" lon="23.558381">
        <ele>546.2</ele>
      </trkpt>
      <trkpt lat="46.410645" lon="23.559179">
        <ele>539.6</ele>
      </trkpt>
      <trkpt lat="46.410206" lon="23.559274">
        <ele>538.4</ele>
      </trkpt>
      <trkpt lat="46.409822" lon="23.559309">
        <ele>537.5</ele>
      </trkpt>
      <trkpt lat="46.409261" lon="23.55928">
        <ele>536.2</ele>
      </trkpt>
      <trkpt lat="46.409089" lon="23.559243">
        <ele>535.9</ele>
      </trkpt>
      <trkpt lat="46.408885" lon="23.559135">
        <ele>535.5</ele>
      </trkpt>
      <trkpt lat="46.408632" lon="23.558844">
        <ele>534.9</ele>
      </trkpt>
      <trkpt lat="46.407898" lon="23.557871">
        <ele>533.1</ele>
      </trkpt>
      <trkpt lat="46.407677" lon="23.557702">
        <ele>532.6</ele>
      </trkpt>
      <trkpt lat="46.407342" lon="23.557631">
        <ele>531.9</ele>
      </trkpt>
      <trkpt lat="46.406353" lon="23.557587">
        <ele>529.5</ele>
      </trkpt>
      <trkpt lat="46.40615" lon="23.557506">
        <ele>529</ele>
      </trkpt>
      <trkpt lat="46.405603" lon="23.557197">
        <ele>527.7</ele>
      </trkpt>
      <trkpt lat="46.40525" lon="23.5571">
        <ele>527</ele>
      </trkpt>
      <trkpt lat="46.405049" lon="23.557084">
        <ele>526.6</ele>
      </trkpt>
      <trkpt lat="46.404834" lon="23.557134">
        <ele>526.2</ele>
      </trkpt>
      <trkpt lat="46.404221" lon="23.557387">
        <ele>525.1</ele>
      </trkpt>
      <trkpt lat="46.402815" lon="23.55771">
        <ele>523.2</ele>
      </trkpt>
      <trkpt lat="46.402184" lon="23.557909">
        <ele>522.6</ele>
      </trkpt>
      <trkpt lat="46.401965" lon="23.558043">
        <ele>522.5</ele>
      </trkpt>
      <trkpt lat="46.401552" lon="23.558378">
        <ele>522.4</ele>
      </trkpt>
      <trkpt lat="46.401353" lon="23.558487">
        <ele>522.4</ele>
      </trkpt>
      <trkpt lat="46.400605" lon="23.558747">
        <ele>522.4</ele>
      </trkpt>
      <trkpt lat="46.399974" lon="23.558868">
        <ele>522</ele>
      </trkpt>
      <trkpt lat="46.399773" lon="23.558933">
        <ele>521.8</ele>
      </trkpt>
      <trkpt lat="46.397889" lon="23.560006">
        <ele>519</ele>
      </trkpt>
      <trkpt lat="46.397668" lon="23.560068">
        <ele>518.9</ele>
      </trkpt>
      <trkpt lat="46.396591" lon="23.560097">
        <ele>519.2</ele>
      </trkpt>
      <trkpt lat="46.39521" lon="23.560296">
        <ele>519</ele>
      </trkpt>
      <trkpt lat="46.394895" lon="23.560296">
        <ele>518.9</ele>
      </trkpt>
      <trkpt lat="46.394193" lon="23.56023">
        <ele>518.7</ele>
      </trkpt>
      <trkpt lat="46.393908" lon="23.560309">
        <ele>518.7</ele>
      </trkpt>
      <trkpt lat="46.393635" lon="23.560436">
        <ele>518.6</ele>
      </trkpt>
      <trkpt lat="46.393235" lon="23.560687">
        <ele>518.4</ele>
      </trkpt>
      <trkpt lat="46.392847" lon="23.561019">
        <ele>518.2</ele>
      </trkpt>
      <trkpt lat="46.392437" lon="23.561402">
        <ele>518.3</ele>
      </trkpt>
      <trkpt lat="46.392164" lon="23.561579">
        <ele>518.4</ele>
      </trkpt>
      <trkpt lat="46.391663" lon="23.561864">
        <ele>518.9</ele>
      </trkpt>
      <trkpt lat="46.39127" lon="23.56199">
        <ele>519.4</ele>
      </trkpt>
      <trkpt lat="46.38994" lon="23.562093">
        <ele>520.9</ele>
      </trkpt>
      <trkpt lat="46.389326" lon="23.562088">
        <ele>521</ele>
      </trkpt>
      <trkpt lat="46.388509" lon="23.562054">
        <ele>520.6</ele>
      </trkpt>
      <trkpt lat="46.388174" lon="23.562067">
        <ele>520.2</ele>
      </trkpt>
      <trkpt lat="46.387957" lon="23.562125">
        <ele>520</ele>
      </trkpt>
      <trkpt lat="46.387746" lon="23.562296">
        <ele>519.8</ele>
      </trkpt>
      <trkpt lat="46.387367" lon="23.562825">
        <ele>519.5</ele>
      </trkpt>
      <trkpt lat="46.387309" lon="23.562932">
        <ele>519.5</ele>
      </trkpt>
      <trkpt lat="46.387239" lon="23.563124">
        <ele>519.4</ele>
      </trkpt>
      <trkpt lat="46.387221" lon="23.563289">
        <ele>519.4</ele>
      </trkpt>
      <trkpt lat="46.38729" lon="23.563737">
        <ele>519.2</ele>
      </trkpt>
      <trkpt lat="46.387674" lon="23.564949">
        <ele>517.7</ele>
      </trkpt>
      <trkpt lat="46.387772" lon="23.565421">
        <ele>516.5</ele>
      </trkpt>
      <trkpt lat="46.387816" lon="23.565899">
        <ele>515.1</ele>
      </trkpt>
      <trkpt lat="46.387837" lon="23.566749">
        <ele>512.1</ele>
      </trkpt>
      <trkpt lat="46.387816" lon="23.567227">
        <ele>510.3</ele>
      </trkpt>
      <trkpt lat="46.387664" lon="23.568109">
        <ele>507.3</ele>
      </trkpt>
      <trkpt lat="46.387543" lon="23.56874">
        <ele>505.5</ele>
      </trkpt>
      <trkpt lat="46.386569" lon="23.574165">
        <ele>493.8</ele>
      </trkpt>
      <trkpt lat="46.386276" lon="23.574814">
        <ele>493.4</ele>
      </trkpt>
      <trkpt lat="46.385773" lon="23.575772">
        <ele>492.5</ele>
      </trkpt>
      <trkpt lat="46.384936" lon="23.577388">
        <ele>488.2</ele>
      </trkpt>
      <trkpt lat="46.384713" lon="23.577692">
        <ele>487.4</ele>
      </trkpt>
      <trkpt lat="46.384245" lon="23.578222">
        <ele>486.2</ele>
      </trkpt>
      <trkpt lat="46.383142" lon="23.57937">
        <ele>483</ele>
      </trkpt>
      <trkpt lat="46.382931" lon="23.579698">
        <ele>481.5</ele>
      </trkpt>
      <trkpt lat="46.382787" lon="23.580002">
        <ele>480</ele>
      </trkpt>
      <trkpt lat="46.382524" lon="23.580805">
        <ele>476.4</ele>
      </trkpt>
      <trkpt lat="46.38239" lon="23.580951">
        <ele>475.6</ele>
      </trkpt>
      <trkpt lat="46.382118" lon="23.581107">
        <ele>474.4</ele>
      </trkpt>
      <trkpt lat="46.380901" lon="23.581775">
        <ele>472.2</ele>
      </trkpt>
      <trkpt lat="46.379302" lon="23.582551">
        <ele>467.2</ele>
      </trkpt>
      <trkpt lat="46.378709" lon="23.582795">
        <ele>464.3</ele>
      </trkpt>
      <trkpt lat="46.378547" lon="23.582791">
        <ele>463.6</ele>
      </trkpt>
      <trkpt lat="46.378139" lon="23.58263">
        <ele>461.9</ele>
      </trkpt>
      <trkpt lat="46.37791" lon="23.582637">
        <ele>461.1</ele>
      </trkpt>
      <trkpt lat="46.376988" lon="23.582823">
        <ele>459.2</ele>
      </trkpt>
      <trkpt lat="46.376085" lon="23.582949">
        <ele>459.5</ele>
      </trkpt>
      <trkpt lat="46.375751" lon="23.583023">
        <ele>459.9</ele>
      </trkpt>
      <trkpt lat="46.375474" lon="23.583153">
        <ele>460.5</ele>
      </trkpt>
      <trkpt lat="46.375333" lon="23.583283">
        <ele>461</ele>
      </trkpt>
      <trkpt lat="46.375252" lon="23.583412">
        <ele>461.4</ele>
      </trkpt>
      <trkpt lat="46.375146" lon="23.583604">
        <ele>462.1</ele>
      </trkpt>
      <trkpt lat="46.375037" lon="23.58378">
        <ele>462.8</ele>
      </trkpt>
      <trkpt lat="46.374246" lon="23.584827">
        <ele>465.5</ele>
      </trkpt>
      <trkpt lat="46.373762" lon="23.585252">
        <ele>464.8</ele>
      </trkpt>
      <trkpt lat="46.373694" lon="23.585364">
        <ele>464.5</ele>
      </trkpt>
      <trkpt lat="46.373501" lon="23.585849">
        <ele>462.6</ele>
      </trkpt>
      <trkpt lat="46.37335" lon="23.586091">
        <ele>461.1</ele>
      </trkpt>
      <trkpt lat="46.372641" lon="23.586849">
        <ele>455</ele>
      </trkpt>
      <trkpt lat="46.372006" lon="23.587218">
        <ele>450.3</ele>
      </trkpt>
      <trkpt lat="46.371895" lon="23.587384">
        <ele>449</ele>
      </trkpt>
      <trkpt lat="46.371794" lon="23.58761">
        <ele>447.5</ele>
      </trkpt>
      <trkpt lat="46.371622" lon="23.587812">
        <ele>445.6</ele>
      </trkpt>
      <trkpt lat="46.371301" lon="23.58794">
        <ele>442.2</ele>
      </trkpt>
      <trkpt lat="46.370788" lon="23.587803">
        <ele>435.8</ele>
      </trkpt>
      <trkpt lat="46.370552" lon="23.587829">
        <ele>432.4</ele>
      </trkpt>
      <trkpt lat="46.370296" lon="23.587913">
        <ele>428.5</ele>
      </trkpt>
      <trkpt lat="46.370087" lon="23.58802">
        <ele>425.2</ele>
      </trkpt>
      <trkpt lat="46.369773" lon="23.588308">
        <ele>419.7</ele>
      </trkpt>
      <trkpt lat="46.369487" lon="23.588453">
        <ele>415.4</ele>
      </trkpt>
      <trkpt lat="46.368819" lon="23.589535">
        <ele>404.9</ele>
      </trkpt>
      <trkpt lat="46.368682" lon="23.58995">
        <ele>402.9</ele>
      </trkpt>
      <trkpt lat="46.368426" lon="23.591141">
        <ele>399.2</ele>
      </trkpt>
      <trkpt lat="46.368331" lon="23.591397">
        <ele>398.5</ele>
      </trkpt>
      <trkpt lat="46.368199" lon="23.591655">
        <ele>397.9</ele>
      </trkpt>
      <trkpt lat="46.367876" lon="23.592113">
        <ele>396.6</ele>
      </trkpt>
      <trkpt lat="46.367588" lon="23.592384">
        <ele>395.7</ele>
      </trkpt>
      <trkpt lat="46.366819" lon="23.59279">
        <ele>394</ele>
      </trkpt>
      <trkpt lat="46.366712" lon="23.592955">
        <ele>393.7</ele>
      </trkpt>
      <trkpt lat="46.366626" lon="23.593207">
        <ele>393.4</ele>
      </trkpt>
      <trkpt lat="46.366555" lon="23.593549">
        <ele>393.1</ele>
      </trkpt>
      <trkpt lat="46.366475" lon="23.594342">
        <ele>392.6</ele>
      </trkpt>
      <trkpt lat="46.366219" lon="23.595493">
        <ele>392.5</ele>
      </trkpt>
      <trkpt lat="46.36606" lon="23.596564">
        <ele>391.9</ele>
      </trkpt>
      <trkpt lat="46.365992" lon="23.596849">
        <ele>391.6</ele>
      </trkpt>
      <trkpt lat="46.365678" lon="23.597825">
        <ele>389.8</ele>
      </trkpt>
      <trkpt lat="46.365644" lon="23.598039">
        <ele>389.3</ele>
      </trkpt>
      <trkpt lat="46.365647" lon="23.598199">
        <ele>388.9</ele>
      </trkpt>
      <trkpt lat="46.365689" lon="23.598462">
        <ele>388.1</ele>
      </trkpt>
      <trkpt lat="46.365967" lon="23.599255">
        <ele>385.2</ele>
      </trkpt>
      <trkpt lat="46.36602" lon="23.599557">
        <ele>384</ele>
      </trkpt>
      <trkpt lat="46.366026" lon="23.599849">
        <ele>382.9</ele>
      </trkpt>
      <trkpt lat="46.365905" lon="23.600335">
        <ele>381.1</ele>
      </trkpt>
      <trkpt lat="46.365877" lon="23.600556">
        <ele>380.4</ele>
      </trkpt>
      <trkpt lat="46.365915" lon="23.600854">
        <ele>379.5</ele>
      </trkpt>
      <trkpt lat="46.366033" lon="23.601412">
        <ele>378</ele>
      </trkpt>
      <trkpt lat="46.366076" lon="23.601693">
        <ele>377.5</ele>
      </trkpt>
      <trkpt lat="46.366065" lon="23.60192">
        <ele>377.3</ele>
      </trkpt>
      <trkpt lat="46.365881" lon="23.602527">
        <ele>377</ele>
      </trkpt>
      <trkpt lat="46.365871" lon="23.602554">
        <ele>376.9</ele>
      </trkpt>
      <trkpt lat="46.365793" lon="23.602842">
        <ele>376.9</ele>
      </trkpt>
      <trkpt lat="46.365784" lon="23.602949">
        <ele>377</ele>
      </trkpt>
      <trkpt lat="46.365798" lon="23.60317">
        <ele>377</ele>
      </trkpt>
      <trkpt lat="46.365878" lon="23.603515">
        <ele>376.9</ele>
      </trkpt>
      <trkpt lat="46.366048" lon="23.604358">
        <ele>376.4</ele>
      </trkpt>
      <trkpt lat="46.366076" lon="23.604958">
        <ele>375.4</ele>
      </trkpt>
      <trkpt lat="46.366034" lon="23.605471">
        <ele>374.1</ele>
      </trkpt>
      <trkpt lat="46.365903" lon="23.606057">
        <ele>372.4</ele>
      </trkpt>
      <trkpt lat="46.365766" lon="23.606831">
        <ele>370.7</ele>
      </trkpt>
      <trkpt lat="46.365669" lon="23.607073">
        <ele>370.3</ele>
      </trkpt>
      <trkpt lat="46.365505" lon="23.607347">
        <ele>369.9</ele>
      </trkpt>
      <trkpt lat="46.365192" lon="23.607699">
        <ele>369.3</ele>
      </trkpt>
      <trkpt lat="46.365029" lon="23.607752">
        <ele>369.2</ele>
      </trkpt>
      <trkpt lat="46.364555" lon="23.607808">
        <ele>369</ele>
      </trkpt>
      <trkpt lat="46.364182" lon="23.607913">
        <ele>368.8</ele>
      </trkpt>
      <trkpt lat="46.364006" lon="23.607997">
        <ele>368.6</ele>
      </trkpt>
      <trkpt lat="46.363491" lon="23.608382">
        <ele>367.6</ele>
      </trkpt>
      <trkpt lat="46.363144" lon="23.608704">
        <ele>366.7</ele>
      </trkpt>
      <trkpt lat="46.362192" lon="23.609574">
        <ele>364.3</ele>
      </trkpt>
      <trkpt lat="46.361925" lon="23.609874">
        <ele>363.8</ele>
      </trkpt>
      <trkpt lat="46.361601" lon="23.610569">
        <ele>363</ele>
      </trkpt>
      <trkpt lat="46.361385" lon="23.610982">
        <ele>362.5</ele>
      </trkpt>
      <trkpt lat="46.361146" lon="23.611283">
        <ele>362.1</ele>
      </trkpt>
      <trkpt lat="46.360963" lon="23.611454">
        <ele>361.9</ele>
      </trkpt>
      <trkpt lat="46.36063" lon="23.611708">
        <ele>361.6</ele>
      </trkpt>
      <trkpt lat="46.359534" lon="23.612409">
        <ele>361</ele>
      </trkpt>
      <trkpt lat="46.358874" lon="23.613067">
        <ele>360.6</ele>
      </trkpt>
      <trkpt lat="46.358518" lon="23.613384">
        <ele>360.3</ele>
      </trkpt>
      <trkpt lat="46.357275" lon="23.614317">
        <ele>359.3</ele>
      </trkpt>
      <trkpt lat="46.356945" lon="23.614595">
        <ele>358.8</ele>
      </trkpt>
      <trkpt lat="46.356656" lon="23.614917">
        <ele>358.1</ele>
      </trkpt>
      <trkpt lat="46.355878" lon="23.616016">
        <ele>356.3</ele>
      </trkpt>
      <trkpt lat="46.355395" lon="23.61663">
        <ele>355.9</ele>
      </trkpt>
      <trkpt lat="46.354322" lon="23.617832">
        <ele>355.5</ele>
      </trkpt>
      <trkpt lat="46.354015" lon="23.618091">
        <ele>355</ele>
      </trkpt>
      <trkpt lat="46.353858" lon="23.618187">
        <ele>354.7</ele>
      </trkpt>
      <trkpt lat="46.352735" lon="23.618775">
        <ele>352.2</ele>
      </trkpt>
      <trkpt lat="46.352491" lon="23.619003">
        <ele>351.6</ele>
      </trkpt>
      <trkpt lat="46.352383" lon="23.61914">
        <ele>351.4</ele>
      </trkpt>
      <trkpt lat="46.352294" lon="23.619309">
        <ele>351.1</ele>
      </trkpt>
      <trkpt lat="46.352142" lon="23.61969">
        <ele>350.7</ele>
      </trkpt>
      <trkpt lat="46.35108" lon="23.623619">
        <ele>346.9</ele>
      </trkpt>
      <trkpt lat="46.350714" lon="23.624936">
        <ele>345</ele>
      </trkpt>
      <trkpt lat="46.350593" lon="23.625322">
        <ele>344.4</ele>
      </trkpt>
      <trkpt lat="46.350209" lon="23.626237">
        <ele>343.5</ele>
      </trkpt>
      <trkpt lat="46.349782" lon="23.62769">
        <ele>342.7</ele>
      </trkpt>
      <trkpt lat="46.349404" lon="23.628526">
        <ele>342.4</ele>
      </trkpt>
      <trkpt lat="46.349283" lon="23.6289">
        <ele>342.3</ele>
      </trkpt>
      <trkpt lat="46.349232" lon="23.629145">
        <ele>342.2</ele>
      </trkpt>
      <trkpt lat="46.349114" lon="23.630231">
        <ele>341.2</ele>
      </trkpt>
      <trkpt lat="46.349105" lon="23.630287">
        <ele>341.1</ele>
      </trkpt>
      <trkpt lat="46.349002" lon="23.631017">
        <ele>339.9</ele>
      </trkpt>
      <trkpt lat="46.348855" lon="23.631895">
        <ele>338.4</ele>
      </trkpt>
      <trkpt lat="46.348847" lon="23.632127">
        <ele>338</ele>
      </trkpt>
      <trkpt lat="46.348869" lon="23.632278">
        <ele>337.8</ele>
      </trkpt>
      <trkpt lat="46.348932" lon="23.632576">
        <ele>337.4</ele>
      </trkpt>
      <trkpt lat="46.348932" lon="23.632676">
        <ele>337.3</ele>
      </trkpt>
      <trkpt lat="46.348811" lon="23.633294">
        <ele>336.9</ele>
      </trkpt>
      <trkpt lat="46.348767" lon="23.633486">
        <ele>336.9</ele>
      </trkpt>
      <trkpt lat="46.348371" lon="23.634824">
        <ele>336.8</ele>
      </trkpt>
      <trkpt lat="46.348343" lon="23.634976">
        <ele>336.7</ele>
      </trkpt>
      <trkpt lat="46.34832" lon="23.635361">
        <ele>336.6</ele>
      </trkpt>
      <trkpt lat="46.348317" lon="23.635517">
        <ele>336.5</ele>
      </trkpt>
      <trkpt lat="46.348307" lon="23.635882">
        <ele>336.4</ele>
      </trkpt>
      <trkpt lat="46.348327" lon="23.636337">
        <ele>336</ele>
      </trkpt>
      <trkpt lat="46.348357" lon="23.637246">
        <ele>334.8</ele>
      </trkpt>
      <trkpt lat="46.348338" lon="23.637535">
        <ele>334.3</ele>
      </trkpt>
      <trkpt lat="46.348284" lon="23.637859">
        <ele>333.9</ele>
      </trkpt>
      <trkpt lat="46.34783" lon="23.638903">
        <ele>332.1</ele>
      </trkpt>
      <trkpt lat="46.347771" lon="23.639214">
        <ele>331.6</ele>
      </trkpt>
      <trkpt lat="46.347743" lon="23.639759">
        <ele>330.8</ele>
      </trkpt>
      <trkpt lat="46.347709" lon="23.639943">
        <ele>330.6</ele>
      </trkpt>
      <trkpt lat="46.347351" lon="23.640555">
        <ele>329.8</ele>
      </trkpt>
      <trkpt lat="46.347258" lon="23.640842">
        <ele>329.6</ele>
      </trkpt>
      <trkpt lat="46.347217" lon="23.64111">
        <ele>329.4</ele>
      </trkpt>
      <trkpt lat="46.347189" lon="23.641988">
        <ele>328.8</ele>
      </trkpt>
      <trkpt lat="46.347138" lon="23.6423">
        <ele>328.6</ele>
      </trkpt>
      <trkpt lat="46.347026" lon="23.642644">
        <ele>328.4</ele>
      </trkpt>
      <trkpt lat="46.346811" lon="23.643154">
        <ele>328.2</ele>
      </trkpt>
      <trkpt lat="46.34669" lon="23.643489">
        <ele>328.1</ele>
      </trkpt>
      <trkpt lat="46.346639" lon="23.643735">
        <ele>328.1</ele>
      </trkpt>
      <trkpt lat="46.346564" lon="23.644642">
        <ele>328.3</ele>
      </trkpt>
      <trkpt lat="46.346745" lon="23.645509">
        <ele>328.7</ele>
      </trkpt>
      <trkpt lat="46.346777" lon="23.646158">
        <ele>328.8</ele>
      </trkpt>
      <trkpt lat="46.346742" lon="23.646561">
        <ele>328.8</ele>
      </trkpt>
      <trkpt lat="46.346551" lon="23.647798">
        <ele>327.8</ele>
      </trkpt>
      <trkpt lat="46.346508" lon="23.648217">
        <ele>327.4</ele>
      </trkpt>
      <trkpt lat="46.346421" lon="23.649191">
        <ele>326.4</ele>
      </trkpt>
      <trkpt lat="46.346418" lon="23.64984">
        <ele>325.9</ele>
      </trkpt>
      <trkpt lat="46.346406" lon="23.65033">
        <ele>325.5</ele>
      </trkpt>
      <trkpt lat="46.346261" lon="23.651677">
        <ele>324.6</ele>
      </trkpt>
      <trkpt lat="46.346194" lon="23.652063">
        <ele>324.2</ele>
      </trkpt>
      <trkpt lat="46.346096" lon="23.652408">
        <ele>323.9</ele>
      </trkpt>
      <trkpt lat="46.345639" lon="23.65353">
        <ele>322.8</ele>
      </trkpt>
      <trkpt lat="46.345264" lon="23.654636">
        <ele>320.8</ele>
      </trkpt>
      <trkpt lat="46.345179" lon="23.654797">
        <ele>320.4</ele>
      </trkpt>
      <trkpt lat="46.344764" lon="23.655336">
        <ele>318.4</ele>
      </trkpt>
      <trkpt lat="46.344663" lon="23.655426">
        <ele>318</ele>
      </trkpt>
      <trkpt lat="46.34427" lon="23.6556">
        <ele>316.7</ele>
      </trkpt>
      <trkpt lat="46.344096" lon="23.65573">
        <ele>316.1</ele>
      </trkpt>
      <trkpt lat="46.343991" lon="23.655911">
        <ele>315.8</ele>
      </trkpt>
      <trkpt lat="46.343969" lon="23.656183">
        <ele>315.4</ele>
      </trkpt>
      <trkpt lat="46.344054" lon="23.656542">
        <ele>315</ele>
      </trkpt>
      <trkpt lat="46.344283" lon="23.657268">
        <ele>314.4</ele>
      </trkpt>
      <trkpt lat="46.34431" lon="23.65759">
        <ele>314.2</ele>
      </trkpt>
      <trkpt lat="46.344278" lon="23.65786">
        <ele>314.1</ele>
      </trkpt>
      <trkpt lat="46.34422" lon="23.658139">
        <ele>313.9</ele>
      </trkpt>
      <trkpt lat="46.34413" lon="23.658353">
        <ele>313.6</ele>
      </trkpt>
      <trkpt lat="46.34356" lon="23.658927">
        <ele>312.6</ele>
      </trkpt>
      <trkpt lat="46.343147" lon="23.659379">
        <ele>311.7</ele>
      </trkpt>
      <trkpt lat="46.343015" lon="23.659615">
        <ele>311.3</ele>
      </trkpt>
      <trkpt lat="46.342935" lon="23.659911">
        <ele>311</ele>
      </trkpt>
      <trkpt lat="46.342823" lon="23.660565">
        <ele>310.3</ele>
      </trkpt>
      <trkpt lat="46.342696" lon="23.661011">
        <ele>309.9</ele>
      </trkpt>
      <trkpt lat="46.342551" lon="23.661343">
        <ele>309.5</ele>
      </trkpt>
      <trkpt lat="46.341707" lon="23.662986">
        <ele>307.6</ele>
      </trkpt>
      <trkpt lat="46.341562" lon="23.663347">
        <ele>307.4</ele>
      </trkpt>
      <trkpt lat="46.341487" lon="23.663611">
        <ele>307.3</ele>
      </trkpt>
      <trkpt lat="46.341223" lon="23.664875">
        <ele>307.2</ele>
      </trkpt>
      <trkpt lat="46.340993" lon="23.665612">
        <ele>307.4</ele>
      </trkpt>
      <trkpt lat="46.340597" lon="23.666601">
        <ele>307.3</ele>
      </trkpt>
      <trkpt lat="46.340307" lon="23.667149">
        <ele>307.1</ele>
      </trkpt>
      <trkpt lat="46.339898" lon="23.667753">
        <ele>306.7</ele>
      </trkpt>
      <trkpt lat="46.339645" lon="23.668092">
        <ele>306.4</ele>
      </trkpt>
      <trkpt lat="46.339379" lon="23.668369">
        <ele>306.1</ele>
      </trkpt>
      <trkpt lat="46.338591" lon="23.668967">
        <ele>305.2</ele>
      </trkpt>
      <trkpt lat="46.337985" lon="23.66974">
        <ele>304.3</ele>
      </trkpt>
      <trkpt lat="46.337329" lon="23.670449">
        <ele>303.3</ele>
      </trkpt>
      <trkpt lat="46.337" lon="23.670662">
        <ele>302.9</ele>
      </trkpt>
      <trkpt lat="46.336151" lon="23.671049">
        <ele>302.5</ele>
      </trkpt>
      <trkpt lat="46.335264" lon="23.671776">
        <ele>302.7</ele>
      </trkpt>
      <trkpt lat="46.335053" lon="23.671914">
        <ele>302.7</ele>
      </trkpt>
      <trkpt lat="46.333901" lon="23.672426">
        <ele>302.7</ele>
      </trkpt>
      <trkpt lat="46.333662" lon="23.672581">
        <ele>302.7</ele>
      </trkpt>
      <trkpt lat="46.333502" lon="23.672738">
        <ele>302.6</ele>
      </trkpt>
      <trkpt lat="46.333165" lon="23.673207">
        <ele>302.3</ele>
      </trkpt>
      <trkpt lat="46.332868" lon="23.673543">
        <ele>301.9</ele>
      </trkpt>
      <trkpt lat="46.331558" lon="23.674552">
        <ele>299.9</ele>
      </trkpt>
      <trkpt lat="46.330666" lon="23.675277">
        <ele>299</ele>
      </trkpt>
      <trkpt lat="46.328965" lon="23.676437">
        <ele>297.2</ele>
      </trkpt>
      <trkpt lat="46.328656" lon="23.676758">
        <ele>296.5</ele>
      </trkpt>
      <trkpt lat="46.328416" lon="23.677074">
        <ele>295.8</ele>
      </trkpt>
      <trkpt lat="46.327784" lon="23.678014">
        <ele>293.7</ele>
      </trkpt>
      <trkpt lat="46.327323" lon="23.678511">
        <ele>292.4</ele>
      </trkpt>
      <trkpt lat="46.326799" lon="23.678961">
        <ele>291.1</ele>
      </trkpt>
      <trkpt lat="46.326361" lon="23.679226">
        <ele>290.2</ele>
      </trkpt>
      <trkpt lat="46.325688" lon="23.679575">
        <ele>288.8</ele>
      </trkpt>
      <trkpt lat="46.325403" lon="23.679775">
        <ele>288.2</ele>
      </trkpt>
      <trkpt lat="46.325212" lon="23.679925">
        <ele>287.9</ele>
      </trkpt>
      <trkpt lat="46.324901" lon="23.680253">
        <ele>287.5</ele>
      </trkpt>
      <trkpt lat="46.324714" lon="23.680547">
        <ele>287.3</ele>
      </trkpt>
      <trkpt lat="46.324603" lon="23.680784">
        <ele>287.2</ele>
      </trkpt>
      <trkpt lat="46.32454" lon="23.680951">
        <ele>287.1</ele>
      </trkpt>
      <trkpt lat="46.324276" lon="23.68172">
        <ele>286.7</ele>
      </trkpt>
      <trkpt lat="46.324137" lon="23.681933">
        <ele>286.6</ele>
      </trkpt>
      <trkpt lat="46.323611" lon="23.682416">
        <ele>286.4</ele>
      </trkpt>
      <trkpt lat="46.322974" lon="23.683074">
        <ele>285.8</ele>
      </trkpt>
      <trkpt lat="46.322869" lon="23.683161">
        <ele>285.8</ele>
      </trkpt>
      <trkpt lat="46.322683" lon="23.683253">
        <ele>285.7</ele>
      </trkpt>
      <trkpt lat="46.322378" lon="23.68337">
        <ele>285.6</ele>
      </trkpt>
      <trkpt lat="46.32195" lon="23.683661">
        <ele>285.4</ele>
      </trkpt>
      <trkpt lat="46.321435" lon="23.683798">
        <ele>285.2</ele>
      </trkpt>
      <trkpt lat="46.321331" lon="23.683891">
        <ele>285.2</ele>
      </trkpt>
      <trkpt lat="46.32086" lon="23.684453">
        <ele>284.9</ele>
      </trkpt>
      <trkpt lat="46.32042" lon="23.685114">
        <ele>285.1</ele>
      </trkpt>
      <trkpt lat="46.320345" lon="23.685217">
        <ele>285.2</ele>
      </trkpt>
      <trkpt lat="46.32025" lon="23.685291">
        <ele>285.3</ele>
      </trkpt>
      <trkpt lat="46.319681" lon="23.685574">
        <ele>286.2</ele>
      </trkpt>
      <trkpt lat="46.319543" lon="23.685679">
        <ele>286.4</ele>
      </trkpt>
      <trkpt lat="46.319459" lon="23.685831">
        <ele>286.7</ele>
      </trkpt>
      <trkpt lat="46.319353" lon="23.686204">
        <ele>287</ele>
      </trkpt>
      <trkpt lat="46.319155" lon="23.68675">
        <ele>287.4</ele>
      </trkpt>
      <trkpt lat="46.319045" lon="23.686944">
        <ele>287.5</ele>
      </trkpt>
      <trkpt lat="46.318598" lon="23.687731">
        <ele>287.4</ele>
      </trkpt>
      <trkpt lat="46.318484" lon="23.687897">
        <ele>287.2</ele>
      </trkpt>
      <trkpt lat="46.318366" lon="23.68797">
        <ele>287</ele>
      </trkpt>
      <trkpt lat="46.317667" lon="23.68791">
        <ele>286</ele>
      </trkpt>
      <trkpt lat="46.31756" lon="23.687942">
        <ele>285.9</ele>
      </trkpt>
      <trkpt lat="46.316524" lon="23.689408">
        <ele>283.7</ele>
      </trkpt>
      <trkpt lat="46.316161" lon="23.689874">
        <ele>282.5</ele>
      </trkpt>
      <trkpt lat="46.315747" lon="23.690575">
        <ele>280.9</ele>
      </trkpt>
      <trkpt lat="46.315187" lon="23.691674">
        <ele>278.9</ele>
      </trkpt>
      <trkpt lat="46.314712" lon="23.692855">
        <ele>277.8</ele>
      </trkpt>
      <trkpt lat="46.314292" lon="23.693507">
        <ele>277.4</ele>
      </trkpt>
      <trkpt lat="46.314183" lon="23.693736">
        <ele>277.2</ele>
      </trkpt>
      <trkpt lat="46.313702" lon="23.695182">
        <ele>276.4</ele>
      </trkpt>
      <trkpt lat="46.313579" lon="23.695643">
        <ele>276.1</ele>
      </trkpt>
      <trkpt lat="46.313311" lon="23.696934">
        <ele>275.5</ele>
      </trkpt>
      <trkpt lat="46.313236" lon="23.697456">
        <ele>275.1</ele>
      </trkpt>
      <trkpt lat="46.313235" lon="23.697722">
        <ele>274.8</ele>
      </trkpt>
      <trkpt lat="46.313242" lon="23.69783">
        <ele>274.7</ele>
      </trkpt>
      <trkpt lat="46.313227" lon="23.698094">
        <ele>274.3</ele>
      </trkpt>
      <trkpt lat="46.313133" lon="23.698369">
        <ele>273.9</ele>
      </trkpt>
      <trkpt lat="46.312364" lon="23.699185">
        <ele>271.5</ele>
      </trkpt>
      <trkpt lat="46.31218" lon="23.69947">
        <ele>270.6</ele>
      </trkpt>
      <trkpt lat="46.311892" lon="23.70011">
        <ele>269.3</ele>
      </trkpt>
      <trkpt lat="46.311775" lon="23.700496">
        <ele>268.8</ele>
      </trkpt>
      <trkpt lat="46.311668" lon="23.700881">
        <ele>268.4</ele>
      </trkpt>
      <trkpt lat="46.311571" lon="23.701358">
        <ele>268.1</ele>
      </trkpt>
      <trkpt lat="46.311348" lon="23.702695">
        <ele>267.6</ele>
      </trkpt>
      <trkpt lat="46.311174" lon="23.703882">
        <ele>267.1</ele>
      </trkpt>
      <trkpt lat="46.311123" lon="23.705075">
        <ele>266.7</ele>
      </trkpt>
      <trkpt lat="46.311152" lon="23.705614">
        <ele>266.5</ele>
      </trkpt>
      <trkpt lat="46.311211" lon="23.706276">
        <ele>266.4</ele>
      </trkpt>
      <trkpt lat="46.311198" lon="23.706584">
        <ele>266.3</ele>
      </trkpt>
      <trkpt lat="46.311162" lon="23.70696">
        <ele>266.3</ele>
      </trkpt>
      <trkpt lat="46.310882" lon="23.708706">
        <ele>266.2</ele>
      </trkpt>
      <trkpt lat="46.310708" lon="23.710418">
        <ele>265.6</ele>
      </trkpt>
      <trkpt lat="46.310695" lon="23.711039">
        <ele>265.4</ele>
      </trkpt>
      <trkpt lat="46.31067" lon="23.71179">
        <ele>265</ele>
      </trkpt>
      <trkpt lat="46.310592" lon="23.712344">
        <ele>264.6</ele>
      </trkpt>
      <trkpt lat="46.310372" lon="23.713489">
        <ele>263.7</ele>
      </trkpt>
      <trkpt lat="46.31026" lon="23.714397">
        <ele>262.8</ele>
      </trkpt>
      <trkpt lat="46.310236" lon="23.714788">
        <ele>262.5</ele>
      </trkpt>
      <trkpt lat="46.310185" lon="23.716528">
        <ele>261.1</ele>
      </trkpt>
      <trkpt lat="46.310148" lon="23.716534">
        <ele>261</ele>
      </trkpt>
      <trkpt lat="46.310114" lon="23.716597">
        <ele>261</ele>
      </trkpt>
      <trkpt lat="46.310132" lon="23.716677">
        <ele>260.9</ele>
      </trkpt>
      <trkpt lat="46.310189" lon="23.716696">
        <ele>260.8</ele>
      </trkpt>
      <trkpt lat="46.310227" lon="23.717799">
        <ele>260.5</ele>
      </trkpt>
      <trkpt lat="46.310476" lon="23.717837">
        <ele>260.4</ele>
      </trkpt>
      <trkpt lat="46.311058" lon="23.718041">
        <ele>260.4</ele>
      </trkpt>
      </trkseg>
    </trk>
</gpx>
